merchant_id,merchant_category,date,gross_transaction_amount,refund_amount,chargeback_amount,razorpay_fee,tds_hold,net_settled_amount
mcht_d2c_01,d2c_ecommerce,2025-11-01,176837.6,0.0,0.0,3543.84,0.0,173293.76
mcht_d2c_02,d2c_ecommerce,2025-11-01,218834.51,0.0,0.0,4169.78,0.0,214664.73
mcht_d2c_03,d2c_ecommerce,2025-11-01,422001.36,0.0,0.0,8887.43,0.0,413113.93
mcht_d2c_04,d2c_ecommerce,2025-11-01,109002.98,0.0,0.0,2275.92,0.0,106727.06
mcht_food_01,food_delivery,2025-11-01,166370.47,0.0,0.0,3332.9,0.0,163037.57
mcht_food_02,food_delivery,2025-11-01,278066.55,23698.13,0.0,5076.99,0.0,249291.43
mcht_food_03,food_delivery,2025-11-01,337464.17,12343.37,0.0,7174.11,0.0,317946.69
mcht_mkt_01,marketplace,2025-11-01,537439.05,0.0,0.0,11110.97,5374.39,520953.69
mcht_mkt_02,marketplace,2025-11-01,1447023.49,0.0,0.0,27179.95,14470.23,1405373.31
mcht_mkt_03,marketplace,2025-11-01,1760708.87,0.0,0.0,32399.15,17607.09,1710702.63
mcht_mkt_04,marketplace,2025-11-01,333398.58,0.0,0.0,6745.32,0.0,326653.26
mcht_saas_01,saas_subscription,2025-11-01,95810.55,570.99,0.0,1816.65,0.0,93422.91
mcht_saas_02,saas_subscription,2025-11-01,178977.17,861.66,0.0,3735.86,0.0,174379.65
mcht_saas_03,saas_subscription,2025-11-01,320480.45,1861.97,0.0,6958.09,0.0,311660.39
mcht_saas_04,saas_subscription,2025-11-01,137021.32,823.1,0.0,2928.29,0.0,133269.93
mcht_d2c_01,d2c_ecommerce,2025-11-02,165249.05,0.0,0.0,3262.07,0.0,161986.98
mcht_d2c_02,d2c_ecommerce,2025-11-02,324158.23,0.0,0.0,7063.29,3241.58,313853.36
mcht_d2c_03,d2c_ecommerce,2025-11-02,438872.41,0.0,0.0,9252.92,4388.72,425230.77
mcht_d2c_04,d2c_ecommerce,2025-11-02,136977.63,0.0,0.0,2800.84,0.0,134176.79
mcht_food_01,food_delivery,2025-11-02,205592.93,5983.39,0.0,4467.99,0.0,195141.55
mcht_food_02,food_delivery,2025-11-02,375050.35,0.0,0.0,6929.26,3750.5,364370.59
mcht_food_03,food_delivery,2025-11-02,398361.86,0.0,0.0,7925.65,3983.62,386452.59
mcht_mkt_01,marketplace,2025-11-02,504674.1,0.0,0.0,9844.17,5046.74,489783.19
mcht_mkt_02,marketplace,2025-11-02,818724.99,17975.93,0.0,16539.8,8187.25,776022.01
mcht_mkt_03,marketplace,2025-11-02,1210834.85,11793.74,0.0,24272.6,12108.35,1162660.16
mcht_mkt_04,marketplace,2025-11-02,399118.82,22164.28,0.0,7967.19,3991.19,364996.16
mcht_saas_01,saas_subscription,2025-11-02,90388.97,589.71,0.0,1860.14,0.0,87939.12
mcht_saas_02,saas_subscription,2025-11-02,178257.36,517.61,0.0,3626.59,0.0,174113.16
mcht_saas_03,saas_subscription,2025-11-02,300999.61,0.0,0.0,6574.1,3010.0,291415.51
mcht_saas_04,saas_subscription,2025-11-02,140977.21,0.0,0.0,2888.05,0.0,138089.16
mcht_d2c_01,d2c_ecommerce,2025-11-03,195063.95,0.0,0.0,4044.11,1950.64,189069.2
mcht_d2c_02,d2c_ecommerce,2025-11-03,353337.14,0.0,0.0,6944.04,3533.37,342859.73
mcht_d2c_03,d2c_ecommerce,2025-11-03,687899.09,0.0,0.0,14827.0,6878.99,666193.1
mcht_d2c_04,d2c_ecommerce,2025-11-03,180742.93,0.0,0.0,3815.13,0.0,176927.8
mcht_food_01,food_delivery,2025-11-03,166018.88,4873.09,0.0,3269.33,1660.19,156216.27
mcht_food_02,food_delivery,2025-11-03,366373.12,15404.64,0.0,7564.15,3663.73,339740.6
mcht_food_03,food_delivery,2025-11-03,414254.32,9300.44,0.0,7573.86,4142.54,393237.48
mcht_mkt_01,marketplace,2025-11-03,199595.31,117361.38,0.0,3847.93,1995.95,76390.05
mcht_mkt_02,marketplace,2025-11-03,995398.63,115540.58,0.0,21880.92,9953.99,848023.14
mcht_mkt_03,marketplace,2025-11-03,1121761.97,64591.51,0.0,22805.3,11217.62,1023147.54
mcht_mkt_04,marketplace,2025-11-03,402970.31,0.0,0.0,7736.08,4029.7,391204.53
mcht_saas_01,saas_subscription,2025-11-03,104639.5,0.0,0.0,2004.61,0.0,102634.89
mcht_saas_02,saas_subscription,2025-11-03,186109.53,0.0,0.0,3590.03,1861.1,180658.4
mcht_saas_03,saas_subscription,2025-11-03,332424.55,847.62,0.0,6153.69,3324.25,322098.99
mcht_saas_04,saas_subscription,2025-11-03,148372.26,0.0,0.0,3004.81,0.0,145367.45
mcht_d2c_01,d2c_ecommerce,2025-11-04,226349.62,16276.75,0.0,4198.51,2263.5,203610.86
mcht_d2c_02,d2c_ecommerce,2025-11-04,407094.73,0.0,0.0,7726.64,4070.95,395297.14
mcht_d2c_03,d2c_ecommerce,2025-11-04,840021.82,54456.75,0.0,15403.24,8400.22,761761.61
mcht_d2c_04,d2c_ecommerce,2025-11-04,191368.79,0.0,0.0,4130.93,1913.69,185324.17
mcht_food_01,food_delivery,2025-11-04,86705.65,6920.34,0.0,1607.73,867.06,77310.52
mcht_food_02,food_delivery,2025-11-04,159907.37,5577.31,0.0,3218.1,1599.07,149512.89
mcht_food_03,food_delivery,2025-11-04,204619.3,14002.34,0.0,3979.05,2046.19,184591.72
mcht_mkt_01,marketplace,2025-11-04,553570.98,38781.27,0.0,11811.51,5535.71,497442.49
mcht_mkt_02,marketplace,2025-11-04,942480.35,91831.72,0.0,18812.48,9424.8,822411.35
mcht_mkt_03,marketplace,2025-11-04,254564.84,0.0,0.0,5489.3,2545.65,246529.89
mcht_mkt_04,marketplace,2025-11-04,583758.12,0.0,0.0,11217.66,5837.58,566702.88
mcht_saas_01,saas_subscription,2025-11-04,101791.99,370.61,0.0,1937.23,0.0,99484.15
mcht_saas_02,saas_subscription,2025-11-04,194183.67,535.41,0.0,4036.9,1941.84,187669.52
mcht_saas_03,saas_subscription,2025-11-04,329659.76,991.36,0.0,6394.09,3296.6,318977.71
mcht_saas_04,saas_subscription,2025-11-04,142767.84,888.47,0.0,2751.98,1427.68,137699.71
mcht_d2c_01,d2c_ecommerce,2025-11-05,160871.72,22613.48,0.0,3176.05,1608.72,133473.47
mcht_d2c_02,d2c_ecommerce,2025-11-05,178712.56,0.0,0.0,3565.04,1787.13,173360.39
mcht_d2c_03,d2c_ecommerce,2025-11-05,388235.6,31687.0,0.0,8070.94,3882.36,344595.3
mcht_d2c_04,d2c_ecommerce,2025-11-05,115594.46,12511.03,0.0,2320.82,1155.94,99606.67
mcht_food_01,food_delivery,2025-11-05,100894.26,2434.46,0.0,1949.17,1008.94,95501.69
mcht_food_02,food_delivery,2025-11-05,167266.86,5293.92,0.0,3568.41,1672.67,156731.86
mcht_food_03,food_delivery,2025-11-05,208258.46,8123.96,0.0,3880.5,2082.58,194171.42
mcht_mkt_01,marketplace,2025-11-05,713605.5,0.0,0.0,14716.11,7136.06,691753.33
mcht_mkt_02,marketplace,2025-11-05,1493476.22,0.0,0.0,28859.37,14934.76,1449682.09
mcht_mkt_03,marketplace,2025-11-05,601620.61,33920.1,0.0,11054.47,6016.21,550629.83
mcht_mkt_04,marketplace,2025-11-05,332367.04,18427.76,0.0,6499.08,3323.67,304116.53
mcht_saas_01,saas_subscription,2025-11-05,96096.96,565.34,0.0,1954.98,0.0,93576.64
mcht_saas_02,saas_subscription,2025-11-05,188498.73,466.74,0.0,4114.53,1884.99,182032.47
mcht_saas_03,saas_subscription,2025-11-05,326265.0,927.56,0.0,6783.89,3262.65,315290.9
mcht_saas_04,saas_subscription,2025-11-05,155292.67,519.32,0.0,3372.6,1552.93,149847.82
mcht_d2c_01,d2c_ecommerce,2025-11-06,146549.32,0.0,0.0,3160.6,1465.49,141923.23
mcht_d2c_02,d2c_ecommerce,2025-11-06,228312.07,0.0,0.0,4463.06,2283.12,221565.89
mcht_d2c_03,d2c_ecommerce,2025-11-06,373045.69,0.0,0.0,8160.27,3730.46,361154.96
mcht_d2c_04,d2c_ecommerce,2025-11-06,102268.34,14726.58,0.0,1855.26,1022.68,84663.82
mcht_food_01,food_delivery,2025-11-06,78006.18,4304.42,534.44,1526.8,780.06,70860.46
mcht_food_02,food_delivery,2025-11-06,197051.36,16258.98,0.0,3708.62,1970.51,175113.25
mcht_food_03,food_delivery,2025-11-06,230960.95,0.0,0.0,4798.05,2309.61,223853.29
mcht_mkt_01,marketplace,2025-11-06,538365.22,0.0,0.0,10446.21,5383.65,522535.36
mcht_mkt_02,marketplace,2025-11-06,322755.72,107200.08,0.0,6503.22,3227.56,205824.86
mcht_mkt_03,marketplace,2025-11-06,1125505.26,0.0,0.0,21783.48,11255.05,1092466.73
mcht_mkt_04,marketplace,2025-11-06,78327.48,27721.26,0.0,1649.11,783.27,48173.84
mcht_saas_01,saas_subscription,2025-11-06,95197.65,0.0,0.0,1869.68,951.98,92375.99
mcht_saas_02,saas_subscription,2025-11-06,184260.75,0.0,0.0,3749.72,1842.61,178668.42
mcht_saas_03,saas_subscription,2025-11-06,327713.77,1186.87,0.0,6189.28,3277.14,317060.48
mcht_saas_04,saas_subscription,2025-11-06,151063.95,0.0,0.0,2919.27,1510.64,146634.04
mcht_d2c_01,d2c_ecommerce,2025-11-07,147096.66,0.0,0.0,2668.96,1470.97,142956.73
mcht_d2c_02,d2c_ecommerce,2025-11-07,276995.99,0.0,0.0,5794.23,2769.96,268431.8
mcht_d2c_03,d2c_ecommerce,2025-11-07,330378.4,0.0,0.0,6704.9,3303.78,320369.72
mcht_d2c_04,d2c_ecommerce,2025-11-07,113288.68,0.0,0.0,2360.66,1132.89,109795.13
mcht_food_01,food_delivery,2025-11-07,113980.13,0.0,0.0,2317.5,1139.8,110522.83
mcht_food_02,food_delivery,2025-11-07,243401.39,0.0,0.0,4498.39,2434.01,236468.99
mcht_food_03,food_delivery,2025-11-07,332546.26,25807.6,0.0,7198.16,3325.46,296215.04
mcht_mkt_01,marketplace,2025-11-07,686771.3,63014.29,0.0,14873.16,6867.71,602016.14
mcht_mkt_02,marketplace,2025-11-07,957508.57,0.0,30273.55,17481.79,9575.09,900178.14
mcht_mkt_03,marketplace,2025-11-07,715017.9,83843.91,0.0,14756.1,7150.18,609267.71
mcht_mkt_04,marketplace,2025-11-07,200846.28,52600.64,0.0,3998.23,2008.46,142238.95
mcht_saas_01,saas_subscription,2025-11-07,97246.86,535.75,0.0,1835.58,972.47,93903.06
mcht_saas_02,saas_subscription,2025-11-07,183485.63,539.09,0.0,3790.33,1834.86,177321.35
mcht_saas_03,saas_subscription,2025-11-07,315421.71,0.0,0.0,6087.35,3154.22,306180.14
mcht_saas_04,saas_subscription,2025-11-07,144867.13,1307.16,0.0,3091.43,1448.67,139019.87
mcht_d2c_01,d2c_ecommerce,2025-11-08,141788.25,0.0,0.0,2811.57,1417.88,137558.8
mcht_d2c_02,d2c_ecommerce,2025-11-08,235969.71,30547.21,0.0,5155.58,2359.7,197907.22
mcht_d2c_03,d2c_ecommerce,2025-11-08,373624.59,164425.86,0.0,7050.02,3736.25,198412.46
mcht_d2c_04,d2c_ecommerce,2025-11-08,119442.22,25937.73,0.0,2620.37,1194.42,89689.7
mcht_food_01,food_delivery,2025-11-08,136080.76,4281.6,0.0,2598.87,1360.81,127839.48
mcht_food_02,food_delivery,2025-11-08,243539.28,8163.47,0.0,4736.38,2435.39,228204.04
mcht_food_03,food_delivery,2025-11-08,331517.54,0.0,0.0,6979.21,3315.18,321223.15
mcht_mkt_01,marketplace,2025-11-08,722684.03,0.0,13841.19,14449.38,7226.84,687166.62
mcht_mkt_02,marketplace,2025-11-08,696572.71,105323.25,0.0,13032.06,6965.73,571251.67
mcht_mkt_03,marketplace,2025-11-08,1478592.05,35076.72,0.0,32410.32,14785.92,1396319.09
mcht_mkt_04,marketplace,2025-11-08,294275.81,0.0,0.0,5478.04,2942.76,285855.01
mcht_saas_01,saas_subscription,2025-11-08,94158.79,0.0,0.0,2002.21,941.59,91214.99
mcht_saas_02,saas_subscription,2025-11-08,172123.06,1102.64,0.0,3399.17,1721.23,165900.02
mcht_saas_03,saas_subscription,2025-11-08,301585.62,1779.2,0.0,5456.64,3015.86,291333.92
mcht_saas_04,saas_subscription,2025-11-08,138215.94,392.31,0.0,2983.2,1382.16,133458.27
mcht_d2c_01,d2c_ecommerce,2025-11-09,213849.09,34639.11,0.0,4414.3,2138.49,172657.19
mcht_d2c_02,d2c_ecommerce,2025-11-09,260993.92,52766.86,0.0,5315.65,2609.94,200301.47
mcht_d2c_03,d2c_ecommerce,2025-11-09,448405.07,0.0,0.0,9862.68,4484.05,434058.34
mcht_d2c_04,d2c_ecommerce,2025-11-09,151533.98,38031.15,0.0,2884.03,1515.34,109103.46
mcht_food_01,food_delivery,2025-11-09,170614.48,7344.63,0.0,3446.63,1706.14,158117.08
mcht_food_02,food_delivery,2025-11-09,380290.76,24656.08,0.0,7814.32,3802.91,344017.45
mcht_food_03,food_delivery,2025-11-09,494372.36,17423.28,513.12,10438.05,4943.72,461054.19
mcht_mkt_01,marketplace,2025-11-09,409188.51,30558.31,0.0,7673.55,4091.89,366864.76
mcht_mkt_02,marketplace,2025-11-09,216831.23,113410.59,0.0,4032.12,2168.31,97220.21
mcht_mkt_03,marketplace,2025-11-09,661233.16,90940.31,0.0,14145.83,6612.33,549534.69
mcht_mkt_04,marketplace,2025-11-09,336379.07,17975.59,0.0,7077.23,3363.79,307962.46
mcht_saas_01,saas_subscription,2025-11-09,93056.2,0.0,0.0,1995.34,930.56,90130.3
mcht_saas_02,saas_subscription,2025-11-09,177529.94,530.79,0.0,3732.48,1775.3,171491.37
mcht_saas_03,saas_subscription,2025-11-09,295660.76,925.85,0.0,5503.46,2956.61,286274.84
mcht_saas_04,saas_subscription,2025-11-09,136280.05,0.0,0.0,2716.52,1362.8,132200.73
mcht_d2c_01,d2c_ecommerce,2025-11-10,209980.91,15218.51,0.0,4525.27,2099.81,188137.32
mcht_d2c_02,d2c_ecommerce,2025-11-10,309573.6,61862.77,0.0,6304.34,3095.74,238310.75
mcht_d2c_03,d2c_ecommerce,2025-11-10,571116.5,69065.02,0.0,10679.14,5711.16,485661.18
mcht_d2c_04,d2c_ecommerce,2025-11-10,161224.65,0.0,0.0,3200.93,1612.25,156411.47
mcht_food_01,food_delivery,2025-11-10,186162.61,9640.9,0.0,4027.1,1861.63,170632.98
mcht_food_02,food_delivery,2025-11-10,327445.36,5914.4,0.0,6530.53,3274.45,311725.98
mcht_food_03,food_delivery,2025-11-10,454917.94,21338.26,0.0,9756.84,4549.18,419273.66
mcht_mkt_01,marketplace,2025-11-10,793281.22,39442.55,0.0,15812.39,7932.81,730093.47
mcht_mkt_02,marketplace,2025-11-10,795194.24,0.0,0.0,14402.29,7951.94,772840.01
mcht_mkt_03,marketplace,2025-11-10,975175.21,114583.36,0.0,20855.08,9751.75,829985.02
mcht_mkt_04,marketplace,2025-11-10,460312.75,0.0,0.0,9507.08,4603.13,446202.54
mcht_saas_01,saas_subscription,2025-11-10,86239.74,615.28,0.0,1610.16,862.4,83151.9
mcht_saas_02,saas_subscription,2025-11-10,171934.71,0.0,0.0,3780.96,1719.35,166434.4
mcht_saas_03,saas_subscription,2025-11-10,299981.24,1161.2,0.0,6074.42,2999.81,289745.81
mcht_saas_04,saas_subscription,2025-11-10,127268.39,364.02,0.0,2746.09,1272.68,122885.6
mcht_d2c_01,d2c_ecommerce,2025-11-11,209070.95,36476.94,0.0,4259.85,2090.71,166243.45
mcht_d2c_02,d2c_ecommerce,2025-11-11,381374.88,36894.39,900.74,7421.3,3813.75,332344.7
mcht_d2c_03,d2c_ecommerce,2025-11-11,581170.34,0.0,0.0,11241.13,5811.7,564117.51
mcht_d2c_04,d2c_ecommerce,2025-11-11,216903.61,0.0,0.0,4217.71,2169.04,210516.86
mcht_food_01,food_delivery,2025-11-11,84746.1,4032.56,0.0,1669.07,847.46,78197.01
mcht_food_02,food_delivery,2025-11-11,159027.44,0.0,855.75,2925.21,1590.27,153656.21
mcht_food_03,food_delivery,2025-11-11,217665.72,6754.58,0.0,4594.2,2176.66,204140.28
mcht_mkt_01,marketplace,2025-11-11,548638.57,0.0,19606.59,11356.16,5486.39,512189.43
mcht_mkt_02,marketplace,2025-11-11,1472977.27,62938.81,0.0,30768.8,14729.77,1364539.89
mcht_mkt_03,marketplace,2025-11-11,1019173.22,0.0,0.0,20453.51,10191.73,988527.98
mcht_mkt_04,marketplace,2025-11-11,292677.17,13231.85,0.0,6379.47,2926.77,270139.08
mcht_saas_01,saas_subscription,2025-11-11,87605.28,591.99,0.0,1579.53,876.05,84557.71
mcht_saas_02,saas_subscription,2025-11-11,163328.75,592.12,0.0,3044.7,1633.29,158058.64
mcht_saas_03,saas_subscription,2025-11-11,277778.04,1038.1,0.0,5725.66,2777.78,268236.5
mcht_saas_04,saas_subscription,2025-11-11,122490.44,0.0,0.0,2340.45,1224.9,118925.09
mcht_d2c_01,d2c_ecommerce,2025-11-12,149628.69,0.0,1434.79,3186.78,1496.29,143510.83
mcht_d2c_02,d2c_ecommerce,2025-11-12,193308.38,56337.2,633.91,3916.14,1933.08,130488.05
mcht_d2c_03,d2c_ecommerce,2025-11-12,431365.9,0.0,0.0,8061.47,4313.66,418990.77
mcht_d2c_04,d2c_ecommerce,2025-11-12,100813.88,0.0,0.0,1972.11,1008.14,97833.63
mcht_food_01,food_delivery,2025-11-12,92199.67,3651.99,432.85,1899.89,922.0,85292.94
mcht_food_02,food_delivery,2025-11-12,164421.5,10427.64,0.0,3006.47,1644.22,149343.17
mcht_food_03,food_delivery,2025-11-12,213038.12,0.0,0.0,4319.2,2130.38,206588.54
mcht_mkt_01,marketplace,2025-11-12,570539.82,0.0,0.0,11107.53,5705.4,553726.89
mcht_mkt_02,marketplace,2025-11-12,759409.77,0.0,0.0,14658.05,7594.1,737157.62
mcht_mkt_03,marketplace,2025-11-12,1720813.09,0.0,0.0,34858.85,17208.13,1668746.11
mcht_mkt_04,marketplace,2025-11-12,284420.76,34415.7,0.0,5721.88,2844.21,241438.97
mcht_saas_01,saas_subscription,2025-11-12,103863.75,0.0,0.0,2009.19,1038.64,100815.92
mcht_saas_02,saas_subscription,2025-11-12,184031.39,1189.6,0.0,3461.56,1840.31,177539.92
mcht_saas_03,saas_subscription,2025-11-12,346934.95,820.86,0.0,7145.35,3469.35,335499.39
mcht_saas_04,saas_subscription,2025-11-12,145419.3,825.58,0.0,3000.54,1454.19,140138.99
mcht_d2c_01,d2c_ecommerce,2025-11-13,114600.63,29717.14,654.37,2164.89,1146.01,80918.22
mcht_d2c_02,d2c_ecommerce,2025-11-13,213747.35,42177.13,874.26,4120.48,2137.47,164438.01
mcht_d2c_03,d2c_ecommerce,2025-11-13,419622.51,81258.7,0.0,8332.89,4196.23,325834.69
mcht_d2c_04,d2c_ecommerce,2025-11-13,112391.73,12838.35,0.0,2347.37,1123.92,96082.09
mcht_food_01,food_delivery,2025-11-13,98028.04,3390.14,0.0,1854.26,980.28,91803.36
mcht_food_02,food_delivery,2025-11-13,144561.08,0.0,0.0,2993.97,1445.61,140121.5
mcht_food_03,food_delivery,2025-11-13,271161.26,10194.13,0.0,5655.64,2711.61,252599.88
mcht_mkt_01,marketplace,2025-11-13,600846.93,88163.63,0.0,12843.19,6008.47,493831.64
mcht_mkt_02,marketplace,2025-11-13,1249035.22,103093.49,0.0,23324.67,12490.35,1110126.71
mcht_mkt_03,marketplace,2025-11-13,1037308.32,81290.8,0.0,22234.0,10373.08,923410.44
mcht_mkt_04,marketplace,2025-11-13,338361.0,0.0,10393.43,6976.22,3383.61,317607.74
mcht_saas_01,saas_subscription,2025-11-13,98982.67,0.0,0.0,2097.45,989.83,95895.39
mcht_saas_02,saas_subscription,2025-11-13,186551.04,474.06,69.18,3760.45,1865.51,180381.84
mcht_saas_03,saas_subscription,2025-11-13,317763.3,874.17,0.0,6709.08,3177.63,307002.42
mcht_saas_04,saas_subscription,2025-11-13,143080.32,0.0,0.0,2625.79,1430.8,139023.73
mcht_d2c_01,d2c_ecommerce,2025-11-14,171486.83,31320.39,1072.61,3328.77,1714.87,134050.19
mcht_d2c_02,d2c_ecommerce,2025-11-14,194964.59,0.0,0.0,3510.21,1949.65,189504.73
mcht_d2c_03,d2c_ecommerce,2025-11-14,378666.45,177331.37,1638.32,7450.45,3786.66,188459.65
mcht_d2c_04,d2c_ecommerce,2025-11-14,102507.14,0.0,943.59,2000.29,1025.07,98538.19
mcht_food_01,food_delivery,2025-11-14,101886.53,0.0,0.0,2160.54,1018.87,98707.12
mcht_food_02,food_delivery,2025-11-14,195316.46,7275.91,0.0,3747.71,1953.16,182339.68
mcht_food_03,food_delivery,2025-11-14,281090.54,23496.56,1550.27,5527.31,2810.91,247705.49
mcht_mkt_01,marketplace,2025-11-14,510272.78,15702.5,0.0,10273.11,5102.73,479194.44
mcht_mkt_02,marketplace,2025-11-14,1182126.57,41219.47,19210.69,23700.43,11821.27,1086174.71
mcht_mkt_03,marketplace,2025-11-14,1263828.15,216397.28,0.0,27145.14,12638.28,1007647.45
mcht_mkt_04,marketplace,2025-11-14,265426.57,20611.9,0.0,5286.59,2654.27,236873.81
mcht_saas_01,saas_subscription,2025-11-14,99958.43,581.39,0.0,2134.78,999.58,96242.68
mcht_saas_02,saas_subscription,2025-11-14,187414.62,492.78,0.0,3734.33,1874.15,181313.36
mcht_saas_03,saas_subscription,2025-11-14,318778.21,0.0,0.0,6267.54,3187.78,309322.89
mcht_saas_04,saas_subscription,2025-11-14,138662.77,792.55,56.11,2758.8,1386.63,133668.68
mcht_d2c_01,d2c_ecommerce,2025-11-15,167566.08,0.0,0.0,3647.67,1675.66,162242.75
mcht_d2c_02,d2c_ecommerce,2025-11-15,275479.98,0.0,799.21,5913.01,2754.8,266012.96
mcht_d2c_03,d2c_ecommerce,2025-11-15,348396.44,0.0,0.0,6955.72,3483.96,337956.76
mcht_d2c_04,d2c_ecommerce,2025-11-15,105007.31,38449.99,340.15,2285.41,1050.07,62881.69
mcht_food_01,food_delivery,2025-11-15,122364.74,11394.4,710.82,2334.56,1223.65,106701.31
mcht_food_02,food_delivery,2025-11-15,272054.01,20140.01,0.0,5625.51,2720.54,243567.95
mcht_food_03,food_delivery,2025-11-15,299905.45,18261.61,0.0,5483.22,2999.05,273161.57
mcht_mkt_01,marketplace,2025-11-15,83992.73,31199.11,27001.52,1669.02,839.93,23283.15
mcht_mkt_02,marketplace,2025-11-15,904111.63,0.0,46410.18,17443.73,9041.12,831216.6
mcht_mkt_03,marketplace,2025-11-15,1246460.25,0.0,0.0,26436.3,12464.6,1207559.35
mcht_mkt_04,marketplace,2025-11-15,360775.69,19537.6,0.0,7476.4,3607.76,330153.93
mcht_saas_01,saas_subscription,2025-11-15,96243.57,263.19,0.0,1785.64,962.44,93232.3
mcht_saas_02,saas_subscription,2025-11-15,170534.94,1072.27,62.6,3459.52,1705.35,164235.2
mcht_saas_03,saas_subscription,2025-11-15,330768.43,918.46,0.0,6315.68,3307.68,320226.61
mcht_saas_04,saas_subscription,2025-11-15,133870.28,0.0,51.19,2526.04,1338.7,129954.35
mcht_d2c_01,d2c_ecommerce,2025-11-16,196925.64,0.0,0.0,4242.55,1969.26,190713.83
mcht_d2c_02,d2c_ecommerce,2025-11-16,302947.65,24800.85,1826.77,5973.45,3029.48,267317.1
mcht_d2c_03,d2c_ecommerce,2025-11-16,526753.11,42285.62,4438.93,11436.83,5267.53,463324.2
mcht_d2c_04,d2c_ecommerce,2025-11-16,126533.8,25756.64,591.16,2677.28,1265.34,96243.38
mcht_food_01,food_delivery,2025-11-16,187755.15,9848.8,0.0,3815.04,1877.55,172213.76
mcht_food_02,food_delivery,2025-11-16,330458.54,0.0,1691.45,6338.08,3304.59,319124.42
mcht_food_03,food_delivery,2025-11-16,477633.57,0.0,1013.99,9945.44,4776.34,461897.8
mcht_mkt_01,marketplace,2025-11-16,484240.42,45564.23,11528.41,10379.62,4842.4,411925.76
mcht_mkt_02,marketplace,2025-11-16,915062.7,0.0,0.0,17909.67,9150.63,888002.4
mcht_mkt_03,marketplace,2025-11-16,1467586.06,187395.46,0.0,31221.84,14675.86,1234292.9
mcht_mkt_04,marketplace,2025-11-16,344335.12,20963.23,6340.28,6798.71,3443.35,306789.55
mcht_saas_01,saas_subscription,2025-11-16,90860.0,0.0,0.0,1916.9,908.6,88034.5
mcht_saas_02,saas_subscription,2025-11-16,171091.52,0.0,0.0,3113.23,1710.92,166267.37
mcht_saas_03,saas_subscription,2025-11-16,294805.45,985.11,0.0,5324.87,2948.05,285547.42
mcht_saas_04,saas_subscription,2025-11-16,138042.86,1314.64,0.0,2519.43,1380.43,132828.36
mcht_d2c_01,d2c_ecommerce,2025-11-17,251337.83,9763.13,0.0,5085.02,2513.38,233976.3
mcht_d2c_02,d2c_ecommerce,2025-11-17,353965.92,41609.7,0.0,7068.12,3539.66,301748.44
mcht_d2c_03,d2c_ecommerce,2025-11-17,603525.73,61354.37,0.0,12018.19,6035.26,524117.91
mcht_d2c_04,d2c_ecommerce,2025-11-17,165249.85,22936.36,1152.28,2992.77,1652.5,136515.94
mcht_food_01,food_delivery,2025-11-17,199091.08,0.0,689.88,3822.75,1990.91,192587.54
mcht_food_02,food_delivery,2025-11-17,354753.18,12551.45,0.0,6832.25,3547.53,331821.95
mcht_food_03,food_delivery,2025-11-17,438302.36,22993.51,1074.47,9154.67,4383.02,400696.69
mcht_mkt_01,marketplace,2025-11-17,295969.7,31468.47,0.0,5875.49,2959.7,255666.04
mcht_mkt_02,marketplace,2025-11-17,405210.34,101731.25,17269.95,7805.21,4052.1,274351.83
mcht_mkt_03,marketplace,2025-11-17,1477507.93,55436.77,14791.23,31793.78,14775.08,1360711.07
mcht_mkt_04,marketplace,2025-11-17,530062.36,14117.5,0.0,9833.41,5300.62,500810.83
mcht_saas_01,saas_subscription,2025-11-17,89262.22,518.71,38.06,1648.03,892.62,86164.8
mcht_saas_02,saas_subscription,2025-11-17,171508.54,0.0,0.0,3364.5,1715.09,166428.95
mcht_saas_03,saas_subscription,2025-11-17,272980.08,2575.34,174.42,5139.26,2729.8,262361.26
mcht_saas_04,saas_subscription,2025-11-17,131055.24,0.0,66.41,2360.95,1310.55,127317.33
mcht_d2c_01,d2c_ecommerce,2025-11-18,223173.2,17171.6,719.64,4441.58,2231.73,198608.65
mcht_d2c_02,d2c_ecommerce,2025-11-18,297533.26,24392.72,0.0,5454.98,2975.33,264710.23
mcht_d2c_03,d2c_ecommerce,2025-11-18,471631.46,28098.38,1610.89,9460.22,4716.31,427745.66
mcht_d2c_04,d2c_ecommerce,2025-11-18,169411.63,11006.92,594.47,3604.1,1694.12,152512.02
mcht_food_01,food_delivery,2025-11-18,87599.77,3152.98,286.66,1600.41,876.0,81683.72
mcht_food_02,food_delivery,2025-11-18,154613.43,11688.38,486.6,2912.8,1546.13,137979.52
mcht_food_03,food_delivery,2025-11-18,202641.47,8689.46,829.56,3828.89,2026.41,187267.15
mcht_mkt_01,marketplace,2025-11-18,822247.15,47438.96,0.0,16163.44,8222.47,750422.28
mcht_mkt_02,marketplace,2025-11-18,713477.99,59707.65,15247.97,12853.97,7134.78,618533.62
mcht_mkt_03,marketplace,2025-11-18,1183201.8,75155.64,0.0,21836.14,11832.02,1074378.0
mcht_mkt_04,marketplace,2025-11-18,305594.39,84534.51,1587.83,6706.8,3055.94,209709.31
mcht_saas_01,saas_subscription,2025-11-18,83204.44,0.0,35.64,1627.5,832.04,80709.26
mcht_saas_02,saas_subscription,2025-11-18,163225.15,1660.5,68.45,3318.68,1632.25,156545.27
mcht_saas_03,saas_subscription,2025-11-18,289050.84,1072.97,0.0,5564.1,2890.51,279523.26
mcht_saas_04,saas_subscription,2025-11-18,132000.4,893.72,0.0,2547.48,1320.0,127239.2
mcht_d2c_01,d2c_ecommerce,2025-11-19,124333.95,17027.55,603.22,2462.34,1243.34,102997.5
mcht_d2c_02,d2c_ecommerce,2025-11-19,246882.19,0.0,0.0,5270.55,2468.82,239142.82
mcht_d2c_03,d2c_ecommerce,2025-11-19,389074.93,0.0,0.0,8383.29,3890.75,376800.89
mcht_d2c_04,d2c_ecommerce,2025-11-19,98154.52,13056.37,0.0,2070.22,981.55,82046.38
mcht_food_01,food_delivery,2025-11-19,91824.75,6453.05,0.0,1770.26,918.25,82683.19
mcht_food_02,food_delivery,2025-11-19,160977.05,6610.73,2130.07,3531.01,1609.77,147095.47
mcht_food_03,food_delivery,2025-11-19,232803.25,7519.56,534.74,5078.78,2328.03,217342.14
mcht_mkt_01,marketplace,2025-11-19,846638.15,44945.8,3748.24,15590.73,8466.38,773887.0
mcht_mkt_02,marketplace,2025-11-19,1240181.03,0.0,0.0,25737.87,12401.81,1202041.35
mcht_mkt_03,marketplace,2025-11-19,567824.71,0.0,42052.37,10885.52,5678.25,509208.57
mcht_mkt_04,marketplace,2025-11-19,411258.28,0.0,0.0,8587.67,4112.58,398558.03
mcht_saas_01,saas_subscription,2025-11-19,104150.25,955.87,44.33,2290.73,1041.5,99817.82
mcht_saas_02,saas_subscription,2025-11-19,194821.68,563.31,0.0,3962.82,1948.22,188347.33
mcht_saas_03,saas_subscription,2025-11-19,324020.93,0.0,0.0,6063.35,3240.21,314717.37
mcht_saas_04,saas_subscription,2025-11-19,146996.72,0.0,119.21,2992.58,1469.97,142414.96
mcht_d2c_01,d2c_ecommerce,2025-11-20,141781.21,61128.28,555.49,2585.4,1417.81,76094.23
mcht_d2c_02,d2c_ecommerce,2025-11-20,207305.46,22748.47,1848.2,3872.75,2073.05,176762.99
mcht_d2c_03,d2c_ecommerce,2025-11-20,410632.62,0.0,2820.52,8734.58,4106.33,394971.19
mcht_d2c_04,d2c_ecommerce,2025-11-20,121107.46,0.0,870.89,2430.14,1211.07,116595.36
mcht_food_01,food_delivery,2025-11-20,91729.79,3836.7,304.49,1728.93,917.3,84942.37
mcht_food_02,food_delivery,2025-11-20,194025.3,7826.5,1342.79,3504.93,1940.25,179410.83
mcht_food_03,food_delivery,2025-11-20,257727.14,0.0,1194.39,4693.22,2577.27,249262.26
mcht_mkt_01,marketplace,2025-11-20,741174.04,0.0,0.0,14415.81,7411.74,719346.49
mcht_mkt_02,marketplace,2025-11-20,1016155.18,58352.01,19894.67,18740.71,10161.55,909006.24
mcht_mkt_03,marketplace,2025-11-20,1192485.68,194839.04,28690.86,26120.75,11924.86,930910.17
mcht_mkt_04,marketplace,2025-11-20,397605.46,0.0,7745.23,8124.87,3976.05,377759.31
mcht_saas_01,saas_subscription,2025-11-20,98661.88,267.36,41.22,1851.92,986.62,95514.76
mcht_saas_02,saas_subscription,2025-11-20,196946.73,0.0,71.9,4062.88,1969.47,190842.48
mcht_saas_03,saas_subscription,2025-11-20,322213.08,1074.73,143.49,5825.8,3222.13,311946.93
mcht_saas_04,saas_subscription,2025-11-20,146807.14,0.0,0.0,2909.85,1468.07,142429.22
mcht_d2c_01,d2c_ecommerce,2025-11-21,134265.69,20109.54,710.11,2896.04,1342.66,109207.34
mcht_d2c_02,d2c_ecommerce,2025-11-21,198173.24,0.0,1349.29,3892.61,1981.73,190949.61
mcht_d2c_03,d2c_ecommerce,2025-11-21,282556.04,99472.39,1450.09,5356.95,2825.56,173451.05
mcht_d2c_04,d2c_ecommerce,2025-11-21,107379.93,0.0,0.0,2146.23,1073.8,104159.9
mcht_food_01,food_delivery,2025-11-21,108424.21,0.0,306.48,2338.79,1084.24,104694.7
mcht_food_02,food_delivery,2025-11-21,211091.15,0.0,415.65,3907.09,2110.91,204657.5
mcht_food_03,food_delivery,2025-11-21,282868.62,20407.14,486.22,5924.35,2828.69,253222.22
mcht_mkt_01,marketplace,2025-11-21,461106.26,20289.48,0.0,9032.24,4611.06,427173.48
mcht_mkt_02,marketplace,2025-11-21,954834.09,154996.32,0.0,18023.99,9548.34,772265.44
mcht_mkt_03,marketplace,2025-11-21,1096950.07,0.0,0.0,22135.47,10969.5,1063845.1
mcht_mkt_04,marketplace,2025-11-21,519650.47,29106.92,0.0,10354.39,5196.5,474992.66
mcht_saas_01,saas_subscription,2025-11-21,96398.43,233.96,0.0,1794.54,963.98,93405.95
mcht_saas_02,saas_subscription,2025-11-21,186008.74,0.0,71.86,3884.02,1860.09,180192.77
mcht_saas_03,saas_subscription,2025-11-21,311012.51,638.59,117.69,5794.1,3110.13,301352.0
mcht_saas_04,saas_subscription,2025-11-21,144050.35,346.68,109.89,2766.79,1440.5,139386.49
mcht_d2c_01,d2c_ecommerce,2025-11-22,165185.21,18914.07,559.65,3513.92,1651.85,140545.72
mcht_d2c_02,d2c_ecommerce,2025-11-22,189610.48,125414.04,0.0,4050.28,1896.1,58250.06
mcht_d2c_03,d2c_ecommerce,2025-11-22,365356.33,76020.52,0.0,6595.3,3653.56,279086.95
mcht_d2c_04,d2c_ecommerce,2025-11-22,110455.84,13398.29,0.0,2357.36,1104.56,93595.63
mcht_food_01,food_delivery,2025-11-22,150141.26,12305.81,205.25,2862.39,1501.41,133266.4
mcht_food_02,food_delivery,2025-11-22,259047.17,25656.9,1092.68,5529.4,2590.47,224177.72
mcht_food_03,food_delivery,2025-11-22,349546.41,0.0,720.83,7645.95,3495.46,337684.17
mcht_mkt_01,marketplace,2025-11-22,359311.64,0.0,13877.51,6727.21,3593.12,335113.8
mcht_mkt_02,marketplace,2025-11-22,946481.74,0.0,0.0,17757.2,9464.82,919259.72
mcht_mkt_03,marketplace,2025-11-22,1280356.43,0.0,48833.69,23950.16,12803.56,1194769.02
mcht_mkt_04,marketplace,2025-11-22,416946.6,0.0,0.0,8691.55,4169.47,404085.58
mcht_saas_01,saas_subscription,2025-11-22,93188.73,0.0,76.96,1835.0,931.89,90344.88
mcht_saas_02,saas_subscription,2025-11-22,183315.76,1393.94,0.0,3770.11,1833.16,176318.55
mcht_saas_03,saas_subscription,2025-11-22,312327.65,855.8,491.99,6454.06,3123.28,301402.52
mcht_saas_04,saas_subscription,2025-11-22,139004.96,810.22,44.76,3053.22,1390.05,133706.71
mcht_d2c_01,d2c_ecommerce,2025-11-23,195103.24,0.0,725.1,3867.92,1951.03,188559.19
mcht_d2c_02,d2c_ecommerce,2025-11-23,249700.1,0.0,4025.76,4951.84,2497.0,238225.5
mcht_d2c_03,d2c_ecommerce,2025-11-23,453620.75,44087.68,0.0,9307.39,4536.21,395689.47
mcht_d2c_04,d2c_ecommerce,2025-11-23,133948.28,17246.13,782.08,2638.67,1339.48,111941.92
mcht_food_01,food_delivery,2025-11-23,209295.19,0.0,0.0,4583.08,2092.95,202619.16
mcht_food_02,food_delivery,2025-11-23,387348.87,11096.78,0.0,7186.35,3873.49,365192.25
mcht_food_03,food_delivery,2025-11-23,486017.28,16306.81,921.36,9349.32,4860.17,454579.62
mcht_mkt_01,marketplace,2025-11-23,406472.74,0.0,11918.77,8272.25,4064.73,382216.99
mcht_mkt_02,marketplace,2025-11-23,1499139.9,0.0,0.0,28971.58,14991.4,1455176.92
mcht_mkt_03,marketplace,2025-11-23,869793.91,53859.64,18374.68,17406.51,8697.94,771455.14
mcht_mkt_04,marketplace,2025-11-23,568830.11,20227.97,0.0,10527.4,5688.3,532386.44
mcht_saas_01,saas_subscription,2025-11-23,96286.92,324.69,82.62,1971.83,962.87,92944.91
mcht_saas_02,saas_subscription,2025-11-23,189788.91,433.72,0.0,4016.12,1897.89,183441.18
mcht_saas_03,saas_subscription,2025-11-23,295714.36,0.0,123.74,6067.57,2957.14,286565.91
mcht_saas_04,saas_subscription,2025-11-23,140059.43,0.0,0.0,3047.43,1400.59,135611.41
mcht_d2c_01,d2c_ecommerce,2025-11-24,275267.91,10040.01,598.57,5262.51,2752.68,256614.14
mcht_d2c_02,d2c_ecommerce,2025-11-24,298364.38,45406.33,0.0,6481.85,2983.64,243492.56
mcht_d2c_03,d2c_ecommerce,2025-11-24,655827.13,86367.02,2613.19,14021.19,6558.27,546267.46
mcht_d2c_04,d2c_ecommerce,2025-11-24,205204.27,0.0,1030.93,3824.57,2052.04,198296.73
mcht_food_01,food_delivery,2025-11-24,176863.23,8465.54,0.0,3531.85,1768.63,163097.21
mcht_food_02,food_delivery,2025-11-24,333588.15,5459.44,1374.93,6379.14,3335.88,317038.76
mcht_food_03,food_delivery,2025-11-24,359005.44,23197.73,0.0,7772.42,3590.05,324445.24
mcht_mkt_01,marketplace,2025-11-24,851688.17,24680.94,0.0,15820.42,8516.88,802669.93
mcht_mkt_02,marketplace,2025-11-24,775061.83,147329.4,29188.72,14447.77,7750.62,576345.32
mcht_mkt_03,marketplace,2025-11-24,1585550.13,0.0,0.0,32635.6,15855.5,1537059.03
mcht_mkt_04,marketplace,2025-11-24,274148.2,48616.03,0.0,5292.28,2741.48,217498.41
mcht_saas_01,saas_subscription,2025-11-24,87967.72,210.82,34.78,1911.68,879.68,84930.76
mcht_saas_02,saas_subscription,2025-11-24,166397.86,1106.98,79.54,3411.0,1663.98,160136.36
mcht_saas_03,saas_subscription,2025-11-24,286847.45,1828.31,291.7,6236.85,2868.47,275622.12
mcht_saas_04,saas_subscription,2025-11-24,133026.18,478.42,0.0,2461.33,1330.26,128756.17
mcht_d2c_01,d2c_ecommerce,2025-11-25,236491.22,33409.02,0.0,4581.23,2364.91,196136.06
mcht_d2c_02,d2c_ecommerce,2025-11-25,317451.69,58518.88,0.0,5979.92,3174.52,249778.37
mcht_d2c_03,d2c_ecommerce,2025-11-25,549170.56,110680.01,1312.82,11099.51,5491.71,420586.51
mcht_d2c_04,d2c_ecommerce,2025-11-25,181695.46,36770.84,338.04,3497.93,1816.95,139271.7
mcht_food_01,food_delivery,2025-11-25,65634.75,0.0,311.82,1239.46,656.35,63427.12
mcht_food_02,food_delivery,2025-11-25,129586.17,0.0,0.0,2468.76,1295.86,125821.55
mcht_food_03,food_delivery,2025-11-25,221171.14,8736.23,453.52,4712.22,2211.71,205057.46
mcht_mkt_01,marketplace,2025-11-25,421011.09,105173.33,0.0,7954.9,4210.11,303672.75
mcht_mkt_02,marketplace,2025-11-25,1401109.61,120206.95,0.0,27164.44,14011.1,1239727.12
mcht_mkt_03,marketplace,2025-11-25,1201212.42,223923.14,0.0,25601.31,12012.12,939675.85
mcht_mkt_04,marketplace,2025-11-25,440135.44,34674.6,13549.49,8141.98,4401.35,379368.02
mcht_saas_01,saas_subscription,2025-11-25,84474.58,588.88,0.0,1851.96,844.75,81188.99
mcht_saas_02,saas_subscription,2025-11-25,158380.8,622.93,57.82,3191.38,1583.81,152924.86
mcht_saas_03,saas_subscription,2025-11-25,282513.96,1177.71,140.93,5987.23,2825.14,272382.95
mcht_saas_04,saas_subscription,2025-11-25,127155.11,875.23,58.22,2499.92,1271.55,122450.19
mcht_d2c_01,d2c_ecommerce,2025-11-26,155119.82,0.0,779.19,2868.58,1551.2,149920.85
mcht_d2c_02,d2c_ecommerce,2025-11-26,228494.1,56188.58,1369.06,4766.6,2284.94,163884.92
mcht_d2c_03,d2c_ecommerce,2025-11-26,327773.95,29403.11,6249.52,6176.8,3277.74,282666.78
mcht_d2c_04,d2c_ecommerce,2025-11-26,108793.76,29724.11,0.0,2073.7,1087.94,75908.01
mcht_food_01,food_delivery,2025-11-26,86787.97,2908.78,727.54,1698.04,867.88,80585.73
mcht_food_02,food_delivery,2025-11-26,158225.74,11597.35,521.55,3289.19,1582.26,141235.39
mcht_food_03,food_delivery,2025-11-26,232383.69,7869.34,1742.93,4874.58,2323.84,215573.0
mcht_mkt_01,marketplace,2025-11-26,138271.25,0.0,0.0,2799.21,1382.71,134089.33
mcht_mkt_02,marketplace,2025-11-26,1002263.46,0.0,41275.4,19016.0,10022.63,931949.43
mcht_mkt_03,marketplace,2025-11-26,876157.53,0.0,0.0,18617.21,8761.58,848778.74
mcht_mkt_04,marketplace,2025-11-26,378817.99,28169.04,18108.68,7009.69,3788.18,321742.4
mcht_saas_01,saas_subscription,2025-11-26,100647.76,0.0,83.82,1839.7,1006.48,97717.76
mcht_saas_02,saas_subscription,2025-11-26,194907.02,555.35,71.76,3980.93,1949.07,188349.91
mcht_saas_03,saas_subscription,2025-11-26,322335.23,0.0,0.0,6534.07,3223.35,312577.81
mcht_saas_04,saas_subscription,2025-11-26,148727.74,408.87,0.0,3063.11,1487.28,143768.48
mcht_d2c_01,d2c_ecommerce,2025-11-27,139293.23,36040.55,803.72,2909.44,1392.93,98146.59
mcht_d2c_02,d2c_ecommerce,2025-11-27,207080.49,0.0,1465.8,4537.55,2070.8,199006.34
mcht_d2c_03,d2c_ecommerce,2025-11-27,398515.8,0.0,2033.69,8355.05,3985.16,384141.9
mcht_d2c_04,d2c_ecommerce,2025-11-27,94766.07,12783.53,367.61,1963.95,947.66,78703.32
mcht_food_01,food_delivery,2025-11-27,96803.62,3126.75,0.0,1813.49,968.04,90895.34
mcht_food_02,food_delivery,2025-11-27,150266.12,7981.19,658.25,2951.95,1502.66,137172.07
mcht_food_03,food_delivery,2025-11-27,222192.37,0.0,1780.45,4847.16,2221.92,213342.84
mcht_mkt_01,marketplace,2025-11-27,774389.89,0.0,28421.38,14772.21,7743.9,723452.4
mcht_mkt_02,marketplace,2025-11-27,1537208.81,121771.84,0.0,28046.16,15372.09,1372018.72
mcht_mkt_03,marketplace,2025-11-27,1099136.81,43033.75,93279.51,20000.96,10991.37,931831.22
mcht_mkt_04,marketplace,2025-11-27,292651.58,0.0,23268.24,5292.72,2926.52,261164.1
mcht_saas_01,saas_subscription,2025-11-27,100272.58,0.0,36.54,1860.26,1002.73,97373.05
mcht_saas_02,saas_subscription,2025-11-27,189501.02,600.69,135.5,3487.72,1895.01,183382.1
mcht_saas_03,saas_subscription,2025-11-27,316080.2,1103.7,0.0,5863.36,3160.8,305952.34
mcht_saas_04,saas_subscription,2025-11-27,144142.42,380.11,42.43,3017.47,1441.42,139260.99
mcht_d2c_01,d2c_ecommerce,2025-11-28,142487.38,0.0,0.0,2882.05,1424.87,138180.46
mcht_d2c_02,d2c_ecommerce,2025-11-28,234426.89,46483.43,0.0,4735.06,2344.27,180864.13
mcht_d2c_03,d2c_ecommerce,2025-11-28,365545.94,0.0,0.0,7558.82,3655.46,354331.66
mcht_d2c_04,d2c_ecommerce,2025-11-28,102730.49,0.0,0.0,1922.65,1027.3,99780.54
mcht_food_01,food_delivery,2025-11-28,103040.04,3938.21,515.77,2198.33,1030.4,95357.33
mcht_food_02,food_delivery,2025-11-28,210667.49,10249.97,0.0,4500.35,2106.67,193810.5
mcht_food_03,food_delivery,2025-11-28,277125.73,8700.7,0.0,5713.29,2771.26,259940.48
mcht_mkt_01,marketplace,2025-11-28,738896.37,44665.02,0.0,15190.73,7388.96,671651.66
mcht_mkt_02,marketplace,2025-11-28,519481.19,69321.72,0.0,11159.63,5194.81,433805.03
mcht_mkt_03,marketplace,2025-11-28,1785315.55,0.0,62774.58,35374.42,17853.16,1669313.39
mcht_mkt_04,marketplace,2025-11-28,403882.06,40123.43,11340.56,8491.04,4038.82,339888.21
mcht_saas_01,saas_subscription,2025-11-28,97891.52,282.12,40.9,2071.67,978.92,94517.91
mcht_saas_02,saas_subscription,2025-11-28,180892.26,0.0,0.0,3453.71,1808.92,175629.63
mcht_saas_03,saas_subscription,2025-11-28,313124.41,1785.63,131.17,6342.74,3131.24,301733.63
mcht_saas_04,saas_subscription,2025-11-28,137331.17,0.0,0.0,2673.22,1373.31,133284.64
mcht_d2c_01,d2c_ecommerce,2025-11-29,164969.89,35131.6,1006.54,3123.94,1649.7,124058.11
mcht_d2c_02,d2c_ecommerce,2025-11-29,216485.89,0.0,0.0,4496.14,2164.86,209824.89
mcht_d2c_03,d2c_ecommerce,2025-11-29,425757.73,0.0,3768.54,8625.91,4257.58,409105.7
mcht_d2c_04,d2c_ecommerce,2025-11-29,105273.43,14814.35,0.0,2166.43,1052.73,87239.92
mcht_food_01,food_delivery,2025-11-29,135564.24,11862.12,447.23,2505.21,1355.64,119394.04
mcht_food_02,food_delivery,2025-11-29,269732.23,15887.98,0.0,5661.6,2697.32,245485.33
mcht_food_03,food_delivery,2025-11-29,358980.27,32914.91,1941.92,7172.25,3589.8,313361.39
mcht_mkt_01,marketplace,2025-11-29,812015.36,39119.95,17826.79,16859.11,8120.15,730089.36
mcht_mkt_02,marketplace,2025-11-29,961440.73,112264.07,3964.74,18481.13,9614.41,817116.38
mcht_mkt_03,marketplace,2025-11-29,1422380.89,137779.8,31630.19,25719.88,14223.81,1213027.21
mcht_mkt_04,marketplace,2025-11-29,681819.88,20236.94,0.0,12892.69,6818.2,641872.05
mcht_saas_01,saas_subscription,2025-11-29,96097.87,336.97,0.0,1833.79,960.98,92966.13
mcht_saas_02,saas_subscription,2025-11-29,174796.72,0.0,0.0,3515.09,1747.97,169533.66
mcht_saas_03,saas_subscription,2025-11-29,297597.88,0.0,0.0,5430.08,2975.98,289191.82
mcht_saas_04,saas_subscription,2025-11-29,136840.8,809.06,61.37,2871.62,1368.41,131730.34
mcht_d2c_01,d2c_ecommerce,2025-11-30,171581.85,0.0,0.0,3516.06,1715.82,166349.97
mcht_d2c_02,d2c_ecommerce,2025-11-30,270726.92,0.0,0.0,5298.91,2707.27,262720.74
mcht_d2c_03,d2c_ecommerce,2025-11-30,403055.12,0.0,0.0,8646.88,4030.55,390377.69
mcht_d2c_04,d2c_ecommerce,2025-11-30,160125.51,0.0,0.0,3180.71,1601.26,155343.54
mcht_food_01,food_delivery,2025-11-30,214912.6,7891.97,995.05,4619.36,2149.13,199257.09
mcht_food_02,food_delivery,2025-11-30,384978.91,0.0,0.0,7747.47,3849.79,373381.65
mcht_food_03,food_delivery,2025-11-30,533140.32,0.0,472.64,11037.46,5331.4,516298.82
mcht_mkt_01,marketplace,2025-11-30,685853.3,72037.72,0.0,13171.92,6858.53,593785.13
mcht_mkt_02,marketplace,2025-11-30,770099.22,37174.17,0.0,14155.29,7700.99,711068.77
mcht_mkt_03,marketplace,2025-11-30,1520473.69,70527.32,0.0,32770.2,15204.74,1401971.43
mcht_mkt_04,marketplace,2025-11-30,309513.35,20988.65,6933.03,6601.31,3095.13,271895.23
mcht_saas_01,saas_subscription,2025-11-30,94223.06,671.56,31.26,2029.51,942.23,90548.5
mcht_saas_02,saas_subscription,2025-11-30,187808.78,681.91,139.77,4036.38,1878.09,181072.63
mcht_saas_03,saas_subscription,2025-11-30,300205.53,1091.26,245.94,5921.12,3002.06,289945.15
mcht_saas_04,saas_subscription,2025-11-30,134810.5,434.7,48.95,2493.54,1348.11,130485.2
mcht_d2c_01,d2c_ecommerce,2025-12-01,243811.75,22129.44,0.0,5343.6,2438.12,213900.59
mcht_d2c_02,d2c_ecommerce,2025-12-01,430253.44,0.0,1744.39,9037.62,4302.53,415168.9
mcht_d2c_03,d2c_ecommerce,2025-12-01,516534.48,0.0,0.0,10917.97,5165.34,500451.17
mcht_d2c_04,d2c_ecommerce,2025-12-01,195796.96,9870.25,358.34,4181.96,1957.97,179428.44
mcht_food_01,food_delivery,2025-12-01,184179.69,3531.94,0.0,3349.06,1841.8,175456.89
mcht_food_02,food_delivery,2025-12-01,342020.47,16428.2,947.95,6497.11,3420.2,314727.01
mcht_food_03,food_delivery,2025-12-01,465646.76,21409.63,1211.59,9148.7,4656.47,429220.37
mcht_mkt_01,marketplace,2025-12-01,727132.2,0.0,0.0,13342.55,7271.32,706518.33
mcht_mkt_02,marketplace,2025-12-01,939018.94,45363.88,0.0,18861.23,9390.19,865403.64
mcht_mkt_03,marketplace,2025-12-01,774362.96,54526.84,0.0,14477.2,7743.63,697615.29
mcht_mkt_04,marketplace,2025-12-01,416586.82,28453.74,24941.43,9005.66,4165.87,350020.12
mcht_saas_01,saas_subscription,2025-12-01,93648.01,680.14,77.77,1934.19,936.48,90019.43
mcht_saas_02,saas_subscription,2025-12-01,168931.98,530.13,205.71,3499.63,1689.32,163007.19
mcht_saas_03,saas_subscription,2025-12-01,289258.97,912.9,274.29,5658.2,2892.59,279520.99
mcht_saas_04,saas_subscription,2025-12-01,126102.45,801.64,0.0,2437.21,1261.02,121602.58
mcht_d2c_01,d2c_ecommerce,2025-12-02,200678.68,0.0,0.0,3710.46,2006.79,194961.43
mcht_d2c_02,d2c_ecommerce,2025-12-02,327735.95,48185.04,1963.21,7090.73,3277.36,267219.61
mcht_d2c_03,d2c_ecommerce,2025-12-02,630568.95,123969.91,2328.02,13035.0,6305.69,484930.33
mcht_d2c_04,d2c_ecommerce,2025-12-02,160676.86,34017.52,690.52,3203.9,1606.77,121158.15
mcht_food_01,food_delivery,2025-12-02,93442.43,2495.43,1152.23,1793.95,934.42,87066.4
mcht_food_02,food_delivery,2025-12-02,165349.93,0.0,730.0,3500.4,1653.5,159466.03
mcht_food_03,food_delivery,2025-12-02,212682.76,0.0,0.0,4104.68,2126.83,206451.25
mcht_mkt_01,marketplace,2025-12-02,549960.56,103160.57,0.0,10976.01,5499.61,430324.37
mcht_mkt_02,marketplace,2025-12-02,1287658.07,0.0,69572.94,23812.79,12876.58,1181395.76
mcht_mkt_03,marketplace,2025-12-02,932371.1,49742.81,46998.25,19113.14,9323.71,807193.19
mcht_mkt_04,marketplace,2025-12-02,259414.41,19934.91,0.0,4844.37,2594.14,232040.99
mcht_saas_01,saas_subscription,2025-12-02,84527.04,0.0,41.49,1559.3,845.27,82080.98
mcht_saas_02,saas_subscription,2025-12-02,158678.35,1033.42,66.34,2913.59,1586.78,153078.22
mcht_saas_03,saas_subscription,2025-12-02,275878.72,3030.22,106.64,5437.92,2758.79,264545.15
mcht_saas_04,saas_subscription,2025-12-02,127552.05,616.12,51.58,2661.47,1275.52,122947.36
mcht_d2c_01,d2c_ecommerce,2025-12-03,127145.35,35451.39,488.17,2521.79,1271.45,87412.55
mcht_d2c_02,d2c_ecommerce,2025-12-03,220131.06,23580.34,0.0,4581.42,2201.31,189767.99
mcht_d2c_03,d2c_ecommerce,2025-12-03,370822.01,33723.41,0.0,7660.82,3708.22,325729.56
mcht_d2c_04,d2c_ecommerce,2025-12-03,103171.1,19200.11,1038.85,2240.8,1031.71,79659.63
mcht_food_01,food_delivery,2025-12-03,79856.38,0.0,0.0,1482.1,798.56,77575.72
mcht_food_02,food_delivery,2025-12-03,140557.71,11185.01,1765.63,3016.93,1405.58,123184.56
mcht_food_03,food_delivery,2025-12-03,241567.64,8298.96,0.0,4427.69,2415.68,226425.31
mcht_mkt_01,marketplace,2025-12-03,188464.76,30669.73,0.0,3462.4,1884.65,152447.98
mcht_mkt_02,marketplace,2025-12-03,1077715.77,0.0,14434.33,22731.58,10777.16,1029772.7
mcht_mkt_03,marketplace,2025-12-03,971175.52,0.0,25559.14,19697.84,9711.76,916206.78
mcht_mkt_04,marketplace,2025-12-03,247547.08,19835.55,6941.47,5157.76,2475.47,213136.83
mcht_saas_01,saas_subscription,2025-12-03,116222.78,298.08,0.0,2479.05,1162.23,112283.42
mcht_saas_02,saas_subscription,2025-12-03,229145.74,565.8,0.0,4667.49,2291.46,221620.99
mcht_saas_03,saas_subscription,2025-12-03,381848.29,0.0,0.0,7300.67,3818.48,370729.14
mcht_saas_04,saas_subscription,2025-12-03,179590.2,0.0,137.88,3682.09,1795.9,173974.33
mcht_d2c_01,d2c_ecommerce,2025-12-04,154064.88,0.0,2041.12,3077.7,1540.65,147405.41
mcht_d2c_02,d2c_ecommerce,2025-12-04,178803.07,41335.56,2670.7,3887.84,1788.03,129120.94
mcht_d2c_03,d2c_ecommerce,2025-12-04,406442.48,102386.28,1985.55,8392.55,4064.42,289613.68
mcht_d2c_04,d2c_ecommerce,2025-12-04,102287.03,8586.66,0.0,2209.59,1022.87,90467.91
mcht_food_01,food_delivery,2025-12-04,98421.48,3172.39,834.33,2041.37,984.21,91389.18
mcht_food_02,food_delivery,2025-12-04,177663.22,0.0,0.0,3792.24,1776.63,172094.35
mcht_food_03,food_delivery,2025-12-04,237073.9,19611.29,1424.42,4625.79,2370.74,209041.66
mcht_mkt_01,marketplace,2025-12-04,587596.13,0.0,17408.84,11787.73,5875.96,552523.6
mcht_mkt_02,marketplace,2025-12-04,1386072.79,158155.83,0.0,25290.72,13860.73,1188765.51
mcht_mkt_03,marketplace,2025-12-04,1363999.72,188721.5,69630.85,27964.88,13640.0,1064042.49
mcht_mkt_04,marketplace,2025-12-04,360274.97,0.0,4342.93,7148.3,3602.75,345180.99
mcht_saas_01,saas_subscription,2025-12-04,111996.58,655.32,0.0,2094.94,1119.97,108126.35
mcht_saas_02,saas_subscription,2025-12-04,216488.37,648.14,67.93,4088.81,2164.88,209518.61
mcht_saas_03,saas_subscription,2025-12-04,373775.6,688.51,0.0,7753.35,3737.76,361595.98
mcht_saas_04,saas_subscription,2025-12-04,164601.69,0.0,0.0,3514.06,1646.02,159441.61
mcht_d2c_01,d2c_ecommerce,2025-12-05,165069.4,42395.33,767.1,3081.38,1650.69,117174.9
mcht_d2c_02,d2c_ecommerce,2025-12-05,263322.95,46649.4,0.0,5359.84,2633.23,208680.48
mcht_d2c_03,d2c_ecommerce,2025-12-05,362821.25,0.0,0.0,7292.95,3628.21,351900.09
mcht_d2c_04,d2c_ecommerce,2025-12-05,106050.24,21266.43,878.12,1987.5,1060.5,80857.69
mcht_food_01,food_delivery,2025-12-05,92619.75,2887.85,282.64,1856.96,926.2,86666.1
mcht_food_02,food_delivery,2025-12-05,173571.59,16514.58,0.0,3160.19,1735.72,152161.1
mcht_food_03,food_delivery,2025-12-05,280322.8,0.0,1066.91,5946.43,2803.23,270506.23
mcht_mkt_01,marketplace,2025-12-05,598492.52,0.0,0.0,12511.41,5984.93,579996.18
mcht_mkt_02,marketplace,2025-12-05,671156.19,0.0,0.0,13328.18,6711.56,651116.45
mcht_mkt_03,marketplace,2025-12-05,1042528.63,46923.01,0.0,21115.03,10425.29,964065.3
mcht_mkt_04,marketplace,2025-12-05,353359.04,19903.62,0.0,7659.36,3533.59,322262.47
mcht_saas_01,saas_subscription,2025-12-05,98571.28,0.0,75.19,1941.26,985.71,95569.12
mcht_saas_02,saas_subscription,2025-12-05,182299.99,573.28,69.07,3816.64,1823.0,176018.0
mcht_saas_03,saas_subscription,2025-12-05,310394.31,838.97,414.79,6631.2,3103.94,299405.41
mcht_saas_04,saas_subscription,2025-12-05,143933.31,452.69,107.72,2617.78,1439.33,139315.79
mcht_d2c_01,d2c_ecommerce,2025-12-06,139799.4,40957.37,0.0,2813.65,1397.99,94630.39
mcht_d2c_02,d2c_ecommerce,2025-12-06,222853.71,59630.73,0.0,4525.84,2228.54,156468.6
mcht_d2c_03,d2c_ecommerce,2025-12-06,366657.94,84442.83,2189.79,7280.25,3666.58,269078.49
mcht_d2c_04,d2c_ecommerce,2025-12-06,128702.56,24547.44,826.94,2669.89,1287.03,99371.26
mcht_food_01,food_delivery,2025-12-06,135394.41,4434.12,269.34,2945.82,1353.94,126391.19
mcht_food_02,food_delivery,2025-12-06,241550.48,14988.52,762.34,5022.28,2415.5,218361.84
mcht_food_03,food_delivery,2025-12-06,320238.66,11514.08,3014.06,6975.36,3202.39,295532.77
mcht_mkt_01,marketplace,2025-12-06,507440.88,28921.55,28832.54,10393.06,5074.41,434219.32
mcht_mkt_02,marketplace,2025-12-06,668769.88,39318.95,21522.88,14562.67,6687.7,586677.68
mcht_mkt_03,marketplace,2025-12-06,989263.38,62302.25,12507.46,20638.36,9892.63,883922.68
mcht_mkt_04,marketplace,2025-12-06,381675.61,35031.64,0.0,7609.72,3816.76,335217.49
mcht_saas_01,saas_subscription,2025-12-06,98003.07,241.7,81.13,1980.52,980.03,94719.69
mcht_saas_02,saas_subscription,2025-12-06,182833.86,443.8,70.68,3896.15,1828.34,176594.89
mcht_saas_03,saas_subscription,2025-12-06,315998.42,1883.2,92.95,6659.37,3159.98,304202.92
mcht_saas_04,saas_subscription,2025-12-06,135946.28,788.55,111.41,2541.86,1359.46,131145.0
mcht_d2c_01,d2c_ecommerce,2025-12-07,192419.15,15368.14,574.53,3929.95,1924.19,170622.34
mcht_d2c_02,d2c_ecommerce,2025-12-07,299862.18,0.0,0.0,5762.9,2998.62,291100.66
mcht_d2c_03,d2c_ecommerce,2025-12-07,527932.63,41384.21,2900.1,11001.27,5279.33,467367.72
mcht_d2c_04,d2c_ecommerce,2025-12-07,135571.94,10763.7,1609.9,2556.68,1355.72,119285.94
mcht_food_01,food_delivery,2025-12-07,181359.34,12988.89,0.0,3530.11,1813.59,163026.75
mcht_food_02,food_delivery,2025-12-07,406524.7,0.0,791.59,8462.12,4065.25,393205.74
mcht_food_03,food_delivery,2025-12-07,530494.65,31549.12,521.26,11618.15,5304.95,481501.17
mcht_mkt_01,marketplace,2025-12-07,485009.78,18887.88,0.0,9599.83,4850.1,451671.97
mcht_mkt_02,marketplace,2025-12-07,885640.86,53611.37,35421.08,16504.69,8856.41,771247.31
mcht_mkt_03,marketplace,2025-12-07,1005862.17,0.0,20229.84,20624.64,10058.62,954949.07
mcht_mkt_04,marketplace,2025-12-07,394909.97,34240.4,5961.25,7706.86,3949.1,343052.36
mcht_saas_01,saas_subscription,2025-12-07,92802.96,0.0,40.09,1856.34,928.03,89978.5
mcht_saas_02,saas_subscription,2025-12-07,170019.14,429.17,69.21,3463.94,1700.19,164356.63
mcht_saas_03,saas_subscription,2025-12-07,316015.0,1072.16,0.0,6481.79,3160.15,305300.9
mcht_saas_04,saas_subscription,2025-12-07,136028.61,851.67,0.0,2474.9,1360.29,131341.75
mcht_d2c_01,d2c_ecommerce,2025-12-08,222923.3,0.0,1301.13,4152.92,2229.23,215240.02
mcht_d2c_02,d2c_ecommerce,2025-12-08,350387.1,0.0,886.64,7301.55,3503.87,338695.04
mcht_d2c_03,d2c_ecommerce,2025-12-08,505145.55,44209.89,0.0,10326.17,5051.46,445558.03
mcht_d2c_04,d2c_ecommerce,2025-12-08,227351.76,9330.21,610.4,4841.05,2273.52,210296.58
mcht_food_01,food_delivery,2025-12-08,206109.8,0.0,478.45,3743.57,2061.1,199826.68
mcht_food_02,food_delivery,2025-12-08,359833.01,13659.17,1008.91,7834.39,3598.33,333732.21
mcht_food_03,food_delivery,2025-12-08,380702.1,0.0,0.0,7167.14,3807.02,369727.94
mcht_mkt_01,marketplace,2025-12-08,363166.47,76750.72,0.0,7911.01,3631.66,274873.08
mcht_mkt_02,marketplace,2025-12-08,887781.78,126929.87,35908.89,16695.16,8877.82,699370.04
mcht_mkt_03,marketplace,2025-12-08,866373.0,152931.55,47520.28,15907.65,8663.73,641349.79
mcht_mkt_04,marketplace,2025-12-08,205221.32,49831.53,8412.6,3935.79,2052.21,140989.19
mcht_saas_01,saas_subscription,2025-12-08,86271.62,927.68,34.44,1789.67,862.72,82657.11
mcht_saas_02,saas_subscription,2025-12-08,169052.83,494.91,0.0,3442.84,1690.53,163424.55
mcht_saas_03,saas_subscription,2025-12-08,284551.34,0.0,125.78,5734.67,2845.51,275845.38
mcht_saas_04,saas_subscription,2025-12-08,127683.33,0.0,112.38,2396.42,1276.83,123897.7
mcht_d2c_01,d2c_ecommerce,2025-12-09,227612.5,0.0,0.0,4237.89,2276.12,221098.49
mcht_d2c_02,d2c_ecommerce,2025-12-09,363726.89,66337.94,0.0,7830.24,3637.27,285921.44
mcht_d2c_03,d2c_ecommerce,2025-12-09,662346.05,48772.0,3047.52,13220.38,6623.46,590682.69
mcht_d2c_04,d2c_ecommerce,2025-12-09,201913.28,0.0,0.0,4147.88,2019.13,195746.27
mcht_food_01,food_delivery,2025-12-09,88963.8,6916.05,1020.0,1872.39,889.64,78265.72
mcht_food_02,food_delivery,2025-12-09,161166.02,10788.18,357.03,3070.84,1611.66,145338.31
mcht_food_03,food_delivery,2025-12-09,221893.76,15770.94,2693.95,4501.28,2218.94,196708.65
mcht_mkt_01,marketplace,2025-12-09,367443.1,0.0,23667.6,6763.52,3674.43,333337.55
mcht_mkt_02,marketplace,2025-12-09,870549.94,0.0,27633.71,17760.84,8705.5,816449.89
mcht_mkt_03,marketplace,2025-12-09,1127171.91,0.0,73820.52,21942.74,11271.72,1020136.93
mcht_mkt_04,marketplace,2025-12-09,357624.59,0.0,8689.43,7729.87,3576.25,337629.04
mcht_saas_01,saas_subscription,2025-12-09,83526.19,0.0,37.88,1721.54,835.26,80931.51
mcht_saas_02,saas_subscription,2025-12-09,170677.16,0.0,0.0,3303.35,1706.77,165667.04
mcht_saas_03,saas_subscription,2025-12-09,282790.37,985.18,353.22,5125.39,2827.9,273498.68
mcht_saas_04,saas_subscription,2025-12-09,128123.49,0.0,99.21,2308.42,1281.23,124434.63
mcht_d2c_01,d2c_ecommerce,2025-12-10,162745.64,0.0,0.0,3486.89,1627.46,157631.29
mcht_d2c_02,d2c_ecommerce,2025-12-10,226788.96,0.0,858.4,4668.51,2267.89,218994.16
mcht_d2c_03,d2c_ecommerce,2025-12-10,413208.19,0.0,1943.8,7647.1,4132.08,399485.21
mcht_d2c_04,d2c_ecommerce,2025-12-10,125844.71,32083.52,638.33,2413.26,1258.45,89451.15
mcht_food_01,food_delivery,2025-12-10,100839.32,3760.35,0.0,2048.85,1008.39,94021.73
mcht_food_02,food_delivery,2025-12-10,161122.55,0.0,1534.09,3407.0,1611.23,154570.23
mcht_food_03,food_delivery,2025-12-10,222954.78,0.0,0.0,4526.65,2229.55,216198.58
mcht_mkt_01,marketplace,2025-12-10,891937.35,0.0,41097.75,19194.5,8919.37,822725.73
mcht_mkt_02,marketplace,2025-12-10,666340.22,32382.52,0.0,14605.79,6663.4,612688.51
mcht_mkt_03,marketplace,2025-12-10,1684436.4,74685.16,48909.8,34002.66,16844.36,1509994.42
mcht_mkt_04,marketplace,2025-12-10,538965.32,27742.17,26747.13,10188.99,5389.65,468897.38
mcht_saas_01,saas_subscription,2025-12-10,103501.72,330.3,39.23,2273.74,1035.02,99823.43
mcht_saas_02,saas_subscription,2025-12-10,195114.0,984.6,214.8,3860.33,1951.14,188103.13
mcht_saas_03,saas_subscription,2025-12-10,329474.53,2007.01,0.0,6883.29,3294.75,317289.48
mcht_saas_04,saas_subscription,2025-12-10,146952.89,1431.26,0.0,2941.53,1469.53,141110.57
mcht_d2c_01,d2c_ecommerce,2025-12-11,156790.6,16490.06,996.4,3017.52,1567.91,134718.71
mcht_d2c_02,d2c_ecommerce,2025-12-11,205250.02,22052.94,752.69,3885.83,2052.5,176506.06
mcht_d2c_03,d2c_ecommerce,2025-12-11,403911.03,0.0,1949.02,8404.47,4039.11,389518.43
mcht_d2c_04,d2c_ecommerce,2025-12-11,120808.04,14405.87,408.31,2294.93,1208.08,102490.85
mcht_food_01,food_delivery,2025-12-11,97289.5,3684.78,464.72,2073.21,972.89,90093.9
mcht_food_02,food_delivery,2025-12-11,163357.42,11402.27,1322.76,3390.71,1633.57,145608.11
mcht_food_03,food_delivery,2025-12-11,264982.53,18527.57,0.0,4956.28,2649.83,238848.85
mcht_mkt_01,marketplace,2025-12-11,931718.18,152948.61,15550.7,19752.91,9317.18,734148.78
mcht_mkt_02,marketplace,2025-12-11,1379141.09,104546.2,17559.14,26953.03,13791.41,1216291.31
mcht_mkt_03,marketplace,2025-12-11,664344.48,97438.12,22114.13,12822.37,6643.44,525326.42
mcht_mkt_04,marketplace,2025-12-11,272278.14,0.0,5200.21,5802.48,2722.78,258552.67
mcht_saas_01,saas_subscription,2025-12-11,100856.14,242.99,36.6,2218.6,1008.56,97349.39
mcht_saas_02,saas_subscription,2025-12-11,185228.05,600.65,73.24,3974.33,1852.28,178727.55
mcht_saas_03,saas_subscription,2025-12-11,325699.33,778.47,245.1,6572.59,3256.99,314846.18
mcht_saas_04,saas_subscription,2025-12-11,149724.34,0.0,58.59,3011.44,1497.24,145157.07
mcht_d2c_01,d2c_ecommerce,2025-12-12,163566.91,0.0,2537.07,3356.61,1635.67,156037.56
mcht_d2c_02,d2c_ecommerce,2025-12-12,252696.75,36189.19,702.47,5098.52,2526.97,208179.6
mcht_d2c_03,d2c_ecommerce,2025-12-12,356241.09,36763.99,0.0,7332.86,3562.41,308581.83
mcht_d2c_04,d2c_ecommerce,2025-12-12,112037.13,0.0,293.82,2209.18,1120.37,108413.76
mcht_food_01,food_delivery,2025-12-12,101902.89,0.0,0.0,2007.95,1019.03,98875.91
mcht_food_02,food_delivery,2025-12-12,202247.98,8024.96,536.31,4351.35,2022.48,187312.88
mcht_food_03,food_delivery,2025-12-12,251311.7,0.0,0.0,5108.29,2513.12,243690.29
mcht_mkt_01,marketplace,2025-12-12,498777.14,28544.37,0.0,9815.41,4987.77,455429.59
mcht_mkt_02,marketplace,2025-12-12,755197.41,0.0,78058.39,15552.97,7551.97,654034.08
mcht_mkt_03,marketplace,2025-12-12,1226404.25,116731.36,0.0,25805.17,12264.04,1071603.68
mcht_mkt_04,marketplace,2025-12-12,365886.67,23021.72,7988.04,6870.16,3658.87,324347.88
mcht_saas_01,saas_subscription,2025-12-12,98373.69,292.76,0.0,1973.95,983.74,95123.24
mcht_saas_02,saas_subscription,2025-12-12,180993.07,526.22,0.0,3781.54,1809.93,174875.38
mcht_saas_03,saas_subscription,2025-12-12,330062.79,0.0,115.77,6298.58,3300.63,320347.81
mcht_saas_04,saas_subscription,2025-12-12,141817.51,769.48,107.24,2925.92,1418.18,136596.69
mcht_d2c_01,d2c_ecommerce,2025-12-13,189722.82,13409.07,535.25,3890.66,1897.23,169990.61
mcht_d2c_02,d2c_ecommerce,2025-12-13,215563.54,29250.16,1101.58,4531.95,2155.64,178524.21
mcht_d2c_03,d2c_ecommerce,2025-12-13,365711.28,93824.52,2536.77,7083.46,3657.11,258609.42
mcht_d2c_04,d2c_ecommerce,2025-12-13,130555.23,0.0,0.0,2768.15,1305.55,126481.53
mcht_food_01,food_delivery,2025-12-13,127474.59,5505.59,178.59,2670.94,1274.75,117844.72
mcht_food_02,food_delivery,2025-12-13,274550.22,0.0,890.43,5703.3,2745.5,265210.99
mcht_food_03,food_delivery,2025-12-13,341947.02,28832.88,1235.76,6651.23,3419.47,301807.68
mcht_mkt_01,marketplace,2025-12-13,578182.44,0.0,0.0,10760.82,5781.82,561639.8
mcht_mkt_02,marketplace,2025-12-13,1322069.99,0.0,13168.23,24602.76,13220.7,1271078.3
mcht_mkt_03,marketplace,2025-12-13,1691031.59,51353.83,22906.62,32588.87,16910.32,1567271.95
mcht_mkt_04,marketplace,2025-12-13,479701.21,16690.25,7505.48,9869.17,4797.01,440839.3
mcht_saas_01,saas_subscription,2025-12-13,93229.74,0.0,0.0,1713.64,932.3,90583.8
mcht_saas_02,saas_subscription,2025-12-13,177931.89,514.29,118.4,3572.7,1779.32,171947.18
mcht_saas_03,saas_subscription,2025-12-13,314415.16,0.0,261.41,6071.79,3144.15,304937.81
mcht_saas_04,saas_subscription,2025-12-13,137453.55,413.4,0.0,2685.79,1374.54,132979.82
mcht_d2c_01,d2c_ecommerce,2025-12-14,165325.13,60714.69,0.0,3530.8,1653.25,99426.39
mcht_d2c_02,d2c_ecommerce,2025-12-14,291801.96,0.0,741.86,6348.87,2918.02,281793.21
mcht_d2c_03,d2c_ecommerce,2025-12-14,448589.66,87111.09,1723.29,8713.99,4485.9,346555.39
mcht_d2c_04,d2c_ecommerce,2025-12-14,134627.98,19030.0,0.0,2852.05,1346.28,111399.65
mcht_food_01,food_delivery,2025-12-14,204982.68,6405.82,841.07,3829.95,2049.83,191856.01
mcht_food_02,food_delivery,2025-12-14,367991.71,21954.54,0.0,7878.64,3679.92,334478.61
mcht_food_03,food_delivery,2025-12-14,484931.77,12439.65,4587.69,10556.78,4849.32,452498.33
mcht_mkt_01,marketplace,2025-12-14,353217.37,0.0,0.0,6578.13,3532.17,343107.07
mcht_mkt_02,marketplace,2025-12-14,884693.02,66102.51,0.0,18194.23,8846.93,791549.35
mcht_mkt_03,marketplace,2025-12-14,1071761.28,84136.18,20214.71,22844.31,10717.61,933848.47
mcht_mkt_04,marketplace,2025-12-14,319136.47,33999.24,6367.59,6320.26,3191.36,269258.02
mcht_saas_01,saas_subscription,2025-12-14,93705.2,337.01,36.37,1959.5,937.05,90435.27
mcht_saas_02,saas_subscription,2025-12-14,175145.63,0.0,80.52,3410.6,1751.46,169903.05
mcht_saas_03,saas_subscription,2025-12-14,288714.63,1777.7,0.0,6277.36,2887.15,277772.42
mcht_saas_04,saas_subscription,2025-12-14,132385.3,0.0,0.0,2384.63,1323.85,128676.82
mcht_d2c_01,d2c_ecommerce,2025-12-15,211119.93,27180.01,501.16,4424.98,2111.2,176902.58
mcht_d2c_02,d2c_ecommerce,2025-12-15,339953.9,0.0,3057.6,6332.11,3399.54,327164.65
mcht_d2c_03,d2c_ecommerce,2025-12-15,520358.69,46436.25,1305.17,9879.99,5203.59,457533.69
mcht_d2c_04,d2c_ecommerce,2025-12-15,218176.12,22681.23,770.24,3956.3,2181.76,188586.59
mcht_food_01,food_delivery,2025-12-15,214906.61,11099.86,285.05,4727.54,2149.07,196645.09
mcht_food_02,food_delivery,2025-12-15,280847.49,0.0,0.0,5459.2,2808.47,272579.82
mcht_food_03,food_delivery,2025-12-15,462584.85,5053.74,0.0,8798.74,4625.85,444106.52
mcht_mkt_01,marketplace,2025-12-15,633193.7,0.0,40786.04,13732.21,6331.94,572343.51
mcht_mkt_02,marketplace,2025-12-15,1085419.29,119549.69,31071.99,20634.52,10854.19,903308.9
mcht_mkt_03,marketplace,2025-12-15,964927.36,44960.9,37001.37,17935.04,9649.27,855380.78
mcht_mkt_04,marketplace,2025-12-15,481763.69,0.0,0.0,8873.33,4817.64,468072.72
mcht_saas_01,saas_subscription,2025-12-15,88638.66,287.06,60.37,1941.78,886.39,85463.06
mcht_saas_02,saas_subscription,2025-12-15,165629.15,1043.48,207.19,3014.7,1656.29,159707.49
mcht_saas_03,saas_subscription,2025-12-15,291964.83,1117.68,123.66,5984.53,2919.65,281819.31
mcht_saas_04,saas_subscription,2025-12-15,131123.08,320.79,0.0,2713.67,1311.23,126777.39
mcht_d2c_01,d2c_ecommerce,2025-12-16,209152.72,18803.77,568.95,4467.98,2091.53,183220.49
mcht_d2c_02,d2c_ecommerce,2025-12-16,353904.23,22679.55,2504.17,6550.76,3539.04,318630.71
mcht_d2c_03,d2c_ecommerce,2025-12-16,520611.19,105066.47,1733.67,11374.14,5206.11,397230.8
mcht_d2c_04,d2c_ecommerce,2025-12-16,185393.55,14547.45,853.04,3561.25,1853.94,164577.87
mcht_food_01,food_delivery,2025-12-16,88984.42,2908.19,308.13,1663.53,889.84,83214.73
mcht_food_02,food_delivery,2025-12-16,153532.02,5221.05,448.88,2860.38,1535.32,143466.39
mcht_food_03,food_delivery,2025-12-16,187212.21,9665.56,1052.62,3995.08,1872.12,170626.83
mcht_mkt_01,marketplace,2025-12-16,845317.85,38216.2,31452.27,16005.94,8453.18,751190.26
mcht_mkt_02,marketplace,2025-12-16,1090789.13,35803.73,0.0,22310.07,10907.89,1021767.44
mcht_mkt_03,marketplace,2025-12-16,1549721.87,40053.19,0.0,32664.37,15497.22,1461507.09
mcht_mkt_04,marketplace,2025-12-16,229520.74,33222.74,0.0,4246.99,2295.21,189755.8
mcht_saas_01,saas_subscription,2025-12-16,86023.54,228.51,78.7,1657.96,860.24,83198.13
mcht_saas_02,saas_subscription,2025-12-16,166156.39,580.73,77.38,3085.86,1661.56,160750.86
mcht_saas_03,saas_subscription,2025-12-16,288631.13,0.0,0.0,5744.81,2886.31,280000.01
mcht_saas_04,saas_subscription,2025-12-16,129158.33,876.52,119.66,2352.9,1291.58,124517.67
mcht_d2c_01,d2c_ecommerce,2025-12-17,136858.29,0.0,0.0,2805.71,1368.58,132684.0
mcht_d2c_02,d2c_ecommerce,2025-12-17,200466.98,0.0,0.0,3939.53,2004.67,194522.78
mcht_d2c_03,d2c_ecommerce,2025-12-17,386388.21,0.0,0.0,8284.47,3863.88,374239.86
mcht_d2c_04,d2c_ecommerce,2025-12-17,113174.56,10459.14,0.0,2228.57,1131.75,99355.1
mcht_food_01,food_delivery,2025-12-17,89283.43,3378.88,0.0,1903.45,892.83,83108.27
mcht_food_02,food_delivery,2025-12-17,135593.72,4720.38,1238.14,2637.76,1355.94,125641.5
mcht_food_03,food_delivery,2025-12-17,235345.93,7236.52,0.0,5080.51,2353.46,220675.44
mcht_mkt_01,marketplace,2025-12-17,286778.88,45526.27,4611.56,6164.73,2867.79,227608.53
mcht_mkt_02,marketplace,2025-12-17,707666.28,126703.74,0.0,12988.96,7076.66,560896.92
mcht_mkt_03,marketplace,2025-12-17,850830.86,71597.42,39259.03,15939.35,8508.31,715526.75
mcht_mkt_04,marketplace,2025-12-17,596430.71,0.0,43076.65,11407.36,5964.31,535982.39
mcht_saas_01,saas_subscription,2025-12-17,104130.26,896.33,90.9,2066.45,1041.3,100035.28
mcht_saas_02,saas_subscription,2025-12-17,183253.15,0.0,69.53,3440.05,1832.53,177911.04
mcht_saas_03,saas_subscription,2025-12-17,329641.9,1909.49,0.0,6752.28,3296.42,317683.71
mcht_saas_04,saas_subscription,2025-12-17,150946.42,0.0,0.0,3240.02,1509.46,146196.94
mcht_d2c_01,d2c_ecommerce,2025-12-18,106703.92,42548.01,1097.09,2112.51,1067.04,59879.27
mcht_d2c_02,d2c_ecommerce,2025-12-18,217187.43,51833.55,2394.29,4018.5,2171.87,156769.22
mcht_d2c_03,d2c_ecommerce,2025-12-18,395357.08,49752.06,4816.77,8003.69,3953.57,328830.99
mcht_d2c_04,d2c_ecommerce,2025-12-18,114072.52,8939.51,716.91,2320.5,1140.73,100954.87
mcht_food_01,food_delivery,2025-12-18,99480.68,4362.48,0.0,1875.19,994.81,92248.2
mcht_food_02,food_delivery,2025-12-18,192384.35,14058.67,0.0,4090.13,1923.84,172311.71
mcht_food_03,food_delivery,2025-12-18,203297.39,7415.92,0.0,4257.76,2032.97,189590.74
mcht_mkt_01,marketplace,2025-12-18,668853.0,88830.7,29564.76,13385.88,6688.53,530383.13
mcht_mkt_02,marketplace,2025-12-18,1113928.92,142607.66,47197.32,22389.83,11139.29,890594.82
mcht_mkt_03,marketplace,2025-12-18,1278647.46,32985.76,25253.63,25716.24,12786.47,1181905.36
mcht_mkt_04,marketplace,2025-12-18,537974.28,48822.52,6365.94,11333.29,5379.74,466072.79
mcht_saas_01,saas_subscription,2025-12-18,99418.55,0.0,0.0,1958.46,994.19,96465.9
mcht_saas_02,saas_subscription,2025-12-18,191718.26,1010.59,64.34,3737.27,1917.18,184988.88
mcht_saas_03,saas_subscription,2025-12-18,331387.79,943.66,147.04,6513.42,3313.88,320469.79
mcht_saas_04,saas_subscription,2025-12-18,154727.27,0.0,94.82,2799.11,1547.27,150286.07
mcht_d2c_01,d2c_ecommerce,2025-12-19,146968.31,16765.78,0.0,2876.8,1469.68,125856.05
mcht_d2c_02,d2c_ecommerce,2025-12-19,198930.4,17090.63,934.76,4360.9,1989.3,174554.81
mcht_d2c_03,d2c_ecommerce,2025-12-19,340904.32,0.0,5325.92,6683.98,3409.04,325485.38
mcht_d2c_04,d2c_ecommerce,2025-12-19,139992.94,39777.07,705.27,2603.6,1399.93,95507.07
mcht_food_01,food_delivery,2025-12-19,111883.93,0.0,0.0,2364.11,1118.84,108400.98
mcht_food_02,food_delivery,2025-12-19,186494.47,7205.5,415.33,3455.11,1864.94,173553.59
mcht_food_03,food_delivery,2025-12-19,254053.41,0.0,570.24,4791.12,2540.53,246151.52
mcht_mkt_01,marketplace,2025-12-19,585305.57,0.0,16365.26,11616.52,5853.06,551470.73
mcht_mkt_02,marketplace,2025-12-19,1381621.65,50972.35,63675.95,26181.21,13816.22,1226975.92
mcht_mkt_03,marketplace,2025-12-19,736643.88,62926.12,0.0,14204.04,7366.44,652147.28
mcht_mkt_04,marketplace,2025-12-19,420153.18,0.0,11626.04,8787.82,4201.53,395537.79
mcht_saas_01,saas_subscription,2025-12-19,98742.03,307.18,39.85,1797.67,987.42,95609.91
mcht_saas_02,saas_subscription,2025-12-19,181648.11,0.0,107.24,3955.67,1816.48,175768.72
mcht_saas_03,saas_subscription,2025-12-19,310089.99,811.26,0.0,6164.82,3100.9,300013.01
mcht_saas_04,saas_subscription,2025-12-19,148516.86,470.33,0.0,2988.44,1485.17,143572.92
mcht_d2c_01,d2c_ecommerce,2025-12-20,147407.24,21548.72,1392.87,2876.82,1474.07,120114.76
mcht_d2c_02,d2c_ecommerce,2025-12-20,241604.79,80328.22,0.0,4758.94,2416.05,154101.58
mcht_d2c_03,d2c_ecommerce,2025-12-20,431683.24,139811.1,1181.43,9042.6,4316.83,277331.28
mcht_d2c_04,d2c_ecommerce,2025-12-20,103180.21,13580.52,0.0,1995.62,1031.8,86572.27
mcht_food_01,food_delivery,2025-12-20,166481.61,6511.84,643.09,3570.2,1664.82,154091.66
mcht_food_02,food_delivery,2025-12-20,222123.8,15160.0,766.02,4565.04,2221.24,199411.5
mcht_food_03,food_delivery,2025-12-20,291492.98,12752.21,0.0,5550.46,2914.93,270275.38
mcht_mkt_01,marketplace,2025-12-20,619949.6,0.0,12278.35,12695.36,6199.5,588776.39
mcht_mkt_02,marketplace,2025-12-20,980892.35,62093.44,49146.69,20330.79,9808.92,839512.51
mcht_mkt_03,marketplace,2025-12-20,471038.9,0.0,23187.04,9679.54,4710.39,433461.93
mcht_mkt_04,marketplace,2025-12-20,596470.46,69299.79,0.0,11225.86,5964.7,509980.11
mcht_saas_01,saas_subscription,2025-12-20,95179.76,0.0,66.67,1969.18,951.8,92192.11
mcht_saas_02,saas_subscription,2025-12-20,181899.82,441.81,73.49,3641.75,1819.0,175923.77
mcht_saas_03,saas_subscription,2025-12-20,297105.52,0.0,118.11,5692.91,2971.06,288323.44
mcht_saas_04,saas_subscription,2025-12-20,138794.49,1258.84,0.0,2995.14,1387.94,133152.57
mcht_d2c_01,d2c_ecommerce,2025-12-21,194649.47,37691.18,574.87,3829.45,1946.49,150607.48
mcht_d2c_02,d2c_ecommerce,2025-12-21,270106.55,0.0,1241.33,5438.44,2701.07,260725.71
mcht_d2c_03,d2c_ecommerce,2025-12-21,482147.77,49864.76,1874.32,9696.43,4821.48,415890.78
mcht_d2c_04,d2c_ecommerce,2025-12-21,168309.63,12225.77,820.17,3625.79,1683.1,149954.8
mcht_food_01,food_delivery,2025-12-21,222427.16,8105.6,655.04,4783.64,2224.27,206658.61
mcht_food_02,food_delivery,2025-12-21,381025.52,0.0,998.16,8363.6,3810.26,367853.5
mcht_food_03,food_delivery,2025-12-21,518250.52,34434.53,604.7,11341.64,5182.51,466687.14
mcht_mkt_01,marketplace,2025-12-21,785431.21,111494.85,29976.78,14813.36,7854.31,621291.91
mcht_mkt_02,marketplace,2025-12-21,1135216.78,0.0,0.0,23828.97,11352.17,1100035.64
mcht_mkt_03,marketplace,2025-12-21,1083129.09,83579.64,14372.04,20418.02,10831.29,953928.1
mcht_mkt_04,marketplace,2025-12-21,380834.75,0.0,0.0,7580.44,3808.35,369445.96
mcht_saas_01,saas_subscription,2025-12-21,93853.68,485.95,37.06,1822.01,938.54,90570.12
mcht_saas_02,saas_subscription,2025-12-21,170833.58,560.89,0.0,3235.48,1708.34,165328.87
mcht_saas_03,saas_subscription,2025-12-21,305000.84,901.38,199.21,6026.64,3050.01,294823.6
mcht_saas_04,saas_subscription,2025-12-21,135978.27,0.0,51.54,2758.99,1359.78,131807.96
mcht_d2c_01,d2c_ecommerce,2025-12-22,245979.82,0.0,1440.29,4554.87,2459.8,237524.86
mcht_d2c_02,d2c_ecommerce,2025-12-22,334095.12,66469.0,0.0,6317.19,3340.95,257967.98
mcht_d2c_03,d2c_ecommerce,2025-12-22,707581.89,0.0,3513.63,15498.45,7075.82,681493.99
mcht_d2c_04,d2c_ecommerce,2025-12-22,181211.77,0.0,453.77,3607.24,1812.12,175338.64
mcht_food_01,food_delivery,2025-12-22,189123.64,4988.1,418.69,3764.1,1891.24,178061.51
mcht_food_02,food_delivery,2025-12-22,344092.7,18735.18,973.3,7425.54,3440.93,313517.75
mcht_food_03,food_delivery,2025-12-22,461232.44,6783.81,0.0,8442.08,4612.32,441394.23
mcht_mkt_01,marketplace,2025-12-22,867381.36,0.0,0.0,17099.11,8673.81,841608.44
mcht_mkt_02,marketplace,2025-12-22,1098318.26,0.0,65793.44,23495.85,10983.18,998045.79
mcht_mkt_03,marketplace,2025-12-22,691921.32,65607.54,0.0,14656.03,6919.21,604738.54
mcht_mkt_04,marketplace,2025-12-22,348432.83,19775.71,23152.9,6406.96,3484.33,295612.93
mcht_saas_01,saas_subscription,2025-12-22,89911.68,258.56,77.91,1901.62,899.12,86774.47
mcht_saas_02,saas_subscription,2025-12-22,173627.56,1134.39,0.0,3198.74,1736.28,167558.15
mcht_saas_03,saas_subscription,2025-12-22,274121.02,2913.22,234.51,5685.92,2741.21,262546.16
mcht_saas_04,saas_subscription,2025-12-22,131912.33,0.0,107.92,2695.45,1319.12,127789.84
mcht_d2c_01,d2c_ecommerce,2025-12-23,212187.39,0.0,1747.66,4179.21,2121.87,204138.65
mcht_d2c_02,d2c_ecommerce,2025-12-23,338737.11,0.0,1538.32,6705.81,3387.37,327105.61
mcht_d2c_03,d2c_ecommerce,2025-12-23,618648.64,74360.27,1745.9,11272.08,6186.49,525083.9
mcht_d2c_04,d2c_ecommerce,2025-12-23,150044.94,12324.83,500.03,3147.43,1500.45,132572.2
mcht_food_01,food_delivery,2025-12-23,86647.35,5806.08,0.0,1708.27,866.47,78266.53
mcht_food_02,food_delivery,2025-12-23,155281.31,0.0,863.43,3211.95,1552.81,149653.12
mcht_food_03,food_delivery,2025-12-23,215183.69,7002.51,2846.49,3974.09,2151.84,199208.76
mcht_mkt_01,marketplace,2025-12-23,500394.25,44281.1,0.0,10885.55,5003.94,440223.66
mcht_mkt_02,marketplace,2025-12-23,1016545.65,84486.35,0.0,22333.08,10165.46,899560.76
mcht_mkt_03,marketplace,2025-12-23,1191533.46,109999.04,0.0,24181.38,11915.33,1045437.71
mcht_mkt_04,marketplace,2025-12-23,643616.58,56118.6,8918.44,13428.28,6436.17,558715.09
mcht_saas_01,saas_subscription,2025-12-23,82011.57,235.94,0.0,1749.18,820.12,79206.33
mcht_saas_02,saas_subscription,2025-12-23,167650.2,1356.66,155.76,3244.57,1676.5,161216.71
mcht_saas_03,saas_subscription,2025-12-23,277126.91,0.0,263.93,5032.56,2771.27,269059.15
mcht_saas_04,saas_subscription,2025-12-23,123043.47,853.13,108.08,2550.25,1230.43,118301.58
mcht_d2c_01,d2c_ecommerce,2025-12-24,149937.31,33994.35,0.0,2932.44,1499.37,111511.15
mcht_d2c_02,d2c_ecommerce,2025-12-24,214313.19,52732.37,0.0,4701.77,2143.13,154735.92
mcht_d2c_03,d2c_ecommerce,2025-12-24,402812.96,0.0,1550.55,7305.88,4028.13,389928.4
mcht_d2c_04,d2c_ecommerce,2025-12-24,100898.26,12079.13,0.0,2011.82,1008.98,85798.33
mcht_food_01,food_delivery,2025-12-24,94889.42,3628.48,782.76,2024.48,948.89,87504.81
mcht_food_02,food_delivery,2025-12-24,196110.16,6183.54,0.0,4151.75,1961.1,183813.77
mcht_food_03,food_delivery,2025-12-24,252113.88,0.0,0.0,5524.89,2521.14,244067.85
mcht_mkt_01,marketplace,2025-12-24,682577.39,25090.93,0.0,12936.91,6825.77,637723.78
mcht_mkt_02,marketplace,2025-12-24,1018557.87,59741.95,14988.69,20205.56,10185.58,913436.09
mcht_mkt_03,marketplace,2025-12-24,1685157.37,0.0,0.0,36785.46,16851.57,1631520.34
mcht_mkt_04,marketplace,2025-12-24,737952.52,0.0,9581.13,15624.82,7379.53,705367.04
mcht_saas_01,saas_subscription,2025-12-24,100740.15,236.15,0.0,2144.25,1007.4,97352.35
mcht_saas_02,saas_subscription,2025-12-24,197774.88,578.94,256.64,4205.27,1977.75,190756.28
mcht_saas_03,saas_subscription,2025-12-24,343651.68,944.41,115.9,7278.58,3436.52,331876.27
mcht_saas_04,saas_subscription,2025-12-24,154691.88,441.77,112.97,2860.2,1546.92,149730.02
mcht_d2c_01,d2c_ecommerce,2025-12-25,155456.49,23068.69,0.0,2819.71,1554.56,128013.53
mcht_d2c_02,d2c_ecommerce,2025-12-25,201355.36,0.0,0.0,4018.0,2013.55,195323.81
mcht_d2c_03,d2c_ecommerce,2025-12-25,388364.58,60594.0,1516.15,7873.88,3883.65,314496.9
mcht_d2c_04,d2c_ecommerce,2025-12-25,92071.26,19270.97,363.96,1828.53,920.71,69687.09
mcht_food_01,food_delivery,2025-12-25,105701.86,3581.74,0.0,2147.65,1057.02,98915.45
mcht_food_02,food_delivery,2025-12-25,189652.71,6025.05,0.0,3502.11,1896.53,178229.02
mcht_food_03,food_delivery,2025-12-25,236867.61,10878.46,633.6,4999.7,2368.68,217987.17
mcht_mkt_01,marketplace,2025-12-25,598098.47,29910.75,55000.05,12970.56,5980.98,494236.13
mcht_mkt_02,marketplace,2025-12-25,1171380.53,73156.98,69169.75,24226.93,11713.81,993113.06
mcht_mkt_03,marketplace,2025-12-25,2052249.91,106757.88,26492.55,42783.42,20522.5,1855693.56
mcht_mkt_04,marketplace,2025-12-25,374732.93,22308.02,0.0,8084.51,3747.33,340593.07
mcht_saas_01,saas_subscription,2025-12-25,97498.76,272.47,37.05,1917.48,974.99,94296.77
mcht_saas_02,saas_subscription,2025-12-25,179260.26,546.25,63.28,3501.56,1792.6,173356.57
mcht_saas_03,saas_subscription,2025-12-25,305160.19,866.84,160.64,5838.3,3051.6,295242.81
mcht_saas_04,saas_subscription,2025-12-25,147074.17,0.0,0.0,3044.39,1470.74,142559.04
mcht_d2c_01,d2c_ecommerce,2025-12-26,137685.18,14741.66,1238.94,2629.86,1376.85,117697.87
mcht_d2c_02,d2c_ecommerce,2025-12-26,222404.73,44105.29,0.0,4011.14,2224.05,172064.25
mcht_d2c_03,d2c_ecommerce,2025-12-26,426943.11,65042.69,0.0,8032.13,4269.43,349598.86
mcht_d2c_04,d2c_ecommerce,2025-12-26,125948.51,20732.97,467.23,2580.4,1259.49,100908.42
mcht_food_01,food_delivery,2025-12-26,108027.53,5474.98,581.63,2212.96,1080.28,98677.68
mcht_food_02,food_delivery,2025-12-26,187354.63,15749.59,0.0,3746.22,1873.55,165985.27
mcht_food_03,food_delivery,2025-12-26,285129.39,22372.56,0.0,5983.59,2851.29,253921.95
mcht_mkt_01,marketplace,2025-12-26,398223.37,0.0,0.0,8751.69,3982.23,385489.45
mcht_mkt_02,marketplace,2025-12-26,1063087.55,0.0,23139.78,19213.92,10630.88,1010102.97
mcht_mkt_03,marketplace,2025-12-26,1137042.03,135541.73,29755.47,23229.29,11370.42,937145.12
mcht_mkt_04,marketplace,2025-12-26,397774.97,18910.79,0.0,8569.26,3977.75,366317.17
mcht_saas_01,saas_subscription,2025-12-26,95166.6,337.6,33.44,1835.4,951.67,92008.49
mcht_saas_02,saas_subscription,2025-12-26,187862.35,464.77,206.07,3962.02,1878.62,181350.87
mcht_saas_03,saas_subscription,2025-12-26,304871.85,934.34,0.0,6320.07,3048.72,294568.72
mcht_saas_04,saas_subscription,2025-12-26,143825.43,1319.69,89.72,3095.33,1438.25,137882.44
mcht_d2c_01,d2c_ecommerce,2025-12-27,148296.32,22540.34,375.1,3115.35,1482.96,120782.57
mcht_d2c_02,d2c_ecommerce,2025-12-27,209184.36,20590.22,1224.0,3968.25,2091.84,181310.05
mcht_d2c_03,d2c_ecommerce,2025-12-27,344912.0,135776.39,0.0,7042.14,3449.12,198644.35
mcht_d2c_04,d2c_ecommerce,2025-12-27,108509.0,19226.57,0.0,2065.74,1085.09,86131.6
mcht_food_01,food_delivery,2025-12-27,130103.83,0.0,772.71,2464.72,1301.04,125565.36
mcht_food_02,food_delivery,2025-12-27,261263.4,12831.34,432.7,5258.62,2612.63,240128.11
mcht_food_03,food_delivery,2025-12-27,341215.53,0.0,536.12,6360.54,3412.16,330906.71
mcht_mkt_01,marketplace,2025-12-27,576364.75,93546.23,25430.31,10494.24,5763.65,441130.32
mcht_mkt_02,marketplace,2025-12-27,515001.75,87522.74,24825.61,11134.52,5150.02,386368.86
mcht_mkt_03,marketplace,2025-12-27,1555572.85,0.0,0.0,33159.58,15555.73,1506857.54
mcht_mkt_04,marketplace,2025-12-27,585273.81,19669.38,8471.47,11325.97,5852.74,539954.25
mcht_saas_01,saas_subscription,2025-12-27,94268.12,563.61,0.0,1979.19,942.68,90782.64
mcht_saas_02,saas_subscription,2025-12-27,182040.47,0.0,70.73,3861.23,1820.4,176288.11
mcht_saas_03,saas_subscription,2025-12-27,301041.96,926.23,130.91,6192.7,3010.42,290781.7
mcht_saas_04,saas_subscription,2025-12-27,142692.86,0.0,0.0,3124.53,1426.93,138141.4
mcht_d2c_01,d2c_ecommerce,2025-12-28,135333.64,0.0,735.04,2748.87,1353.34,130496.39
mcht_d2c_02,d2c_ecommerce,2025-12-28,338158.63,0.0,0.0,7410.35,3381.59,327366.69
mcht_d2c_03,d2c_ecommerce,2025-12-28,453050.44,0.0,4790.41,9571.0,4530.5,434158.53
mcht_d2c_04,d2c_ecommerce,2025-12-28,142597.48,0.0,0.0,2709.24,1425.97,138462.27
mcht_food_01,food_delivery,2025-12-28,218798.54,7432.15,0.0,4328.85,2187.99,204849.55
mcht_food_02,food_delivery,2025-12-28,345762.4,11247.88,1351.71,7306.23,3457.62,322398.96
mcht_food_03,food_delivery,2025-12-28,478556.82,19875.06,788.33,9549.96,4785.57,443557.9
mcht_mkt_01,marketplace,2025-12-28,625420.15,23966.39,45571.05,12586.9,6254.2,537041.61
mcht_mkt_02,marketplace,2025-12-28,950827.54,59148.46,42992.22,19456.76,9508.28,819721.82
mcht_mkt_03,marketplace,2025-12-28,1283850.07,125574.94,0.0,24237.46,12838.5,1121199.17
mcht_mkt_04,marketplace,2025-12-28,415054.78,52861.36,24858.54,7893.57,4150.55,325290.76
mcht_saas_01,saas_subscription,2025-12-28,96997.01,0.0,69.69,2056.88,969.97,93900.47
mcht_saas_02,saas_subscription,2025-12-28,168471.24,496.51,0.0,3107.16,1684.71,163182.86
mcht_saas_03,saas_subscription,2025-12-28,303261.38,0.0,372.0,6250.37,3032.61,293606.4
mcht_saas_04,saas_subscription,2025-12-28,143818.42,786.92,118.0,2843.61,1438.18,138631.71
mcht_d2c_01,d2c_ecommerce,2025-12-29,208390.49,25024.48,1948.89,4423.02,2083.9,174910.2
mcht_d2c_02,d2c_ecommerce,2025-12-29,396581.88,35737.28,1370.78,8707.46,3965.82,346800.54
mcht_d2c_03,d2c_ecommerce,2025-12-29,604197.98,48004.92,2324.02,11209.35,6041.98,536617.71
mcht_d2c_04,d2c_ecommerce,2025-12-29,208081.32,27457.74,1045.5,4568.93,2080.81,172928.34
mcht_food_01,food_delivery,2025-12-29,185165.62,7653.79,510.54,3606.62,1851.66,171543.01
mcht_food_02,food_delivery,2025-12-29,364949.12,0.0,0.0,6981.61,3649.49,354318.02
mcht_food_03,food_delivery,2025-12-29,497553.88,24275.98,2658.76,10629.27,4975.54,455014.33
mcht_mkt_01,marketplace,2025-12-29,561657.9,44967.28,0.0,10495.86,5616.58,500578.18
mcht_mkt_02,marketplace,2025-12-29,845950.37,77643.83,42992.46,16652.85,8459.5,700201.73
mcht_mkt_03,marketplace,2025-12-29,1019104.33,96998.3,44263.9,20923.2,10191.04,846727.89
mcht_mkt_04,marketplace,2025-12-29,516933.53,31520.05,8056.38,11158.71,5169.34,461029.05
mcht_saas_01,saas_subscription,2025-12-29,86208.11,0.0,41.14,1721.15,862.08,83583.74
mcht_saas_02,saas_subscription,2025-12-29,167286.11,619.36,0.0,3418.43,1672.86,161575.46
mcht_saas_03,saas_subscription,2025-12-29,285347.79,3082.52,0.0,5830.37,2853.48,273581.42
mcht_saas_04,saas_subscription,2025-12-29,130823.23,482.41,0.0,2535.1,1308.23,126497.49
mcht_d2c_01,d2c_ecommerce,2025-12-30,208644.2,34493.66,407.49,4208.51,2086.44,167448.1
mcht_d2c_02,d2c_ecommerce,2025-12-30,351037.75,30108.35,2150.93,6614.24,3510.38,308653.85
mcht_d2c_03,d2c_ecommerce,2025-12-30,566589.77,72017.58,3557.16,11197.19,5665.9,474151.94
mcht_d2c_04,d2c_ecommerce,2025-12-30,164378.87,10879.95,864.3,3530.2,1643.79,147460.63
mcht_food_01,food_delivery,2025-12-30,93126.08,6849.46,202.92,1924.1,931.26,83218.34
mcht_food_02,food_delivery,2025-12-30,155946.3,10712.8,742.49,2873.46,1559.46,140058.09
mcht_food_03,food_delivery,2025-12-30,245429.2,7555.21,0.0,4740.58,2454.29,230679.12
mcht_mkt_01,marketplace,2025-12-30,388306.3,0.0,15402.34,7955.18,3883.06,361065.72
mcht_mkt_02,marketplace,2025-12-30,809632.88,0.0,13751.22,15979.93,8096.33,771805.4
mcht_mkt_03,marketplace,2025-12-30,459349.59,22306.85,0.0,8985.62,4593.5,423463.62
mcht_mkt_04,marketplace,2025-12-30,558878.88,27137.17,26397.45,10386.22,5588.79,489369.25
mcht_saas_01,saas_subscription,2025-12-30,87818.06,299.49,33.36,1894.42,878.18,84712.61
mcht_saas_02,saas_subscription,2025-12-30,163653.53,498.99,141.99,3573.6,1636.54,157802.41
mcht_saas_03,saas_subscription,2025-12-30,289930.05,0.0,220.13,6331.03,2899.3,280479.59
mcht_saas_04,saas_subscription,2025-12-30,125601.19,445.81,52.79,2639.29,1256.01,121207.29
mcht_d2c_01,d2c_ecommerce,2025-12-31,141948.69,15044.47,0.0,3040.02,1419.49,122444.71
mcht_d2c_02,d2c_ecommerce,2025-12-31,238430.53,0.0,0.0,4878.54,2384.31,231167.68
mcht_d2c_03,d2c_ecommerce,2025-12-31,378416.97,0.0,2025.82,7853.92,3784.17,364753.06
mcht_d2c_04,d2c_ecommerce,2025-12-31,106755.95,31583.29,0.0,2236.65,1067.56,71868.45
mcht_food_01,food_delivery,2025-12-31,106089.46,0.0,0.0,1992.99,1060.89,103035.58
mcht_food_02,food_delivery,2025-12-31,169400.83,6696.91,518.28,3522.26,1694.01,156969.37
mcht_food_03,food_delivery,2025-12-31,213956.0,0.0,0.0,4016.18,2139.56,207800.26
mcht_mkt_01,marketplace,2025-12-31,478292.59,25164.51,0.0,10502.43,4782.93,437842.72
mcht_mkt_02,marketplace,2025-12-31,1359817.91,0.0,21668.16,28599.67,13598.18,1295951.9
mcht_mkt_03,marketplace,2025-12-31,1888433.11,0.0,90424.1,39610.19,18884.33,1739514.49
mcht_mkt_04,marketplace,2025-12-31,380837.04,37517.19,0.0,6945.47,3808.37,332566.01
mcht_saas_01,saas_subscription,2025-12-31,96860.22,298.82,0.0,1799.24,968.6,93793.56
mcht_saas_02,saas_subscription,2025-12-31,195598.8,625.23,0.0,3835.41,1955.99,189182.17
mcht_saas_03,saas_subscription,2025-12-31,340563.61,925.13,106.88,6822.64,3405.64,329303.32
mcht_saas_04,saas_subscription,2025-12-31,156128.17,0.0,57.31,3149.34,1561.28,151360.24
mcht_d2c_01,d2c_ecommerce,2026-01-01,129025.14,37461.53,0.0,2733.3,0.0,88830.31
mcht_d2c_02,d2c_ecommerce,2026-01-01,168972.96,0.0,4110.8,3093.49,0.0,161768.67
mcht_d2c_03,d2c_ecommerce,2026-01-01,394749.47,0.0,1832.08,8422.16,0.0,384495.23
mcht_d2c_04,d2c_ecommerce,2026-01-01,96370.84,0.0,808.94,1787.54,0.0,93774.36
mcht_food_01,food_delivery,2026-01-01,105941.76,7150.15,981.82,2078.9,0.0,95730.89
mcht_food_02,food_delivery,2026-01-01,156111.52,5823.48,1331.5,3117.61,0.0,145838.93
mcht_food_03,food_delivery,2026-01-01,262093.48,9010.03,0.0,4729.16,0.0,248354.29
mcht_mkt_01,marketplace,2026-01-01,497433.45,0.0,13873.11,10738.36,0.0,472821.98
mcht_mkt_02,marketplace,2026-01-01,762943.94,40658.63,0.0,16276.55,7629.44,698379.32
mcht_mkt_03,marketplace,2026-01-01,855602.04,0.0,0.0,15484.58,8556.02,831561.44
mcht_mkt_04,marketplace,2026-01-01,546215.26,0.0,22737.88,10518.45,5462.15,507496.78
mcht_saas_01,saas_subscription,2026-01-01,97873.57,896.52,0.0,2105.87,0.0,94871.18
mcht_saas_02,saas_subscription,2026-01-01,188129.13,464.95,0.0,3424.66,0.0,184239.52
mcht_saas_03,saas_subscription,2026-01-01,326870.93,2311.48,0.0,6841.17,0.0,317718.28
mcht_saas_04,saas_subscription,2026-01-01,149544.51,891.85,53.65,2845.72,0.0,145753.29
mcht_d2c_01,d2c_ecommerce,2026-01-02,141905.45,0.0,0.0,2610.09,0.0,139295.36
mcht_d2c_02,d2c_ecommerce,2026-01-02,162128.62,43348.5,1923.24,3292.79,0.0,113564.09
mcht_d2c_03,d2c_ecommerce,2026-01-02,402029.35,34125.72,1518.41,8034.71,4020.29,354330.22
mcht_d2c_04,d2c_ecommerce,2026-01-02,112480.48,10509.06,1543.63,2038.25,0.0,98389.54
mcht_food_01,food_delivery,2026-01-02,115820.62,0.0,315.5,2477.97,0.0,113027.15
mcht_food_02,food_delivery,2026-01-02,199998.26,8998.35,907.02,4273.8,0.0,185819.09
mcht_food_03,food_delivery,2026-01-02,278063.16,21777.31,1822.76,5697.56,2780.63,245984.9
mcht_mkt_01,marketplace,2026-01-02,364624.63,34088.66,19732.94,7912.13,3646.25,299244.65
mcht_mkt_02,marketplace,2026-01-02,473058.98,44254.83,44723.99,10043.81,4730.59,369305.76
mcht_mkt_03,marketplace,2026-01-02,1592505.31,79016.16,64488.37,31389.63,15925.05,1401686.1
mcht_mkt_04,marketplace,2026-01-02,411981.97,0.0,0.0,8668.6,4119.82,399193.55
mcht_saas_01,saas_subscription,2026-01-02,97341.58,346.0,66.9,1789.56,0.0,95139.12
mcht_saas_02,saas_subscription,2026-01-02,185097.16,597.83,0.0,4015.35,0.0,180483.98
mcht_saas_03,saas_subscription,2026-01-02,317489.35,1138.31,97.66,6610.7,3174.89,306467.79
mcht_saas_04,saas_subscription,2026-01-02,141516.59,0.0,234.89,2644.75,0.0,138636.95
mcht_d2c_01,d2c_ecommerce,2026-01-03,135665.5,12221.36,492.86,2972.16,0.0,119979.12
mcht_d2c_02,d2c_ecommerce,2026-01-03,224869.54,33487.53,0.0,4160.91,2248.7,184972.4
mcht_d2c_03,d2c_ecommerce,2026-01-03,393979.43,53185.43,0.0,7416.51,3939.79,329437.7
mcht_d2c_04,d2c_ecommerce,2026-01-03,157184.97,0.0,370.56,2939.62,0.0,153874.79
mcht_food_01,food_delivery,2026-01-03,181353.48,6101.61,0.0,3660.76,0.0,171591.11
mcht_food_02,food_delivery,2026-01-03,248336.04,0.0,1013.6,4948.33,2483.36,239890.75
mcht_food_03,food_delivery,2026-01-03,349308.2,0.0,1036.0,6698.07,3493.08,338081.05
mcht_mkt_01,marketplace,2026-01-03,583616.45,0.0,0.0,11003.15,5836.16,566777.14
mcht_mkt_02,marketplace,2026-01-03,1138952.38,61019.29,0.0,22827.27,11389.52,1043716.3
mcht_mkt_03,marketplace,2026-01-03,1374496.11,77602.98,39821.94,28323.98,13744.96,1215002.25
mcht_mkt_04,marketplace,2026-01-03,267810.06,106038.82,0.0,5564.24,2678.1,153528.9
mcht_saas_01,saas_subscription,2026-01-03,112008.85,0.0,0.0,2084.94,0.0,109923.91
mcht_saas_02,saas_subscription,2026-01-03,217415.32,1022.33,0.0,4681.97,2174.15,209536.87
mcht_saas_03,saas_subscription,2026-01-03,363559.35,1028.87,0.0,6887.66,3635.59,352007.23
mcht_saas_04,saas_subscription,2026-01-03,162423.58,690.06,0.0,3034.22,0.0,158699.3
mcht_d2c_01,d2c_ecommerce,2026-01-04,182573.0,0.0,0.0,3297.08,1825.73,177450.19
mcht_d2c_02,d2c_ecommerce,2026-01-04,228038.62,0.0,0.0,4851.44,2280.39,220906.79
mcht_d2c_03,d2c_ecommerce,2026-01-04,422036.8,0.0,1115.08,8585.58,4220.37,408115.77
mcht_d2c_04,d2c_ecommerce,2026-01-04,151980.17,20968.62,1001.56,3305.71,1519.8,125184.48
mcht_food_01,food_delivery,2026-01-04,203930.09,7364.29,0.0,4401.66,2039.3,190124.84
mcht_food_02,food_delivery,2026-01-04,322185.6,24794.19,545.27,6889.97,3221.86,286734.31
mcht_food_03,food_delivery,2026-01-04,493029.24,17211.76,2344.83,10577.79,4930.29,457964.57
mcht_mkt_01,marketplace,2026-01-04,583678.11,0.0,41111.06,11772.37,5836.78,524957.9
mcht_mkt_02,marketplace,2026-01-04,480617.11,66284.05,11709.41,9364.63,4806.17,388452.85
mcht_mkt_03,marketplace,2026-01-04,782919.02,0.0,19522.64,15535.12,7829.19,740032.07
mcht_mkt_04,marketplace,2026-01-04,290885.56,0.0,15137.48,6384.42,2908.86,266454.8
mcht_saas_01,saas_subscription,2026-01-04,110146.67,250.21,88.05,2217.84,0.0,107590.57
mcht_saas_02,saas_subscription,2026-01-04,211648.53,0.0,133.13,4251.72,2116.49,205147.19
mcht_saas_03,saas_subscription,2026-01-04,343902.45,0.0,123.91,6579.96,3439.02,333759.56
mcht_saas_04,saas_subscription,2026-01-04,160022.67,399.33,0.0,3174.32,1600.23,154848.79
mcht_d2c_01,d2c_ecommerce,2026-01-05,247889.01,12966.11,572.37,5053.8,2478.89,226817.84
mcht_d2c_02,d2c_ecommerce,2026-01-05,345955.35,49634.94,0.0,7527.4,3459.55,285333.46
mcht_d2c_03,d2c_ecommerce,2026-01-05,680034.98,180443.85,1867.43,13476.98,6800.35,477446.37
mcht_d2c_04,d2c_ecommerce,2026-01-05,179612.74,18944.54,656.16,3819.49,1796.13,154396.42
mcht_food_01,food_delivery,2026-01-05,166662.03,5012.38,232.21,3154.93,1666.62,156595.89
mcht_food_02,food_delivery,2026-01-05,321069.25,0.0,800.91,6431.45,3210.69,310626.2
mcht_food_03,food_delivery,2026-01-05,431854.23,19463.85,3114.71,8263.13,4318.54,396694.0
mcht_mkt_01,marketplace,2026-01-05,689821.65,62065.28,0.0,13064.76,6898.22,607793.39
mcht_mkt_02,marketplace,2026-01-05,344331.03,0.0,72582.19,7500.27,3443.31,260805.26
mcht_mkt_03,marketplace,2026-01-05,1277463.55,245019.37,18548.16,24210.34,12774.64,976911.04
mcht_mkt_04,marketplace,2026-01-05,343629.71,0.0,16038.52,6679.52,3436.3,317475.37
mcht_saas_01,saas_subscription,2026-01-05,90312.58,238.62,42.97,1650.02,903.13,87477.84
mcht_saas_02,saas_subscription,2026-01-05,153961.54,451.58,64.61,3111.41,1539.62,148794.32
mcht_saas_03,saas_subscription,2026-01-05,295219.74,880.7,142.93,5814.67,2952.2,285429.24
mcht_saas_04,saas_subscription,2026-01-05,131519.03,688.33,58.98,2456.84,1315.19,126999.69
mcht_d2c_01,d2c_ecommerce,2026-01-06,237255.91,0.0,0.0,5022.72,2372.56,229860.63
mcht_d2c_02,d2c_ecommerce,2026-01-06,348509.66,0.0,0.0,6514.32,3485.1,338510.24
mcht_d2c_03,d2c_ecommerce,2026-01-06,604597.59,0.0,0.0,12749.57,6045.98,585802.04
mcht_d2c_04,d2c_ecommerce,2026-01-06,165556.79,10084.87,0.0,3326.42,1655.57,150489.93
mcht_food_01,food_delivery,2026-01-06,83628.38,6227.82,262.89,1652.46,836.28,74648.93
mcht_food_02,food_delivery,2026-01-06,158065.02,12377.44,0.0,3340.04,1580.65,140766.89
mcht_food_03,food_delivery,2026-01-06,140008.61,12971.82,1473.18,2605.04,1400.09,121558.48
mcht_mkt_01,marketplace,2026-01-06,392383.31,20955.91,6671.42,8474.58,3923.83,352357.57
mcht_mkt_02,marketplace,2026-01-06,1194621.62,38966.36,0.0,24533.7,11946.22,1119175.34
mcht_mkt_03,marketplace,2026-01-06,2012307.72,54665.3,51608.57,39959.19,20123.08,1845951.58
mcht_mkt_04,marketplace,2026-01-06,580074.9,25589.17,5424.67,11081.4,5800.75,532178.91
mcht_saas_01,saas_subscription,2026-01-06,84665.15,0.0,28.75,1541.86,846.65,82247.89
mcht_saas_02,saas_subscription,2026-01-06,160560.1,532.65,148.88,3026.07,1605.6,155246.9
mcht_saas_03,saas_subscription,2026-01-06,270312.71,0.0,114.23,5165.89,2703.13,262329.46
mcht_saas_04,saas_subscription,2026-01-06,121213.92,0.0,48.67,2191.41,1212.14,117761.7
mcht_d2c_01,d2c_ecommerce,2026-01-07,140991.45,0.0,0.0,2725.02,1409.91,136856.52
mcht_d2c_02,d2c_ecommerce,2026-01-07,232583.07,72162.99,0.0,4616.97,2325.83,153477.28
mcht_d2c_03,d2c_ecommerce,2026-01-07,320373.25,41492.2,2650.97,6478.69,3203.73,266547.66
mcht_d2c_04,d2c_ecommerce,2026-01-07,109484.14,16141.28,1654.79,2394.98,1094.84,88198.25
mcht_food_01,food_delivery,2026-01-07,105303.81,3029.49,0.0,2106.25,1053.04,99115.03
mcht_food_02,food_delivery,2026-01-07,163735.88,0.0,887.84,3419.29,1637.36,157791.39
mcht_food_03,food_delivery,2026-01-07,253348.37,7755.55,0.0,5533.58,2533.48,237525.76
mcht_mkt_01,marketplace,2026-01-07,457820.15,67394.37,7748.77,8590.82,4578.2,369507.99
mcht_mkt_02,marketplace,2026-01-07,1010020.42,62734.58,22808.66,20376.77,10100.2,894000.21
mcht_mkt_03,marketplace,2026-01-07,1852329.76,114487.67,0.0,39637.96,18523.3,1679680.83
mcht_mkt_04,marketplace,2026-01-07,607265.51,26666.93,16405.72,11849.47,6072.66,546270.73
mcht_saas_01,saas_subscription,2026-01-07,100334.05,550.31,0.0,1806.22,1003.34,96974.18
mcht_saas_02,saas_subscription,2026-01-07,191712.07,0.0,0.0,4079.21,1917.12,185715.74
mcht_saas_03,saas_subscription,2026-01-07,339458.65,1813.75,0.0,6608.23,3394.59,327642.08
mcht_saas_04,saas_subscription,2026-01-07,143330.2,441.12,0.0,2609.81,1433.3,138845.97
mcht_d2c_01,d2c_ecommerce,2026-01-08,119589.4,66890.18,1567.15,2438.94,1195.89,47497.24
mcht_d2c_02,d2c_ecommerce,2026-01-08,188954.85,55900.23,1599.99,3478.31,1889.55,126086.77
mcht_d2c_03,d2c_ecommerce,2026-01-08,361138.22,0.0,0.0,6904.13,3611.38,350622.71
mcht_d2c_04,d2c_ecommerce,2026-01-08,114109.38,12481.19,0.0,2120.87,1141.09,98366.23
mcht_food_01,food_delivery,2026-01-08,89412.72,0.0,853.28,1752.69,894.13,85912.62
mcht_food_02,food_delivery,2026-01-08,156600.24,4947.82,0.0,2985.48,1566.0,147100.94
mcht_food_03,food_delivery,2026-01-08,228556.18,10000.94,0.0,4996.03,2285.56,211273.65
mcht_mkt_01,marketplace,2026-01-08,872122.0,20860.98,28168.83,16235.28,8721.22,798135.69
mcht_mkt_02,marketplace,2026-01-08,1147586.22,85648.65,0.0,23403.04,11475.86,1027058.67
mcht_mkt_03,marketplace,2026-01-08,1076680.19,147469.14,28021.81,20271.04,10766.8,870151.4
mcht_mkt_04,marketplace,2026-01-08,597170.58,54043.47,10108.55,12617.63,5971.71,514429.22
mcht_saas_01,saas_subscription,2026-01-08,101173.5,0.0,44.74,1997.7,1011.74,98119.32
mcht_saas_02,saas_subscription,2026-01-08,178016.2,576.69,0.0,3559.33,1780.16,172100.02
mcht_saas_03,saas_subscription,2026-01-08,333107.55,752.98,231.1,6516.86,3331.08,322275.53
mcht_saas_04,saas_subscription,2026-01-08,141982.29,845.46,152.14,3083.79,1419.82,136481.08
mcht_d2c_01,d2c_ecommerce,2026-01-09,140143.49,16227.64,454.13,2725.58,1401.43,119334.71
mcht_d2c_02,d2c_ecommerce,2026-01-09,235517.24,0.0,720.54,4558.8,2355.17,227882.73
mcht_d2c_03,d2c_ecommerce,2026-01-09,311494.55,43078.95,1688.95,6546.86,3114.95,257064.84
mcht_d2c_04,d2c_ecommerce,2026-01-09,112083.52,10127.49,471.64,2268.19,1120.84,98095.36
mcht_food_01,food_delivery,2026-01-09,104601.66,8158.52,0.0,2169.23,1046.02,93227.89
mcht_food_02,food_delivery,2026-01-09,194009.15,6272.34,0.0,3732.27,1940.09,182064.45
mcht_food_03,food_delivery,2026-01-09,264423.64,11677.92,0.0,5484.17,2644.24,244617.31
mcht_mkt_01,marketplace,2026-01-09,472922.77,33050.04,0.0,8535.62,4729.23,426607.88
mcht_mkt_02,marketplace,2026-01-09,733436.76,0.0,0.0,15049.73,7334.37,711052.66
mcht_mkt_03,marketplace,2026-01-09,852471.44,71826.29,0.0,16596.5,8524.71,755523.94
mcht_mkt_04,marketplace,2026-01-09,470936.86,0.0,11034.62,8880.55,4709.37,446312.32
mcht_saas_01,saas_subscription,2026-01-09,96380.95,595.17,37.8,2033.49,963.81,92750.68
mcht_saas_02,saas_subscription,2026-01-09,184084.18,1118.41,158.98,3338.46,1840.84,177627.49
mcht_saas_03,saas_subscription,2026-01-09,318066.91,1007.15,233.53,6493.48,3180.67,307152.08
mcht_saas_04,saas_subscription,2026-01-09,138942.59,0.0,55.1,2541.52,1389.43,134956.54
mcht_d2c_01,d2c_ecommerce,2026-01-10,149774.77,27720.15,912.29,2732.26,1497.75,116912.32
mcht_d2c_02,d2c_ecommerce,2026-01-10,235572.29,0.0,0.0,4301.64,2355.72,228914.93
mcht_d2c_03,d2c_ecommerce,2026-01-10,403363.31,198376.81,0.0,8095.9,4033.63,192856.97
mcht_d2c_04,d2c_ecommerce,2026-01-10,129642.55,0.0,1087.5,2428.58,1296.43,124830.04
mcht_food_01,food_delivery,2026-01-10,154820.64,6585.78,281.54,2878.87,1548.21,143526.24
mcht_food_02,food_delivery,2026-01-10,239086.29,26510.47,1969.7,5163.49,2390.86,203051.77
mcht_food_03,food_delivery,2026-01-10,332474.9,16624.29,0.0,7219.21,3324.75,305306.65
mcht_mkt_01,marketplace,2026-01-10,535514.08,25370.2,13791.47,10029.0,5355.14,480968.27
mcht_mkt_02,marketplace,2026-01-10,505635.56,29812.11,0.0,10543.66,5056.36,460223.43
mcht_mkt_03,marketplace,2026-01-10,1210614.09,0.0,44707.27,26586.71,12106.14,1127213.97
mcht_mkt_04,marketplace,2026-01-10,496541.0,25170.45,0.0,10820.12,4965.41,455585.02
mcht_saas_01,saas_subscription,2026-01-10,91606.67,0.0,67.73,1661.69,916.07,88961.18
mcht_saas_02,saas_subscription,2026-01-10,186293.74,0.0,157.24,3862.25,1862.94,180411.31
mcht_saas_03,saas_subscription,2026-01-10,308470.47,2107.01,0.0,5823.79,3084.7,297454.97
mcht_saas_04,saas_subscription,2026-01-10,137476.21,522.22,131.43,2514.81,1374.76,132932.99
mcht_d2c_01,d2c_ecommerce,2026-01-11,171250.24,21014.87,971.76,3088.3,1712.5,144462.81
mcht_d2c_02,d2c_ecommerce,2026-01-11,279075.16,42895.43,3276.59,5318.67,2790.75,224793.72
mcht_d2c_03,d2c_ecommerce,2026-01-11,449179.43,0.0,0.0,8404.23,4491.79,436283.41
mcht_d2c_04,d2c_ecommerce,2026-01-11,125316.91,34638.01,0.0,2409.31,1253.17,87016.42
mcht_food_01,food_delivery,2026-01-11,195305.94,0.0,0.0,3921.27,1953.06,189431.61
mcht_food_02,food_delivery,2026-01-11,361081.02,0.0,0.0,6833.11,3610.81,350637.1
mcht_food_03,food_delivery,2026-01-11,448277.45,20489.95,1359.9,8359.18,4482.77,413585.65
mcht_mkt_01,marketplace,2026-01-11,485954.11,0.0,8155.96,9116.04,4859.54,463822.57
mcht_mkt_02,marketplace,2026-01-11,546764.92,0.0,7474.6,11051.62,5467.65,522771.05
mcht_mkt_03,marketplace,2026-01-11,1078200.04,76058.71,0.0,23344.4,10782.0,968014.93
mcht_mkt_04,marketplace,2026-01-11,463510.39,0.0,7695.9,9293.47,4635.1,441885.92
mcht_saas_01,saas_subscription,2026-01-11,90145.75,929.27,35.55,1857.82,901.46,86421.65
mcht_saas_02,saas_subscription,2026-01-11,171033.22,900.96,134.4,3728.86,1710.33,164558.67
mcht_saas_03,saas_subscription,2026-01-11,307205.2,0.0,0.0,6518.02,3072.05,297615.13
mcht_saas_04,saas_subscription,2026-01-11,139638.3,0.0,121.2,2765.5,1396.38,135355.22
mcht_d2c_01,d2c_ecommerce,2026-01-12,238753.11,0.0,0.0,4388.15,2387.53,231977.43
mcht_d2c_02,d2c_ecommerce,2026-01-12,334891.47,34673.78,622.81,7354.52,3348.91,288891.45
mcht_d2c_03,d2c_ecommerce,2026-01-12,568455.48,0.0,1850.8,11512.52,5684.55,549407.61
mcht_d2c_04,d2c_ecommerce,2026-01-12,165496.81,0.0,316.83,3601.3,1654.97,159923.71
mcht_food_01,food_delivery,2026-01-12,182966.39,10064.14,405.59,3394.96,1829.66,167272.04
mcht_food_02,food_delivery,2026-01-12,330121.84,19674.92,520.78,6863.23,3301.22,299761.69
mcht_food_03,food_delivery,2026-01-12,454825.94,0.0,0.0,9024.37,4548.26,441253.31
mcht_mkt_01,marketplace,2026-01-12,715621.69,40325.75,0.0,13103.01,7156.22,655036.71
mcht_mkt_02,marketplace,2026-01-12,820605.41,48951.65,9594.65,17644.18,8206.05,736208.88
mcht_mkt_03,marketplace,2026-01-12,1607418.39,27657.67,59755.85,29151.94,16074.18,1474778.75
mcht_mkt_04,marketplace,2026-01-12,490946.21,12887.99,20277.42,10374.96,4909.46,442496.38
mcht_saas_01,saas_subscription,2026-01-12,86075.46,298.72,0.0,1832.76,860.75,83083.23
mcht_saas_02,saas_subscription,2026-01-12,168976.78,0.0,54.99,3602.01,1689.77,163630.01
mcht_saas_03,saas_subscription,2026-01-12,265200.68,802.49,0.0,5237.75,2652.01,256508.43
mcht_saas_04,saas_subscription,2026-01-12,129584.15,336.94,70.43,2459.56,1295.84,125421.38
mcht_d2c_01,d2c_ecommerce,2026-01-13,262827.13,40538.06,0.0,4834.35,2628.27,214826.45
mcht_d2c_02,d2c_ecommerce,2026-01-13,392650.97,0.0,3166.78,7137.77,3926.51,378419.91
mcht_d2c_03,d2c_ecommerce,2026-01-13,683680.97,55151.06,0.0,14899.65,6836.81,606793.45
mcht_d2c_04,d2c_ecommerce,2026-01-13,184728.07,0.0,0.0,3966.69,1847.28,178914.1
mcht_food_01,food_delivery,2026-01-13,94088.58,0.0,1469.8,1930.4,940.89,89747.49
mcht_food_02,food_delivery,2026-01-13,146465.43,6913.62,1059.48,2721.4,1464.65,134306.28
mcht_food_03,food_delivery,2026-01-13,205875.66,14104.43,0.0,3873.89,2058.76,185838.58
mcht_mkt_01,marketplace,2026-01-13,743588.52,121581.8,5896.9,15965.56,7435.89,592708.37
mcht_mkt_02,marketplace,2026-01-13,548724.45,0.0,15693.5,11764.02,5487.24,515779.69
mcht_mkt_03,marketplace,2026-01-13,1479055.55,87681.98,27417.94,29760.56,14790.56,1319404.51
mcht_mkt_04,marketplace,2026-01-13,515226.29,60030.49,5890.83,10978.98,5152.26,433173.73
mcht_saas_01,saas_subscription,2026-01-13,86690.2,366.27,42.52,1618.68,866.9,83795.83
mcht_saas_02,saas_subscription,2026-01-13,157845.82,932.27,0.0,3016.24,1578.46,152318.85
mcht_saas_03,saas_subscription,2026-01-13,281361.24,1908.5,117.98,5859.34,2813.61,270661.81
mcht_saas_04,saas_subscription,2026-01-13,126692.88,1333.84,0.0,2768.34,1266.93,121323.77
mcht_d2c_01,d2c_ecommerce,2026-01-14,153377.75,25103.12,449.51,3135.59,1533.78,123155.75
mcht_d2c_02,d2c_ecommerce,2026-01-14,208795.29,39586.45,2093.75,4475.71,2087.95,160551.43
mcht_d2c_03,d2c_ecommerce,2026-01-14,314914.56,111359.9,1577.11,6557.17,3149.15,192271.23
mcht_d2c_04,d2c_ecommerce,2026-01-14,95859.43,0.0,545.72,1764.5,958.59,92590.62
mcht_food_01,food_delivery,2026-01-14,86438.92,6384.44,288.27,1842.96,864.39,77058.86
mcht_food_02,food_delivery,2026-01-14,157156.32,0.0,0.0,3303.53,1571.56,152281.23
mcht_food_03,food_delivery,2026-01-14,208244.92,8613.85,1378.0,4147.23,2082.45,192023.39
mcht_mkt_01,marketplace,2026-01-14,761656.85,0.0,0.0,16086.19,7616.57,737954.09
mcht_mkt_02,marketplace,2026-01-14,1055644.56,74566.36,23993.43,20869.07,10556.45,925659.25
mcht_mkt_03,marketplace,2026-01-14,569435.5,0.0,72194.38,10398.83,5694.36,481147.93
mcht_mkt_04,marketplace,2026-01-14,255691.63,0.0,24483.69,5092.17,2556.92,223558.85
mcht_saas_01,saas_subscription,2026-01-14,102055.37,0.0,76.21,1896.95,1020.55,99061.66
mcht_saas_02,saas_subscription,2026-01-14,188976.51,553.04,0.0,3441.89,1889.77,183091.81
mcht_saas_03,saas_subscription,2026-01-14,330647.21,0.0,113.9,6059.36,3306.47,321167.48
mcht_saas_04,saas_subscription,2026-01-14,144664.78,411.52,0.0,3131.12,1446.65,139675.49
mcht_d2c_01,d2c_ecommerce,2026-01-15,128357.72,30834.09,808.52,2580.43,1283.58,92851.1
mcht_d2c_02,d2c_ecommerce,2026-01-15,258154.57,0.0,0.0,4726.76,2581.55,250846.26
mcht_d2c_03,d2c_ecommerce,2026-01-15,397672.49,33740.63,1445.14,7633.41,3976.72,350876.59
mcht_d2c_04,d2c_ecommerce,2026-01-15,121521.59,32536.68,319.68,2308.69,1215.22,85141.32
mcht_food_01,food_delivery,2026-01-15,87823.97,3598.79,258.44,1587.86,878.24,81500.64
mcht_food_02,food_delivery,2026-01-15,180485.38,6568.35,0.0,3409.94,1804.85,168702.24
mcht_food_03,food_delivery,2026-01-15,247075.98,10754.29,450.77,5229.29,2470.76,228170.87
mcht_mkt_01,marketplace,2026-01-15,587351.35,39401.32,13510.74,11170.2,5873.51,517395.58
mcht_mkt_02,marketplace,2026-01-15,849287.02,157755.98,0.0,15859.71,8492.87,667178.46
mcht_mkt_03,marketplace,2026-01-15,1477047.59,57828.7,0.0,32045.46,14770.48,1372402.95
mcht_mkt_04,marketplace,2026-01-15,359813.43,13948.75,0.0,7543.66,3598.13,334722.89
mcht_saas_01,saas_subscription,2026-01-15,100710.16,606.85,68.65,2159.55,1007.1,96868.01
mcht_saas_02,saas_subscription,2026-01-15,194943.91,560.52,72.41,4242.25,1949.44,188119.29
mcht_saas_03,saas_subscription,2026-01-15,321942.97,0.0,218.64,6400.18,3219.43,312104.72
mcht_saas_04,saas_subscription,2026-01-15,143717.98,0.0,58.95,2819.6,1437.18,139402.25
mcht_d2c_01,d2c_ecommerce,2026-01-16,161623.5,12524.96,717.31,3203.68,1616.24,143561.31
mcht_d2c_02,d2c_ecommerce,2026-01-16,205985.72,35203.0,796.76,4143.61,2059.86,163782.49
mcht_d2c_03,d2c_ecommerce,2026-01-16,478103.31,0.0,1051.54,9965.34,4781.03,462305.4
mcht_d2c_04,d2c_ecommerce,2026-01-16,117315.42,29148.82,0.0,2390.66,1173.15,84602.79
mcht_food_01,food_delivery,2026-01-16,98175.03,0.0,0.0,1946.59,981.75,95246.69
mcht_food_02,food_delivery,2026-01-16,216138.25,16730.12,433.03,4404.09,2161.38,192409.63
mcht_food_03,food_delivery,2026-01-16,269496.07,0.0,0.0,5761.75,2694.96,261039.36
mcht_mkt_01,marketplace,2026-01-16,359833.59,41839.23,12951.09,7604.37,3598.34,293840.56
mcht_mkt_02,marketplace,2026-01-16,904990.34,71208.44,27884.43,18377.3,9049.9,778470.27
mcht_mkt_03,marketplace,2026-01-16,1040730.75,0.0,0.0,20571.27,10407.31,1009752.17
mcht_mkt_04,marketplace,2026-01-16,276883.57,28429.29,21208.83,5387.82,2768.84,219088.79
mcht_saas_01,saas_subscription,2026-01-16,95740.78,0.0,0.0,2038.56,957.41,92744.81
mcht_saas_02,saas_subscription,2026-01-16,180810.82,721.27,0.0,3932.32,1808.11,174349.12
mcht_saas_03,saas_subscription,2026-01-16,322455.36,1868.02,0.0,5840.59,3224.55,311522.2
mcht_saas_04,saas_subscription,2026-01-16,145148.09,0.0,0.0,2873.2,1451.48,140823.41
mcht_d2c_01,d2c_ecommerce,2026-01-17,167843.94,0.0,1390.9,3485.73,1678.44,161288.87
mcht_d2c_02,d2c_ecommerce,2026-01-17,254418.43,22031.56,0.0,5039.64,2544.18,224803.05
mcht_d2c_03,d2c_ecommerce,2026-01-17,449413.09,129213.15,5951.82,8597.46,4494.13,301156.53
mcht_d2c_04,d2c_ecommerce,2026-01-17,97868.92,25295.84,0.0,1785.66,978.69,69808.73
mcht_food_01,food_delivery,2026-01-17,148172.32,5361.77,324.99,2959.12,1481.72,138044.72
mcht_food_02,food_delivery,2026-01-17,255859.38,14266.33,886.65,5182.94,2558.59,232964.87
mcht_food_03,food_delivery,2026-01-17,367525.06,13332.58,2017.05,6621.57,3675.25,341878.61
mcht_mkt_01,marketplace,2026-01-17,857162.57,24961.24,0.0,16876.38,8571.63,806753.32
mcht_mkt_02,marketplace,2026-01-17,952869.91,92566.78,0.0,19517.59,9528.7,831256.84
mcht_mkt_03,marketplace,2026-01-17,1186928.91,229404.39,0.0,23351.34,11869.29,922303.89
mcht_mkt_04,marketplace,2026-01-17,593990.02,30142.17,13410.79,12618.55,5939.9,531878.61
mcht_saas_01,saas_subscription,2026-01-17,95421.72,451.3,35.94,1923.3,954.22,92056.96
mcht_saas_02,saas_subscription,2026-01-17,182329.55,437.99,0.0,3670.23,1823.3,176398.03
mcht_saas_03,saas_subscription,2026-01-17,309351.01,690.33,0.0,6404.69,3093.51,299162.48
mcht_saas_04,saas_subscription,2026-01-17,142332.21,414.38,105.99,2775.54,1423.32,137612.98
mcht_d2c_01,d2c_ecommerce,2026-01-18,163310.8,12882.11,1017.19,2950.59,1633.11,144827.8
mcht_d2c_02,d2c_ecommerce,2026-01-18,267035.72,81018.04,1285.48,5801.68,2670.36,176260.16
mcht_d2c_03,d2c_ecommerce,2026-01-18,457606.91,28648.85,3401.0,9230.28,4576.07,411750.71
mcht_d2c_04,d2c_ecommerce,2026-01-18,141686.29,0.0,578.61,2862.11,1416.86,136828.71
mcht_food_01,food_delivery,2026-01-18,204869.04,8150.86,657.77,4277.87,2048.69,189733.85
mcht_food_02,food_delivery,2026-01-18,400354.26,0.0,0.0,7532.29,4003.54,388818.43
mcht_food_03,food_delivery,2026-01-18,424118.0,16046.86,888.3,8294.91,4241.18,394646.75
mcht_mkt_01,marketplace,2026-01-18,655864.92,0.0,18676.33,13840.11,6558.65,616789.83
mcht_mkt_02,marketplace,2026-01-18,990158.91,0.0,0.0,19895.78,9901.59,960361.54
mcht_mkt_03,marketplace,2026-01-18,1229194.92,0.0,0.0,23467.52,12291.95,1193435.45
mcht_mkt_04,marketplace,2026-01-18,651028.13,38297.7,0.0,13864.04,6510.28,592356.11
mcht_saas_01,saas_subscription,2026-01-18,94730.79,236.17,0.0,2015.57,947.31,91531.74
mcht_saas_02,saas_subscription,2026-01-18,167157.68,0.0,213.08,3438.31,1671.58,161834.71
mcht_saas_03,saas_subscription,2026-01-18,294100.94,880.02,246.56,5698.16,2941.01,284335.19
mcht_saas_04,saas_subscription,2026-01-18,134416.48,1082.9,0.0,2439.86,1344.16,129549.56
mcht_d2c_01,d2c_ecommerce,2026-01-19,258911.26,22119.79,567.37,4941.05,2589.11,228693.94
mcht_d2c_02,d2c_ecommerce,2026-01-19,342394.45,24488.36,1144.89,6435.71,3423.94,306901.55
mcht_d2c_03,d2c_ecommerce,2026-01-19,531103.19,0.0,0.0,10678.56,5311.03,515113.6
mcht_d2c_04,d2c_ecommerce,2026-01-19,150707.27,17451.21,0.0,3065.08,1507.07,128683.91
mcht_food_01,food_delivery,2026-01-19,173281.23,6250.0,241.17,3170.85,1732.81,161886.4
mcht_food_02,food_delivery,2026-01-19,361011.0,17068.63,849.48,7207.81,3610.11,332274.97
mcht_food_03,food_delivery,2026-01-19,412929.66,25280.15,2513.73,9074.66,4129.3,371931.82
mcht_mkt_01,marketplace,2026-01-19,448452.06,76546.47,7982.18,8651.55,4484.52,350787.34
mcht_mkt_02,marketplace,2026-01-19,1042575.15,61874.53,28841.01,22480.33,10425.75,918953.53
mcht_mkt_03,marketplace,2026-01-19,1607043.6,52536.37,0.0,32583.25,16070.44,1505853.54
mcht_mkt_04,marketplace,2026-01-19,132854.4,0.0,12798.92,2692.27,1328.54,116034.67
mcht_saas_01,saas_subscription,2026-01-19,87584.74,318.73,0.0,1609.02,875.85,84781.14
mcht_saas_02,saas_subscription,2026-01-19,176129.05,537.43,140.01,3496.23,1761.29,170194.09
mcht_saas_03,saas_subscription,2026-01-19,287158.54,2009.62,101.95,6259.2,2871.59,275916.18
mcht_saas_04,saas_subscription,2026-01-19,130789.36,0.0,0.0,2507.41,1307.89,126974.06
mcht_d2c_01,d2c_ecommerce,2026-01-20,223191.87,18845.81,0.0,4711.48,2231.92,197402.66
mcht_d2c_02,d2c_ecommerce,2026-01-20,364504.24,56727.02,0.0,6823.06,3645.04,297309.12
mcht_d2c_03,d2c_ecommerce,2026-01-20,494970.81,0.0,0.0,9399.28,4949.71,480621.82
mcht_d2c_04,d2c_ecommerce,2026-01-20,191037.89,0.0,661.04,3661.03,1910.38,184805.44
mcht_food_01,food_delivery,2026-01-20,76851.81,3054.55,0.0,1508.15,768.52,71520.59
mcht_food_02,food_delivery,2026-01-20,172588.09,0.0,0.0,3713.58,1725.88,167148.63
mcht_food_03,food_delivery,2026-01-20,220192.71,0.0,703.61,4482.52,2201.93,212804.65
mcht_mkt_01,marketplace,2026-01-20,787200.39,38493.37,18673.9,15947.59,7872.0,706213.53
mcht_mkt_02,marketplace,2026-01-20,823739.4,0.0,0.0,15133.81,8237.39,800368.2
mcht_mkt_03,marketplace,2026-01-20,1570220.92,30442.9,59959.85,29174.7,15702.21,1434941.26
mcht_mkt_04,marketplace,2026-01-20,671131.23,67249.67,8008.03,12665.99,6711.31,576496.23
mcht_saas_01,saas_subscription,2026-01-20,86593.52,0.0,0.0,1695.32,865.94,84032.26
mcht_saas_02,saas_subscription,2026-01-20,164733.63,1636.6,65.36,3241.8,1647.34,158142.53
mcht_saas_03,saas_subscription,2026-01-20,279527.74,0.0,124.65,5393.91,2795.28,271213.9
mcht_saas_04,saas_subscription,2026-01-20,133757.54,468.92,48.18,2473.27,1337.58,129429.59
mcht_d2c_01,d2c_ecommerce,2026-01-21,118962.64,13076.32,871.47,2574.34,1189.63,101250.88
mcht_d2c_02,d2c_ecommerce,2026-01-21,204249.6,67128.74,1198.45,4288.19,2042.5,129591.72
mcht_d2c_03,d2c_ecommerce,2026-01-21,344466.34,0.0,3798.34,6679.73,3444.66,330543.61
mcht_d2c_04,d2c_ecommerce,2026-01-21,106990.56,12201.5,1445.29,2051.28,1069.91,90222.58
mcht_food_01,food_delivery,2026-01-21,90149.91,6886.01,208.9,1905.94,901.5,80247.56
mcht_food_02,food_delivery,2026-01-21,183976.31,12598.76,386.99,3812.38,1839.76,165338.42
mcht_food_03,food_delivery,2026-01-21,209783.39,14378.06,0.0,4024.65,2097.83,189282.85
mcht_mkt_01,marketplace,2026-01-21,465344.65,17447.07,9910.74,9086.53,4653.45,424246.86
mcht_mkt_02,marketplace,2026-01-21,1017786.0,0.0,26166.71,19490.27,10177.86,961951.16
mcht_mkt_03,marketplace,2026-01-21,944022.25,89267.57,13020.44,20009.33,9440.22,812284.69
mcht_mkt_04,marketplace,2026-01-21,477287.49,76492.78,15446.6,10443.48,4772.87,370131.76
mcht_saas_01,saas_subscription,2026-01-21,99766.03,521.24,207.84,2090.22,997.66,95949.07
mcht_saas_02,saas_subscription,2026-01-21,191615.81,0.0,0.0,3540.64,1916.16,186159.01
mcht_saas_03,saas_subscription,2026-01-21,332767.46,0.0,115.31,6740.28,3327.67,322584.2
mcht_saas_04,saas_subscription,2026-01-21,149726.19,384.76,62.96,2756.38,1497.26,145024.83
mcht_d2c_01,d2c_ecommerce,2026-01-22,468752.27,0.0,1491.5,9259.43,4687.52,453313.82
mcht_d2c_02,d2c_ecommerce,2026-01-22,473530.28,36845.77,1563.39,9898.15,4735.3,420487.67
mcht_d2c_03,d2c_ecommerce,2026-01-22,1057455.38,0.0,3001.84,23019.46,10574.55,1020859.53
mcht_d2c_04,d2c_ecommerce,2026-01-22,419762.22,0.0,843.0,7940.36,4197.62,406781.24
mcht_food_01,food_delivery,2026-01-22,111369.24,4406.21,0.0,2241.7,1113.69,103607.64
mcht_food_02,food_delivery,2026-01-22,204635.38,5966.53,0.0,4495.97,2046.35,192126.53
mcht_food_03,food_delivery,2026-01-22,223977.55,0.0,0.0,4380.1,2239.78,217357.67
mcht_mkt_01,marketplace,2026-01-22,845309.97,85604.28,20476.46,15850.16,8453.1,714925.97
mcht_mkt_02,marketplace,2026-01-22,1072080.93,80573.65,39555.92,23010.24,10720.81,918220.31
mcht_mkt_03,marketplace,2026-01-22,1263842.49,93881.28,33956.18,25232.41,12638.42,1098134.2
mcht_mkt_04,marketplace,2026-01-22,637672.28,0.0,18782.72,13893.55,6376.72,598619.29
mcht_saas_01,saas_subscription,2026-01-22,97795.65,0.0,73.17,1861.03,977.96,94883.49
mcht_saas_02,saas_subscription,2026-01-22,190216.78,598.3,219.0,3497.52,1902.17,183999.79
mcht_saas_03,saas_subscription,2026-01-22,323861.68,973.13,130.48,6162.94,3238.62,313356.51
mcht_saas_04,saas_subscription,2026-01-22,142774.02,448.15,130.59,2890.24,1427.74,137877.3
mcht_d2c_01,d2c_ecommerce,2026-01-23,477367.19,0.0,713.42,8748.2,4773.67,463131.9
mcht_d2c_02,d2c_ecommerce,2026-01-23,463734.78,0.0,2016.33,9644.17,4637.35,447436.93
mcht_d2c_03,d2c_ecommerce,2026-01-23,1100176.14,0.0,0.0,20905.98,11001.76,1068268.4
mcht_d2c_04,d2c_ecommerce,2026-01-23,407174.83,12576.86,720.63,8853.08,4071.75,380952.51
mcht_food_01,food_delivery,2026-01-23,103759.91,4775.15,0.0,2178.89,1037.6,95768.27
mcht_food_02,food_delivery,2026-01-23,178257.59,0.0,912.66,3768.05,1782.58,171794.3
mcht_food_03,food_delivery,2026-01-23,255939.99,19955.32,1825.88,4937.15,2559.4,226662.24
mcht_mkt_01,marketplace,2026-01-23,735347.09,0.0,0.0,14958.82,7353.47,713034.8
mcht_mkt_02,marketplace,2026-01-23,190321.96,49589.56,30746.5,4140.96,1903.22,103941.72
mcht_mkt_03,marketplace,2026-01-23,945546.36,68012.51,43198.65,19162.3,9455.46,805717.44
mcht_mkt_04,marketplace,2026-01-23,479702.29,26703.57,0.0,9823.96,4797.02,438377.74
mcht_saas_01,saas_subscription,2026-01-23,95864.27,299.15,41.65,2014.04,958.64,92550.79
mcht_saas_02,saas_subscription,2026-01-23,176352.4,0.0,0.0,3338.51,1763.52,171250.37
mcht_saas_03,saas_subscription,2026-01-23,325402.16,829.38,123.82,6664.38,3254.02,314530.56
mcht_saas_04,saas_subscription,2026-01-23,142105.23,447.66,177.86,2614.03,1421.05,137444.63
mcht_d2c_01,d2c_ecommerce,2026-01-24,473906.35,0.0,0.0,10044.4,4739.06,459122.89
mcht_d2c_02,d2c_ecommerce,2026-01-24,831172.33,0.0,1222.57,15047.97,8311.72,806590.07
mcht_d2c_03,d2c_ecommerce,2026-01-24,1200870.55,89688.12,1220.79,25463.39,12008.71,1072489.54
mcht_d2c_04,d2c_ecommerce,2026-01-24,335442.22,0.0,448.91,6559.74,3354.42,325079.15
mcht_food_01,food_delivery,2026-01-24,132402.47,5376.1,1094.51,2576.03,1324.02,122031.81
mcht_food_02,food_delivery,2026-01-24,264143.78,10562.3,0.0,5434.45,2641.44,245505.59
mcht_food_03,food_delivery,2026-01-24,336117.32,16224.24,661.95,6651.89,3361.17,309218.07
mcht_mkt_01,marketplace,2026-01-24,373998.57,35112.48,0.0,7855.21,3739.99,327290.89
mcht_mkt_02,marketplace,2026-01-24,1095613.14,81499.31,0.0,21587.63,10956.13,981570.07
mcht_mkt_03,marketplace,2026-01-24,541702.3,67948.9,43966.12,11572.5,5417.02,412797.76
mcht_mkt_04,marketplace,2026-01-24,640762.33,23423.1,41828.38,14055.46,6407.62,555047.77
mcht_saas_01,saas_subscription,2026-01-24,91819.07,277.26,0.0,1837.92,918.19,88785.7
mcht_saas_02,saas_subscription,2026-01-24,185959.95,1086.27,86.03,3969.61,1859.6,178958.44
mcht_saas_03,saas_subscription,2026-01-24,300573.22,815.16,0.0,5971.84,3005.73,290780.49
mcht_saas_04,saas_subscription,2026-01-24,140361.33,357.12,176.55,2584.29,1403.61,135839.76
mcht_d2c_01,d2c_ecommerce,2026-01-25,553231.35,19537.12,1180.95,11916.98,5532.31,515063.99
mcht_d2c_02,d2c_ecommerce,2026-01-25,946046.47,0.0,0.0,18012.57,9460.46,918573.44
mcht_d2c_03,d2c_ecommerce,2026-01-25,1407509.41,202191.81,1225.12,29092.49,14075.09,1160924.9
mcht_d2c_04,d2c_ecommerce,2026-01-25,337529.88,10494.67,0.0,6865.72,3375.3,316794.19
mcht_food_01,food_delivery,2026-01-25,178749.18,0.0,761.82,3875.34,1787.49,172324.53
mcht_food_02,food_delivery,2026-01-25,393814.38,29075.82,769.06,7975.85,3938.14,352055.51
mcht_food_03,food_delivery,2026-01-25,478081.75,15224.54,2373.08,9455.48,4780.82,446247.83
mcht_mkt_01,marketplace,2026-01-25,610636.54,70251.9,11568.38,12830.96,6106.37,509878.93
mcht_mkt_02,marketplace,2026-01-25,923376.5,54454.41,16870.96,17332.31,9233.76,825485.06
mcht_mkt_03,marketplace,2026-01-25,1098654.14,62310.03,44123.25,20589.43,10986.54,960644.89
mcht_mkt_04,marketplace,2026-01-25,454271.95,0.0,24256.53,9090.52,4542.72,416382.18
mcht_saas_01,saas_subscription,2026-01-25,94369.44,284.55,0.0,1981.86,943.69,91159.34
mcht_saas_02,saas_subscription,2026-01-25,174799.77,823.54,146.02,3248.36,1748.0,168833.85
mcht_saas_03,saas_subscription,2026-01-25,305294.58,2695.99,109.54,5947.91,3052.95,293488.19
mcht_saas_04,saas_subscription,2026-01-25,136619.27,0.0,0.0,2721.74,1366.19,132531.34
mcht_d2c_01,d2c_ecommerce,2026-01-26,676014.71,24270.34,1030.86,13286.83,6760.15,630666.53
mcht_d2c_02,d2c_ecommerce,2026-01-26,1329720.77,0.0,872.77,28402.28,13297.21,1287148.51
mcht_d2c_03,d2c_ecommerce,2026-01-26,1981479.47,282861.07,0.0,39888.21,19814.79,1638915.4
mcht_d2c_04,d2c_ecommerce,2026-01-26,525864.44,60546.44,1202.46,10099.91,5258.64,448756.99
mcht_food_01,food_delivery,2026-01-26,178689.19,10884.99,0.0,3271.69,1786.89,162745.62
mcht_food_02,food_delivery,2026-01-26,368848.92,0.0,1537.16,8022.36,3688.49,355600.91
mcht_food_03,food_delivery,2026-01-26,436787.39,6928.92,0.0,8747.74,4367.87,416742.86
mcht_mkt_01,marketplace,2026-01-26,656658.1,0.0,10912.87,12755.69,6566.58,626422.96
mcht_mkt_02,marketplace,2026-01-26,1061147.53,0.0,38623.41,20884.78,10611.48,991027.86
mcht_mkt_03,marketplace,2026-01-26,1847158.33,0.0,45561.05,34543.21,18471.58,1748582.49
mcht_mkt_04,marketplace,2026-01-26,244812.55,45738.5,0.0,4774.32,2448.13,191851.6
mcht_saas_01,saas_subscription,2026-01-26,87188.79,0.0,83.94,1731.46,871.89,84501.5
mcht_saas_02,saas_subscription,2026-01-26,166443.49,0.0,80.97,3146.91,1664.43,161551.18
mcht_saas_03,saas_subscription,2026-01-26,298712.83,1140.08,0.0,5620.21,2987.13,288965.41
mcht_saas_04,saas_subscription,2026-01-26,130085.69,715.1,45.66,2571.68,1300.86,125452.39
mcht_d2c_01,d2c_ecommerce,2026-01-27,751589.98,55093.54,0.0,14260.23,7515.9,674720.31
mcht_d2c_02,d2c_ecommerce,2026-01-27,1054442.99,100235.31,1385.06,21514.26,10544.43,920763.93
mcht_d2c_03,d2c_ecommerce,2026-01-27,1559080.07,0.0,1645.95,28921.03,15590.8,1512922.29
mcht_d2c_04,d2c_ecommerce,2026-01-27,476330.27,48510.06,0.0,9912.75,4763.3,413144.16
mcht_food_01,food_delivery,2026-01-27,88410.65,0.0,0.0,1623.63,884.11,85902.91
mcht_food_02,food_delivery,2026-01-27,141549.63,10249.54,563.11,2846.29,1415.5,126475.19
mcht_food_03,food_delivery,2026-01-27,187565.6,7260.17,2194.36,3724.68,1875.66,172510.73
mcht_mkt_01,marketplace,2026-01-27,993325.73,0.0,19839.09,19940.86,9933.26,943612.52
mcht_mkt_02,marketplace,2026-01-27,544447.22,69524.21,0.0,10793.48,5444.47,458685.06
mcht_mkt_03,marketplace,2026-01-27,540766.75,110376.21,28594.38,10644.02,5407.67,385744.47
mcht_mkt_04,marketplace,2026-01-27,432077.5,11398.98,0.0,8573.29,4320.77,407784.46
mcht_saas_01,saas_subscription,2026-01-27,85529.91,859.68,74.19,1665.41,855.3,82075.33
mcht_saas_02,saas_subscription,2026-01-27,159769.85,0.0,0.0,3226.47,1597.7,154945.68
mcht_saas_03,saas_subscription,2026-01-27,265449.21,0.0,199.21,4896.5,2654.49,257699.01
mcht_saas_04,saas_subscription,2026-01-27,120907.52,0.0,94.56,2242.9,1209.08,117360.98
mcht_d2c_01,d2c_ecommerce,2026-01-28,434393.81,92362.68,0.0,7895.49,4343.94,329791.7
mcht_d2c_02,d2c_ecommerce,2026-01-28,561625.48,136548.73,1268.07,11462.09,5616.25,406730.34
mcht_d2c_03,d2c_ecommerce,2026-01-28,1034541.64,134630.41,1707.38,19468.3,10345.42,868390.13
mcht_d2c_04,d2c_ecommerce,2026-01-28,409483.44,38886.0,492.66,7536.86,4094.83,358473.09
mcht_food_01,food_delivery,2026-01-28,109989.75,3694.08,664.08,2212.33,1099.9,102319.36
mcht_food_02,food_delivery,2026-01-28,173491.1,0.0,1197.55,3402.28,1734.91,167156.36
mcht_food_03,food_delivery,2026-01-28,238089.47,8759.96,0.0,4777.14,2380.89,222171.48
mcht_mkt_01,marketplace,2026-01-28,428199.58,52435.85,9718.07,9015.79,4282.0,352747.87
mcht_mkt_02,marketplace,2026-01-28,864073.22,0.0,10304.14,17349.1,8640.73,827779.25
mcht_mkt_03,marketplace,2026-01-28,1232436.88,31359.18,65845.13,26059.28,12324.37,1096848.92
mcht_mkt_04,marketplace,2026-01-28,541030.61,0.0,0.0,9837.9,5410.31,525782.4
mcht_saas_01,saas_subscription,2026-01-28,103018.3,315.56,0.0,1944.65,1030.18,99727.91
mcht_saas_02,saas_subscription,2026-01-28,189468.66,1173.72,0.0,3573.48,1894.69,182826.77
mcht_saas_03,saas_subscription,2026-01-28,333368.49,0.0,249.75,6160.49,3333.68,323624.57
mcht_saas_04,saas_subscription,2026-01-28,145762.34,1220.17,107.36,2626.32,1457.62,140350.87
mcht_d2c_01,d2c_ecommerce,2026-01-29,454573.3,72679.18,0.0,9257.08,4545.73,368091.31
mcht_d2c_02,d2c_ecommerce,2026-01-29,638695.13,118942.07,2039.2,12252.51,6386.95,499074.4
mcht_d2c_03,d2c_ecommerce,2026-01-29,1123808.62,99197.44,0.0,21033.1,11238.09,992339.99
mcht_d2c_04,d2c_ecommerce,2026-01-29,348354.3,11907.75,473.74,6370.2,3483.54,326119.07
mcht_food_01,food_delivery,2026-01-29,103183.55,3208.06,224.75,2051.63,1031.84,96667.27
mcht_food_02,food_delivery,2026-01-29,180614.23,6999.64,485.58,3853.94,1806.14,167468.93
mcht_food_03,food_delivery,2026-01-29,272899.91,7214.99,0.0,4942.75,2729.0,258013.17
mcht_mkt_01,marketplace,2026-01-29,849380.23,0.0,44402.73,15474.0,8493.8,781009.7
mcht_mkt_02,marketplace,2026-01-29,648628.3,41433.58,0.0,12387.12,6486.28,588321.32
mcht_mkt_03,marketplace,2026-01-29,1264862.1,59024.12,0.0,23063.73,12648.62,1170125.63
mcht_mkt_04,marketplace,2026-01-29,448317.8,18382.19,12828.07,9054.44,4483.18,403569.92
mcht_saas_01,saas_subscription,2026-01-29,100035.28,278.15,38.81,1884.02,1000.35,96833.95
mcht_saas_02,saas_subscription,2026-01-29,190841.19,1160.84,0.0,3559.73,1908.41,184212.21
mcht_saas_03,saas_subscription,2026-01-29,317115.67,1895.38,150.79,6975.33,3171.16,304923.01
mcht_saas_04,saas_subscription,2026-01-29,144991.19,0.0,0.0,2721.76,1449.91,140819.52
mcht_d2c_01,d2c_ecommerce,2026-01-30,484556.52,96343.37,849.68,10485.55,4845.57,372032.35
mcht_d2c_02,d2c_ecommerce,2026-01-30,700238.88,125465.85,922.98,13333.03,7002.39,553514.63
mcht_d2c_03,d2c_ecommerce,2026-01-30,1169049.06,153722.26,3007.86,23786.85,11690.49,976841.6
mcht_d2c_04,d2c_ecommerce,2026-01-30,401649.76,82635.27,0.0,8425.46,4016.5,306572.53
mcht_food_01,food_delivery,2026-01-30,111657.96,4093.9,181.71,2295.0,1116.58,103970.77
mcht_food_02,food_delivery,2026-01-30,231964.23,9143.82,0.0,5047.77,2319.64,215453.0
mcht_food_03,food_delivery,2026-01-30,223825.0,0.0,1057.05,4077.58,2238.25,216452.12
mcht_mkt_01,marketplace,2026-01-30,501970.92,0.0,14222.78,9179.82,5019.71,473548.61
mcht_mkt_02,marketplace,2026-01-30,1057979.97,95327.94,21618.62,20366.65,10579.8,910086.96
mcht_mkt_03,marketplace,2026-01-30,1205651.19,196578.37,51541.92,25536.51,12056.51,919937.88
mcht_mkt_04,marketplace,2026-01-30,499683.73,0.0,0.0,10325.93,4996.84,484360.96
mcht_saas_01,saas_subscription,2026-01-30,98705.32,0.0,30.38,2073.4,987.05,95614.49
mcht_saas_02,saas_subscription,2026-01-30,184915.57,0.0,73.58,3745.14,1849.16,179247.69
mcht_saas_03,saas_subscription,2026-01-30,312917.88,0.0,124.72,6148.6,3129.18,303515.38
mcht_saas_04,saas_subscription,2026-01-30,142139.19,0.0,54.34,2692.62,1421.39,137970.84
mcht_d2c_01,d2c_ecommerce,2026-01-31,424345.69,0.0,567.08,8788.86,4243.46,410746.29
mcht_d2c_02,d2c_ecommerce,2026-01-31,648352.31,71442.64,0.0,14125.15,6483.52,556301.0
mcht_d2c_03,d2c_ecommerce,2026-01-31,1497195.39,200174.19,4719.68,32778.9,14971.95,1244550.67
mcht_d2c_04,d2c_ecommerce,2026-01-31,367843.55,41530.62,0.0,7690.38,3678.44,314944.11
mcht_food_01,food_delivery,2026-01-31,151735.13,11979.84,216.04,2870.26,1517.35,135151.64
mcht_food_02,food_delivery,2026-01-31,218435.88,17211.52,1341.78,4350.3,2184.36,193347.92
mcht_food_03,food_delivery,2026-01-31,291773.51,9062.7,920.43,5685.08,2917.74,273187.56
mcht_mkt_01,marketplace,2026-01-31,319705.74,54710.89,0.0,6235.83,3197.06,255561.96
mcht_mkt_02,marketplace,2026-01-31,499619.26,63238.09,29476.91,10303.32,4996.19,391604.75
mcht_mkt_03,marketplace,2026-01-31,811631.56,0.0,35102.06,16235.09,8116.32,752178.09
mcht_mkt_04,marketplace,2026-01-31,429379.24,0.0,0.0,7916.93,4293.79,417168.52
mcht_saas_01,saas_subscription,2026-01-31,94738.03,252.25,0.0,1750.35,947.38,91788.05
mcht_saas_02,saas_subscription,2026-01-31,183284.81,1089.01,70.35,3568.99,1832.85,176723.61
mcht_saas_03,saas_subscription,2026-01-31,302146.27,1953.74,0.0,5440.97,3021.46,291730.1
mcht_saas_04,saas_subscription,2026-01-31,137780.54,1222.01,0.0,2921.08,1377.81,132259.64
mcht_d2c_01,d2c_ecommerce,2026-02-01,161571.89,0.0,0.0,3113.33,1615.72,156842.84
mcht_d2c_02,d2c_ecommerce,2026-02-01,317545.06,194302.16,1655.08,6640.19,3175.45,111772.18
mcht_d2c_03,d2c_ecommerce,2026-02-01,470931.24,0.0,0.0,10129.24,4709.31,456092.69
mcht_d2c_04,d2c_ecommerce,2026-02-01,137233.12,72944.28,0.0,2615.66,1372.33,60300.85
mcht_food_01,food_delivery,2026-02-01,212744.41,5881.81,441.82,4021.74,2127.44,200271.6
mcht_food_02,food_delivery,2026-02-01,330328.12,9855.44,0.0,6127.24,3303.28,311042.16
mcht_food_03,food_delivery,2026-02-01,525831.01,35054.36,0.0,11326.28,5258.31,474192.06
mcht_mkt_01,marketplace,2026-02-01,495033.79,45316.7,8002.52,9353.11,4950.34,427411.12
mcht_mkt_02,marketplace,2026-02-01,619263.93,73472.56,31202.27,12686.97,6192.64,495709.49
mcht_mkt_03,marketplace,2026-02-01,619303.71,35235.77,21642.99,12539.08,6193.04,543692.83
mcht_mkt_04,marketplace,2026-02-01,344577.34,59285.14,15159.58,6554.68,3445.77,260132.17
mcht_saas_01,saas_subscription,2026-02-01,91996.55,282.58,84.98,1687.58,919.97,89021.44
mcht_saas_02,saas_subscription,2026-02-01,176356.56,637.86,138.3,3616.13,1763.57,170200.7
mcht_saas_03,saas_subscription,2026-02-01,302357.73,817.38,262.55,6594.94,3023.58,291659.28
mcht_saas_04,saas_subscription,2026-02-01,136519.98,0.0,56.79,2957.26,1365.2,132140.73
mcht_d2c_01,d2c_ecommerce,2026-02-02,179235.37,56964.4,0.0,3687.15,1792.35,116791.47
mcht_d2c_02,d2c_ecommerce,2026-02-02,442701.86,0.0,0.0,8193.29,4427.02,430081.55
mcht_d2c_03,d2c_ecommerce,2026-02-02,499096.11,0.0,0.0,9034.14,4990.96,485071.01
mcht_d2c_04,d2c_ecommerce,2026-02-02,184336.04,36726.83,1429.56,3579.84,1843.36,140756.45
mcht_food_01,food_delivery,2026-02-02,175192.35,3254.5,732.71,3678.42,1751.92,165774.8
mcht_food_02,food_delivery,2026-02-02,274215.27,4914.05,1067.18,5603.18,2742.15,259888.71
mcht_food_03,food_delivery,2026-02-02,508098.6,0.0,1011.39,10753.06,5080.99,491253.16
mcht_mkt_01,marketplace,2026-02-02,525614.24,55176.77,0.0,10248.73,5256.14,454932.6
mcht_mkt_02,marketplace,2026-02-02,1052594.39,0.0,0.0,21734.4,10525.94,1020334.05
mcht_mkt_03,marketplace,2026-02-02,649102.82,0.0,18474.7,13149.23,6491.03,610987.86
mcht_mkt_04,marketplace,2026-02-02,283375.07,29961.38,11281.24,5918.21,2833.75,233380.49
mcht_saas_01,saas_subscription,2026-02-02,88152.79,334.65,0.0,1648.91,881.53,85287.7
mcht_saas_02,saas_subscription,2026-02-02,169805.47,636.09,64.68,3676.09,1698.05,163730.56
mcht_saas_03,saas_subscription,2026-02-02,303163.35,1067.57,0.0,5481.17,3031.63,293582.98
mcht_saas_04,saas_subscription,2026-02-02,130422.44,548.59,0.0,2559.38,1304.22,126010.25
mcht_d2c_01,d2c_ecommerce,2026-02-03,241314.04,54025.87,4081.25,5146.81,2413.14,175646.97
mcht_d2c_02,d2c_ecommerce,2026-02-03,358729.79,80377.63,1814.11,7802.67,3587.3,265148.08
mcht_d2c_03,d2c_ecommerce,2026-02-03,608981.17,279021.38,2544.08,11628.44,6089.81,309697.46
mcht_d2c_04,d2c_ecommerce,2026-02-03,199105.18,43177.11,1194.67,4346.28,1991.05,148396.07
mcht_food_01,food_delivery,2026-02-03,103576.51,0.0,263.74,1985.26,1035.77,100291.74
mcht_food_02,food_delivery,2026-02-03,154079.65,6357.27,1347.87,3230.05,1540.8,141603.66
mcht_food_03,food_delivery,2026-02-03,167090.88,15656.4,0.0,3081.26,1670.91,146682.31
mcht_mkt_01,marketplace,2026-02-03,357552.7,38871.95,24153.51,6570.04,3575.53,284381.67
mcht_mkt_02,marketplace,2026-02-03,739184.3,0.0,68397.16,14420.85,7391.84,648974.45
mcht_mkt_03,marketplace,2026-02-03,1705374.97,0.0,13148.41,31079.9,17053.75,1644092.91
mcht_mkt_04,marketplace,2026-02-03,391129.65,32422.78,13912.9,8281.92,3911.3,332600.75
mcht_saas_01,saas_subscription,2026-02-03,94494.2,301.78,0.0,1767.17,944.94,91480.31
mcht_saas_02,saas_subscription,2026-02-03,185716.12,503.9,84.79,3455.06,1857.16,179815.21
mcht_saas_03,saas_subscription,2026-02-03,312181.83,882.83,0.0,6141.97,3121.82,302035.21
mcht_saas_04,saas_subscription,2026-02-03,149799.91,777.98,56.4,2939.09,1498.0,144528.44
mcht_d2c_01,d2c_ecommerce,2026-02-04,122025.29,52909.04,0.0,2428.71,1220.25,65467.29
mcht_d2c_02,d2c_ecommerce,2026-02-04,210947.61,73705.86,0.0,4288.46,2109.48,130843.81
mcht_d2c_03,d2c_ecommerce,2026-02-04,382456.3,0.0,12334.53,7124.79,3824.56,359172.42
mcht_d2c_04,d2c_ecommerce,2026-02-04,113770.66,0.0,1161.43,2095.35,1137.71,109376.17
mcht_food_01,food_delivery,2026-02-04,92197.23,7699.83,0.0,1927.77,921.97,81647.66
mcht_food_02,food_delivery,2026-02-04,197173.53,0.0,530.95,3843.81,1971.74,190827.03
mcht_food_03,food_delivery,2026-02-04,238936.45,0.0,537.4,4773.79,2389.36,231235.9
mcht_mkt_01,marketplace,2026-02-04,617701.35,24396.04,14234.52,12581.36,6177.01,560312.42
mcht_mkt_02,marketplace,2026-02-04,675641.89,0.0,19122.66,13070.85,6756.42,636691.96
mcht_mkt_03,marketplace,2026-02-04,851441.29,63072.68,0.0,16176.6,8514.41,763677.6
mcht_mkt_04,marketplace,2026-02-04,494800.98,0.0,0.0,10857.65,4948.01,478995.32
mcht_saas_01,saas_subscription,2026-02-04,113136.23,0.0,47.13,2408.95,1131.36,109548.79
mcht_saas_02,saas_subscription,2026-02-04,237364.42,0.0,76.8,5139.83,2373.64,229774.15
mcht_saas_03,saas_subscription,2026-02-04,372171.07,1106.44,103.76,7767.18,3721.71,359471.98
mcht_saas_04,saas_subscription,2026-02-04,173285.28,0.0,213.66,3612.99,1732.85,167725.78
mcht_d2c_01,d2c_ecommerce,2026-02-05,146099.9,27548.46,5698.59,3108.86,1461.0,108282.99
mcht_d2c_02,d2c_ecommerce,2026-02-05,185231.58,0.0,0.0,3581.17,1852.32,179798.09
mcht_d2c_03,d2c_ecommerce,2026-02-05,363921.05,189969.71,0.0,7970.86,3639.21,162341.27
mcht_d2c_04,d2c_ecommerce,2026-02-05,99415.49,11217.36,350.38,1862.31,994.15,84991.29
mcht_food_01,food_delivery,2026-02-05,103352.91,4290.48,645.14,2125.23,1033.53,95258.53
mcht_food_02,food_delivery,2026-02-05,178684.06,5714.61,384.63,3750.85,1786.84,167047.13
mcht_food_03,food_delivery,2026-02-05,279738.36,19988.01,1377.56,5711.8,2797.38,249863.61
mcht_mkt_01,marketplace,2026-02-05,760905.0,26222.37,0.0,15740.81,7609.05,711332.77
mcht_mkt_02,marketplace,2026-02-05,1286021.74,0.0,22133.2,24956.74,12860.22,1226071.58
mcht_mkt_03,marketplace,2026-02-05,1082100.45,48916.05,61721.24,22747.04,10821.0,937895.12
mcht_mkt_04,marketplace,2026-02-05,179634.21,17582.47,0.0,3415.37,1796.34,156840.03
mcht_saas_01,saas_subscription,2026-02-05,95140.88,798.4,70.48,1864.19,951.41,91456.4
mcht_saas_02,saas_subscription,2026-02-05,178981.54,554.6,79.47,3867.78,1789.82,172689.87
mcht_saas_03,saas_subscription,2026-02-05,310647.18,2076.79,112.0,6728.12,3106.47,298623.8
mcht_saas_04,saas_subscription,2026-02-05,147227.06,814.97,57.87,3019.29,1472.27,141862.66
mcht_d2c_01,d2c_ecommerce,2026-02-06,156537.63,70706.73,2784.79,3063.07,1565.38,78417.66
mcht_d2c_02,d2c_ecommerce,2026-02-06,263976.3,0.0,726.46,5170.92,2639.76,255439.16
mcht_d2c_03,d2c_ecommerce,2026-02-06,333959.26,0.0,1483.99,6326.0,3339.59,322809.68
mcht_d2c_04,d2c_ecommerce,2026-02-06,138471.0,15730.69,0.0,2730.67,1384.71,118624.93
mcht_food_01,food_delivery,2026-02-06,117767.52,5392.78,1293.67,2159.07,1177.68,107744.32
mcht_food_02,food_delivery,2026-02-06,200708.6,7932.37,0.0,4039.1,2007.09,186730.04
mcht_food_03,food_delivery,2026-02-06,249320.1,14602.42,546.13,4967.64,2493.2,226710.71
mcht_mkt_01,marketplace,2026-02-06,537251.13,25964.45,0.0,11372.19,5372.51,494541.98
mcht_mkt_02,marketplace,2026-02-06,1113511.98,70938.54,22361.27,24279.8,11135.12,984797.25
mcht_mkt_03,marketplace,2026-02-06,1847524.6,0.0,13332.9,36302.14,18475.25,1779414.31
mcht_mkt_04,marketplace,2026-02-06,309755.03,0.0,0.0,6618.15,3097.55,300039.33
mcht_saas_01,saas_subscription,2026-02-06,94194.27,0.0,0.0,2068.65,941.94,91183.68
mcht_saas_02,saas_subscription,2026-02-06,190082.23,572.82,0.0,4051.86,1900.82,183556.73
mcht_saas_03,saas_subscription,2026-02-06,331493.87,814.16,407.33,6912.16,3314.94,320045.28
mcht_saas_04,saas_subscription,2026-02-06,140634.47,0.0,57.98,2635.01,1406.34,136535.14
mcht_d2c_01,d2c_ecommerce,2026-02-07,167189.38,0.0,1627.81,3242.47,1671.89,160647.21
mcht_d2c_02,d2c_ecommerce,2026-02-07,237174.21,0.0,0.0,4957.32,2371.74,229845.15
mcht_d2c_03,d2c_ecommerce,2026-02-07,479502.5,45722.16,3682.65,9017.17,4795.03,416285.49
mcht_d2c_04,d2c_ecommerce,2026-02-07,118554.31,0.0,0.0,2267.75,1185.54,115101.02
mcht_food_01,food_delivery,2026-02-07,145182.89,8415.44,0.0,3026.27,1451.83,132289.35
mcht_food_02,food_delivery,2026-02-07,261960.56,21373.11,0.0,5031.06,2619.61,232936.78
mcht_food_03,food_delivery,2026-02-07,387424.1,0.0,0.0,8054.65,3874.24,375495.21
mcht_mkt_01,marketplace,2026-02-07,438433.89,0.0,22364.87,9032.66,4384.34,402652.02
mcht_mkt_02,marketplace,2026-02-07,1117558.79,169603.32,0.0,21882.9,11175.59,914896.98
mcht_mkt_03,marketplace,2026-02-07,897389.8,143524.76,27628.32,18165.03,8973.9,699097.79
mcht_mkt_04,marketplace,2026-02-07,158360.28,18097.87,0.0,2959.5,1583.6,135719.31
mcht_saas_01,saas_subscription,2026-02-07,96063.4,0.0,67.44,1781.87,960.63,93253.46
mcht_saas_02,saas_subscription,2026-02-07,186894.25,503.45,69.77,3836.03,1868.94,180616.06
mcht_saas_03,saas_subscription,2026-02-07,305986.89,767.28,87.58,6075.22,3059.87,295996.94
mcht_saas_04,saas_subscription,2026-02-07,142242.62,362.91,39.21,2621.64,1422.43,137796.43
mcht_d2c_01,d2c_ecommerce,2026-02-08,155466.42,0.0,721.44,3160.94,1554.66,150029.38
mcht_d2c_02,d2c_ecommerce,2026-02-08,260249.99,57759.3,4618.1,5076.2,2602.5,190193.89
mcht_d2c_03,d2c_ecommerce,2026-02-08,405158.02,34247.04,8770.26,8299.05,4051.58,349790.09
mcht_d2c_04,d2c_ecommerce,2026-02-08,132984.99,12065.23,1815.82,2738.96,1329.85,115035.13
mcht_food_01,food_delivery,2026-02-08,227684.62,0.0,0.0,4899.33,2276.85,220508.44
mcht_food_02,food_delivery,2026-02-08,351185.57,10280.37,1294.37,7205.66,3511.86,328893.31
mcht_food_03,food_delivery,2026-02-08,474573.8,29190.95,1453.55,10435.43,4745.74,428748.13
mcht_mkt_01,marketplace,2026-02-08,490341.31,36286.03,15267.3,9603.59,4903.41,424280.98
mcht_mkt_02,marketplace,2026-02-08,1120395.39,0.0,0.0,22883.55,11203.95,1086307.89
mcht_mkt_03,marketplace,2026-02-08,1263243.02,238588.05,0.0,27512.77,12632.43,984509.77
mcht_mkt_04,marketplace,2026-02-08,341639.6,44023.73,8410.12,6328.37,3416.4,279460.98
mcht_saas_01,saas_subscription,2026-02-08,90739.6,250.94,77.11,1870.52,907.4,87633.63
mcht_saas_02,saas_subscription,2026-02-08,172191.02,448.77,0.0,3526.57,1721.91,166493.77
mcht_saas_03,saas_subscription,2026-02-08,303581.9,771.92,0.0,6647.77,3035.82,293126.39
mcht_saas_04,saas_subscription,2026-02-08,138643.41,494.83,0.0,2738.27,1386.43,134023.88
mcht_d2c_01,d2c_ecommerce,2026-02-09,235102.67,40654.28,591.13,4668.84,2351.03,186837.39
mcht_d2c_02,d2c_ecommerce,2026-02-09,374000.43,0.0,0.0,7597.81,3740.0,362662.62
mcht_d2c_03,d2c_ecommerce,2026-02-09,650905.22,112340.79,3552.0,13164.39,6509.05,515338.99
mcht_d2c_04,d2c_ecommerce,2026-02-09,127419.57,32350.85,1370.18,2645.54,1274.2,89778.8
mcht_food_01,food_delivery,2026-02-09,174988.64,8737.77,0.0,3721.41,1749.89,160779.57
mcht_food_02,food_delivery,2026-02-09,338391.91,5741.5,400.22,6617.52,3383.92,322248.75
mcht_food_03,food_delivery,2026-02-09,457806.88,7983.79,683.94,8417.19,4578.07,436143.89
mcht_mkt_01,marketplace,2026-02-09,524436.43,55090.88,10497.22,11401.1,5244.36,442202.87
mcht_mkt_02,marketplace,2026-02-09,832286.68,0.0,24667.96,16721.78,8322.87,782574.07
mcht_mkt_03,marketplace,2026-02-09,1556897.52,93554.47,27308.02,28312.32,15568.98,1392153.73
mcht_mkt_04,marketplace,2026-02-09,600698.01,0.0,13591.52,12564.69,6006.98,568534.82
mcht_saas_01,saas_subscription,2026-02-09,87414.5,286.92,44.56,1730.36,874.14,84478.52
mcht_saas_02,saas_subscription,2026-02-09,177849.05,1061.13,107.46,3656.02,1778.49,171245.95
mcht_saas_03,saas_subscription,2026-02-09,285048.57,862.33,0.0,5175.71,2850.49,276160.04
mcht_saas_04,saas_subscription,2026-02-09,133356.42,0.0,0.0,2701.71,1333.56,129321.15
mcht_d2c_01,d2c_ecommerce,2026-02-10,268943.65,0.0,0.0,5892.14,2689.44,260362.07
mcht_d2c_02,d2c_ecommerce,2026-02-10,318842.85,28433.51,8386.58,6645.32,3188.43,272189.01
mcht_d2c_03,d2c_ecommerce,2026-02-10,595011.64,40084.16,0.0,11247.75,5950.12,537729.61
mcht_d2c_04,d2c_ecommerce,2026-02-10,189886.65,0.0,2703.53,3817.78,1898.87,181466.47
mcht_food_01,food_delivery,2026-02-10,91849.28,0.0,225.82,1656.54,918.49,89048.43
mcht_food_02,food_delivery,2026-02-10,157468.99,0.0,873.76,3330.04,1574.69,151690.5
mcht_food_03,food_delivery,2026-02-10,193320.1,9108.72,1371.0,3878.41,1933.2,177028.77
mcht_mkt_01,marketplace,2026-02-10,578408.81,22910.77,58505.45,12091.83,5784.09,479116.67
mcht_mkt_02,marketplace,2026-02-10,865001.2,79741.49,59543.36,18601.75,8650.01,698464.59
mcht_mkt_03,marketplace,2026-02-10,1584736.43,0.0,0.0,31375.76,15847.36,1537513.31
mcht_mkt_04,marketplace,2026-02-10,277462.0,78102.14,0.0,5489.17,2774.62,191096.07
mcht_saas_01,saas_subscription,2026-02-10,88610.35,272.22,110.99,1734.25,886.1,85606.79
mcht_saas_02,saas_subscription,2026-02-10,166515.54,509.38,65.6,3457.19,1665.16,160818.21
mcht_saas_03,saas_subscription,2026-02-10,271622.17,0.0,245.25,5961.45,2716.22,262699.25
mcht_saas_04,saas_subscription,2026-02-10,128517.09,296.0,70.44,2384.61,1285.17,124480.87
mcht_d2c_01,d2c_ecommerce,2026-02-11,167351.31,0.0,869.4,3358.0,1673.51,161450.4
mcht_d2c_02,d2c_ecommerce,2026-02-11,214612.2,27102.62,0.0,4030.74,2146.12,181332.72
mcht_d2c_03,d2c_ecommerce,2026-02-11,384644.97,35391.66,0.0,7955.02,3846.45,337451.84
mcht_d2c_04,d2c_ecommerce,2026-02-11,111222.25,0.0,0.0,2273.92,1112.22,107836.11
mcht_food_01,food_delivery,2026-02-11,93768.55,8173.98,668.71,1890.27,937.69,82097.9
mcht_food_02,food_delivery,2026-02-11,151334.8,5401.49,0.0,2725.89,1513.35,141694.07
mcht_food_03,food_delivery,2026-02-11,242654.61,0.0,0.0,4865.1,2426.55,235362.96
mcht_mkt_01,marketplace,2026-02-11,761049.91,22893.5,26850.73,15305.27,7610.5,688389.91
mcht_mkt_02,marketplace,2026-02-11,761860.57,62867.68,36349.51,14838.35,7618.61,640186.42
mcht_mkt_03,marketplace,2026-02-11,712778.29,0.0,25118.34,13860.04,7127.78,666672.13
mcht_mkt_04,marketplace,2026-02-11,568895.16,0.0,43987.32,12046.75,5688.95,507172.14
mcht_saas_01,saas_subscription,2026-02-11,100636.0,344.06,0.0,2163.71,1006.36,97121.87
mcht_saas_02,saas_subscription,2026-02-11,197837.16,0.0,0.0,3574.11,1978.37,192284.68
mcht_saas_03,saas_subscription,2026-02-11,329516.01,976.55,116.76,7050.84,3295.16,318076.7
mcht_saas_04,saas_subscription,2026-02-11,152269.39,792.52,0.0,2919.48,1522.69,147034.7
mcht_d2c_01,d2c_ecommerce,2026-02-12,159639.2,27148.93,1964.87,3119.46,1596.39,125809.55
mcht_d2c_02,d2c_ecommerce,2026-02-12,181726.99,24912.01,5233.83,3957.46,1817.27,145806.42
mcht_d2c_03,d2c_ecommerce,2026-02-12,438281.36,0.0,1053.91,8059.13,4382.81,424785.51
mcht_d2c_04,d2c_ecommerce,2026-02-12,113736.58,0.0,2210.64,2244.44,1137.37,108144.13
mcht_food_01,food_delivery,2026-02-12,110150.64,0.0,0.0,2385.13,1101.51,106664.0
mcht_food_02,food_delivery,2026-02-12,177881.52,6324.64,328.18,3784.02,1778.82,165665.86
mcht_food_03,food_delivery,2026-02-12,262109.55,20995.8,3104.4,5307.59,2621.1,230080.66
mcht_mkt_01,marketplace,2026-02-12,633080.87,12924.72,0.0,11919.27,6330.81,601906.07
mcht_mkt_02,marketplace,2026-02-12,1050301.58,117668.52,17630.75,20729.36,10503.02,883769.93
mcht_mkt_03,marketplace,2026-02-12,993984.66,136903.17,20485.05,18314.96,9939.85,808341.63
mcht_mkt_04,marketplace,2026-02-12,920638.14,14474.94,0.0,17612.05,9206.38,879344.77
mcht_saas_01,saas_subscription,2026-02-12,100840.26,633.05,0.0,2208.64,1008.4,96990.17
mcht_saas_02,saas_subscription,2026-02-12,187346.88,1195.78,143.95,4090.23,1873.47,180043.45
mcht_saas_03,saas_subscription,2026-02-12,344591.06,1045.68,125.57,7483.04,3445.91,332490.86
mcht_saas_04,saas_subscription,2026-02-12,145198.77,367.96,60.08,2791.27,1451.99,140527.47
mcht_d2c_01,d2c_ecommerce,2026-02-13,155983.49,31302.36,0.0,3054.12,1559.83,120067.18
mcht_d2c_02,d2c_ecommerce,2026-02-13,252577.16,19537.76,975.44,4906.23,2525.77,224631.96
mcht_d2c_03,d2c_ecommerce,2026-02-13,409210.12,103554.76,12094.51,7397.49,4092.1,282071.26
mcht_d2c_04,d2c_ecommerce,2026-02-13,112293.49,10562.47,1863.55,2362.83,1122.93,96381.71
mcht_food_01,food_delivery,2026-02-13,110029.08,3250.4,915.38,2244.03,1100.29,102518.98
mcht_food_02,food_delivery,2026-02-13,212181.34,8015.57,1158.29,4079.46,2121.81,196806.21
mcht_food_03,food_delivery,2026-02-13,312257.0,0.0,0.0,5829.17,3122.57,303305.26
mcht_mkt_01,marketplace,2026-02-13,275127.63,31127.05,37948.87,5666.5,2751.28,197633.93
mcht_mkt_02,marketplace,2026-02-13,710068.37,0.0,0.0,15175.0,7100.68,687792.69
mcht_mkt_03,marketplace,2026-02-13,1210819.15,104478.42,39949.67,26399.7,12108.19,1027883.17
mcht_mkt_04,marketplace,2026-02-13,604806.57,36023.7,20136.35,11402.28,6048.07,531196.17
mcht_saas_01,saas_subscription,2026-02-13,94366.91,256.27,76.48,2028.08,943.67,91062.41
mcht_saas_02,saas_subscription,2026-02-13,182483.28,0.0,74.52,3712.15,1824.83,176871.78
mcht_saas_03,saas_subscription,2026-02-13,328524.84,909.23,257.13,6248.24,3285.25,317824.99
mcht_saas_04,saas_subscription,2026-02-13,143779.37,427.78,0.0,2738.31,1437.79,139175.49
mcht_d2c_01,d2c_ecommerce,2026-02-14,139463.93,33865.1,4111.91,2816.02,1394.64,97276.26
mcht_d2c_02,d2c_ecommerce,2026-02-14,232498.68,19789.21,5994.6,4574.99,2324.99,199814.89
mcht_d2c_03,d2c_ecommerce,2026-02-14,377108.16,39143.02,2684.43,6912.26,3771.08,324597.37
mcht_d2c_04,d2c_ecommerce,2026-02-14,114748.94,24158.36,0.0,2084.8,1147.49,87358.29
mcht_food_01,food_delivery,2026-02-14,136359.54,12354.06,843.89,2612.83,1363.6,119185.16
mcht_food_02,food_delivery,2026-02-14,270459.53,8736.07,1100.13,5906.43,2704.6,252012.3
mcht_food_03,food_delivery,2026-02-14,383178.86,15153.68,0.0,7875.64,3831.79,356317.75
mcht_mkt_01,marketplace,2026-02-14,434958.37,0.0,7699.62,8858.75,4349.58,414050.42
mcht_mkt_02,marketplace,2026-02-14,781996.0,0.0,0.0,14579.4,7819.96,759596.64
mcht_mkt_03,marketplace,2026-02-14,1897075.99,0.0,0.0,41443.22,18970.76,1836662.01
mcht_mkt_04,marketplace,2026-02-14,457338.87,71524.67,0.0,9236.05,4573.39,372004.76
mcht_saas_01,saas_subscription,2026-02-14,94453.54,0.0,38.11,1772.82,944.54,91698.07
mcht_saas_02,saas_subscription,2026-02-14,178944.58,565.68,131.36,3780.36,1789.45,172677.73
mcht_saas_03,saas_subscription,2026-02-14,302596.5,950.38,0.0,5619.17,3025.97,293000.98
mcht_saas_04,saas_subscription,2026-02-14,144168.95,867.51,61.62,2860.75,1441.69,138937.38
mcht_d2c_01,d2c_ecommerce,2026-02-15,193365.47,0.0,1127.39,3755.09,1933.65,186549.34
mcht_d2c_02,d2c_ecommerce,2026-02-15,303063.42,58543.16,0.0,6301.92,3030.63,235187.71
mcht_d2c_03,d2c_ecommerce,2026-02-15,515065.88,0.0,0.0,10022.91,5150.66,499892.31
mcht_d2c_04,d2c_ecommerce,2026-02-15,134308.46,36851.08,1032.72,2585.65,1343.08,92495.93
mcht_food_01,food_delivery,2026-02-15,213390.5,0.0,264.51,4007.08,2133.91,206985.0
mcht_food_02,food_delivery,2026-02-15,396375.44,12994.16,0.0,8338.42,3963.75,371079.11
mcht_food_03,food_delivery,2026-02-15,481902.82,37943.51,0.0,8759.72,4819.03,430380.56
mcht_mkt_01,marketplace,2026-02-15,542149.64,82254.98,0.0,11240.56,5421.5,443232.6
mcht_mkt_02,marketplace,2026-02-15,1050243.13,71619.41,0.0,21400.99,10502.43,946720.3
mcht_mkt_03,marketplace,2026-02-15,861066.44,68635.23,58675.39,16572.04,8610.66,708573.12
mcht_mkt_04,marketplace,2026-02-15,542639.38,0.0,0.0,10017.8,5426.39,527195.19
mcht_saas_01,saas_subscription,2026-02-15,90623.48,504.65,0.0,1711.26,906.23,87501.34
mcht_saas_02,saas_subscription,2026-02-15,178328.91,568.52,0.0,3479.04,1783.29,172498.06
mcht_saas_03,saas_subscription,2026-02-15,309308.52,768.16,0.0,6388.23,3093.09,299059.04
mcht_saas_04,saas_subscription,2026-02-15,134694.99,0.0,71.41,2776.37,1346.95,130500.26
mcht_d2c_01,d2c_ecommerce,2026-02-16,232683.86,17732.98,0.0,4861.14,2326.84,207762.9
mcht_d2c_02,d2c_ecommerce,2026-02-16,347341.21,0.0,4353.39,7097.97,3473.41,332416.44
mcht_d2c_03,d2c_ecommerce,2026-02-16,564675.37,0.0,0.0,12366.43,5646.75,546662.19
mcht_d2c_04,d2c_ecommerce,2026-02-16,194425.32,0.0,2095.47,4031.94,1944.25,186353.66
mcht_food_01,food_delivery,2026-02-16,190754.14,8721.11,341.81,3956.2,1907.54,175827.48
mcht_food_02,food_delivery,2026-02-16,337490.0,17790.53,1291.51,6400.21,3374.9,308632.85
mcht_food_03,food_delivery,2026-02-16,569746.51,0.0,1719.43,11944.45,5697.47,550385.16
mcht_mkt_01,marketplace,2026-02-16,714124.86,43698.12,28154.76,15085.53,7141.25,620045.2
mcht_mkt_02,marketplace,2026-02-16,1239630.34,70195.73,41960.73,24296.3,12396.3,1090781.28
mcht_mkt_03,marketplace,2026-02-16,978033.93,108409.58,52055.78,21308.29,9780.34,786479.94
mcht_mkt_04,marketplace,2026-02-16,243946.96,29013.4,0.0,4663.05,2439.47,207831.04
mcht_saas_01,saas_subscription,2026-02-16,87511.3,235.99,0.0,1804.86,875.11,84595.34
mcht_saas_02,saas_subscription,2026-02-16,173967.64,584.66,0.0,3140.04,1739.68,168503.26
mcht_saas_03,saas_subscription,2026-02-16,281587.62,862.23,133.33,5649.62,2815.88,272126.56
mcht_saas_04,saas_subscription,2026-02-16,127909.08,0.0,59.82,2562.99,1279.09,124007.18
mcht_d2c_01,d2c_ecommerce,2026-02-17,241208.72,23747.51,990.64,4709.03,2412.09,209349.45
mcht_d2c_02,d2c_ecommerce,2026-02-17,335694.15,32675.31,908.73,6633.48,3356.94,292119.69
mcht_d2c_03,d2c_ecommerce,2026-02-17,592674.58,88174.74,2130.45,11965.5,5926.75,484477.14
mcht_d2c_04,d2c_ecommerce,2026-02-17,189978.77,0.0,0.0,3670.12,1899.79,184408.86
mcht_food_01,food_delivery,2026-02-17,79465.69,2339.3,263.11,1675.54,794.66,74393.08
mcht_food_02,food_delivery,2026-02-17,156970.35,5347.09,0.0,3440.04,1569.7,146613.52
mcht_food_03,food_delivery,2026-02-17,231828.8,7895.21,1354.55,4787.88,2318.29,215472.87
mcht_mkt_01,marketplace,2026-02-17,765400.11,0.0,0.0,16578.72,7654.0,741167.39
mcht_mkt_02,marketplace,2026-02-17,1043561.5,147865.67,11899.26,22899.04,10435.61,850461.92
mcht_mkt_03,marketplace,2026-02-17,1356579.52,0.0,0.0,24609.29,13565.8,1318404.43
mcht_mkt_04,marketplace,2026-02-17,222038.07,0.0,10715.27,4144.33,2220.38,204958.09
mcht_saas_01,saas_subscription,2026-02-17,87511.7,0.0,73.68,1676.4,875.12,84886.5
mcht_saas_02,saas_subscription,2026-02-17,162822.44,445.11,95.72,3262.79,1628.22,157390.6
mcht_saas_03,saas_subscription,2026-02-17,265123.02,1055.5,94.31,5327.03,2651.23,255994.95
mcht_saas_04,saas_subscription,2026-02-17,126640.09,852.18,60.5,2381.57,1266.4,122079.44
mcht_d2c_01,d2c_ecommerce,2026-02-18,130998.52,0.0,0.0,2559.26,1309.99,127129.27
mcht_d2c_02,d2c_ecommerce,2026-02-18,183035.44,30868.78,858.85,3770.34,1830.35,145707.12
mcht_d2c_03,d2c_ecommerce,2026-02-18,309480.1,57564.74,5214.78,6504.93,3094.8,237100.85
mcht_d2c_04,d2c_ecommerce,2026-02-18,107204.52,45099.08,817.59,1963.36,1072.05,58252.44
mcht_food_01,food_delivery,2026-02-18,103590.11,2810.53,239.17,2242.76,1035.9,97261.75
mcht_food_02,food_delivery,2026-02-18,174859.23,6232.75,0.0,3496.89,1748.59,163381.0
mcht_food_03,food_delivery,2026-02-18,233428.7,10928.12,674.53,4510.24,2334.29,214981.52
mcht_mkt_01,marketplace,2026-02-18,880532.25,84730.88,49522.52,19192.28,8805.32,718281.25
mcht_mkt_02,marketplace,2026-02-18,1513102.85,64523.76,29482.23,31601.96,15131.03,1372363.87
mcht_mkt_03,marketplace,2026-02-18,1488276.97,91423.88,0.0,32628.37,14882.77,1349341.95
mcht_mkt_04,marketplace,2026-02-18,468664.77,24594.66,6298.65,9035.95,4686.65,424048.86
mcht_saas_01,saas_subscription,2026-02-18,96733.7,869.2,0.0,2025.5,967.34,92871.66
mcht_saas_02,saas_subscription,2026-02-18,187684.77,514.86,0.0,3759.09,1876.85,181533.97
mcht_saas_03,saas_subscription,2026-02-18,341168.81,1052.16,131.41,7402.84,3411.69,329170.71
mcht_saas_04,saas_subscription,2026-02-18,151541.85,436.96,64.64,2790.15,1515.42,146734.68
mcht_d2c_01,d2c_ecommerce,2026-02-19,141260.74,49274.38,0.0,2891.31,1412.61,87682.44
mcht_d2c_02,d2c_ecommerce,2026-02-19,234051.83,57568.93,1208.95,5058.17,2340.52,167875.26
mcht_d2c_03,d2c_ecommerce,2026-02-19,327059.11,35021.09,2482.12,6307.66,3270.59,279977.65
mcht_d2c_04,d2c_ecommerce,2026-02-19,124243.1,0.0,0.0,2407.84,1242.43,120592.83
mcht_food_01,food_delivery,2026-02-19,107871.7,8227.99,0.0,2332.5,1078.72,96232.49
mcht_food_02,food_delivery,2026-02-19,169796.84,6451.24,0.0,3411.51,1697.97,158236.12
mcht_food_03,food_delivery,2026-02-19,221920.44,20295.78,768.88,4872.48,2219.2,193764.1
mcht_mkt_01,marketplace,2026-02-19,606742.34,0.0,26322.87,12450.8,6067.42,561901.25
mcht_mkt_02,marketplace,2026-02-19,771757.46,0.0,42565.68,13924.22,7717.57,707549.99
mcht_mkt_03,marketplace,2026-02-19,1568373.49,0.0,0.0,33474.94,15683.73,1519214.82
mcht_mkt_04,marketplace,2026-02-19,543030.67,30122.05,26057.93,11437.31,5430.31,469983.07
mcht_saas_01,saas_subscription,2026-02-19,100001.79,296.69,29.7,2026.6,1000.02,96648.78
mcht_saas_02,saas_subscription,2026-02-19,191521.32,1052.18,148.37,3782.15,1915.21,184623.41
mcht_saas_03,saas_subscription,2026-02-19,332872.39,0.0,141.9,6817.33,3328.72,322584.44
mcht_saas_04,saas_subscription,2026-02-19,142240.28,350.95,162.58,3027.94,1422.4,137276.41
mcht_d2c_01,d2c_ecommerce,2026-02-20,153115.65,0.0,1059.81,2793.35,1531.16,147731.33
mcht_d2c_02,d2c_ecommerce,2026-02-20,203865.16,45537.54,779.57,4322.17,2038.65,151187.23
mcht_d2c_03,d2c_ecommerce,2026-02-20,387578.49,44494.7,0.0,8091.61,3875.78,331116.4
mcht_d2c_04,d2c_ecommerce,2026-02-20,116479.26,24784.01,0.0,2428.12,1164.79,88102.34
mcht_food_01,food_delivery,2026-02-20,111450.69,4485.42,279.95,2157.36,1114.51,103413.45
mcht_food_02,food_delivery,2026-02-20,187518.92,0.0,794.24,4057.55,1875.19,180791.94
mcht_food_03,food_delivery,2026-02-20,233078.89,0.0,0.0,4968.1,2330.79,225780.0
mcht_mkt_01,marketplace,2026-02-20,621134.06,0.0,19621.83,13580.37,6211.34,581720.52
mcht_mkt_02,marketplace,2026-02-20,351883.03,53589.37,62555.84,7515.48,3518.83,224703.51
mcht_mkt_03,marketplace,2026-02-20,804999.4,97323.71,39512.22,15180.13,8049.99,644933.35
mcht_mkt_04,marketplace,2026-02-20,557366.43,52878.8,33501.45,10301.79,5573.66,455110.73
mcht_saas_01,saas_subscription,2026-02-20,97545.02,0.0,112.82,1970.76,975.45,94485.99
mcht_saas_02,saas_subscription,2026-02-20,188335.45,504.79,0.0,3645.96,1883.35,182301.35
mcht_saas_03,saas_subscription,2026-02-20,325461.33,1899.62,495.73,6263.26,3254.61,313548.11
mcht_saas_04,saas_subscription,2026-02-20,142501.07,0.0,50.53,2838.22,1425.01,138187.31
mcht_d2c_01,d2c_ecommerce,2026-02-21,161047.8,29808.63,537.56,3321.03,1610.48,125770.1
mcht_d2c_02,d2c_ecommerce,2026-02-21,222615.28,44349.58,0.0,4741.05,2226.15,171298.5
mcht_d2c_03,d2c_ecommerce,2026-02-21,418068.7,0.0,4671.16,9140.96,4180.69,400075.89
mcht_d2c_04,d2c_ecommerce,2026-02-21,115705.55,0.0,0.0,2139.16,1157.06,112409.33
mcht_food_01,food_delivery,2026-02-21,134866.58,0.0,378.29,2753.37,1348.67,130386.25
mcht_food_02,food_delivery,2026-02-21,246796.54,10602.81,0.0,5348.97,2467.97,228376.79
mcht_food_03,food_delivery,2026-02-21,295086.19,24293.74,0.0,5948.39,2950.86,261893.2
mcht_mkt_01,marketplace,2026-02-21,283537.15,37064.23,8914.92,6137.36,2835.37,228585.27
mcht_mkt_02,marketplace,2026-02-21,1115396.54,89376.01,37209.47,23214.43,11153.97,954442.66
mcht_mkt_03,marketplace,2026-02-21,973290.41,0.0,0.0,19853.36,9732.9,943704.15
mcht_mkt_04,marketplace,2026-02-21,358773.1,21785.79,0.0,7336.0,3587.73,326063.58
mcht_saas_01,saas_subscription,2026-02-21,93419.56,0.0,40.21,1991.16,934.2,90453.99
mcht_saas_02,saas_subscription,2026-02-21,183299.48,0.0,314.32,3482.56,1832.99,177669.61
mcht_saas_03,saas_subscription,2026-02-21,305921.57,1719.89,116.89,5996.14,3059.22,295029.43
mcht_saas_04,saas_subscription,2026-02-21,139631.52,1171.76,158.89,2548.07,1396.32,134356.48
mcht_d2c_01,d2c_ecommerce,2026-02-22,188932.26,14167.67,0.0,3782.4,1889.32,169092.87
mcht_d2c_02,d2c_ecommerce,2026-02-22,268830.96,0.0,602.04,5116.83,2688.31,260423.78
mcht_d2c_03,d2c_ecommerce,2026-02-22,373208.84,39649.22,1256.96,7251.84,3732.09,321318.73
mcht_d2c_04,d2c_ecommerce,2026-02-22,143055.6,44087.4,732.74,2989.65,1430.56,93815.25
mcht_food_01,food_delivery,2026-02-22,206760.91,6399.77,494.46,3805.66,2067.61,193993.41
mcht_food_02,food_delivery,2026-02-22,314174.66,20833.54,1101.22,6530.92,3141.75,282567.23
mcht_food_03,food_delivery,2026-02-22,441772.38,0.0,0.0,9702.22,4417.72,427652.44
mcht_mkt_01,marketplace,2026-02-22,585616.97,27681.87,0.0,10547.23,5856.17,541531.7
mcht_mkt_02,marketplace,2026-02-22,663479.99,51722.65,0.0,13431.39,6634.8,591691.15
mcht_mkt_03,marketplace,2026-02-22,1217011.4,70639.9,17342.44,25792.36,12170.11,1091066.59
mcht_mkt_04,marketplace,2026-02-22,452045.11,0.0,5983.64,9194.17,4520.45,432346.85
mcht_saas_01,saas_subscription,2026-02-22,89330.42,749.03,33.08,1861.84,893.3,85793.17
mcht_saas_02,saas_subscription,2026-02-22,180082.17,568.66,0.0,3621.48,1800.82,174091.21
mcht_saas_03,saas_subscription,2026-02-22,302381.34,0.0,0.0,5604.33,3023.81,293753.2
mcht_saas_04,saas_subscription,2026-02-22,128689.78,0.0,0.0,2449.29,1286.9,124953.59
mcht_d2c_01,d2c_ecommerce,2026-02-23,221713.13,31212.91,425.36,4392.6,2217.13,183465.13
mcht_d2c_02,d2c_ecommerce,2026-02-23,359936.47,0.0,1394.94,7082.69,3599.36,347859.48
mcht_d2c_03,d2c_ecommerce,2026-02-23,639992.94,130500.84,0.0,14077.44,6399.93,489014.73
mcht_d2c_04,d2c_ecommerce,2026-02-23,157336.49,14550.54,1764.3,3320.09,1573.36,136128.2
mcht_food_01,food_delivery,2026-02-23,195785.19,9354.28,267.39,3598.11,1957.85,180607.56
mcht_food_02,food_delivery,2026-02-23,339597.06,0.0,0.0,7441.86,3395.97,328759.23
mcht_food_03,food_delivery,2026-02-23,500385.76,21911.53,1387.78,10668.41,5003.86,461414.18
mcht_mkt_01,marketplace,2026-02-23,344486.81,79762.48,0.0,7079.37,3444.87,254200.09
mcht_mkt_02,marketplace,2026-02-23,820172.97,0.0,0.0,15537.78,8201.73,796433.46
mcht_mkt_03,marketplace,2026-02-23,1630675.87,186586.74,0.0,31434.86,16306.76,1396347.51
mcht_mkt_04,marketplace,2026-02-23,456412.69,26942.23,9023.55,9197.87,4564.13,406684.91
mcht_saas_01,saas_subscription,2026-02-23,88528.43,0.0,0.0,1602.92,885.28,86040.23
mcht_saas_02,saas_subscription,2026-02-23,166130.11,1321.23,176.48,3239.72,1661.3,159731.38
mcht_saas_03,saas_subscription,2026-02-23,294352.41,983.08,152.78,5524.78,2943.52,284748.25
mcht_saas_04,saas_subscription,2026-02-23,129399.45,0.0,0.0,2745.36,1293.99,125360.1
mcht_d2c_01,d2c_ecommerce,2026-02-24,193628.63,11235.45,1456.75,4042.39,1936.29,174957.75
mcht_d2c_02,d2c_ecommerce,2026-02-24,276841.84,0.0,0.0,5596.43,2768.42,268476.99
mcht_d2c_03,d2c_ecommerce,2026-02-24,529722.13,35896.72,1059.54,10887.72,5297.22,476580.93
mcht_d2c_04,d2c_ecommerce,2026-02-24,182043.82,0.0,0.0,3739.4,1820.44,176483.98
mcht_food_01,food_delivery,2026-02-24,73490.55,3494.45,0.0,1343.84,734.91,67917.35
mcht_food_02,food_delivery,2026-02-24,166460.88,12084.09,0.0,3215.27,1664.61,149496.91
mcht_food_03,food_delivery,2026-02-24,215761.32,0.0,1055.83,4002.78,2157.61,208545.1
mcht_mkt_01,marketplace,2026-02-24,529977.22,17202.94,14427.43,9917.93,5299.77,483129.15
mcht_mkt_02,marketplace,2026-02-24,401400.43,89593.43,0.0,7464.95,4014.0,300328.05
mcht_mkt_03,marketplace,2026-02-24,1104727.37,0.0,66939.7,21448.29,11047.27,1005292.11
mcht_mkt_04,marketplace,2026-02-24,428396.98,47084.19,17485.53,8540.95,4283.97,351002.34
mcht_saas_01,saas_subscription,2026-02-24,84232.39,269.96,37.63,1532.85,842.32,81549.63
mcht_saas_02,saas_subscription,2026-02-24,157786.11,0.0,78.64,3452.32,1577.86,152677.29
mcht_saas_03,saas_subscription,2026-02-24,282058.37,763.46,0.0,5238.78,2820.58,273235.55
mcht_saas_04,saas_subscription,2026-02-24,125444.98,379.33,0.0,2635.21,1254.45,121175.99
mcht_d2c_01,d2c_ecommerce,2026-02-25,165964.67,0.0,511.57,3490.74,1659.65,160302.71
mcht_d2c_02,d2c_ecommerce,2026-02-25,205837.92,70408.94,705.88,3741.47,2058.38,128923.25
mcht_d2c_03,d2c_ecommerce,2026-02-25,411588.26,30657.55,1917.43,8641.03,4115.88,366256.37
mcht_d2c_04,d2c_ecommerce,2026-02-25,91339.6,10301.93,427.99,1733.35,913.4,77962.93
mcht_food_01,food_delivery,2026-02-25,95524.16,3872.04,0.0,2073.69,955.24,88623.19
mcht_food_02,food_delivery,2026-02-25,153332.54,0.0,2008.05,2902.48,1533.33,146888.68
mcht_food_03,food_delivery,2026-02-25,210311.68,7657.57,0.0,4282.84,2103.12,196268.15
mcht_mkt_01,marketplace,2026-02-25,1106098.32,33349.62,0.0,21215.82,11060.98,1040471.9
mcht_mkt_02,marketplace,2026-02-25,684617.32,43947.7,0.0,14043.96,6846.17,619779.49
mcht_mkt_03,marketplace,2026-02-25,1233136.33,0.0,30702.78,25298.89,12331.36,1164803.3
mcht_mkt_04,marketplace,2026-02-25,453629.65,25454.91,5269.51,9369.92,4536.3,408999.01
mcht_saas_01,saas_subscription,2026-02-25,102312.24,312.21,92.5,2087.81,1023.12,98796.6
mcht_saas_02,saas_subscription,2026-02-25,187918.01,540.43,63.65,3512.51,1879.18,181922.24
mcht_saas_03,saas_subscription,2026-02-25,328044.05,793.9,0.0,6968.04,3280.44,317001.67
mcht_saas_04,saas_subscription,2026-02-25,149127.67,813.22,62.83,3206.73,1491.28,143553.61
mcht_d2c_01,d2c_ecommerce,2026-02-26,183429.79,37454.71,775.19,3922.65,1834.3,139442.94
mcht_d2c_02,d2c_ecommerce,2026-02-26,234894.67,0.0,0.0,4951.38,2348.95,227594.34
mcht_d2c_03,d2c_ecommerce,2026-02-26,354713.76,0.0,6273.05,6742.64,3547.14,338150.93
mcht_d2c_04,d2c_ecommerce,2026-02-26,99781.88,0.0,450.24,2117.49,997.82,96216.33
mcht_food_01,food_delivery,2026-02-26,107143.47,0.0,320.61,1993.91,1071.43,103757.52
mcht_food_02,food_delivery,2026-02-26,186425.92,14485.54,1221.52,3377.48,1864.26,165477.12
mcht_food_03,food_delivery,2026-02-26,240818.76,9124.09,1717.69,4894.26,2408.19,222674.53
mcht_mkt_01,marketplace,2026-02-26,638972.8,0.0,0.0,12261.89,6389.73,620321.18
mcht_mkt_02,marketplace,2026-02-26,517625.51,68907.26,0.0,10228.16,5176.26,433313.83
mcht_mkt_03,marketplace,2026-02-26,865153.34,139301.48,0.0,16081.8,8651.53,701118.53
mcht_mkt_04,marketplace,2026-02-26,349879.78,0.0,6853.08,7489.96,3498.8,332037.94
mcht_saas_01,saas_subscription,2026-02-26,98860.45,0.0,67.77,1971.75,988.6,95832.33
mcht_saas_02,saas_subscription,2026-02-26,178627.56,481.47,142.66,3443.7,1786.28,172773.45
mcht_saas_03,saas_subscription,2026-02-26,307784.31,1917.89,0.0,6407.91,3077.84,296380.67
mcht_saas_04,saas_subscription,2026-02-26,151372.4,411.42,0.0,3089.26,1513.72,146358.0
mcht_d2c_01,d2c_ecommerce,2026-02-27,157802.13,34921.16,1247.93,3077.02,1578.02,116978.0
mcht_d2c_02,d2c_ecommerce,2026-02-27,216211.16,24029.75,0.0,4171.55,2162.11,185847.75
mcht_d2c_03,d2c_ecommerce,2026-02-27,337765.16,0.0,1572.84,6948.63,3377.65,325866.04
mcht_d2c_04,d2c_ecommerce,2026-02-27,91408.41,8762.18,431.67,1723.76,914.08,79576.72
mcht_food_01,food_delivery,2026-02-27,88444.97,8605.78,193.24,1762.65,884.45,76998.85
mcht_food_02,food_delivery,2026-02-27,187637.93,0.0,1177.56,3637.43,1876.38,180946.56
mcht_food_03,food_delivery,2026-02-27,264029.8,22602.45,1039.19,5442.12,2640.3,232305.74
mcht_mkt_01,marketplace,2026-02-27,361211.02,32669.69,23058.46,7199.85,3612.11,294670.91
mcht_mkt_02,marketplace,2026-02-27,735658.01,0.0,15973.43,15777.28,7356.58,696550.72
mcht_mkt_03,marketplace,2026-02-27,1762240.78,102675.75,0.0,32553.6,17622.41,1609389.02
mcht_mkt_04,marketplace,2026-02-27,449748.23,0.0,0.0,8386.97,4497.48,436863.78
mcht_saas_01,saas_subscription,2026-02-27,101245.95,592.57,0.0,1927.8,1012.46,97713.12
mcht_saas_02,saas_subscription,2026-02-27,184818.11,0.0,68.41,3544.04,1848.18,179357.48
mcht_saas_03,saas_subscription,2026-02-27,317208.21,0.0,258.1,6382.67,3172.08,307395.36
mcht_saas_04,saas_subscription,2026-02-27,137938.75,377.9,55.75,2716.24,1379.39,133409.47
mcht_d2c_01,d2c_ecommerce,2026-02-28,133963.78,0.0,882.92,2586.59,1339.64,129154.63
mcht_d2c_02,d2c_ecommerce,2026-02-28,229385.74,0.0,3069.76,4388.24,2293.86,219633.88
mcht_d2c_03,d2c_ecommerce,2026-02-28,405150.41,51748.54,0.0,8120.84,4051.5,341229.53
mcht_d2c_04,d2c_ecommerce,2026-02-28,120140.3,14703.96,0.0,2597.83,1201.4,101637.11
mcht_food_01,food_delivery,2026-02-28,143286.12,0.0,0.0,2827.36,1432.86,139025.9
mcht_food_02,food_delivery,2026-02-28,226763.65,8648.03,0.0,4628.37,2267.64,211219.61
mcht_food_03,food_delivery,2026-02-28,363623.95,14824.82,1290.08,7913.56,3636.24,335959.25
mcht_mkt_01,marketplace,2026-02-28,599613.21,50865.05,0.0,10819.1,5996.13,531932.93
mcht_mkt_02,marketplace,2026-02-28,793184.37,0.0,0.0,15109.76,7931.84,770142.77
mcht_mkt_03,marketplace,2026-02-28,1230904.14,0.0,42487.64,23386.22,12309.04,1152721.24
mcht_mkt_04,marketplace,2026-02-28,465975.65,89727.64,0.0,9905.02,4659.76,361683.23
mcht_saas_01,saas_subscription,2026-02-28,94363.31,541.0,42.36,1856.56,943.63,90979.76
mcht_saas_02,saas_subscription,2026-02-28,179579.42,499.51,84.29,3622.7,1795.79,173577.13
mcht_saas_03,saas_subscription,2026-02-28,319365.8,832.01,346.44,6226.83,3193.66,308766.86
mcht_saas_04,saas_subscription,2026-02-28,136767.48,459.32,108.55,2695.21,1367.67,132136.73
mcht_d2c_01,d2c_ecommerce,2026-03-01,163958.78,21228.32,0.0,3419.75,1639.59,137671.12
mcht_d2c_02,d2c_ecommerce,2026-03-01,273602.02,56346.98,0.0,5208.61,2736.02,209310.41
mcht_d2c_03,d2c_ecommerce,2026-03-01,412919.14,63592.14,0.0,9012.21,4129.19,336185.6
mcht_d2c_04,d2c_ecommerce,2026-03-01,164788.36,8336.75,0.0,3431.98,1647.88,151371.75
mcht_food_01,food_delivery,2026-03-01,212715.47,9029.82,552.45,4105.21,2127.15,196900.84
mcht_food_02,food_delivery,2026-03-01,420556.68,10423.09,818.04,8083.74,4205.57,397026.24
mcht_food_03,food_delivery,2026-03-01,444154.03,0.0,1062.91,8868.92,4441.54,429780.66
mcht_mkt_01,marketplace,2026-03-01,429619.1,77958.61,29080.64,8138.35,4296.19,310145.31
mcht_mkt_02,marketplace,2026-03-01,906464.52,0.0,45530.93,18627.92,9064.65,833241.02
mcht_mkt_03,marketplace,2026-03-01,1531147.62,102233.88,0.0,32100.57,15311.48,1381501.69
mcht_mkt_04,marketplace,2026-03-01,365759.84,0.0,7960.24,6673.62,3657.6,347468.38
mcht_saas_01,saas_subscription,2026-03-01,90431.95,340.28,47.53,1901.93,904.32,87237.89
mcht_saas_02,saas_subscription,2026-03-01,174226.81,913.14,80.8,3484.03,1742.27,168006.57
mcht_saas_03,saas_subscription,2026-03-01,293612.83,905.43,0.0,6070.14,2936.13,283701.13
mcht_saas_04,saas_subscription,2026-03-01,127164.99,0.0,62.98,2387.65,1271.65,123442.71
mcht_d2c_01,d2c_ecommerce,2026-03-02,250061.49,39752.5,0.0,5083.05,2500.61,202725.33
mcht_d2c_02,d2c_ecommerce,2026-03-02,350278.47,0.0,0.0,6702.06,3502.78,340073.63
mcht_d2c_03,d2c_ecommerce,2026-03-02,691499.55,0.0,0.0,14949.32,6915.0,669635.23
mcht_d2c_04,d2c_ecommerce,2026-03-02,182617.49,55872.33,361.01,3327.09,1826.17,121230.89
mcht_food_01,food_delivery,2026-03-02,194461.17,7217.48,0.0,3918.57,1944.61,181380.51
mcht_food_02,food_delivery,2026-03-02,298050.16,13430.2,472.38,6055.93,2980.5,275111.15
mcht_food_03,food_delivery,2026-03-02,459211.23,27593.59,678.61,8407.94,4592.11,417938.98
mcht_mkt_01,marketplace,2026-03-02,363733.5,47156.76,0.0,6589.57,3637.34,306349.83
mcht_mkt_02,marketplace,2026-03-02,1255503.83,63062.67,15490.91,23848.76,12555.04,1140546.45
mcht_mkt_03,marketplace,2026-03-02,1172612.19,139588.05,54205.6,22826.53,11726.12,944265.89
mcht_mkt_04,marketplace,2026-03-02,526826.64,61790.92,25663.1,10498.86,5268.27,423605.49
mcht_saas_01,saas_subscription,2026-03-02,88793.49,0.0,33.75,1891.87,887.93,85979.94
mcht_saas_02,saas_subscription,2026-03-02,153546.42,619.19,143.31,3159.21,1535.46,148089.25
mcht_saas_03,saas_subscription,2026-03-02,293456.32,0.0,278.91,6236.42,2934.56,284006.43
mcht_saas_04,saas_subscription,2026-03-02,128446.77,448.78,103.53,2646.41,1284.47,123963.58
mcht_d2c_01,d2c_ecommerce,2026-03-03,260717.16,0.0,805.6,5351.79,2607.17,251952.6
mcht_d2c_02,d2c_ecommerce,2026-03-03,302168.03,80918.8,0.0,5847.57,3021.68,212379.98
mcht_d2c_03,d2c_ecommerce,2026-03-03,582233.96,38725.34,2244.94,11404.04,5822.34,524037.3
mcht_d2c_04,d2c_ecommerce,2026-03-03,190066.0,0.0,1115.13,4028.86,1900.66,183021.35
mcht_food_01,food_delivery,2026-03-03,91996.51,6916.67,1596.57,1656.96,919.97,80906.34
mcht_food_02,food_delivery,2026-03-03,134587.4,0.0,1640.34,2448.62,1345.87,129152.57
mcht_food_03,food_delivery,2026-03-03,212282.5,9212.96,1088.92,4228.1,2122.82,195629.7
mcht_mkt_01,marketplace,2026-03-03,904760.92,0.0,12928.62,18640.1,9047.61,864144.59
mcht_mkt_02,marketplace,2026-03-03,1126094.22,0.0,0.0,23135.91,11260.94,1091697.37
mcht_mkt_03,marketplace,2026-03-03,1228633.41,138438.72,23684.3,24608.83,12286.33,1029615.23
mcht_mkt_04,marketplace,2026-03-03,594286.81,19913.31,0.0,11912.99,5942.87,556517.64
mcht_saas_01,saas_subscription,2026-03-03,99790.94,419.75,0.0,2020.26,997.91,96353.02
mcht_saas_02,saas_subscription,2026-03-03,181356.91,470.16,149.78,3953.58,1813.57,174969.82
mcht_saas_03,saas_subscription,2026-03-03,326644.4,2080.15,545.43,7031.0,3266.44,313721.38
mcht_saas_04,saas_subscription,2026-03-03,144540.84,917.19,59.07,2940.0,1445.41,139179.17
mcht_d2c_01,d2c_ecommerce,2026-03-04,122014.75,20000.23,918.38,2467.39,1220.15,97408.6
mcht_d2c_02,d2c_ecommerce,2026-03-04,210355.61,25104.95,2021.9,4295.31,2103.56,176829.89
mcht_d2c_03,d2c_ecommerce,2026-03-04,354780.26,132208.97,2771.76,7729.77,3547.8,208521.96
mcht_d2c_04,d2c_ecommerce,2026-03-04,138463.0,13136.61,444.7,2772.82,1384.63,120724.24
mcht_food_01,food_delivery,2026-03-04,89675.96,0.0,420.48,1750.53,896.76,86608.19
mcht_food_02,food_delivery,2026-03-04,166965.33,13657.14,0.0,3241.86,1669.65,148396.68
mcht_food_03,food_delivery,2026-03-04,205593.78,9932.03,0.0,4348.55,2055.94,189257.26
mcht_mkt_01,marketplace,2026-03-04,753318.92,25382.91,20935.51,16239.41,7533.19,683227.9
mcht_mkt_02,marketplace,2026-03-04,462246.57,196696.18,57411.36,8409.83,4622.47,195106.73
mcht_mkt_03,marketplace,2026-03-04,645717.23,54395.01,69181.63,12127.73,6457.17,503555.69
mcht_mkt_04,marketplace,2026-03-04,565063.54,44581.87,13317.46,10617.74,5650.64,490895.83
mcht_saas_01,saas_subscription,2026-03-04,122401.48,317.61,0.0,2391.91,1224.01,118467.95
mcht_saas_02,saas_subscription,2026-03-04,230427.58,535.98,70.52,4410.59,2304.28,223106.21
mcht_saas_03,saas_subscription,2026-03-04,392853.81,1057.23,244.3,7930.96,3928.54,379692.78
mcht_saas_04,saas_subscription,2026-03-04,171286.7,799.01,55.49,3189.27,1712.87,165530.06
mcht_d2c_01,d2c_ecommerce,2026-03-05,142030.57,19171.49,0.0,2995.53,1420.31,118443.24
mcht_d2c_02,d2c_ecommerce,2026-03-05,239619.18,21614.31,2850.77,4872.48,2396.19,207885.43
mcht_d2c_03,d2c_ecommerce,2026-03-05,393021.2,0.0,2452.3,8465.38,3930.21,378173.31
mcht_d2c_04,d2c_ecommerce,2026-03-05,117500.19,0.0,1158.22,2327.75,1175.0,112839.22
mcht_food_01,food_delivery,2026-03-05,91728.53,6262.46,0.0,1826.99,917.29,82721.79
mcht_food_02,food_delivery,2026-03-05,183735.55,0.0,776.78,3856.98,1837.36,177264.43
mcht_food_03,food_delivery,2026-03-05,278644.03,0.0,0.0,5415.29,2786.44,270442.3
mcht_mkt_01,marketplace,2026-03-05,646796.97,37232.06,0.0,14223.81,6467.97,588873.13
mcht_mkt_02,marketplace,2026-03-05,1190742.33,21270.42,45571.75,23299.05,11907.42,1088693.69
mcht_mkt_03,marketplace,2026-03-05,401541.99,0.0,24967.34,7539.52,4015.42,365019.71
mcht_mkt_04,marketplace,2026-03-05,320946.98,0.0,36334.71,5892.17,3209.47,275510.63
mcht_saas_01,saas_subscription,2026-03-05,101110.25,681.09,72.85,1929.47,1011.1,97415.74
mcht_saas_02,saas_subscription,2026-03-05,183716.3,1263.74,0.0,3815.99,1837.16,176799.41
mcht_saas_03,saas_subscription,2026-03-05,330271.5,819.79,0.0,7028.03,3302.72,319120.96
mcht_saas_04,saas_subscription,2026-03-05,150115.78,0.0,50.73,3233.89,1501.16,145330.0
mcht_d2c_01,d2c_ecommerce,2026-03-06,153641.5,61845.0,1966.6,2882.34,1536.41,85411.15
mcht_d2c_02,d2c_ecommerce,2026-03-06,199514.02,0.0,1606.99,3795.32,1995.14,192116.57
mcht_d2c_03,d2c_ecommerce,2026-03-06,342796.26,111385.67,1003.79,6979.86,3427.96,219998.98
mcht_d2c_04,d2c_ecommerce,2026-03-06,107609.63,10921.74,1006.57,2117.98,1076.1,92487.24
mcht_food_01,food_delivery,2026-03-06,94026.18,0.0,0.0,1994.6,940.26,91091.32
mcht_food_02,food_delivery,2026-03-06,210844.12,17776.74,434.78,3883.18,2108.44,186640.98
mcht_food_03,food_delivery,2026-03-06,263109.64,19336.8,634.72,4764.5,2631.1,235742.52
mcht_mkt_01,marketplace,2026-03-06,436608.58,62043.69,0.0,8642.33,4366.09,361556.47
mcht_mkt_02,marketplace,2026-03-06,884954.63,64886.22,16580.6,16540.46,8849.55,778097.8
mcht_mkt_03,marketplace,2026-03-06,1546273.07,29203.33,72530.04,31856.02,15462.73,1397220.95
mcht_mkt_04,marketplace,2026-03-06,425962.81,33151.16,8482.1,7794.97,4259.63,372274.95
mcht_saas_01,saas_subscription,2026-03-06,97868.26,272.26,0.0,1965.95,978.68,94651.37
mcht_saas_02,saas_subscription,2026-03-06,185453.73,0.0,143.74,3356.74,1854.54,180098.71
mcht_saas_03,saas_subscription,2026-03-06,310051.48,1896.31,305.91,6215.05,3100.51,298533.7
mcht_saas_04,saas_subscription,2026-03-06,146241.09,399.35,141.08,2847.88,1462.41,141390.37
mcht_d2c_01,d2c_ecommerce,2026-03-07,171712.25,0.0,473.63,3472.51,1717.12,166048.99
mcht_d2c_02,d2c_ecommerce,2026-03-07,225511.4,0.0,0.0,4245.41,2255.11,219010.88
mcht_d2c_03,d2c_ecommerce,2026-03-07,344821.99,38534.25,3144.53,6320.06,3448.22,293374.93
mcht_d2c_04,d2c_ecommerce,2026-03-07,114043.51,0.0,403.81,2329.51,1140.44,110169.75
mcht_food_01,food_delivery,2026-03-07,154640.65,5166.22,0.0,3217.12,1546.41,144710.9
mcht_food_02,food_delivery,2026-03-07,294555.59,11986.73,0.0,6144.24,2945.56,273479.06
mcht_food_03,food_delivery,2026-03-07,308893.32,0.0,1800.74,5934.76,3088.93,298068.89
mcht_mkt_01,marketplace,2026-03-07,477650.32,0.0,0.0,9094.73,4776.5,463779.09
mcht_mkt_02,marketplace,2026-03-07,879381.81,55436.31,41258.5,17960.26,8793.82,755932.92
mcht_mkt_03,marketplace,2026-03-07,1202299.93,0.0,36160.42,22162.6,12023.0,1131953.91
mcht_mkt_04,marketplace,2026-03-07,310678.76,0.0,21906.59,5638.49,3106.79,280026.89
mcht_saas_01,saas_subscription,2026-03-07,98892.39,265.35,36.17,1904.57,988.92,95697.38
mcht_saas_02,saas_subscription,2026-03-07,172990.95,613.81,74.36,3295.4,1729.91,167277.47
mcht_saas_03,saas_subscription,2026-03-07,295964.79,0.0,0.0,5889.14,2959.65,287116.0
mcht_saas_04,saas_subscription,2026-03-07,140305.2,460.36,0.0,2553.41,1403.05,135888.38
mcht_d2c_01,d2c_ecommerce,2026-03-08,172426.94,29209.26,789.61,3212.73,1724.27,137491.07
mcht_d2c_02,d2c_ecommerce,2026-03-08,227947.93,0.0,1507.84,4856.53,2279.48,219304.08
mcht_d2c_03,d2c_ecommerce,2026-03-08,479826.65,39315.27,0.0,8945.49,4798.27,426767.62
mcht_d2c_04,d2c_ecommerce,2026-03-08,140010.14,19424.84,0.0,2925.98,1400.1,116259.22
mcht_food_01,food_delivery,2026-03-08,212867.83,16450.8,544.36,4555.17,2128.68,189188.82
mcht_food_02,food_delivery,2026-03-08,330077.7,10723.59,843.79,6949.21,3300.78,308260.33
mcht_food_03,food_delivery,2026-03-08,519320.96,35120.38,2976.74,10764.8,5193.21,465265.83
mcht_mkt_01,marketplace,2026-03-08,768902.29,0.0,0.0,16464.05,7689.02,744749.22
mcht_mkt_02,marketplace,2026-03-08,874699.82,0.0,44906.33,16852.76,8747.0,804193.73
mcht_mkt_03,marketplace,2026-03-08,1213705.89,153959.85,0.0,25088.95,12137.06,1022520.03
mcht_mkt_04,marketplace,2026-03-08,438853.07,16636.79,7208.57,8906.25,4388.53,401712.93
mcht_saas_01,saas_subscription,2026-03-08,90001.13,225.74,68.58,1823.1,900.01,86983.7
mcht_saas_02,saas_subscription,2026-03-08,183506.05,471.26,55.47,3643.49,1835.06,177500.77
mcht_saas_03,saas_subscription,2026-03-08,299261.67,0.0,113.53,6422.67,2992.62,289732.85
mcht_saas_04,saas_subscription,2026-03-08,135776.25,392.18,70.23,2622.05,1357.76,131334.03
mcht_d2c_01,d2c_ecommerce,2026-03-09,196065.75,16577.42,1316.5,3848.58,1960.66,172362.59
mcht_d2c_02,d2c_ecommerce,2026-03-09,391981.68,43946.28,0.0,7201.05,3919.82,336914.53
mcht_d2c_03,d2c_ecommerce,2026-03-09,533399.18,67327.52,0.0,9765.2,5333.99,450972.47
mcht_d2c_04,d2c_ecommerce,2026-03-09,172120.59,0.0,0.0,3715.03,1721.21,166684.35
mcht_food_01,food_delivery,2026-03-09,204234.31,0.0,494.19,3983.63,2042.34,197714.15
mcht_food_02,food_delivery,2026-03-09,310545.37,5875.82,510.31,6296.32,3105.45,294757.47
mcht_food_03,food_delivery,2026-03-09,447383.53,7521.62,0.0,8206.82,4473.84,427181.25
mcht_mkt_01,marketplace,2026-03-09,576724.65,30207.49,5649.1,10642.09,5767.25,524458.72
mcht_mkt_02,marketplace,2026-03-09,957739.1,0.0,43729.58,20195.01,9577.39,884237.12
mcht_mkt_03,marketplace,2026-03-09,697251.7,0.0,72798.73,13668.09,6972.52,603812.36
mcht_mkt_04,marketplace,2026-03-09,308174.18,54683.48,9891.75,5738.79,3081.74,234778.42
mcht_saas_01,saas_subscription,2026-03-09,86767.38,0.0,70.48,1796.66,867.67,84032.57
mcht_saas_02,saas_subscription,2026-03-09,166724.91,507.72,0.0,3021.72,1667.25,161528.22
mcht_saas_03,saas_subscription,2026-03-09,295477.39,2972.22,135.74,5775.25,2954.77,283639.41
mcht_saas_04,saas_subscription,2026-03-09,133941.08,362.13,0.0,2876.98,1339.41,129362.56
mcht_d2c_01,d2c_ecommerce,2026-03-10,242724.97,0.0,725.1,5013.72,2427.25,234558.9
mcht_d2c_02,d2c_ecommerce,2026-03-10,337337.68,0.0,0.0,6764.06,3373.38,327200.24
mcht_d2c_03,d2c_ecommerce,2026-03-10,511753.15,0.0,2433.44,9432.62,5117.53,494769.56
mcht_d2c_04,d2c_ecommerce,2026-03-10,166603.35,0.0,788.7,3180.75,1666.03,160967.87
mcht_food_01,food_delivery,2026-03-10,80200.46,2899.92,220.71,1488.81,802.0,74789.02
mcht_food_02,food_delivery,2026-03-10,174122.94,6352.93,1194.75,3751.37,1741.23,161082.66
mcht_food_03,food_delivery,2026-03-10,214297.99,8051.03,0.0,4179.64,2142.98,199924.34
mcht_mkt_01,marketplace,2026-03-10,81120.0,30530.43,0.0,1776.28,811.2,48002.09
mcht_mkt_02,marketplace,2026-03-10,720668.67,67832.08,0.0,13302.37,7206.69,632327.53
mcht_mkt_03,marketplace,2026-03-10,850379.28,95287.66,0.0,17590.17,8503.79,728997.66
mcht_mkt_04,marketplace,2026-03-10,629967.18,25162.32,0.0,13377.24,6299.67,585127.95
mcht_saas_01,saas_subscription,2026-03-10,83281.78,313.92,0.0,1521.08,832.82,80613.96
mcht_saas_02,saas_subscription,2026-03-10,163315.62,0.0,0.0,3343.18,1633.16,158339.28
mcht_saas_03,saas_subscription,2026-03-10,274765.87,0.0,0.0,5380.92,2747.66,266637.29
mcht_saas_04,saas_subscription,2026-03-10,125930.29,0.0,51.55,2728.64,1259.3,121890.8
mcht_d2c_01,d2c_ecommerce,2026-03-11,158220.84,15219.62,0.0,3160.03,1582.21,138258.98
mcht_d2c_02,d2c_ecommerce,2026-03-11,191448.16,120430.23,678.66,3844.71,1914.48,64580.08
mcht_d2c_03,d2c_ecommerce,2026-03-11,394009.17,41219.16,4206.66,8631.88,3940.09,336011.38
mcht_d2c_04,d2c_ecommerce,2026-03-11,121921.57,36749.95,459.0,2502.21,1219.22,80991.19
mcht_food_01,food_delivery,2026-03-11,99084.7,3985.61,226.43,1942.48,990.85,91939.33
mcht_food_02,food_delivery,2026-03-11,177644.56,0.0,0.0,3875.89,1776.45,171992.22
mcht_food_03,food_delivery,2026-03-11,198866.12,8337.11,1401.62,3685.49,1988.66,183453.24
mcht_mkt_01,marketplace,2026-03-11,996671.7,0.0,33590.14,20789.92,9966.72,932324.92
mcht_mkt_02,marketplace,2026-03-11,905111.79,58072.36,11589.4,18305.75,9051.12,808093.16
mcht_mkt_03,marketplace,2026-03-11,1664201.31,0.0,55885.9,32496.72,16642.01,1559176.68
mcht_mkt_04,marketplace,2026-03-11,580809.32,30969.76,0.0,12543.05,5808.09,531488.42
mcht_saas_01,saas_subscription,2026-03-11,100540.52,295.91,0.0,1810.16,1005.41,97429.04
mcht_saas_02,saas_subscription,2026-03-11,205142.47,1686.14,129.1,4249.17,2051.42,197026.64
mcht_saas_03,saas_subscription,2026-03-11,325254.0,0.0,0.0,6251.27,3252.54,315750.19
mcht_saas_04,saas_subscription,2026-03-11,146367.85,922.68,97.27,2921.74,1463.68,140962.48
mcht_d2c_01,d2c_ecommerce,2026-03-12,142691.75,11888.29,1090.66,2785.11,1426.92,125500.77
mcht_d2c_02,d2c_ecommerce,2026-03-12,218192.23,0.0,912.17,4428.55,2181.92,210669.59
mcht_d2c_03,d2c_ecommerce,2026-03-12,390312.35,178269.92,1853.72,7356.87,3903.12,198928.72
mcht_d2c_04,d2c_ecommerce,2026-03-12,125198.68,13696.01,969.53,2597.29,1251.99,106683.86
mcht_food_01,food_delivery,2026-03-12,87513.58,5225.45,889.76,1912.37,875.14,78610.86
mcht_food_02,food_delivery,2026-03-12,192318.11,8170.04,0.0,3488.4,1923.18,178736.49
mcht_food_03,food_delivery,2026-03-12,261626.04,9669.22,0.0,5207.33,2616.26,244133.23
mcht_mkt_01,marketplace,2026-03-12,616516.97,57182.78,29098.49,12340.04,6165.17,511730.49
mcht_mkt_02,marketplace,2026-03-12,1374448.17,0.0,0.0,28003.98,13744.48,1332699.71
mcht_mkt_03,marketplace,2026-03-12,2005217.66,69426.4,85491.96,42879.99,20052.18,1787367.13
mcht_mkt_04,marketplace,2026-03-12,659289.49,0.0,20832.64,12638.34,6592.89,619225.62
mcht_saas_01,saas_subscription,2026-03-12,94991.54,220.85,35.86,1790.51,949.92,91994.4
mcht_saas_02,saas_subscription,2026-03-12,195148.57,537.15,0.0,4095.57,1951.49,188564.36
mcht_saas_03,saas_subscription,2026-03-12,305958.31,2911.31,174.52,6142.05,3059.58,293670.85
mcht_saas_04,saas_subscription,2026-03-12,138603.2,477.7,47.68,3025.06,1386.03,133666.73
mcht_d2c_01,d2c_ecommerce,2026-03-13,157104.29,0.0,861.95,3384.01,1571.04,151287.29
mcht_d2c_02,d2c_ecommerce,2026-03-13,195731.46,0.0,1938.17,4216.56,1957.31,187619.42
mcht_d2c_03,d2c_ecommerce,2026-03-13,332245.15,38409.05,1258.66,6898.55,3322.45,282356.44
mcht_d2c_04,d2c_ecommerce,2026-03-13,96213.91,9314.08,687.46,1991.55,962.14,83258.68
mcht_food_01,food_delivery,2026-03-13,103419.85,0.0,617.96,1950.22,1034.2,99817.47
mcht_food_02,food_delivery,2026-03-13,188340.76,6433.66,0.0,3901.73,1883.41,176121.96
mcht_food_03,food_delivery,2026-03-13,323148.66,0.0,0.0,5999.6,3231.49,313917.57
mcht_mkt_01,marketplace,2026-03-13,554051.14,72673.55,15899.15,10187.12,5540.51,449750.81
mcht_mkt_02,marketplace,2026-03-13,661946.53,93172.56,6019.6,11973.56,6619.47,544161.34
mcht_mkt_03,marketplace,2026-03-13,884516.32,98431.9,0.0,16117.86,8845.16,761121.4
mcht_mkt_04,marketplace,2026-03-13,551728.28,21788.67,4740.23,10294.07,5517.28,509388.03
mcht_saas_01,saas_subscription,2026-03-13,98623.29,267.71,47.69,2128.1,986.23,95193.56
mcht_saas_02,saas_subscription,2026-03-13,182024.01,0.0,60.03,3652.55,1820.24,176491.19
mcht_saas_03,saas_subscription,2026-03-13,331717.24,0.0,0.0,6693.85,3317.17,321706.22
mcht_saas_04,saas_subscription,2026-03-13,141035.45,0.0,57.06,3032.4,1410.35,136535.64
mcht_d2c_01,d2c_ecommerce,2026-03-14,148615.98,65085.11,625.93,3134.5,1486.16,78284.28
mcht_d2c_02,d2c_ecommerce,2026-03-14,208461.4,0.0,926.74,4272.55,2084.61,201177.5
mcht_d2c_03,d2c_ecommerce,2026-03-14,374435.43,37626.3,1189.43,7693.19,3744.35,324182.16
mcht_d2c_04,d2c_ecommerce,2026-03-14,111475.17,36325.2,0.0,2226.38,1114.75,71808.84
mcht_food_01,food_delivery,2026-03-14,142396.38,4480.72,254.52,2662.67,1423.96,133574.51
mcht_food_02,food_delivery,2026-03-14,274891.95,24925.04,1126.96,5208.84,2748.92,240882.19
mcht_food_03,food_delivery,2026-03-14,300648.21,9036.71,1451.69,5542.79,3006.48,281610.54
mcht_mkt_01,marketplace,2026-03-14,714842.54,0.0,21863.68,12919.19,7148.43,672911.24
mcht_mkt_02,marketplace,2026-03-14,608621.66,102420.63,22149.48,11042.8,6086.22,466922.53
mcht_mkt_03,marketplace,2026-03-14,1425047.97,0.0,24700.29,30742.83,14250.48,1355354.37
mcht_mkt_04,marketplace,2026-03-14,400620.79,0.0,0.0,7867.57,4006.21,388747.01
mcht_saas_01,saas_subscription,2026-03-14,94408.89,248.61,38.98,1943.42,944.09,91233.79
mcht_saas_02,saas_subscription,2026-03-14,177010.17,391.44,131.66,3613.8,1770.1,171103.17
mcht_saas_03,saas_subscription,2026-03-14,317167.19,893.11,408.2,6546.92,3171.67,306147.29
mcht_saas_04,saas_subscription,2026-03-14,142958.2,394.53,0.0,3045.14,1429.58,138088.95
mcht_d2c_01,d2c_ecommerce,2026-03-15,162528.13,15373.44,0.0,3267.65,1625.28,142261.76
mcht_d2c_02,d2c_ecommerce,2026-03-15,225626.77,0.0,944.59,4939.99,2256.27,217485.92
mcht_d2c_03,d2c_ecommerce,2026-03-15,413550.71,40391.2,3413.01,8487.95,4135.51,357123.04
mcht_d2c_04,d2c_ecommerce,2026-03-15,132854.33,11241.68,1343.48,2599.17,1328.54,116341.46
mcht_food_01,food_delivery,2026-03-15,212149.68,8000.98,469.2,4620.06,2121.5,196937.94
mcht_food_02,food_delivery,2026-03-15,380554.46,0.0,411.49,7471.32,3805.54,368866.11
mcht_food_03,food_delivery,2026-03-15,497675.14,22168.71,0.0,10347.26,4976.75,460182.42
mcht_mkt_01,marketplace,2026-03-15,591468.6,53561.66,23755.45,11934.73,5914.69,496302.07
mcht_mkt_02,marketplace,2026-03-15,863701.49,0.0,43012.8,16611.54,8637.01,795440.14
mcht_mkt_03,marketplace,2026-03-15,1207729.88,117749.1,26475.54,23037.02,12077.3,1028390.92
mcht_mkt_04,marketplace,2026-03-15,367721.74,25044.69,0.0,7915.68,3677.22,331084.15
mcht_saas_01,saas_subscription,2026-03-15,89265.9,560.66,0.0,1668.19,892.66,86144.39
mcht_saas_02,saas_subscription,2026-03-15,174792.07,0.0,65.7,3423.17,1747.92,169555.28
mcht_saas_03,saas_subscription,2026-03-15,310349.04,1056.41,0.0,6120.71,3103.49,300068.43
mcht_saas_04,saas_subscription,2026-03-15,145945.55,787.51,0.0,3128.9,1459.46,140569.68
mcht_d2c_01,d2c_ecommerce,2026-03-16,263536.34,19228.79,578.99,5745.15,2635.36,235348.05
mcht_d2c_02,d2c_ecommerce,2026-03-16,313518.8,54459.33,2839.7,6736.08,3135.19,246348.5
mcht_d2c_03,d2c_ecommerce,2026-03-16,725365.76,0.0,0.0,13656.33,7253.66,704455.77
mcht_d2c_04,d2c_ecommerce,2026-03-16,197191.46,0.0,0.0,4150.78,1971.91,191068.77
mcht_food_01,food_delivery,2026-03-16,212725.34,12132.31,496.94,4637.35,2127.25,193331.49
mcht_food_02,food_delivery,2026-03-16,333188.32,9285.15,1245.89,6827.9,3331.88,312497.5
mcht_food_03,food_delivery,2026-03-16,413734.21,14315.5,1088.93,7708.7,4137.34,386483.74
mcht_mkt_01,marketplace,2026-03-16,650728.45,0.0,12709.27,12790.33,6507.28,618721.57
mcht_mkt_02,marketplace,2026-03-16,573694.82,77146.51,28683.36,11724.2,5736.95,450403.8
mcht_mkt_03,marketplace,2026-03-16,1116701.8,69227.5,0.0,20290.66,11167.02,1016016.62
mcht_mkt_04,marketplace,2026-03-16,676357.81,32459.23,0.0,13256.12,6763.58,623878.88
mcht_saas_01,saas_subscription,2026-03-16,85837.66,278.08,85.07,1850.75,858.38,82765.38
mcht_saas_02,saas_subscription,2026-03-16,169790.0,553.19,80.19,3084.24,1697.9,164374.48
mcht_saas_03,saas_subscription,2026-03-16,296111.87,846.2,251.57,5588.03,2961.12,286464.95
mcht_saas_04,saas_subscription,2026-03-16,130424.61,313.05,40.79,2546.87,1304.25,126219.65
mcht_d2c_01,d2c_ecommerce,2026-03-17,236884.3,38734.22,0.0,4666.02,2368.84,191115.22
mcht_d2c_02,d2c_ecommerce,2026-03-17,391683.87,24360.9,863.41,7386.75,3916.84,355155.97
mcht_d2c_03,d2c_ecommerce,2026-03-17,640222.72,39642.47,0.0,13007.65,6402.23,581170.37
mcht_d2c_04,d2c_ecommerce,2026-03-17,199818.55,11530.07,2243.87,3836.52,1998.19,180209.9
mcht_food_01,food_delivery,2026-03-17,83946.23,3678.65,0.0,1561.14,839.46,77866.98
mcht_food_02,food_delivery,2026-03-17,144092.92,3994.33,1041.41,3004.21,1440.93,134612.04
mcht_food_03,food_delivery,2026-03-17,256734.74,11048.3,1791.38,4780.19,2567.35,236547.52
mcht_mkt_01,marketplace,2026-03-17,467472.11,69925.21,9420.64,9990.19,4674.72,373461.35
mcht_mkt_02,marketplace,2026-03-17,415325.42,89009.37,0.0,9075.08,4153.25,313087.72
mcht_mkt_03,marketplace,2026-03-17,1904781.76,192225.38,35276.37,38571.1,19047.82,1619661.09
mcht_mkt_04,marketplace,2026-03-17,423570.72,55585.17,12592.67,7807.83,4235.71,343349.34
mcht_saas_01,saas_subscription,2026-03-17,86250.55,0.0,0.0,1714.65,862.51,83673.39
mcht_saas_02,saas_subscription,2026-03-17,161522.7,560.49,0.0,2971.99,1615.23,156374.99
mcht_saas_03,saas_subscription,2026-03-17,283505.25,1804.82,369.2,6086.11,2835.05,272410.07
mcht_saas_04,saas_subscription,2026-03-17,123299.83,803.9,57.99,2592.49,1233.0,118612.45
mcht_d2c_01,d2c_ecommerce,2026-03-18,148394.83,16654.32,828.55,3138.89,1483.95,126289.12
mcht_d2c_02,d2c_ecommerce,2026-03-18,194168.19,47840.04,623.72,3682.35,1941.68,140080.4
mcht_d2c_03,d2c_ecommerce,2026-03-18,344097.51,60341.78,4307.34,7054.74,3440.98,268952.67
mcht_d2c_04,d2c_ecommerce,2026-03-18,142693.81,13435.48,0.0,2687.24,1426.94,125144.15
mcht_food_01,food_delivery,2026-03-18,85200.43,0.0,210.88,1795.84,852.0,82341.71
mcht_food_02,food_delivery,2026-03-18,165372.91,13131.8,812.78,3532.49,1653.73,146242.11
mcht_food_03,food_delivery,2026-03-18,247434.8,19641.41,768.38,5040.27,2474.35,219510.39
mcht_mkt_01,marketplace,2026-03-18,340591.02,29665.94,19350.43,7005.69,3405.91,281163.05
mcht_mkt_02,marketplace,2026-03-18,855247.41,0.0,12759.29,15705.02,8552.47,818230.63
mcht_mkt_03,marketplace,2026-03-18,1061879.54,65507.94,0.0,20066.78,10618.8,965686.02
mcht_mkt_04,marketplace,2026-03-18,263098.48,26920.79,0.0,5772.03,2630.98,227774.68
mcht_saas_01,saas_subscription,2026-03-18,104035.48,326.31,0.0,2070.76,1040.35,100598.06
mcht_saas_02,saas_subscription,2026-03-18,190468.53,1528.22,78.01,3927.46,1904.69,183030.15
mcht_saas_03,saas_subscription,2026-03-18,329430.77,1084.42,0.0,6385.69,3294.31,318666.35
mcht_saas_04,saas_subscription,2026-03-18,144829.78,433.91,71.15,2941.4,1448.3,139935.02
mcht_d2c_01,d2c_ecommerce,2026-03-19,167793.5,25237.95,0.0,3133.0,1677.93,137744.62
mcht_d2c_02,d2c_ecommerce,2026-03-19,227077.51,20425.1,0.0,4400.56,2270.78,199981.07
mcht_d2c_03,d2c_ecommerce,2026-03-19,392387.74,33070.25,0.0,7958.26,3923.88,347435.35
mcht_d2c_04,d2c_ecommerce,2026-03-19,106737.29,0.0,563.81,2154.31,1067.37,102951.8
mcht_food_01,food_delivery,2026-03-19,92846.61,7500.33,0.0,1830.84,928.47,82586.97
mcht_food_02,food_delivery,2026-03-19,206016.47,6145.34,1633.06,4289.58,2060.16,191888.33
mcht_food_03,food_delivery,2026-03-19,249990.0,11286.85,1009.94,4543.41,2499.9,230649.9
mcht_mkt_01,marketplace,2026-03-19,634626.42,0.0,18892.05,12519.65,6346.26,596868.46
mcht_mkt_02,marketplace,2026-03-19,1458875.61,56690.13,35576.03,30363.07,14588.76,1321657.62
mcht_mkt_03,marketplace,2026-03-19,1799372.12,0.0,34039.55,35693.81,17993.72,1711645.04
mcht_mkt_04,marketplace,2026-03-19,636862.71,49264.01,10800.57,12736.43,6368.63,557693.07
mcht_saas_01,saas_subscription,2026-03-19,104323.76,0.0,49.92,2268.22,1043.24,100962.38
mcht_saas_02,saas_subscription,2026-03-19,194890.38,0.0,148.68,4284.12,1948.9,188508.68
mcht_saas_03,saas_subscription,2026-03-19,320921.67,1212.31,0.0,6961.36,3209.22,309538.78
mcht_saas_04,saas_subscription,2026-03-19,147850.21,446.26,0.0,3086.93,1478.5,142838.52
mcht_d2c_01,d2c_ecommerce,2026-03-20,132948.69,0.0,919.76,2545.06,1329.49,128154.38
mcht_d2c_02,d2c_ecommerce,2026-03-20,204846.34,39019.04,1573.96,4008.04,2048.46,158196.84
mcht_d2c_03,d2c_ecommerce,2026-03-20,327905.84,0.0,0.0,6146.48,3279.06,318480.3
mcht_d2c_04,d2c_ecommerce,2026-03-20,112126.71,0.0,465.23,2138.31,1121.27,108401.9
mcht_food_01,food_delivery,2026-03-20,105254.13,5065.47,455.88,2101.81,1052.54,96578.43
mcht_food_02,food_delivery,2026-03-20,179316.88,9587.29,478.13,3785.31,1793.17,163672.98
mcht_food_03,food_delivery,2026-03-20,240429.67,11887.92,0.0,4359.46,2404.3,221777.99
mcht_mkt_01,marketplace,2026-03-20,727891.85,43667.33,0.0,13760.09,7278.92,663185.51
mcht_mkt_02,marketplace,2026-03-20,843845.33,62505.05,0.0,17527.4,8438.45,755374.43
mcht_mkt_03,marketplace,2026-03-20,1238749.23,83080.12,36458.99,26272.95,12387.49,1080549.68
mcht_mkt_04,marketplace,2026-03-20,431792.19,21527.14,0.0,8363.59,4317.92,397583.54
mcht_saas_01,saas_subscription,2026-03-20,104805.89,859.39,0.0,1911.44,1048.06,100987.0
mcht_saas_02,saas_subscription,2026-03-20,183012.87,574.22,62.48,3305.8,1830.13,177240.24
mcht_saas_03,saas_subscription,2026-03-20,312414.52,0.0,257.39,5882.58,3124.15,303150.4
mcht_saas_04,saas_subscription,2026-03-20,135744.36,0.0,113.55,2539.93,1357.44,131733.44
mcht_d2c_01,d2c_ecommerce,2026-03-21,147278.65,18060.38,0.0,2850.19,1472.79,124895.29
mcht_d2c_02,d2c_ecommerce,2026-03-21,254850.66,40226.73,677.25,5151.04,2548.51,206247.13
mcht_d2c_03,d2c_ecommerce,2026-03-21,372070.39,65567.3,1428.93,7773.38,3720.7,293580.08
mcht_d2c_04,d2c_ecommerce,2026-03-21,130430.98,68517.04,433.64,2365.1,1304.31,57810.89
mcht_food_01,food_delivery,2026-03-21,168944.85,0.0,220.05,3378.01,1689.45,163657.34
mcht_food_02,food_delivery,2026-03-21,231633.31,0.0,658.13,4724.46,2316.33,223934.39
mcht_food_03,food_delivery,2026-03-21,309097.68,21143.91,575.8,6097.19,3090.98,278189.8
mcht_mkt_01,marketplace,2026-03-21,420449.77,0.0,0.0,8376.07,4204.5,407869.2
mcht_mkt_02,marketplace,2026-03-21,959675.93,0.0,19236.05,19844.08,9596.76,910999.04
mcht_mkt_03,marketplace,2026-03-21,1166660.42,121530.36,0.0,24693.75,11666.6,1008769.71
mcht_mkt_04,marketplace,2026-03-21,649962.27,0.0,22345.59,14022.6,6499.62,607094.46
mcht_saas_01,saas_subscription,2026-03-21,96102.33,283.16,110.6,1812.56,961.02,92934.99
mcht_saas_02,saas_subscription,2026-03-21,191589.93,511.74,69.62,3875.93,1915.9,185216.74
mcht_saas_03,saas_subscription,2026-03-21,332869.55,933.93,0.0,6737.36,3328.7,321869.56
mcht_saas_04,saas_subscription,2026-03-21,142157.35,466.12,176.79,2974.72,1421.57,137118.15
mcht_d2c_01,d2c_ecommerce,2026-03-22,182313.18,0.0,452.82,3358.81,1823.13,176678.42
mcht_d2c_02,d2c_ecommerce,2026-03-22,238460.81,36079.83,0.0,4514.08,2384.61,195482.29
mcht_d2c_03,d2c_ecommerce,2026-03-22,464496.85,71417.65,3036.99,8497.03,4644.97,376900.21
mcht_d2c_04,d2c_ecommerce,2026-03-22,129493.86,9414.96,0.0,2357.6,1294.94,116426.36
mcht_food_01,food_delivery,2026-03-22,213837.35,15787.14,401.53,4677.37,2138.37,190832.94
mcht_food_02,food_delivery,2026-03-22,334847.36,11829.27,0.0,6184.04,3348.47,313485.58
mcht_food_03,food_delivery,2026-03-22,514693.54,0.0,0.0,10016.13,5146.94,499530.47
mcht_mkt_01,marketplace,2026-03-22,394868.24,41223.44,13525.18,7365.07,3948.68,328805.87
mcht_mkt_02,marketplace,2026-03-22,280500.41,19150.71,34749.24,5628.13,2805.0,218167.33
mcht_mkt_03,marketplace,2026-03-22,1638353.3,112866.86,0.0,33424.93,16383.53,1475677.98
mcht_mkt_04,marketplace,2026-03-22,458798.3,28287.58,0.0,9960.33,4587.98,415962.41
mcht_saas_01,saas_subscription,2026-03-22,90520.47,0.0,38.34,1841.47,905.2,87735.46
mcht_saas_02,saas_subscription,2026-03-22,176848.2,471.96,0.0,3714.53,1768.48,170893.23
mcht_saas_03,saas_subscription,2026-03-22,308528.81,1790.51,267.1,6215.76,3085.29,297170.15
mcht_saas_04,saas_subscription,2026-03-22,140341.32,375.81,49.64,3063.7,1403.41,135448.76
mcht_d2c_01,d2c_ecommerce,2026-03-23,222100.77,0.0,1171.59,4443.62,2221.01,214264.55
mcht_d2c_02,d2c_ecommerce,2026-03-23,356732.71,0.0,0.0,6738.46,3567.33,346426.92
mcht_d2c_03,d2c_ecommerce,2026-03-23,636985.5,0.0,0.0,12972.08,6369.86,617643.56
mcht_d2c_04,d2c_ecommerce,2026-03-23,182131.43,13493.88,0.0,3784.7,1821.31,163031.54
mcht_food_01,food_delivery,2026-03-23,203303.63,0.0,593.18,3809.63,2033.04,196867.78
mcht_food_02,food_delivery,2026-03-23,315487.35,17930.89,604.81,5705.82,3154.87,288090.96
mcht_food_03,food_delivery,2026-03-23,390607.66,13673.9,1305.89,7881.87,3906.08,363839.92
mcht_mkt_01,marketplace,2026-03-23,730409.38,28058.71,88258.87,15096.14,7304.09,591691.57
mcht_mkt_02,marketplace,2026-03-23,1024925.92,16821.4,20723.08,22412.37,10249.26,954719.81
mcht_mkt_03,marketplace,2026-03-23,1269337.19,80596.05,25526.92,27813.07,12693.37,1122707.78
mcht_mkt_04,marketplace,2026-03-23,431520.27,50114.97,24364.47,8624.89,4315.2,344100.74
mcht_saas_01,saas_subscription,2026-03-23,83075.74,258.62,0.0,1560.32,830.76,80426.04
mcht_saas_02,saas_subscription,2026-03-23,175768.14,1005.15,144.56,3745.11,1757.68,169115.64
mcht_saas_03,saas_subscription,2026-03-23,284556.02,0.0,0.0,6065.2,2845.56,275645.26
mcht_saas_04,saas_subscription,2026-03-23,131790.5,0.0,42.51,2531.78,1317.9,127898.31
mcht_d2c_01,d2c_ecommerce,2026-03-24,246772.15,12833.77,601.37,4631.68,2467.72,226237.61
mcht_d2c_02,d2c_ecommerce,2026-03-24,342781.29,0.0,1068.51,6693.0,3427.81,331591.97
mcht_d2c_03,d2c_ecommerce,2026-03-24,575958.52,93898.23,1512.76,11372.32,5759.59,463415.62
mcht_d2c_04,d2c_ecommerce,2026-03-24,169396.38,20871.63,442.26,3708.52,1693.96,142680.01
mcht_food_01,food_delivery,2026-03-24,83954.55,3298.73,400.05,1770.79,839.55,77645.43
mcht_food_02,food_delivery,2026-03-24,151884.58,6331.21,501.58,3055.79,1518.85,140477.15
mcht_food_03,food_delivery,2026-03-24,181937.29,13206.54,2721.43,3997.88,1819.37,160192.07
mcht_mkt_01,marketplace,2026-03-24,461670.97,26433.38,9610.05,9428.67,4616.71,411582.16
mcht_mkt_02,marketplace,2026-03-24,953254.22,48018.04,19766.51,19071.85,9532.54,856865.28
mcht_mkt_03,marketplace,2026-03-24,1159095.26,0.0,0.0,23013.84,11590.95,1124490.47
mcht_mkt_04,marketplace,2026-03-24,665593.99,6697.58,13047.76,12797.29,6655.94,626395.42
mcht_saas_01,saas_subscription,2026-03-24,86140.9,0.0,65.93,1784.68,861.41,83428.88
mcht_saas_02,saas_subscription,2026-03-24,163620.8,0.0,0.0,3302.0,1636.21,158682.59
mcht_saas_03,saas_subscription,2026-03-24,282636.46,875.89,114.26,5244.43,2826.36,273575.52
mcht_saas_04,saas_subscription,2026-03-24,125225.03,1063.13,0.0,2748.02,1252.25,120161.63
mcht_d2c_01,d2c_ecommerce,2026-03-25,137897.56,40183.01,1387.99,2831.97,1378.98,92115.61
mcht_d2c_02,d2c_ecommerce,2026-03-25,265279.57,0.0,772.7,5488.13,2652.8,256365.94
mcht_d2c_03,d2c_ecommerce,2026-03-25,370643.16,39281.53,1434.68,7042.64,3706.43,319177.88
mcht_d2c_04,d2c_ecommerce,2026-03-25,78277.99,29754.48,1037.67,1551.37,782.78,45151.69
mcht_food_01,food_delivery,2026-03-25,92386.29,2411.32,0.0,1665.05,923.86,87386.06
mcht_food_02,food_delivery,2026-03-25,177931.25,0.0,1968.87,3712.03,1779.31,170471.04
mcht_food_03,food_delivery,2026-03-25,222776.93,0.0,819.21,4397.36,2227.77,215332.59
mcht_mkt_01,marketplace,2026-03-25,487817.46,25535.42,0.0,10361.38,4878.17,447042.49
mcht_mkt_02,marketplace,2026-03-25,363207.76,26146.0,0.0,7755.64,3632.08,325674.04
mcht_mkt_03,marketplace,2026-03-25,1790245.5,158272.59,0.0,32506.48,17902.46,1581563.97
mcht_mkt_04,marketplace,2026-03-25,235771.59,0.0,0.0,4699.05,2357.72,228714.82
mcht_saas_01,saas_subscription,2026-03-25,99336.21,1043.81,132.67,1873.12,993.36,95293.25
mcht_saas_02,saas_subscription,2026-03-25,197793.05,535.08,0.0,4050.74,1977.93,191229.3
mcht_saas_03,saas_subscription,2026-03-25,322311.45,952.0,0.0,6974.74,3223.11,311161.6
mcht_saas_04,saas_subscription,2026-03-25,152169.59,417.2,45.5,2969.36,1521.7,147215.83
mcht_d2c_01,d2c_ecommerce,2026-03-26,128278.28,21999.55,678.83,2406.55,1282.78,101910.57
mcht_d2c_02,d2c_ecommerce,2026-03-26,230978.9,45050.89,660.59,4793.39,2309.79,178164.24
mcht_d2c_03,d2c_ecommerce,2026-03-26,372179.68,84101.95,2645.21,7901.21,3721.8,273809.51
mcht_d2c_04,d2c_ecommerce,2026-03-26,114025.01,0.0,401.02,2119.52,1140.25,110364.22
mcht_food_01,food_delivery,2026-03-26,107568.9,7682.91,0.0,2206.72,1075.69,96603.58
mcht_food_02,food_delivery,2026-03-26,186849.99,5323.22,0.0,3444.67,1868.5,176213.6
mcht_food_03,food_delivery,2026-03-26,246727.43,8630.9,1809.15,5009.61,2467.27,228810.5
mcht_mkt_01,marketplace,2026-03-26,512857.85,14262.12,0.0,10153.62,5128.58,483313.53
mcht_mkt_02,marketplace,2026-03-26,506031.25,0.0,41691.02,9639.94,5060.31,449639.98
mcht_mkt_03,marketplace,2026-03-26,1802895.93,68203.21,0.0,38361.48,18028.96,1678302.28
mcht_mkt_04,marketplace,2026-03-26,391388.64,34040.45,0.0,7388.29,3913.89,346046.01
mcht_saas_01,saas_subscription,2026-03-26,97650.96,0.0,31.88,1796.45,976.51,94846.12
mcht_saas_02,saas_subscription,2026-03-26,183401.88,1049.05,107.05,3812.36,1834.02,176599.4
mcht_saas_03,saas_subscription,2026-03-26,335981.48,1049.11,152.9,6761.87,3359.81,324657.79
mcht_saas_04,saas_subscription,2026-03-26,146296.88,0.0,0.0,2750.22,1462.97,142083.69
mcht_d2c_01,d2c_ecommerce,2026-03-27,151488.13,17059.03,0.0,2801.63,1514.88,130112.59
mcht_d2c_02,d2c_ecommerce,2026-03-27,210886.49,26803.08,2874.7,4619.36,2108.86,174480.49
mcht_d2c_03,d2c_ecommerce,2026-03-27,378465.3,0.0,2192.87,7078.65,3784.65,365409.13
mcht_d2c_04,d2c_ecommerce,2026-03-27,115142.98,10675.3,0.0,2449.36,1151.43,100866.89
mcht_food_01,food_delivery,2026-03-27,107092.44,4208.34,0.0,2207.25,1070.92,99605.93
mcht_food_02,food_delivery,2026-03-27,199989.12,16265.71,893.94,3943.22,1999.89,176886.36
mcht_food_03,food_delivery,2026-03-27,279545.02,11982.7,0.0,6059.69,2795.45,258707.18
mcht_mkt_01,marketplace,2026-03-27,488819.68,56982.83,0.0,9343.59,4888.2,417605.06
mcht_mkt_02,marketplace,2026-03-27,432438.05,45308.15,21328.83,9178.6,4324.38,352298.09
mcht_mkt_03,marketplace,2026-03-27,1528629.6,0.0,35937.0,28868.44,15286.3,1448537.86
mcht_mkt_04,marketplace,2026-03-27,295582.9,0.0,8643.67,5885.93,2955.83,278097.47
mcht_saas_01,saas_subscription,2026-03-27,95239.26,281.81,177.57,1793.16,952.39,92034.33
mcht_saas_02,saas_subscription,2026-03-27,179210.99,517.76,64.5,3841.54,1792.11,172995.08
mcht_saas_03,saas_subscription,2026-03-27,310347.16,1006.92,115.06,6313.84,3103.47,299807.87
mcht_saas_04,saas_subscription,2026-03-27,139688.75,0.0,122.83,2577.14,1396.89,135591.89
mcht_d2c_01,d2c_ecommerce,2026-03-28,159738.0,43390.15,0.0,3494.48,1597.38,111255.99
mcht_d2c_02,d2c_ecommerce,2026-03-28,252923.59,0.0,0.0,4757.41,2529.24,245636.94
mcht_d2c_03,d2c_ecommerce,2026-03-28,388710.96,85769.65,988.88,8447.44,3887.11,289617.88
mcht_d2c_04,d2c_ecommerce,2026-03-28,139629.84,0.0,0.0,2659.35,1396.3,135574.19
mcht_food_01,food_delivery,2026-03-28,137108.55,0.0,342.94,2881.31,1371.09,132513.21
mcht_food_02,food_delivery,2026-03-28,255822.38,15125.82,0.0,4866.95,2558.22,233271.39
mcht_food_03,food_delivery,2026-03-28,325782.17,29245.6,0.0,6493.72,3257.82,286785.03
mcht_mkt_01,marketplace,2026-03-28,263309.55,82805.24,13882.99,5620.5,2633.1,158367.72
mcht_mkt_02,marketplace,2026-03-28,288011.04,0.0,0.0,6332.26,2880.11,278798.67
mcht_mkt_03,marketplace,2026-03-28,175950.0,81641.9,0.0,3291.14,1759.5,89257.46
mcht_mkt_04,marketplace,2026-03-28,130516.16,0.0,19099.14,2469.07,1305.16,107642.79
mcht_saas_01,saas_subscription,2026-03-28,94625.5,281.95,0.0,1863.26,946.25,91534.04
mcht_saas_02,saas_subscription,2026-03-28,182316.92,0.0,0.0,3370.89,1823.17,177122.86
mcht_saas_03,saas_subscription,2026-03-28,314349.42,966.33,133.43,6299.77,3143.49,303806.4
mcht_saas_04,saas_subscription,2026-03-28,147253.62,805.27,50.78,3112.92,1472.54,141812.11
mcht_d2c_01,d2c_ecommerce,2026-03-29,197624.45,0.0,633.37,4077.58,1976.24,190937.26
mcht_d2c_02,d2c_ecommerce,2026-03-29,332021.54,37728.01,825.41,6498.14,3320.22,283649.76
mcht_d2c_03,d2c_ecommerce,2026-03-29,437668.51,0.0,1032.22,9426.62,4376.69,422832.98
mcht_d2c_04,d2c_ecommerce,2026-03-29,140084.55,19591.51,327.25,3079.41,1400.85,115685.53
mcht_food_01,food_delivery,2026-03-29,188043.18,15349.68,578.15,4081.26,1880.43,166153.66
mcht_food_02,food_delivery,2026-03-29,374830.9,0.0,441.5,7597.21,3748.31,363043.88
mcht_food_03,food_delivery,2026-03-29,522240.8,13773.39,0.0,11032.07,5222.41,492212.93
mcht_mkt_01,marketplace,2026-03-29,425951.27,0.0,0.0,8844.45,4259.51,412847.31
mcht_mkt_02,marketplace,2026-03-29,467840.07,26604.68,17414.38,10124.22,4678.4,409018.39
mcht_mkt_03,marketplace,2026-03-29,1298865.15,58932.41,22255.84,23743.31,12988.65,1180944.94
mcht_mkt_04,marketplace,2026-03-29,544647.59,23636.07,0.0,11159.18,5446.48,504405.86
mcht_saas_01,saas_subscription,2026-03-29,95878.8,0.0,0.0,1793.37,958.79,93126.64
mcht_saas_02,saas_subscription,2026-03-29,181282.66,0.0,82.96,3934.69,1812.83,175452.18
mcht_saas_03,saas_subscription,2026-03-29,312867.63,0.0,145.48,5676.7,3128.68,303916.77
mcht_saas_04,saas_subscription,2026-03-29,135848.99,0.0,0.0,2746.77,1358.49,131743.73
mcht_d2c_01,d2c_ecommerce,2026-03-30,247040.53,33922.12,2291.42,5372.09,2470.41,202984.49
mcht_d2c_02,d2c_ecommerce,2026-03-30,291526.86,0.0,0.0,6372.4,2915.27,282239.19
mcht_d2c_03,d2c_ecommerce,2026-03-30,622281.36,31309.54,0.0,12098.61,6222.81,572650.4
mcht_d2c_04,d2c_ecommerce,2026-03-30,159465.89,9822.42,500.12,3229.67,1594.66,144319.02
mcht_food_01,food_delivery,2026-03-30,177357.3,0.0,198.53,3727.22,1773.57,171657.98
mcht_food_02,food_delivery,2026-03-30,278016.58,15989.15,765.45,5438.56,2780.17,253043.25
mcht_food_03,food_delivery,2026-03-30,410668.81,9141.51,2962.57,8293.3,4106.69,386164.74
mcht_mkt_01,marketplace,2026-03-30,563916.57,0.0,19669.51,11744.6,5639.17,526863.29
mcht_mkt_02,marketplace,2026-03-30,596761.73,0.0,22028.49,11467.54,5967.62,557298.08
mcht_mkt_03,marketplace,2026-03-30,1240339.72,71491.28,0.0,23952.94,12403.4,1132492.1
mcht_mkt_04,marketplace,2026-03-30,356832.22,27347.06,0.0,7507.59,3568.32,318409.25
mcht_saas_01,saas_subscription,2026-03-30,88738.51,510.88,34.48,1645.1,887.39,85660.66
mcht_saas_02,saas_subscription,2026-03-30,167588.69,399.26,0.0,3034.04,1675.89,162479.5
mcht_saas_03,saas_subscription,2026-03-30,291406.01,869.75,103.5,5824.73,2914.06,281693.97
mcht_saas_04,saas_subscription,2026-03-30,133028.08,1241.35,99.4,2557.93,1330.28,127799.12
mcht_d2c_01,d2c_ecommerce,2026-03-31,238724.97,0.0,0.0,4764.84,2387.25,231572.88
mcht_d2c_02,d2c_ecommerce,2026-03-31,309217.03,0.0,737.88,6419.36,3092.17,298967.62
mcht_d2c_03,d2c_ecommerce,2026-03-31,608509.45,30264.83,0.0,11695.92,6085.09,560463.61
mcht_d2c_04,d2c_ecommerce,2026-03-31,172460.62,0.0,378.15,3264.77,1724.61,167093.09
mcht_food_01,food_delivery,2026-03-31,86178.21,5854.11,1051.06,1803.59,861.78,76607.67
mcht_food_02,food_delivery,2026-03-31,166768.92,5400.89,0.0,3136.23,1667.69,156564.11
mcht_food_03,food_delivery,2026-03-31,218357.46,6658.66,1852.43,4486.99,2183.57,203175.81
mcht_mkt_01,marketplace,2026-03-31,579432.66,0.0,0.0,11653.75,5794.33,561984.58
mcht_mkt_02,marketplace,2026-03-31,411881.07,75663.45,9680.54,8807.92,4118.81,313610.35
mcht_mkt_03,marketplace,2026-03-31,1182657.14,77506.46,64168.89,22830.77,11826.57,1006324.45
mcht_mkt_04,marketplace,2026-03-31,576761.79,32974.52,0.0,12618.23,5767.62,525401.42
mcht_saas_01,saas_subscription,2026-03-31,85120.23,318.69,0.0,1825.07,851.2,82125.27
mcht_saas_02,saas_subscription,2026-03-31,156164.92,1054.54,159.33,3333.31,1561.65,150056.09
mcht_saas_03,saas_subscription,2026-03-31,279738.0,881.84,129.51,5330.18,2797.38,270599.09
mcht_saas_04,saas_subscription,2026-03-31,117467.13,0.0,58.42,2400.3,1174.67,113833.74
mcht_d2c_01,d2c_ecommerce,2026-04-01,145760.68,20767.1,2025.18,2643.17,1457.61,118867.62
mcht_d2c_02,d2c_ecommerce,2026-04-01,205696.4,64444.36,843.04,4189.85,2056.96,134162.19
mcht_d2c_03,d2c_ecommerce,2026-04-01,368672.48,48995.01,3329.55,6838.85,3686.72,305822.35
mcht_d2c_04,d2c_ecommerce,2026-04-01,84697.9,7789.1,817.16,1692.6,846.98,73552.06
mcht_food_01,food_delivery,2026-04-01,85566.66,0.0,549.58,1627.06,855.67,82534.35
mcht_food_02,food_delivery,2026-04-01,151617.02,6631.64,326.18,2731.77,1516.17,140411.26
mcht_food_03,food_delivery,2026-04-01,226889.69,8733.57,671.93,4930.32,2268.9,210284.97
mcht_mkt_01,marketplace,2026-04-01,769705.25,24204.81,4917.94,16551.68,7697.05,716333.77
mcht_mkt_02,marketplace,2026-04-01,333284.11,70723.93,0.0,6126.1,3332.84,253101.24
mcht_mkt_03,marketplace,2026-04-01,1484350.82,62252.83,108982.59,28515.99,14843.51,1269755.9
mcht_mkt_04,marketplace,2026-04-01,522221.37,47276.64,26566.39,11160.02,5222.21,431996.11
mcht_saas_01,saas_subscription,2026-04-01,98702.32,0.0,68.35,1903.14,987.02,95743.81
mcht_saas_02,saas_subscription,2026-04-01,185264.4,605.04,99.23,3391.63,1852.64,179315.86
mcht_saas_03,saas_subscription,2026-04-01,331800.33,1040.56,265.7,6427.22,3318.0,320748.85
mcht_saas_04,saas_subscription,2026-04-01,155154.03,441.49,0.0,2998.88,1551.54,150162.12
mcht_d2c_01,d2c_ecommerce,2026-04-02,141018.56,0.0,545.7,2862.32,1410.19,136200.35
mcht_d2c_02,d2c_ecommerce,2026-04-02,206089.98,83109.89,0.0,4154.48,2060.9,116764.71
mcht_d2c_03,d2c_ecommerce,2026-04-02,321160.75,76897.36,0.0,6958.05,3211.61,234093.73
mcht_d2c_04,d2c_ecommerce,2026-04-02,97514.89,40337.13,419.09,1886.09,975.15,53897.43
mcht_food_01,food_delivery,2026-04-02,103804.7,8541.93,0.0,2280.73,1038.05,91943.99
mcht_food_02,food_delivery,2026-04-02,172239.08,0.0,428.95,3321.82,1722.39,166765.92
mcht_food_03,food_delivery,2026-04-02,256979.44,8855.01,938.4,4626.35,2569.79,239989.89
mcht_mkt_01,marketplace,2026-04-02,925203.85,108008.25,0.0,17496.65,9252.04,790446.91
mcht_mkt_02,marketplace,2026-04-02,451274.99,20689.53,55906.35,9346.28,4512.75,360820.08
mcht_mkt_03,marketplace,2026-04-02,1395391.12,0.0,22469.77,28427.98,13953.91,1330539.46
mcht_mkt_04,marketplace,2026-04-02,575167.94,26807.91,23051.36,10551.19,5751.68,509005.8
mcht_saas_01,saas_subscription,2026-04-02,94167.16,305.99,72.92,1830.9,941.67,91015.68
mcht_saas_02,saas_subscription,2026-04-02,179719.52,0.0,124.45,3374.87,1797.2,174423.0
mcht_saas_03,saas_subscription,2026-04-02,321890.49,3124.1,0.0,6629.79,3218.9,308917.7
mcht_saas_04,saas_subscription,2026-04-02,151587.86,0.0,62.59,3000.44,1515.88,147008.95
mcht_d2c_01,d2c_ecommerce,2026-04-03,138550.87,28294.26,0.0,2803.34,1385.51,106067.76
mcht_d2c_02,d2c_ecommerce,2026-04-03,467285.97,99343.11,2101.15,8552.29,4672.86,352616.56
mcht_d2c_03,d2c_ecommerce,2026-04-03,343051.45,0.0,0.0,7036.03,3430.51,332584.91
mcht_d2c_04,d2c_ecommerce,2026-04-03,125713.91,0.0,1039.5,2654.81,1257.14,120762.46
mcht_food_01,food_delivery,2026-04-03,115073.71,0.0,179.04,2286.93,1150.74,111457.0
mcht_food_02,food_delivery,2026-04-03,204994.13,17230.98,0.0,4113.14,2049.94,181600.07
mcht_food_03,food_delivery,2026-04-03,299054.47,0.0,672.88,6460.7,2990.54,288930.35
mcht_mkt_01,marketplace,2026-04-03,740810.16,27194.68,24783.75,14524.89,7408.1,666898.74
mcht_mkt_02,marketplace,2026-04-03,522267.88,66976.01,0.0,10115.59,5222.68,439953.6
mcht_mkt_03,marketplace,2026-04-03,1343455.8,0.0,70368.46,28220.86,13434.56,1231431.92
mcht_mkt_04,marketplace,2026-04-03,352643.55,0.0,0.0,6645.95,3526.44,342471.16
mcht_saas_01,saas_subscription,2026-04-03,110873.44,666.53,0.0,2020.23,1108.73,107077.95
mcht_saas_02,saas_subscription,2026-04-03,202435.09,1685.67,0.0,3646.98,2024.35,195078.09
mcht_saas_03,saas_subscription,2026-04-03,360869.21,829.3,379.39,7214.06,3608.69,348837.77
mcht_saas_04,saas_subscription,2026-04-03,165786.37,1053.32,45.02,3556.23,1657.86,159473.94
mcht_d2c_01,d2c_ecommerce,2026-04-04,161781.88,19191.91,696.1,2921.76,1617.82,137354.29
mcht_d2c_02,d2c_ecommerce,2026-04-04,433132.34,0.0,1830.62,9344.18,4331.32,417626.22
mcht_d2c_03,d2c_ecommerce,2026-04-04,419429.78,0.0,1110.37,7603.06,4194.3,406522.05
mcht_d2c_04,d2c_ecommerce,2026-04-04,119167.09,0.0,997.0,2195.45,1191.67,114782.97
mcht_food_01,food_delivery,2026-04-04,138528.56,10987.57,0.0,2724.83,1385.29,123430.87
mcht_food_02,food_delivery,2026-04-04,247906.08,0.0,0.0,5383.74,2479.06,240043.28
mcht_food_03,food_delivery,2026-04-04,325299.61,14471.75,0.0,6502.99,3253.0,301071.87
mcht_mkt_01,marketplace,2026-04-04,685642.12,44349.29,0.0,14525.28,6856.42,619911.13
mcht_mkt_02,marketplace,2026-04-04,264748.46,0.0,17509.78,5463.0,2647.48,239128.2
mcht_mkt_03,marketplace,2026-04-04,1072417.86,190025.41,0.0,23326.23,10724.18,848342.04
mcht_mkt_04,marketplace,2026-04-04,331336.24,50492.46,8308.11,6668.73,3313.36,262553.58
mcht_saas_01,saas_subscription,2026-04-04,110034.05,580.09,38.57,2137.9,1100.34,106177.15
mcht_saas_02,saas_subscription,2026-04-04,209440.1,0.0,149.97,4142.94,2094.4,203052.79
mcht_saas_03,saas_subscription,2026-04-04,355074.24,1003.71,118.0,6523.73,3550.74,343878.06
mcht_saas_04,saas_subscription,2026-04-04,164940.84,0.0,114.99,3409.77,1649.41,159766.67
mcht_d2c_01,d2c_ecommerce,2026-04-05,172633.44,20427.08,887.44,3702.12,1726.33,145890.47
mcht_d2c_02,d2c_ecommerce,2026-04-05,667171.17,0.0,0.0,13678.36,6671.71,646821.1
mcht_d2c_03,d2c_ecommerce,2026-04-05,533537.16,76067.36,1833.94,10694.22,5335.37,439606.27
mcht_d2c_04,d2c_ecommerce,2026-04-05,154206.63,34227.85,0.0,3304.34,1542.07,115132.37
mcht_food_01,food_delivery,2026-04-05,185290.83,0.0,819.59,3707.21,1852.91,178911.12
mcht_food_02,food_delivery,2026-04-05,370453.05,30389.98,1230.43,7005.23,3704.53,328122.88
mcht_food_03,food_delivery,2026-04-05,453604.61,16209.49,0.0,9265.81,4536.05,423593.26
mcht_mkt_01,marketplace,2026-04-05,490298.06,57724.94,11136.15,9086.13,4902.98,407447.86
mcht_mkt_02,marketplace,2026-04-05,501228.32,0.0,50234.99,9848.63,5012.28,436132.42
mcht_mkt_03,marketplace,2026-04-05,1684317.17,56667.39,79314.09,30951.35,16843.17,1500541.17
mcht_mkt_04,marketplace,2026-04-05,437927.59,23590.68,20691.04,8333.92,4379.28,380932.67
mcht_saas_01,saas_subscription,2026-04-05,97708.64,0.0,0.0,1862.25,977.09,94869.3
mcht_saas_02,saas_subscription,2026-04-05,181956.82,0.0,136.14,3518.58,1819.57,176482.53
mcht_saas_03,saas_subscription,2026-04-05,316385.99,0.0,0.0,5787.38,3163.86,307434.75
mcht_saas_04,saas_subscription,2026-04-05,139345.59,387.98,0.0,2933.17,1393.46,134630.98
mcht_d2c_01,d2c_ecommerce,2026-04-06,280816.5,0.0,0.0,5751.09,2808.16,272257.25
mcht_d2c_02,d2c_ecommerce,2026-04-06,644174.05,70175.77,0.0,13068.15,6441.74,554488.39
mcht_d2c_03,d2c_ecommerce,2026-04-06,616973.43,0.0,0.0,11317.26,6169.73,599486.44
mcht_d2c_04,d2c_ecommerce,2026-04-06,144973.74,16263.2,488.33,3054.5,1449.74,123717.97
mcht_food_01,food_delivery,2026-04-06,186545.75,6812.3,0.0,3651.86,1865.46,174216.13
mcht_food_02,food_delivery,2026-04-06,331781.65,4905.67,2364.12,6651.9,3317.82,314542.14
mcht_food_03,food_delivery,2026-04-06,377549.44,13067.65,0.0,7475.57,3775.49,353230.73
mcht_mkt_01,marketplace,2026-04-06,420484.52,39294.76,21488.01,8927.91,4204.85,346568.99
mcht_mkt_02,marketplace,2026-04-06,337857.84,0.0,32974.93,6093.65,3378.58,295410.68
mcht_mkt_03,marketplace,2026-04-06,1451017.98,157654.48,42627.76,26991.15,14510.18,1209234.41
mcht_mkt_04,marketplace,2026-04-06,562042.32,43587.6,0.0,10149.06,5620.42,502685.24
mcht_saas_01,saas_subscription,2026-04-06,88672.27,0.0,0.0,1812.63,886.72,85972.92
mcht_saas_02,saas_subscription,2026-04-06,167337.12,474.93,150.74,3123.18,1673.37,161914.9
mcht_saas_03,saas_subscription,2026-04-06,287423.85,0.0,396.76,5387.08,2874.24,278765.77
mcht_saas_04,saas_subscription,2026-04-06,127856.67,371.44,71.66,2599.83,1278.57,123535.17
mcht_d2c_01,d2c_ecommerce,2026-04-07,260743.82,0.0,656.47,5470.08,2607.44,252009.83
mcht_d2c_02,d2c_ecommerce,2026-04-07,716583.01,0.0,2307.62,14444.88,7165.83,692664.68
mcht_d2c_03,d2c_ecommerce,2026-04-07,555835.93,32741.62,2104.72,11280.69,5558.36,504150.54
mcht_d2c_04,d2c_ecommerce,2026-04-07,172765.94,0.0,1137.29,3705.04,1727.66,166195.95
mcht_food_01,food_delivery,2026-04-07,81901.13,3092.62,0.0,1668.7,819.01,76320.8
mcht_food_02,food_delivery,2026-04-07,148139.33,0.0,840.68,3002.19,1481.39,142815.07
mcht_food_03,food_delivery,2026-04-07,169140.5,12738.91,0.0,3221.06,1691.4,151489.13
mcht_mkt_01,marketplace,2026-04-07,543893.97,0.0,11322.63,10557.19,5438.94,516575.21
mcht_mkt_02,marketplace,2026-04-07,478702.63,38079.47,0.0,9059.5,4787.03,426776.63
mcht_mkt_03,marketplace,2026-04-07,1403635.78,0.0,0.0,28577.14,14036.36,1361022.28
mcht_mkt_04,marketplace,2026-04-07,439990.13,0.0,8962.58,9248.22,4399.9,417379.43
mcht_saas_01,saas_subscription,2026-04-07,87852.68,253.15,70.84,1653.52,878.53,84996.64
mcht_saas_02,saas_subscription,2026-04-07,151746.76,1118.23,122.97,3005.25,1517.47,145982.84
mcht_saas_03,saas_subscription,2026-04-07,272861.36,2307.6,127.84,5119.85,2728.61,262577.46
mcht_saas_04,saas_subscription,2026-04-07,127930.25,393.69,0.0,2810.06,1279.3,123447.2
mcht_d2c_01,d2c_ecommerce,2026-04-08,150601.41,27086.32,1753.61,3008.37,1506.01,117247.1
mcht_d2c_02,d2c_ecommerce,2026-04-08,506317.98,20789.77,1780.09,9907.46,5063.18,468777.48
mcht_d2c_03,d2c_ecommerce,2026-04-08,369703.62,0.0,3288.2,7407.33,3697.04,355311.05
mcht_d2c_04,d2c_ecommerce,2026-04-08,104246.3,14494.61,0.0,2249.63,1042.46,86459.6
mcht_food_01,food_delivery,2026-04-08,92787.48,6681.1,768.11,1799.94,927.87,82610.46
mcht_food_02,food_delivery,2026-04-08,186336.95,6934.91,616.36,3837.97,1863.37,173084.34
mcht_food_03,food_delivery,2026-04-08,219074.53,10018.7,2948.54,4001.18,2190.75,199915.36
mcht_mkt_01,marketplace,2026-04-08,666835.53,31741.37,22803.72,12337.8,6668.36,593284.28
mcht_mkt_02,marketplace,2026-04-08,378057.95,65221.38,0.0,6869.14,3780.58,302186.85
mcht_mkt_03,marketplace,2026-04-08,1438218.21,65237.25,118711.88,26452.49,14382.18,1213434.41
mcht_mkt_04,marketplace,2026-04-08,360086.65,57838.75,0.0,6996.88,3600.87,291650.15
mcht_saas_01,saas_subscription,2026-04-08,100228.9,551.71,42.15,2160.28,1002.29,96472.47
mcht_saas_02,saas_subscription,2026-04-08,191571.27,1073.63,75.08,3756.61,1915.71,184750.24
mcht_saas_03,saas_subscription,2026-04-08,326904.83,1242.58,135.45,6679.71,3269.05,315578.04
mcht_saas_04,saas_subscription,2026-04-08,146408.28,459.81,119.91,2776.73,1464.08,141587.75
mcht_d2c_01,d2c_ecommerce,2026-04-09,149994.92,13536.93,0.0,3070.94,1499.95,131887.1
mcht_d2c_02,d2c_ecommerce,2026-04-09,462858.04,60375.97,1487.73,8802.94,4628.58,387562.82
mcht_d2c_03,d2c_ecommerce,2026-04-09,322856.42,72904.23,1632.9,5918.41,3228.56,239172.32
mcht_d2c_04,d2c_ecommerce,2026-04-09,124328.63,0.0,278.24,2352.19,1243.29,120454.91
mcht_food_01,food_delivery,2026-04-09,111201.74,0.0,550.51,2108.36,1112.02,107430.85
mcht_food_02,food_delivery,2026-04-09,190832.43,7189.41,0.0,3685.79,1908.32,178048.91
mcht_food_03,food_delivery,2026-04-09,241440.73,0.0,3058.61,5258.7,2414.41,230709.01
mcht_mkt_01,marketplace,2026-04-09,735582.9,30060.16,0.0,13473.38,7355.83,684693.53
mcht_mkt_02,marketplace,2026-04-09,391648.9,33554.69,8208.24,7719.04,3916.49,338250.44
mcht_mkt_03,marketplace,2026-04-09,1764985.06,240896.12,0.0,34387.3,17649.85,1472051.79
mcht_mkt_04,marketplace,2026-04-09,296816.92,0.0,16373.57,5421.18,2968.17,272054.0
mcht_saas_01,saas_subscription,2026-04-09,95521.97,337.52,74.01,2074.61,955.22,92080.61
mcht_saas_02,saas_subscription,2026-04-09,186346.67,559.62,67.19,3926.44,1863.47,179929.95
mcht_saas_03,saas_subscription,2026-04-09,332333.27,900.56,136.02,6218.37,3323.33,321754.99
mcht_saas_04,saas_subscription,2026-04-09,143118.22,489.14,117.32,2726.28,1431.18,138354.3
mcht_d2c_01,d2c_ecommerce,2026-04-10,148944.81,64434.13,0.0,2834.4,1489.45,80186.83
mcht_d2c_02,d2c_ecommerce,2026-04-10,432785.01,161362.4,0.0,9097.7,4327.85,257997.06
mcht_d2c_03,d2c_ecommerce,2026-04-10,440891.34,47134.06,0.0,9374.87,4408.91,379973.5
mcht_d2c_04,d2c_ecommerce,2026-04-10,126195.46,23910.76,0.0,2534.51,1261.95,98488.24
mcht_food_01,food_delivery,2026-04-10,99547.81,9443.0,573.88,2161.38,995.48,86374.07
mcht_food_02,food_delivery,2026-04-10,204308.2,8555.93,0.0,3758.85,2043.08,189950.34
mcht_food_03,food_delivery,2026-04-10,243878.86,21882.79,0.0,4998.42,2438.79,214558.86
mcht_mkt_01,marketplace,2026-04-10,598734.21,77133.24,10682.62,12796.22,5987.34,492134.79
mcht_mkt_02,marketplace,2026-04-10,609996.64,0.0,0.0,13029.7,6099.97,590866.97
mcht_mkt_03,marketplace,2026-04-10,1464941.86,70002.57,0.0,30028.68,14649.42,1350261.19
mcht_mkt_04,marketplace,2026-04-10,439769.12,18079.76,17491.45,8810.93,4397.69,390989.29
mcht_saas_01,saas_subscription,2026-04-10,94281.45,233.15,37.88,1734.71,942.81,91332.9
mcht_saas_02,saas_subscription,2026-04-10,194375.11,470.98,68.24,4193.16,1943.75,187698.98
mcht_saas_03,saas_subscription,2026-04-10,322181.55,940.51,0.0,6935.56,3221.82,311083.66
mcht_saas_04,saas_subscription,2026-04-10,147305.97,870.64,122.5,2706.05,1473.06,142133.72
mcht_d2c_01,d2c_ecommerce,2026-04-11,135048.14,0.0,548.31,2956.88,1350.48,130192.47
mcht_d2c_02,d2c_ecommerce,2026-04-11,430660.19,95303.42,1100.9,8629.69,4306.6,321319.58
mcht_d2c_03,d2c_ecommerce,2026-04-11,410047.09,185487.9,868.03,7811.1,4100.47,211779.59
mcht_d2c_04,d2c_ecommerce,2026-04-11,131154.35,37539.49,754.38,2806.66,1311.54,88742.28
mcht_food_01,food_delivery,2026-04-11,168342.42,8160.88,261.75,3654.94,1683.42,154581.43
mcht_food_02,food_delivery,2026-04-11,265156.77,11129.23,453.64,5750.04,2651.57,245172.29
mcht_food_03,food_delivery,2026-04-11,312607.07,0.0,433.16,6719.14,3126.07,302328.7
mcht_mkt_01,marketplace,2026-04-11,509833.13,38198.31,18611.18,10764.85,5098.33,437160.46
mcht_mkt_02,marketplace,2026-04-11,239263.67,44942.5,0.0,5013.05,2392.64,186915.48
mcht_mkt_03,marketplace,2026-04-11,1130669.88,88350.37,34526.43,23882.21,11306.7,972604.17
mcht_mkt_04,marketplace,2026-04-11,360835.51,72066.22,15019.53,7905.49,3608.36,262235.91
mcht_saas_01,saas_subscription,2026-04-11,93070.9,207.35,30.12,1715.26,930.71,90187.46
mcht_saas_02,saas_subscription,2026-04-11,172656.02,583.43,76.32,3558.49,1726.56,166711.22
mcht_saas_03,saas_subscription,2026-04-11,314863.66,946.17,135.06,5931.73,3148.64,304702.06
mcht_saas_04,saas_subscription,2026-04-11,143820.66,511.9,0.0,2907.49,1438.21,138963.06
mcht_d2c_01,d2c_ecommerce,2026-04-12,174938.81,23706.96,399.27,3429.3,1749.39,145653.89
mcht_d2c_02,d2c_ecommerce,2026-04-12,563298.68,0.0,514.85,10215.85,5632.99,546934.99
mcht_d2c_03,d2c_ecommerce,2026-04-12,425384.38,0.0,4676.62,8578.27,4253.84,407875.65
mcht_d2c_04,d2c_ecommerce,2026-04-12,163737.71,15270.25,348.27,3194.45,1637.38,143287.36
mcht_food_01,food_delivery,2026-04-12,198893.27,6820.42,874.12,3974.88,1988.93,185234.92
mcht_food_02,food_delivery,2026-04-12,332371.07,14525.34,0.0,7249.35,3323.71,307272.67
mcht_food_03,food_delivery,2026-04-12,548428.56,37503.6,1679.29,10509.66,5484.29,493251.72
mcht_mkt_01,marketplace,2026-04-12,644424.54,20541.17,0.0,12342.13,6444.25,605096.99
mcht_mkt_02,marketplace,2026-04-12,488615.98,0.0,0.0,10336.99,4886.16,473392.83
mcht_mkt_03,marketplace,2026-04-12,1499289.88,103572.6,30867.62,28292.2,14992.9,1321564.56
mcht_mkt_04,marketplace,2026-04-12,415927.21,30756.69,0.0,8615.58,4159.27,372395.67
mcht_saas_01,saas_subscription,2026-04-12,98648.49,0.0,0.0,1821.18,986.48,95840.83
mcht_saas_02,saas_subscription,2026-04-12,174470.37,0.0,130.35,3227.29,1744.7,169368.03
mcht_saas_03,saas_subscription,2026-04-12,301609.42,1017.24,134.32,5538.91,3016.09,291902.86
mcht_saas_04,saas_subscription,2026-04-12,134486.39,402.88,60.39,2750.71,1344.86,129927.55
mcht_d2c_01,d2c_ecommerce,2026-04-13,239441.27,50940.16,1444.91,4465.41,2394.41,180196.38
mcht_d2c_02,d2c_ecommerce,2026-04-13,700085.88,54515.98,2103.68,13719.15,7000.86,622746.21
mcht_d2c_03,d2c_ecommerce,2026-04-13,595666.74,75492.65,3422.54,12244.62,5956.67,498550.26
mcht_d2c_04,d2c_ecommerce,2026-04-13,177509.43,14180.03,1375.41,3238.06,1775.09,156940.84
mcht_food_01,food_delivery,2026-04-13,191649.71,0.0,0.0,4187.28,1916.5,185545.93
mcht_food_02,food_delivery,2026-04-13,391720.97,14719.88,713.13,7737.63,3917.21,364633.12
mcht_food_03,food_delivery,2026-04-13,480293.15,0.0,0.0,9179.36,4802.93,466310.86
mcht_mkt_01,marketplace,2026-04-13,737107.28,0.0,0.0,13611.02,7371.07,716125.19
mcht_mkt_02,marketplace,2026-04-13,670517.76,15347.48,8072.06,14234.29,6705.18,626158.75
mcht_mkt_03,marketplace,2026-04-13,1226191.74,0.0,0.0,25347.76,12261.92,1188582.06
mcht_mkt_04,marketplace,2026-04-13,401115.48,0.0,8689.11,7474.81,4011.15,380940.41
mcht_saas_01,saas_subscription,2026-04-13,86318.05,937.12,39.36,1767.64,863.18,82710.75
mcht_saas_02,saas_subscription,2026-04-13,175395.67,593.35,0.0,3364.36,1753.96,169684.0
mcht_saas_03,saas_subscription,2026-04-13,292928.41,1887.31,0.0,6298.83,2929.28,281812.99
mcht_saas_04,saas_subscription,2026-04-13,127525.67,419.14,0.0,2665.78,1275.26,123165.49
mcht_d2c_01,d2c_ecommerce,2026-04-14,232934.58,0.0,1479.53,4244.92,2329.35,224880.78
mcht_d2c_02,d2c_ecommerce,2026-04-14,749261.46,0.0,947.51,16269.77,7492.61,724551.57
mcht_d2c_03,d2c_ecommerce,2026-04-14,548447.55,43307.59,1230.9,11983.15,5484.48,486441.43
mcht_d2c_04,d2c_ecommerce,2026-04-14,203567.45,11716.25,529.12,3901.68,2035.67,185384.73
mcht_food_01,food_delivery,2026-04-14,79987.26,7077.81,0.0,1572.78,799.87,70536.8
mcht_food_02,food_delivery,2026-04-14,137211.33,10962.48,0.0,2788.45,1372.11,122088.29
mcht_food_03,food_delivery,2026-04-14,183230.33,6868.95,0.0,3544.25,1832.3,170984.83
mcht_mkt_01,marketplace,2026-04-14,693117.04,19992.98,31510.63,13161.56,6931.17,621520.7
mcht_mkt_02,marketplace,2026-04-14,541750.13,0.0,24798.28,10557.5,5417.5,500976.85
mcht_mkt_03,marketplace,2026-04-14,1929646.22,0.0,53645.71,39718.83,19296.46,1816985.22
mcht_mkt_04,marketplace,2026-04-14,383600.15,0.0,27767.57,7693.94,3836.0,344302.64
mcht_saas_01,saas_subscription,2026-04-14,87507.34,0.0,34.55,1617.82,875.07,84979.9
mcht_saas_02,saas_subscription,2026-04-14,164041.1,0.0,78.1,3552.03,1640.41,158770.56
mcht_saas_03,saas_subscription,2026-04-14,273972.5,0.0,0.0,5255.15,2739.72,265977.63
mcht_saas_04,saas_subscription,2026-04-14,123722.34,336.5,54.13,2393.01,1237.22,119701.48
mcht_d2c_01,d2c_ecommerce,2026-04-15,148072.18,0.0,886.25,3042.1,1480.72,142663.11
mcht_d2c_02,d2c_ecommerce,2026-04-15,384079.2,0.0,1478.37,7487.85,3840.79,371272.19
mcht_d2c_03,d2c_ecommerce,2026-04-15,412857.56,0.0,1363.78,8246.93,4128.58,399118.27
mcht_d2c_04,d2c_ecommerce,2026-04-15,97365.11,19509.17,416.67,1846.79,973.65,74618.83
mcht_food_01,food_delivery,2026-04-15,101898.63,3296.92,566.14,1992.07,1018.99,95024.51
mcht_food_02,food_delivery,2026-04-15,165468.33,6600.34,1473.55,2997.64,1654.68,152742.12
mcht_food_03,food_delivery,2026-04-15,213738.0,7924.61,567.65,4044.81,2137.38,199063.55
mcht_mkt_01,marketplace,2026-04-15,555846.87,0.0,9054.95,10478.8,5558.47,530754.65
mcht_mkt_02,marketplace,2026-04-15,264852.41,14380.01,18885.84,5303.43,2648.52,223634.61
mcht_mkt_03,marketplace,2026-04-15,1678280.94,166023.58,26626.81,35979.77,16782.81,1432867.97
mcht_mkt_04,marketplace,2026-04-15,508061.56,0.0,0.0,10977.63,5080.62,492003.31
mcht_saas_01,saas_subscription,2026-04-15,99080.09,0.0,0.0,2121.26,990.8,95968.03
mcht_saas_02,saas_subscription,2026-04-15,195637.83,1057.32,60.78,3590.92,1956.38,188972.43
mcht_saas_03,saas_subscription,2026-04-15,329288.81,1847.11,246.02,6487.55,3292.89,317415.24
mcht_saas_04,saas_subscription,2026-04-15,152872.98,0.0,180.78,2759.21,1528.73,148404.26
mcht_d2c_01,d2c_ecommerce,2026-04-16,158593.87,0.0,520.34,3478.52,1585.94,153009.07
mcht_d2c_02,d2c_ecommerce,2026-04-16,505933.12,36140.61,1152.92,9943.07,5059.33,453637.19
mcht_d2c_03,d2c_ecommerce,2026-04-16,360791.07,43174.37,0.0,7818.08,3607.91,306190.71
mcht_d2c_04,d2c_ecommerce,2026-04-16,99124.14,36973.71,0.0,2129.21,991.24,59029.98
mcht_food_01,food_delivery,2026-04-16,100055.79,0.0,715.47,2167.97,1000.56,96171.79
mcht_food_02,food_delivery,2026-04-16,174775.36,0.0,343.81,3178.97,1747.75,169504.83
mcht_food_03,food_delivery,2026-04-16,252708.51,7974.71,0.0,5052.12,2527.09,237154.59
mcht_mkt_01,marketplace,2026-04-16,426997.29,24682.56,11040.63,8938.0,4269.97,378066.13
mcht_mkt_02,marketplace,2026-04-16,282243.16,0.0,0.0,5654.4,2822.43,273766.33
mcht_mkt_03,marketplace,2026-04-16,1030148.86,0.0,38169.12,19835.51,10301.49,961842.74
mcht_mkt_04,marketplace,2026-04-16,567055.73,0.0,36970.24,10330.04,5670.56,514084.89
mcht_saas_01,saas_subscription,2026-04-16,101377.1,549.54,41.79,2130.65,1013.77,97641.35
mcht_saas_02,saas_subscription,2026-04-16,187800.61,1196.16,59.14,3686.04,1878.01,180981.26
mcht_saas_03,saas_subscription,2026-04-16,331154.62,840.77,218.02,7231.13,3311.55,319553.15
mcht_saas_04,saas_subscription,2026-04-16,141523.26,924.88,0.0,2905.32,1415.23,136277.83
mcht_d2c_01,d2c_ecommerce,2026-04-17,138949.0,12444.91,493.22,2998.96,1389.49,121622.42
mcht_d2c_02,d2c_ecommerce,2026-04-17,491205.08,156647.19,0.0,10067.66,4912.05,319578.18
mcht_d2c_03,d2c_ecommerce,2026-04-17,391986.58,60560.41,1712.5,7612.16,3919.87,318181.64
mcht_d2c_04,d2c_ecommerce,2026-04-17,127229.25,10065.97,0.0,2526.19,1272.29,113364.8
mcht_food_01,food_delivery,2026-04-17,108220.19,3407.94,152.33,2221.94,1082.2,101355.78
mcht_food_02,food_delivery,2026-04-17,193092.66,7286.06,0.0,3534.88,1930.93,180340.79
mcht_food_03,food_delivery,2026-04-17,255060.33,7082.16,0.0,5546.28,2550.6,239881.29
mcht_mkt_01,marketplace,2026-04-17,362208.75,15584.38,0.0,6832.07,3622.09,336170.21
mcht_mkt_02,marketplace,2026-04-17,311471.81,37083.02,35220.58,5747.54,3114.72,230305.95
mcht_mkt_03,marketplace,2026-04-17,1927393.47,120218.58,0.0,40475.97,19273.93,1747424.99
mcht_mkt_04,marketplace,2026-04-17,672405.49,29751.28,38120.78,13818.99,6724.05,583990.39
mcht_saas_01,saas_subscription,2026-04-17,97944.45,290.76,0.0,2084.18,979.44,94590.07
mcht_saas_02,saas_subscription,2026-04-17,185296.17,0.0,0.0,4033.9,1852.96,179409.31
mcht_saas_03,saas_subscription,2026-04-17,323940.5,0.0,115.23,7054.61,3239.41,313531.25
mcht_saas_04,saas_subscription,2026-04-17,144226.28,455.99,156.13,3172.23,1442.26,138999.67
mcht_d2c_01,d2c_ecommerce,2026-04-18,145018.31,0.0,592.61,3017.6,1450.18,139957.92
mcht_d2c_02,d2c_ecommerce,2026-04-18,516239.61,46552.76,1977.86,10947.74,5162.4,451598.85
mcht_d2c_03,d2c_ecommerce,2026-04-18,427157.56,62508.72,1915.96,9153.88,4271.58,349307.42
mcht_d2c_04,d2c_ecommerce,2026-04-18,102223.62,13746.4,1331.18,2119.52,1022.24,84004.28
mcht_food_01,food_delivery,2026-04-18,133507.07,10794.86,0.0,2810.33,1335.07,118566.81
mcht_food_02,food_delivery,2026-04-18,239395.58,19554.44,512.22,5016.53,2393.96,211918.43
mcht_food_03,food_delivery,2026-04-18,314512.15,11798.33,0.0,6763.35,3145.12,292805.35
mcht_mkt_01,marketplace,2026-04-18,414778.3,86224.34,22015.43,7824.54,4147.78,294566.21
mcht_mkt_02,marketplace,2026-04-18,457762.38,16529.35,0.0,9334.95,4577.62,427320.46
mcht_mkt_03,marketplace,2026-04-18,383978.33,19871.6,54099.04,8066.62,3839.78,298101.29
mcht_mkt_04,marketplace,2026-04-18,544982.28,76145.63,2694.82,11382.01,5449.82,449310.0
mcht_saas_01,saas_subscription,2026-04-18,94583.34,280.83,77.08,1901.53,945.83,91378.07
mcht_saas_02,saas_subscription,2026-04-18,183919.15,522.69,0.0,4009.93,1839.19,177547.34
mcht_saas_03,saas_subscription,2026-04-18,301477.02,1225.8,148.04,6288.71,3014.77,290799.7
mcht_saas_04,saas_subscription,2026-04-18,142927.64,0.0,0.0,2741.09,1429.28,138757.27
mcht_d2c_01,d2c_ecommerce,2026-04-19,207799.29,52751.37,0.0,4563.77,2077.99,148406.16
mcht_d2c_02,d2c_ecommerce,2026-04-19,669530.98,65224.26,1407.03,13841.78,6695.31,582362.6
mcht_d2c_03,d2c_ecommerce,2026-04-19,421782.4,0.0,0.0,7989.95,4217.82,409574.63
mcht_d2c_04,d2c_ecommerce,2026-04-19,148820.59,0.0,546.59,3251.5,1488.21,143534.29
mcht_food_01,food_delivery,2026-04-19,195362.31,6623.48,0.0,3839.06,1953.62,182946.15
mcht_food_02,food_delivery,2026-04-19,330250.81,0.0,1624.29,6244.69,3302.51,319079.32
mcht_food_03,food_delivery,2026-04-19,467617.77,17679.35,1354.38,9343.19,4676.18,434564.67
mcht_mkt_01,marketplace,2026-04-19,557149.54,0.0,0.0,10100.6,5571.5,541477.44
mcht_mkt_02,marketplace,2026-04-19,453506.4,52886.08,26698.29,9469.54,4535.06,359917.43
mcht_mkt_03,marketplace,2026-04-19,1370701.08,0.0,108994.76,25984.08,13707.01,1222015.23
mcht_mkt_04,marketplace,2026-04-19,642797.78,33305.37,7284.52,13380.51,6427.98,582399.4
mcht_saas_01,saas_subscription,2026-04-19,92993.74,289.25,35.38,2044.63,929.94,89694.54
mcht_saas_02,saas_subscription,2026-04-19,172401.79,528.29,89.03,3386.8,1724.02,166673.65
mcht_saas_03,saas_subscription,2026-04-19,296522.55,1647.46,147.44,5419.17,2965.23,286343.25
mcht_saas_04,saas_subscription,2026-04-19,136861.0,385.9,0.0,2564.19,1368.61,132542.3
mcht_d2c_01,d2c_ecommerce,2026-04-20,256882.53,20879.55,1647.71,5366.61,2568.83,226419.83
mcht_d2c_02,d2c_ecommerce,2026-04-20,726903.08,55512.08,4997.58,15555.89,7269.03,643568.5
mcht_d2c_03,d2c_ecommerce,2026-04-20,619729.72,41477.15,2532.12,12908.92,6197.3,556614.23
mcht_d2c_04,d2c_ecommerce,2026-04-20,187061.72,9737.07,1044.46,3590.98,1870.62,170818.59
mcht_food_01,food_delivery,2026-04-20,191757.95,3163.13,981.6,3763.83,1917.58,181931.81
mcht_food_02,food_delivery,2026-04-20,362637.08,14025.37,0.0,6795.02,3626.37,338190.32
mcht_food_03,food_delivery,2026-04-20,488900.6,23617.75,826.52,9482.25,4889.01,450085.07
mcht_mkt_01,marketplace,2026-04-20,612560.3,36224.05,0.0,12488.54,6125.6,557722.11
mcht_mkt_02,marketplace,2026-04-20,255887.53,17035.21,25041.93,5231.33,2558.88,206020.18
mcht_mkt_03,marketplace,2026-04-20,902718.79,73965.61,121232.93,18491.86,9027.19,680001.2
mcht_mkt_04,marketplace,2026-04-20,320534.19,35580.5,19910.31,5962.15,3205.34,255875.89
mcht_saas_01,saas_subscription,2026-04-20,86730.19,281.92,0.0,1576.47,867.3,84004.5
mcht_saas_02,saas_subscription,2026-04-20,171515.64,558.02,90.1,3545.16,1715.16,165607.2
mcht_saas_03,saas_subscription,2026-04-20,289177.49,0.0,0.0,5891.52,2891.77,280394.2
mcht_saas_04,saas_subscription,2026-04-20,133882.29,439.9,127.89,2560.78,1338.82,129414.9
mcht_d2c_01,d2c_ecommerce,2026-04-21,217433.85,37867.61,838.94,4208.87,2174.34,172344.09
mcht_d2c_02,d2c_ecommerce,2026-04-21,674219.76,95115.27,0.0,12443.32,6742.2,559918.97
mcht_d2c_03,d2c_ecommerce,2026-04-21,599775.4,0.0,2954.64,11008.55,5997.75,579814.46
mcht_d2c_04,d2c_ecommerce,2026-04-21,198427.92,0.0,0.0,4175.88,1984.28,192267.76
mcht_food_01,food_delivery,2026-04-21,87134.44,3327.04,0.0,1597.45,871.34,81338.61
mcht_food_02,food_delivery,2026-04-21,135608.82,12201.92,0.0,2445.48,1356.09,119605.33
mcht_food_03,food_delivery,2026-04-21,228677.61,6310.03,0.0,4675.71,2286.78,215405.09
mcht_mkt_01,marketplace,2026-04-21,296006.7,0.0,23523.15,6143.89,2960.07,263379.59
mcht_mkt_02,marketplace,2026-04-21,320206.19,32593.57,0.0,6719.16,3202.06,277691.4
mcht_mkt_03,marketplace,2026-04-21,1916348.04,0.0,32352.36,39669.65,19163.48,1825162.55
mcht_mkt_04,marketplace,2026-04-21,218098.4,0.0,18686.74,4717.28,2180.98,192513.4
mcht_saas_01,saas_subscription,2026-04-21,86567.9,0.0,0.0,1697.17,865.68,84005.05
mcht_saas_02,saas_subscription,2026-04-21,155772.06,1088.53,0.0,3088.49,1557.72,150037.32
mcht_saas_03,saas_subscription,2026-04-21,292484.55,935.92,138.88,6421.88,2924.85,282063.02
mcht_saas_04,saas_subscription,2026-04-21,124926.39,829.07,54.54,2461.26,1249.26,120332.26
mcht_d2c_01,d2c_ecommerce,2026-04-22,139139.51,39930.25,739.15,2839.12,1391.4,94239.59
mcht_d2c_02,d2c_ecommerce,2026-04-22,426719.86,58097.89,0.0,9259.13,4267.2,355095.64
mcht_d2c_03,d2c_ecommerce,2026-04-22,299121.72,0.0,2364.09,6563.99,2991.22,287202.42
mcht_d2c_04,d2c_ecommerce,2026-04-22,109280.73,9907.86,707.61,1977.0,1092.81,95595.45
mcht_food_01,food_delivery,2026-04-22,92068.53,2818.21,249.73,2013.26,920.69,86066.64
mcht_food_02,food_delivery,2026-04-22,178299.7,6621.8,615.02,3225.73,1783.0,166054.15
mcht_food_03,food_delivery,2026-04-22,207866.06,9020.68,2341.55,4250.66,2078.66,190174.51
mcht_mkt_01,marketplace,2026-04-22,471026.03,0.0,0.0,9709.71,4710.26,456606.06
mcht_mkt_02,marketplace,2026-04-22,341568.47,15396.26,10789.81,6310.67,3415.68,305656.05
mcht_mkt_03,marketplace,2026-04-22,1342475.24,223268.57,34562.66,25638.21,13424.75,1045581.05
mcht_mkt_04,marketplace,2026-04-22,462255.55,52241.76,0.0,8916.49,4622.56,396474.74
mcht_saas_01,saas_subscription,2026-04-22,100355.03,623.37,74.33,1936.43,1003.55,96717.35
mcht_saas_02,saas_subscription,2026-04-22,194370.82,0.0,139.21,4084.48,1943.71,188203.42
mcht_saas_03,saas_subscription,2026-04-22,313909.0,0.0,0.0,6839.34,3139.09,303930.57
mcht_saas_04,saas_subscription,2026-04-22,148903.0,0.0,0.0,2829.7,1489.03,144584.27
mcht_d2c_01,d2c_ecommerce,2026-04-23,142373.01,0.0,475.42,2608.14,1423.73,137865.72
mcht_d2c_02,d2c_ecommerce,2026-04-23,454564.97,0.0,2100.77,9825.73,4545.65,438092.82
mcht_d2c_03,d2c_ecommerce,2026-04-23,379256.95,105977.6,1705.46,8273.77,3792.57,259507.55
mcht_d2c_04,d2c_ecommerce,2026-04-23,113193.61,0.0,0.0,2084.63,1131.94,109977.04
mcht_food_01,food_delivery,2026-04-23,94720.37,3546.11,0.0,1791.34,947.2,88435.72
mcht_food_02,food_delivery,2026-04-23,189871.29,0.0,1402.39,3725.57,1898.71,182844.62
mcht_food_03,food_delivery,2026-04-23,253905.41,7806.57,2011.47,5264.74,2539.05,236283.58
mcht_mkt_01,marketplace,2026-04-23,627740.63,47760.03,0.0,12727.06,6277.41,560976.13
mcht_mkt_02,marketplace,2026-04-23,450790.13,43243.89,11979.87,9487.16,4507.9,381571.31
mcht_mkt_03,marketplace,2026-04-23,960829.26,57745.96,33644.76,19031.34,9608.29,840798.91
mcht_mkt_04,marketplace,2026-04-23,613832.29,4318.98,0.0,11176.02,6138.32,592198.97
mcht_saas_01,saas_subscription,2026-04-23,95409.48,667.95,32.87,2079.41,954.09,91675.16
mcht_saas_02,saas_subscription,2026-04-23,188136.89,601.51,0.0,3410.23,1881.37,182243.78
mcht_saas_03,saas_subscription,2026-04-23,324912.57,1993.41,206.47,5986.19,3249.13,313477.37
mcht_saas_04,saas_subscription,2026-04-23,141615.96,940.32,0.0,2745.63,1416.16,136513.85
mcht_d2c_01,d2c_ecommerce,2026-04-24,150922.36,14117.52,1077.88,2850.43,1509.22,131367.31
mcht_d2c_02,d2c_ecommerce,2026-04-24,480186.62,0.0,2468.39,9640.51,4801.87,463275.85
mcht_d2c_03,d2c_ecommerce,2026-04-24,383459.96,0.0,0.0,7580.56,3834.6,372044.8
mcht_d2c_04,d2c_ecommerce,2026-04-24,124082.25,19116.77,0.0,2313.82,1240.82,101410.84
mcht_food_01,food_delivery,2026-04-24,104432.89,4965.77,386.05,2086.26,1044.33,95950.48
mcht_food_02,food_delivery,2026-04-24,192081.67,6225.01,429.69,3873.66,1920.82,179632.49
mcht_food_03,food_delivery,2026-04-24,270144.02,0.0,654.71,5441.35,2701.44,261346.52
mcht_mkt_01,marketplace,2026-04-24,355481.53,0.0,48763.71,7772.35,3554.82,295390.65
mcht_mkt_02,marketplace,2026-04-24,670575.18,0.0,12371.81,12628.65,6705.75,638868.97
mcht_mkt_03,marketplace,2026-04-24,1009852.75,51611.53,58974.51,19937.63,10098.53,869230.55
mcht_mkt_04,marketplace,2026-04-24,505420.66,0.0,8290.45,9265.82,5054.21,482810.18
mcht_saas_01,saas_subscription,2026-04-24,93432.7,276.57,32.82,1897.38,934.33,90291.6
mcht_saas_02,saas_subscription,2026-04-24,180431.76,407.18,70.88,3351.81,1804.32,174797.57
mcht_saas_03,saas_subscription,2026-04-24,304017.06,989.19,0.0,5953.83,3040.17,294033.87
mcht_saas_04,saas_subscription,2026-04-24,146867.08,810.14,52.6,3018.53,1468.67,141517.14
mcht_d2c_01,d2c_ecommerce,2026-04-25,164952.84,29743.08,0.0,3244.65,1649.53,130315.58
mcht_d2c_02,d2c_ecommerce,2026-04-25,459472.6,0.0,4075.42,9418.71,4594.73,441383.74
mcht_d2c_03,d2c_ecommerce,2026-04-25,407544.25,129256.94,3014.31,8189.9,4075.44,263007.66
mcht_d2c_04,d2c_ecommerce,2026-04-25,113570.8,12119.18,1047.52,2186.2,1135.71,97082.19
mcht_food_01,food_delivery,2026-04-25,134959.8,0.0,586.88,2491.15,1349.6,130532.17
mcht_food_02,food_delivery,2026-04-25,261564.49,23246.64,0.0,5314.01,2615.64,230388.2
mcht_food_03,food_delivery,2026-04-25,308420.59,32698.75,705.1,5584.58,3084.21,266347.95
mcht_mkt_01,marketplace,2026-04-25,604045.68,46302.86,11508.35,12015.04,6040.46,528178.97
mcht_mkt_02,marketplace,2026-04-25,305622.19,0.0,0.0,6573.11,3056.22,295992.86
mcht_mkt_03,marketplace,2026-04-25,905018.69,0.0,0.0,19090.5,9050.19,876878.0
mcht_mkt_04,marketplace,2026-04-25,608619.83,33670.67,0.0,12069.12,6086.2,556793.84
mcht_saas_01,saas_subscription,2026-04-25,95459.08,270.47,33.04,2026.1,954.59,92174.88
mcht_saas_02,saas_subscription,2026-04-25,179885.67,461.14,0.0,3679.88,1798.86,173945.79
mcht_saas_03,saas_subscription,2026-04-25,304494.01,0.0,400.9,5865.21,3044.94,295182.96
mcht_saas_04,saas_subscription,2026-04-25,136995.24,375.12,179.05,2654.98,1369.95,132416.14
mcht_d2c_01,d2c_ecommerce,2026-04-26,229169.78,0.0,0.0,4310.06,2291.7,222568.02
mcht_d2c_02,d2c_ecommerce,2026-04-26,449310.04,0.0,0.0,8470.06,4493.1,436346.88
mcht_d2c_03,d2c_ecommerce,2026-04-26,460999.73,0.0,1367.94,9400.29,4610.0,445621.5
mcht_d2c_04,d2c_ecommerce,2026-04-26,129124.42,47160.93,0.0,2532.38,1291.24,78139.87
mcht_food_01,food_delivery,2026-04-26,208493.25,6565.31,0.0,4292.42,2084.93,195550.59
mcht_food_02,food_delivery,2026-04-26,349856.55,0.0,1571.58,6938.23,3498.57,337848.17
mcht_food_03,food_delivery,2026-04-26,469404.89,13238.06,0.0,8592.07,4694.05,442880.71
mcht_mkt_01,marketplace,2026-04-26,464155.49,51685.54,6594.23,9951.75,4641.55,391282.42
mcht_mkt_02,marketplace,2026-04-26,290709.5,26242.63,0.0,5517.59,2907.1,256042.18
mcht_mkt_03,marketplace,2026-04-26,1027099.33,75655.34,0.0,18490.63,10270.99,922682.37
mcht_mkt_04,marketplace,2026-04-26,80161.65,59724.15,0.0,1455.73,801.62,18180.15
mcht_saas_01,saas_subscription,2026-04-26,97216.38,0.0,74.86,1816.13,972.16,94353.23
mcht_saas_02,saas_subscription,2026-04-26,173325.15,0.0,62.37,3281.08,1733.25,168248.45
mcht_saas_03,saas_subscription,2026-04-26,300700.03,812.08,136.52,5568.64,3007.0,291175.79
mcht_saas_04,saas_subscription,2026-04-26,138543.68,0.0,0.0,2713.27,1385.44,134444.97
mcht_d2c_01,d2c_ecommerce,2026-04-27,241742.78,0.0,0.0,5273.38,2417.43,234051.97
mcht_d2c_02,d2c_ecommerce,2026-04-27,716559.27,0.0,8327.57,14181.99,7165.59,686884.12
mcht_d2c_03,d2c_ecommerce,2026-04-27,624099.07,120291.6,4074.27,11920.39,6240.99,481571.82
mcht_d2c_04,d2c_ecommerce,2026-04-27,194654.64,0.0,339.96,3875.2,1946.55,188492.93
mcht_food_01,food_delivery,2026-04-27,195814.71,10419.3,0.0,3830.82,1958.15,179606.44
mcht_food_02,food_delivery,2026-04-27,295137.93,12592.62,0.0,5855.02,2951.38,273738.91
mcht_food_03,food_delivery,2026-04-27,394544.66,0.0,0.0,8638.59,3945.45,381960.62
mcht_mkt_01,marketplace,2026-04-27,403619.1,20429.79,13354.92,8308.11,4036.19,357490.09
mcht_mkt_02,marketplace,2026-04-27,275018.14,0.0,0.0,5491.55,2750.18,266776.41
mcht_mkt_03,marketplace,2026-04-27,1039348.25,120241.47,68660.54,20791.23,10393.48,819261.53
mcht_mkt_04,marketplace,2026-04-27,608433.72,32489.22,5630.09,12849.03,6084.34,551381.04
mcht_saas_01,saas_subscription,2026-04-27,88745.79,263.69,70.25,1944.82,887.46,85579.57
mcht_saas_02,saas_subscription,2026-04-27,162376.72,944.41,97.82,3355.39,1623.77,156355.33
mcht_saas_03,saas_subscription,2026-04-27,284905.49,765.59,0.0,5920.11,2849.05,275370.74
mcht_saas_04,saas_subscription,2026-04-27,129940.01,0.0,57.83,2359.73,1299.4,126223.05
mcht_d2c_01,d2c_ecommerce,2026-04-28,243759.65,38470.07,489.02,5358.42,2437.6,197004.54
mcht_d2c_02,d2c_ecommerce,2026-04-28,761721.66,202056.8,0.0,14328.6,7617.22,537719.04
mcht_d2c_03,d2c_ecommerce,2026-04-28,667846.13,56479.02,0.0,13823.0,6678.46,590865.65
mcht_d2c_04,d2c_ecommerce,2026-04-28,176928.16,11260.25,440.25,3358.33,1769.28,160100.05
mcht_food_01,food_delivery,2026-04-28,91954.78,0.0,1058.98,1937.55,919.55,88038.7
mcht_food_02,food_delivery,2026-04-28,137173.05,11412.02,0.0,2882.36,1371.73,121506.94
mcht_food_03,food_delivery,2026-04-28,228336.32,15657.18,0.0,4791.62,2283.36,205604.16
mcht_mkt_01,marketplace,2026-04-28,550007.52,56053.9,0.0,10085.29,5500.08,478368.25
mcht_mkt_02,marketplace,2026-04-28,534644.74,43811.96,21473.14,10665.66,5346.45,453347.53
mcht_mkt_03,marketplace,2026-04-28,908517.63,36792.39,18347.89,17023.22,9085.18,827268.95
mcht_mkt_04,marketplace,2026-04-28,495206.04,0.0,0.0,10628.75,4952.06,479625.23
mcht_saas_01,saas_subscription,2026-04-28,85215.98,568.76,0.0,1703.86,852.16,82091.2
mcht_saas_02,saas_subscription,2026-04-28,160396.0,459.49,140.68,3112.47,1603.96,155079.4
mcht_saas_03,saas_subscription,2026-04-28,274829.99,1795.95,0.0,5247.99,2748.3,265037.75
mcht_saas_04,saas_subscription,2026-04-28,122285.78,1261.4,0.0,2650.15,1222.86,117151.37
mcht_d2c_01,d2c_ecommerce,2026-04-29,114679.85,16395.51,1022.96,2234.39,1146.8,93880.19
mcht_d2c_02,d2c_ecommerce,2026-04-29,460885.94,48140.76,1706.86,8336.46,4608.86,398093.0
mcht_d2c_03,d2c_ecommerce,2026-04-29,313987.71,0.0,2477.27,6529.14,3139.88,301841.42
mcht_d2c_04,d2c_ecommerce,2026-04-29,105071.5,0.0,937.66,1919.12,1050.71,101164.01
mcht_food_01,food_delivery,2026-04-29,92387.8,3797.51,1130.39,1858.24,923.88,84677.78
mcht_food_02,food_delivery,2026-04-29,173462.52,0.0,1385.51,3323.24,1734.63,167019.14
mcht_food_03,food_delivery,2026-04-29,253702.22,10157.05,1480.42,5528.93,2537.02,233998.8
mcht_mkt_01,marketplace,2026-04-29,632097.48,29476.67,0.0,13425.97,6320.97,582873.87
mcht_mkt_02,marketplace,2026-04-29,455272.31,0.0,0.0,8684.5,4552.72,442035.09
mcht_mkt_03,marketplace,2026-04-29,1349334.16,144270.57,0.0,27779.24,13493.34,1163791.01
mcht_mkt_04,marketplace,2026-04-29,234947.26,22125.84,41768.41,4241.62,2349.47,164461.92
mcht_saas_01,saas_subscription,2026-04-29,102463.52,0.0,0.0,2046.68,1024.64,99392.2
mcht_saas_02,saas_subscription,2026-04-29,186646.41,577.84,68.29,4021.59,1866.46,180112.23
mcht_saas_03,saas_subscription,2026-04-29,331766.94,1071.17,118.53,6429.47,3317.67,320830.1
mcht_saas_04,saas_subscription,2026-04-29,147245.18,0.0,120.78,2890.06,1472.45,142761.89
mcht_d2c_01,d2c_ecommerce,2026-04-30,136319.18,49580.13,949.78,2840.47,1363.19,81585.61
mcht_d2c_02,d2c_ecommerce,2026-04-30,525678.04,206216.06,2746.92,11524.76,5256.78,299933.52
mcht_d2c_03,d2c_ecommerce,2026-04-30,355112.04,0.0,0.0,7137.86,3551.12,344423.06
mcht_d2c_04,d2c_ecommerce,2026-04-30,111475.55,10670.34,492.01,2308.67,1114.76,96889.77
mcht_food_01,food_delivery,2026-04-30,104693.48,7841.34,314.38,1938.71,1046.93,93552.12
mcht_food_02,food_delivery,2026-04-30,189145.25,5983.49,420.75,3584.47,1891.45,177265.09
mcht_food_03,food_delivery,2026-04-30,234791.21,0.0,2151.04,4545.11,2347.91,225747.15
mcht_mkt_01,marketplace,2026-04-30,424261.36,13846.15,0.0,8628.44,4242.61,397544.16
mcht_mkt_02,marketplace,2026-04-30,341244.12,19349.63,7973.83,6636.12,3412.44,303872.1
mcht_mkt_03,marketplace,2026-04-30,1449246.95,0.0,31626.17,30030.54,14492.47,1373097.77
mcht_mkt_04,marketplace,2026-04-30,593104.48,13265.92,8928.69,12597.57,5931.04,552381.26
mcht_saas_01,saas_subscription,2026-04-30,102412.92,233.46,69.95,2241.16,1024.13,98844.22
mcht_saas_02,saas_subscription,2026-04-30,188891.98,582.62,131.98,4019.06,1888.92,182269.4
mcht_saas_03,saas_subscription,2026-04-30,317568.14,0.0,134.63,5831.01,3175.68,308426.82
mcht_saas_04,saas_subscription,2026-04-30,151237.69,365.37,0.0,2920.79,1512.38,146439.15
mcht_d2c_01,d2c_ecommerce,2026-05-01,170729.52,15004.76,669.03,3351.61,1707.3,149996.82
mcht_d2c_02,d2c_ecommerce,2026-05-01,589373.81,0.0,1710.8,11219.67,5893.74,570549.6
mcht_d2c_03,d2c_ecommerce,2026-05-01,413660.63,78774.29,0.0,7690.35,4136.61,323059.38
mcht_d2c_04,d2c_ecommerce,2026-05-01,138109.68,23312.28,335.9,2499.05,1381.1,110581.35
mcht_food_01,food_delivery,2026-05-01,110498.98,4045.92,0.0,1993.73,1104.99,103354.34
mcht_food_02,food_delivery,2026-05-01,203232.25,9198.83,925.45,4352.69,2032.32,186722.96
mcht_food_03,food_delivery,2026-05-01,254509.85,8686.25,0.0,5125.78,2545.1,238152.72
mcht_mkt_01,marketplace,2026-05-01,460444.13,22391.34,35243.15,9491.64,4604.44,388713.56
mcht_mkt_02,marketplace,2026-05-01,362500.22,29700.44,16432.89,6794.12,3625.0,305947.77
mcht_mkt_03,marketplace,2026-05-01,752024.88,0.0,0.0,15043.89,7520.25,729460.74
mcht_mkt_04,marketplace,2026-05-01,435187.97,20655.31,0.0,9541.42,4351.88,400639.36
mcht_saas_01,saas_subscription,2026-05-01,97495.23,621.91,71.79,1903.39,974.95,93923.19
mcht_saas_02,saas_subscription,2026-05-01,177687.64,0.0,88.96,3548.66,1776.88,172273.14
mcht_saas_03,saas_subscription,2026-05-01,303251.99,1767.9,509.08,6062.57,3032.52,291879.92
mcht_saas_04,saas_subscription,2026-05-01,143606.31,385.36,47.47,2634.59,1436.06,139102.83
mcht_d2c_01,d2c_ecommerce,2026-05-02,163739.14,12458.07,973.15,3038.68,1637.39,145631.85
mcht_d2c_02,d2c_ecommerce,2026-05-02,547917.79,0.0,3520.14,11162.42,5479.18,527756.05
mcht_d2c_03,d2c_ecommerce,2026-05-02,423055.96,35884.2,0.0,9170.48,4230.56,373770.72
mcht_d2c_04,d2c_ecommerce,2026-05-02,116530.33,15194.32,481.18,2474.86,1165.3,97214.67
mcht_food_01,food_delivery,2026-05-02,118721.6,7777.67,269.52,2237.88,1187.22,107249.31
mcht_food_02,food_delivery,2026-05-02,240804.97,7937.34,0.0,4998.4,2408.05,225461.18
mcht_food_03,food_delivery,2026-05-02,371394.66,34015.32,859.76,7163.39,3713.95,325642.24
mcht_mkt_01,marketplace,2026-05-02,609778.12,30257.41,50510.33,11415.6,6097.78,511497.0
mcht_mkt_02,marketplace,2026-05-02,325377.32,70828.63,5164.47,6598.78,3253.77,239531.67
mcht_mkt_03,marketplace,2026-05-02,550552.24,0.0,0.0,11103.6,5505.52,533943.12
mcht_mkt_04,marketplace,2026-05-02,492106.29,0.0,0.0,8917.69,4921.06,478267.54
mcht_saas_01,saas_subscription,2026-05-02,93906.93,0.0,47.95,1839.65,939.07,91080.26
mcht_saas_02,saas_subscription,2026-05-02,183588.36,1814.56,0.0,3872.17,1835.88,176065.75
mcht_saas_03,saas_subscription,2026-05-02,316769.27,1102.7,123.27,5902.26,3167.69,306473.35
mcht_saas_04,saas_subscription,2026-05-02,136044.13,0.0,55.08,2793.9,1360.44,131834.71
mcht_d2c_01,d2c_ecommerce,2026-05-03,92681.77,17818.17,1781.04,1793.18,926.82,70362.56
mcht_d2c_02,d2c_ecommerce,2026-05-03,665808.5,73964.7,0.0,12784.19,6658.09,572401.52
mcht_d2c_03,d2c_ecommerce,2026-05-03,482405.49,73025.69,0.0,8905.29,4824.05,395650.46
mcht_d2c_04,d2c_ecommerce,2026-05-03,132730.9,15070.21,1558.96,2882.47,1327.31,111891.95
mcht_food_01,food_delivery,2026-05-03,196309.43,6111.48,803.19,4102.35,1963.09,183329.32
mcht_food_02,food_delivery,2026-05-03,348817.43,23914.09,1200.04,6944.07,3488.17,313271.06
mcht_food_03,food_delivery,2026-05-03,535089.38,11654.83,0.0,11577.05,5350.89,506506.61
mcht_mkt_01,marketplace,2026-05-03,389256.31,35622.96,15669.61,7687.8,3892.56,326383.38
mcht_mkt_02,marketplace,2026-05-03,462973.03,15619.58,0.0,10024.34,4629.73,432699.38
mcht_mkt_03,marketplace,2026-05-03,1251787.65,0.0,0.0,24109.72,12517.88,1215160.05
mcht_mkt_04,marketplace,2026-05-03,561802.64,12511.31,11503.92,11741.6,5618.03,520427.78
mcht_saas_01,saas_subscription,2026-05-03,111341.29,0.0,45.19,2264.57,1113.41,107918.12
mcht_saas_02,saas_subscription,2026-05-03,197854.75,403.8,223.33,3775.97,1978.55,191473.1
mcht_saas_03,saas_subscription,2026-05-03,359836.91,711.43,141.81,7098.99,3598.37,348286.31
mcht_saas_04,saas_subscription,2026-05-03,160512.62,967.87,111.26,3443.85,1605.13,154384.51
mcht_d2c_01,d2c_ecommerce,2026-05-04,254356.96,26577.18,0.0,4815.86,2543.57,220420.35
mcht_d2c_02,d2c_ecommerce,2026-05-04,828092.72,218400.41,0.0,16133.31,8280.93,585278.07
mcht_d2c_03,d2c_ecommerce,2026-05-04,790595.77,114596.94,1358.79,16220.41,7905.96,650513.67
mcht_d2c_04,d2c_ecommerce,2026-05-04,150253.51,0.0,584.11,3131.5,1502.54,145035.36
mcht_food_01,food_delivery,2026-05-04,178557.57,0.0,0.0,3805.79,1785.58,172966.2
mcht_food_02,food_delivery,2026-05-04,318001.39,0.0,373.21,6074.34,3180.01,308373.83
mcht_food_03,food_delivery,2026-05-04,400547.76,0.0,1264.8,7670.86,4005.48,387606.62
mcht_mkt_01,marketplace,2026-05-04,246590.75,0.0,0.0,5307.21,2465.91,238817.63
mcht_mkt_02,marketplace,2026-05-04,802106.67,48655.78,20156.21,15453.73,8021.07,709819.88
mcht_mkt_03,marketplace,2026-05-04,1359204.23,0.0,39858.72,26169.15,13592.04,1279584.32
mcht_mkt_04,marketplace,2026-05-04,494097.95,47866.41,16019.47,10868.36,4940.98,414402.73
mcht_saas_01,saas_subscription,2026-05-04,103716.36,600.53,34.39,1920.02,1037.16,100124.26
mcht_saas_02,saas_subscription,2026-05-04,191104.97,0.0,79.62,3817.71,1911.05,185296.59
mcht_saas_03,saas_subscription,2026-05-04,342323.47,1107.24,126.64,6358.1,3423.23,331308.26
mcht_saas_04,saas_subscription,2026-05-04,150414.1,424.95,138.51,2732.21,1504.14,145614.29
mcht_d2c_01,d2c_ecommerce,2026-05-05,275138.76,9692.07,808.27,5313.57,2751.39,256573.46
mcht_d2c_02,d2c_ecommerce,2026-05-05,870536.51,0.0,1638.81,17054.72,8705.37,843137.61
mcht_d2c_03,d2c_ecommerce,2026-05-05,621530.47,80310.23,0.0,11443.84,6215.3,523561.1
mcht_d2c_04,d2c_ecommerce,2026-05-05,176673.06,46412.2,0.0,3601.28,1766.73,124892.85
mcht_food_01,food_delivery,2026-05-05,77776.49,5937.16,0.0,1506.17,777.76,69555.4
mcht_food_02,food_delivery,2026-05-05,128186.08,11697.22,1046.52,2377.38,1281.86,111783.1
mcht_food_03,food_delivery,2026-05-05,203945.93,16994.44,0.0,4237.03,2039.46,180675.0
mcht_mkt_01,marketplace,2026-05-05,274886.68,0.0,28651.75,5184.84,2748.87,238301.22
mcht_mkt_02,marketplace,2026-05-05,522605.58,20053.95,0.0,10468.97,5226.06,486856.6
mcht_mkt_03,marketplace,2026-05-05,1475468.56,137643.98,95169.42,30956.02,14754.69,1196944.45
mcht_mkt_04,marketplace,2026-05-05,236432.84,55030.25,0.0,5009.65,2364.33,174028.61
mcht_saas_01,saas_subscription,2026-05-05,89176.6,0.0,34.17,1719.71,891.77,86530.95
mcht_saas_02,saas_subscription,2026-05-05,159166.8,0.0,101.73,2990.73,1591.67,154482.67
mcht_saas_03,saas_subscription,2026-05-05,266963.78,1054.63,0.0,5823.92,2669.64,257415.59
mcht_saas_04,saas_subscription,2026-05-05,138185.88,397.28,0.0,2567.64,1381.86,133839.1
mcht_d2c_01,d2c_ecommerce,2026-05-06,109887.38,0.0,0.0,2072.49,1098.87,106716.02
mcht_d2c_02,d2c_ecommerce,2026-05-06,546527.92,86091.68,3577.3,10569.95,5465.28,440823.71
mcht_d2c_03,d2c_ecommerce,2026-05-06,405684.66,0.0,1581.95,7539.41,4056.85,392506.45
mcht_d2c_04,d2c_ecommerce,2026-05-06,117948.29,27012.57,409.97,2433.05,1179.48,86913.22
mcht_food_01,food_delivery,2026-05-06,87681.55,0.0,247.74,1766.23,876.82,84790.76
mcht_food_02,food_delivery,2026-05-06,164703.0,7966.64,481.26,2989.31,1647.03,151618.76
mcht_food_03,food_delivery,2026-05-06,221419.23,9746.4,1436.11,4140.59,2214.19,203881.94
mcht_mkt_01,marketplace,2026-05-06,486471.24,16668.11,0.0,8756.73,4864.71,456181.69
mcht_mkt_02,marketplace,2026-05-06,447647.15,30645.71,19185.76,9600.92,4476.47,383738.29
mcht_mkt_03,marketplace,2026-05-06,1461058.75,234657.82,45217.51,27068.93,14610.59,1139503.9
mcht_mkt_04,marketplace,2026-05-06,443145.15,57399.9,17582.17,8872.4,4431.45,354859.23
mcht_saas_01,saas_subscription,2026-05-06,102171.52,250.36,70.82,1918.05,1021.72,98910.57
mcht_saas_02,saas_subscription,2026-05-06,199746.25,1319.78,63.74,4283.27,1997.46,192082.0
mcht_saas_03,saas_subscription,2026-05-06,334476.23,1839.08,104.76,6214.54,3344.76,322973.09
mcht_saas_04,saas_subscription,2026-05-06,150995.92,387.2,51.57,2806.34,1509.96,146240.85
mcht_d2c_01,d2c_ecommerce,2026-05-07,168067.1,24947.94,1388.92,3100.73,1680.67,136948.84
mcht_d2c_02,d2c_ecommerce,2026-05-07,512989.32,0.0,2512.7,10541.72,5129.89,494805.01
mcht_d2c_03,d2c_ecommerce,2026-05-07,356535.95,97991.77,4082.24,6446.94,3565.36,244449.64
mcht_d2c_04,d2c_ecommerce,2026-05-07,122847.95,0.0,0.0,2531.76,1228.48,119087.71
mcht_food_01,food_delivery,2026-05-07,102430.41,6639.67,0.0,1942.09,1024.3,92824.35
mcht_food_02,food_delivery,2026-05-07,187835.56,6764.8,576.01,4021.46,1878.36,174594.93
mcht_food_03,food_delivery,2026-05-07,226887.63,8310.09,1537.9,4179.5,2268.88,210591.26
mcht_mkt_01,marketplace,2026-05-07,336689.02,63382.15,0.0,6407.2,3366.89,263532.78
mcht_mkt_02,marketplace,2026-05-07,376650.61,15668.16,0.0,7461.45,3766.51,349754.49
mcht_mkt_03,marketplace,2026-05-07,1936210.95,117774.74,0.0,40826.97,19362.11,1758247.13
mcht_mkt_04,marketplace,2026-05-07,232301.47,0.0,0.0,5003.61,2323.01,224974.85
mcht_saas_01,saas_subscription,2026-05-07,95412.63,568.49,31.03,1756.85,954.13,92102.13
mcht_saas_02,saas_subscription,2026-05-07,188931.25,619.13,0.0,4022.78,1889.31,182400.03
mcht_saas_03,saas_subscription,2026-05-07,328502.2,826.92,0.0,6598.8,3285.02,317791.46
mcht_saas_04,saas_subscription,2026-05-07,144048.27,892.78,62.55,2939.9,1440.48,138712.56
mcht_d2c_01,d2c_ecommerce,2026-05-08,104540.77,0.0,0.0,1972.65,1045.41,101522.71
mcht_d2c_02,d2c_ecommerce,2026-05-08,522728.49,0.0,4474.06,11418.35,5227.28,501608.8
mcht_d2c_03,d2c_ecommerce,2026-05-08,343306.47,0.0,2692.44,6678.5,3433.06,330502.47
mcht_d2c_04,d2c_ecommerce,2026-05-08,118898.71,11885.48,0.0,2583.29,1188.99,103240.95
mcht_food_01,food_delivery,2026-05-08,100756.47,4579.66,290.41,2168.46,1007.56,92710.38
mcht_food_02,food_delivery,2026-05-08,200110.27,12520.96,751.2,4076.95,2001.1,180760.06
mcht_food_03,food_delivery,2026-05-08,279689.78,0.0,0.0,5208.53,2796.9,271684.35
mcht_mkt_01,marketplace,2026-05-08,443653.51,29535.43,0.0,8850.96,4436.54,400830.58
mcht_mkt_02,marketplace,2026-05-08,233809.76,21937.89,8729.83,4986.0,2338.1,195817.94
mcht_mkt_03,marketplace,2026-05-08,1456244.14,18736.64,0.0,30027.83,14562.44,1392917.23
mcht_mkt_04,marketplace,2026-05-08,498538.48,0.0,10341.19,10385.42,4985.38,472826.49
mcht_saas_01,saas_subscription,2026-05-08,93187.91,0.0,0.0,2000.24,931.88,90255.79
mcht_saas_02,saas_subscription,2026-05-08,182511.52,0.0,126.08,3943.82,1825.12,176616.5
mcht_saas_03,saas_subscription,2026-05-08,307070.15,832.92,117.7,5769.21,3070.7,297279.62
mcht_saas_04,saas_subscription,2026-05-08,148477.84,0.0,0.0,3219.73,1484.78,143773.33
mcht_d2c_01,d2c_ecommerce,2026-05-09,172978.61,18773.53,1717.07,3740.32,1729.79,147017.9
mcht_d2c_02,d2c_ecommerce,2026-05-09,494264.0,54017.59,0.0,9744.19,4942.64,425559.58
mcht_d2c_03,d2c_ecommerce,2026-05-09,387907.8,36592.82,1772.08,7974.74,3879.08,337689.08
mcht_d2c_04,d2c_ecommerce,2026-05-09,135379.86,0.0,637.93,2959.03,1353.8,130429.1
mcht_food_01,food_delivery,2026-05-09,131792.93,0.0,0.0,2881.1,1317.93,127593.9
mcht_food_02,food_delivery,2026-05-09,289342.17,11485.09,1242.24,5261.2,2893.42,268460.22
mcht_food_03,food_delivery,2026-05-09,317832.07,11033.4,547.01,6394.09,3178.32,296679.25
mcht_mkt_01,marketplace,2026-05-09,812987.42,43562.11,16997.07,17304.53,8129.87,726993.84
mcht_mkt_02,marketplace,2026-05-09,538048.29,23951.18,9772.31,10645.59,5380.48,488298.73
mcht_mkt_03,marketplace,2026-05-09,2178900.31,80298.47,0.0,46928.93,21789.0,2029883.91
mcht_mkt_04,marketplace,2026-05-09,634807.92,0.0,19222.93,12169.15,6348.08,597067.76
mcht_saas_01,saas_subscription,2026-05-09,99391.47,292.53,51.92,2023.34,993.91,96029.77
mcht_saas_02,saas_subscription,2026-05-09,182513.55,1043.61,65.13,3925.85,1825.14,175653.82
mcht_saas_03,saas_subscription,2026-05-09,310079.62,0.0,0.0,5676.15,3100.8,301302.67
mcht_saas_04,saas_subscription,2026-05-09,132783.14,399.63,45.53,2622.61,1327.83,128387.54
mcht_d2c_01,d2c_ecommerce,2026-05-10,179029.52,0.0,0.0,3283.56,1790.3,173955.66
mcht_d2c_02,d2c_ecommerce,2026-05-10,575292.14,0.0,1938.79,12595.05,5752.92,555005.38
mcht_d2c_03,d2c_ecommerce,2026-05-10,495162.53,37514.66,1427.01,9945.92,4951.63,441323.31
mcht_d2c_04,d2c_ecommerce,2026-05-10,151260.95,16217.76,0.0,2980.88,1512.61,130549.7
mcht_food_01,food_delivery,2026-05-10,228090.1,6645.13,406.75,4792.57,2280.9,213964.75
mcht_food_02,food_delivery,2026-05-10,322813.28,9841.06,0.0,6015.42,3228.13,303728.67
mcht_food_03,food_delivery,2026-05-10,458848.9,17272.21,522.06,9809.35,4588.49,426656.79
mcht_mkt_01,marketplace,2026-05-10,287695.22,54877.94,27411.71,5918.8,2876.95,196609.82
mcht_mkt_02,marketplace,2026-05-10,514869.73,23643.1,0.0,10174.33,5148.7,475903.6
mcht_mkt_03,marketplace,2026-05-10,2268127.79,161415.69,79674.49,43186.47,22681.28,1961169.86
mcht_mkt_04,marketplace,2026-05-10,256584.45,51362.06,0.0,4848.75,2565.84,197807.8
mcht_saas_01,saas_subscription,2026-05-10,97593.25,587.08,43.85,1896.69,975.93,94089.7
mcht_saas_02,saas_subscription,2026-05-10,165992.16,0.0,0.0,3625.0,1659.92,160707.24
mcht_saas_03,saas_subscription,2026-05-10,302810.99,772.37,463.54,5695.64,3028.11,292851.33
mcht_saas_04,saas_subscription,2026-05-10,137562.34,369.68,0.0,2665.3,1375.62,133151.74
mcht_d2c_01,d2c_ecommerce,2026-05-11,175587.95,43522.09,1562.65,3388.68,1755.88,125358.65
mcht_d2c_02,d2c_ecommerce,2026-05-11,735300.04,0.0,1358.86,15199.53,7353.0,711388.65
mcht_d2c_03,d2c_ecommerce,2026-05-11,633954.95,37166.86,1436.0,13121.7,6339.55,575890.84
mcht_d2c_04,d2c_ecommerce,2026-05-11,207648.54,0.0,1363.63,4250.22,2076.49,199958.2
mcht_food_01,food_delivery,2026-05-11,158143.79,5394.63,0.0,2902.82,1581.44,148264.9
mcht_food_02,food_delivery,2026-05-11,308108.02,0.0,1766.23,5890.49,3081.08,297370.22
mcht_food_03,food_delivery,2026-05-11,441139.4,21808.44,0.0,9703.8,4411.39,405215.77
mcht_mkt_01,marketplace,2026-05-11,477704.3,16769.92,9590.48,10354.84,4777.04,436212.02
mcht_mkt_02,marketplace,2026-05-11,367116.95,0.0,15884.22,6839.01,3671.17,340722.55
mcht_mkt_03,marketplace,2026-05-11,508048.43,95369.71,30428.54,10173.53,5080.48,366996.17
mcht_mkt_04,marketplace,2026-05-11,340982.65,0.0,9140.19,6836.76,3409.83,321595.87
mcht_saas_01,saas_subscription,2026-05-11,87905.91,0.0,0.0,1726.0,879.06,85300.85
mcht_saas_02,saas_subscription,2026-05-11,167197.82,1021.9,0.0,3162.27,1671.98,161341.67
mcht_saas_03,saas_subscription,2026-05-11,303170.58,1702.32,138.59,5523.49,3031.71,292774.47
mcht_saas_04,saas_subscription,2026-05-11,137470.89,369.19,48.03,2895.6,1374.71,132783.36
mcht_d2c_01,d2c_ecommerce,2026-05-12,238349.88,0.0,0.0,4794.12,2383.5,231172.26
mcht_d2c_02,d2c_ecommerce,2026-05-12,782792.38,52847.42,0.0,15991.31,7827.92,706125.73
mcht_d2c_03,d2c_ecommerce,2026-05-12,608025.02,149644.88,2390.02,12586.16,6080.25,437323.71
mcht_d2c_04,d2c_ecommerce,2026-05-12,196718.51,12860.06,430.54,4172.64,1967.19,177288.08
mcht_food_01,food_delivery,2026-05-12,84385.47,3366.7,371.36,1666.48,843.85,78137.08
mcht_food_02,food_delivery,2026-05-12,153920.9,11548.11,1524.47,2932.55,1539.21,136376.56
mcht_food_03,food_delivery,2026-05-12,178998.97,7381.22,1076.38,3667.82,1789.99,165083.56
mcht_mkt_01,marketplace,2026-05-12,909808.1,0.0,0.0,18034.45,9098.08,882675.57
mcht_mkt_02,marketplace,2026-05-12,616790.31,50860.34,0.0,11410.57,6167.9,548351.5
mcht_mkt_03,marketplace,2026-05-12,355111.1,65451.71,28201.63,6447.38,3551.11,251459.27
mcht_mkt_04,marketplace,2026-05-12,320929.42,0.0,17707.76,6255.54,3209.29,293756.83
mcht_saas_01,saas_subscription,2026-05-12,84582.65,274.75,38.27,1668.48,845.83,81755.32
mcht_saas_02,saas_subscription,2026-05-12,171060.72,1050.46,157.64,3716.69,1710.61,164425.32
mcht_saas_03,saas_subscription,2026-05-12,294034.16,898.06,125.61,5456.57,2940.34,284613.58
mcht_saas_04,saas_subscription,2026-05-12,125590.05,827.56,56.27,2633.66,1255.9,120816.66
mcht_d2c_01,d2c_ecommerce,2026-05-13,158624.21,31663.81,0.0,3080.17,1586.24,122293.99
mcht_d2c_02,d2c_ecommerce,2026-05-13,418099.48,194514.63,1791.08,7922.32,4180.99,209690.46
mcht_d2c_03,d2c_ecommerce,2026-05-13,352293.1,0.0,4214.3,6538.8,3522.93,338017.07
mcht_d2c_04,d2c_ecommerce,2026-05-13,128996.74,9545.28,0.0,2322.48,1289.97,115839.01
mcht_food_01,food_delivery,2026-05-13,82700.97,6363.51,289.21,1816.28,827.01,73404.96
mcht_food_02,food_delivery,2026-05-13,167393.61,4815.28,1022.99,3380.27,1673.94,156501.13
mcht_food_03,food_delivery,2026-05-13,181401.02,10697.01,0.0,3652.4,1814.01,165237.6
mcht_mkt_01,marketplace,2026-05-13,634945.87,52361.28,36716.07,12421.61,6349.46,527097.45
mcht_mkt_02,marketplace,2026-05-13,464492.24,40537.19,0.0,9497.0,4644.92,409813.13
mcht_mkt_03,marketplace,2026-05-13,1239062.4,0.0,0.0,26825.73,12390.62,1199846.05
mcht_mkt_04,marketplace,2026-05-13,396946.05,0.0,24208.28,7668.15,3969.46,361100.16
mcht_saas_01,saas_subscription,2026-05-13,105809.56,339.35,0.0,2172.55,1058.1,102239.56
mcht_saas_02,saas_subscription,2026-05-13,193313.72,0.0,61.06,3921.34,1933.14,187398.18
mcht_saas_03,saas_subscription,2026-05-13,316242.12,1049.48,0.0,6316.6,3162.42,305713.62
mcht_saas_04,saas_subscription,2026-05-13,142529.84,491.31,58.2,2706.22,1425.3,137848.81
mcht_d2c_01,d2c_ecommerce,2026-05-14,149763.97,0.0,0.0,3005.83,1497.64,145260.5
mcht_d2c_02,d2c_ecommerce,2026-05-14,454637.53,0.0,0.0,8297.9,4546.38,441793.25
mcht_d2c_03,d2c_ecommerce,2026-05-14,353827.35,0.0,2039.0,6450.04,3538.27,341800.04
mcht_d2c_04,d2c_ecommerce,2026-05-14,110400.05,0.0,0.0,2219.93,1104.0,107076.12
mcht_food_01,food_delivery,2026-05-14,94354.09,3346.65,856.86,1784.95,943.54,87422.09
mcht_food_02,food_delivery,2026-05-14,148703.09,7076.95,273.99,2914.25,1487.03,136950.87
mcht_food_03,food_delivery,2026-05-14,263948.73,9747.9,764.15,5581.86,2639.49,245215.33
mcht_mkt_01,marketplace,2026-05-14,513868.15,0.0,15840.87,9725.3,5138.68,483163.3
mcht_mkt_02,marketplace,2026-05-14,597086.44,0.0,8363.05,12723.51,5970.86,570029.02
mcht_mkt_03,marketplace,2026-05-14,1495824.44,131173.58,8425.36,30965.91,14958.24,1310301.35
mcht_mkt_04,marketplace,2026-05-14,545159.36,53227.55,15255.27,10200.86,5451.59,461024.09
mcht_saas_01,saas_subscription,2026-05-14,95737.47,577.25,84.47,2078.18,957.37,92040.2
mcht_saas_02,saas_subscription,2026-05-14,187555.97,492.19,53.72,3692.97,1875.56,181441.53
mcht_saas_03,saas_subscription,2026-05-14,344913.18,817.34,133.8,7107.72,3449.13,333405.19
mcht_saas_04,saas_subscription,2026-05-14,143985.92,0.0,57.26,2684.37,1439.86,139804.43
mcht_d2c_01,d2c_ecommerce,2026-05-15,160075.39,35186.65,0.0,2909.16,1600.75,120378.83
mcht_d2c_02,d2c_ecommerce,2026-05-15,359381.32,104062.18,2218.44,7693.54,3593.81,241813.35
mcht_d2c_03,d2c_ecommerce,2026-05-15,377775.13,48784.03,1600.33,7744.93,3777.75,315868.09
mcht_d2c_04,d2c_ecommerce,2026-05-15,100347.77,25970.54,1385.36,2068.32,1003.48,69920.07
mcht_food_01,food_delivery,2026-05-15,110203.25,3371.76,533.9,2279.21,1102.03,102916.35
mcht_food_02,food_delivery,2026-05-15,209688.9,6782.52,529.38,4514.36,2096.89,195765.75
mcht_food_03,food_delivery,2026-05-15,252290.16,0.0,1419.62,4605.55,2522.9,243742.09
mcht_mkt_01,marketplace,2026-05-15,474138.94,22691.69,11481.17,8948.07,4741.39,426276.62
mcht_mkt_02,marketplace,2026-05-15,448983.66,51488.39,9526.87,8324.89,4489.84,375153.67
mcht_mkt_03,marketplace,2026-05-15,1077191.34,83646.73,0.0,22073.27,10771.91,960699.43
mcht_mkt_04,marketplace,2026-05-15,354272.34,85653.72,0.0,7574.75,3542.72,257501.15
mcht_saas_01,saas_subscription,2026-05-15,94472.43,280.47,71.51,2052.99,944.72,91122.74
mcht_saas_02,saas_subscription,2026-05-15,186417.82,1065.21,0.0,3773.38,1864.18,179715.05
mcht_saas_03,saas_subscription,2026-05-15,308096.96,0.0,283.38,5653.38,3080.97,299079.23
mcht_saas_04,saas_subscription,2026-05-15,148615.74,0.0,0.0,2887.79,1486.16,144241.79
mcht_d2c_01,d2c_ecommerce,2026-05-16,149699.41,0.0,485.39,3082.95,1496.99,144634.08
mcht_d2c_02,d2c_ecommerce,2026-05-16,601526.53,0.0,3330.41,12208.54,6015.27,579972.31
mcht_d2c_03,d2c_ecommerce,2026-05-16,433820.37,94604.38,2783.69,8942.29,4338.2,323151.81
mcht_d2c_04,d2c_ecommerce,2026-05-16,131443.61,0.0,0.0,2743.07,1314.44,127386.1
mcht_food_01,food_delivery,2026-05-16,128285.44,7591.57,721.87,2790.75,1282.85,115898.4
mcht_food_02,food_delivery,2026-05-16,255178.19,11041.68,723.73,5327.52,2551.78,235533.48
mcht_food_03,food_delivery,2026-05-16,404373.13,34068.12,1953.8,8587.91,4043.73,355719.57
mcht_mkt_01,marketplace,2026-05-16,603274.84,109524.63,5462.45,12635.25,6032.75,469619.76
mcht_mkt_02,marketplace,2026-05-16,411044.51,0.0,0.0,8895.16,4110.45,398038.9
mcht_mkt_03,marketplace,2026-05-16,1437095.96,0.0,86810.68,30079.51,14370.96,1305834.81
mcht_mkt_04,marketplace,2026-05-16,530183.91,0.0,12275.61,11038.46,5301.84,501568.0
mcht_saas_01,saas_subscription,2026-05-16,96711.25,244.03,96.29,1892.25,967.11,93511.57
mcht_saas_02,saas_subscription,2026-05-16,184513.85,0.0,0.0,3574.11,1845.14,179094.6
mcht_saas_03,saas_subscription,2026-05-16,318512.24,1058.67,109.2,6295.1,3185.12,307864.15
mcht_saas_04,saas_subscription,2026-05-16,141474.19,416.37,63.39,2985.45,1414.74,136594.24
mcht_d2c_01,d2c_ecommerce,2026-05-17,142508.29,15007.99,1467.44,2886.35,1425.08,121721.43
mcht_d2c_02,d2c_ecommerce,2026-05-17,563904.17,72046.77,2944.11,11085.03,5639.04,472189.22
mcht_d2c_03,d2c_ecommerce,2026-05-17,501666.82,33856.69,0.0,10147.12,5016.67,452646.34
mcht_d2c_04,d2c_ecommerce,2026-05-17,152020.52,81634.26,0.0,2960.62,1520.21,65905.43
mcht_food_01,food_delivery,2026-05-17,210541.08,0.0,928.61,4440.9,2105.41,203066.16
mcht_food_02,food_delivery,2026-05-17,287204.47,11828.91,0.0,6215.95,2872.04,266287.57
mcht_food_03,food_delivery,2026-05-17,567891.57,0.0,1464.3,11944.76,5678.92,548803.59
mcht_mkt_01,marketplace,2026-05-17,794154.68,34428.84,12955.65,14550.05,7941.55,724278.59
mcht_mkt_02,marketplace,2026-05-17,293696.82,21666.03,8431.79,5708.15,2936.97,254953.88
mcht_mkt_03,marketplace,2026-05-17,1040045.41,108888.65,0.0,19903.68,10400.45,900852.63
mcht_mkt_04,marketplace,2026-05-17,570830.29,30523.58,0.0,11031.46,5708.3,523566.95
mcht_saas_01,saas_subscription,2026-05-17,92071.34,228.25,0.0,1778.55,920.71,89143.83
mcht_saas_02,saas_subscription,2026-05-17,166534.11,533.29,83.13,3189.83,1665.34,161062.52
mcht_saas_03,saas_subscription,2026-05-17,312055.44,799.63,272.64,6342.52,3120.55,301520.1
mcht_saas_04,saas_subscription,2026-05-17,133977.45,1029.71,56.48,2784.09,1339.77,128767.4
mcht_d2c_01,d2c_ecommerce,2026-05-18,254821.67,33513.26,621.34,5280.89,2548.22,212857.96
mcht_d2c_02,d2c_ecommerce,2026-05-18,801950.94,101220.49,4876.19,17039.75,8019.51,670795.0
mcht_d2c_03,d2c_ecommerce,2026-05-18,539635.38,0.0,1367.74,10243.93,5396.35,522627.36
mcht_d2c_04,d2c_ecommerce,2026-05-18,216949.41,0.0,842.95,4161.65,2169.49,209775.32
mcht_food_01,food_delivery,2026-05-18,207272.34,11815.17,0.0,4235.7,2072.72,189148.75
mcht_food_02,food_delivery,2026-05-18,324158.94,5271.55,0.0,6953.62,3241.59,308692.18
mcht_food_03,food_delivery,2026-05-18,424906.41,21695.52,2420.52,8548.34,4249.06,387992.97
mcht_mkt_01,marketplace,2026-05-18,435982.62,0.0,7469.36,8270.96,4359.83,415882.47
mcht_mkt_02,marketplace,2026-05-18,411377.61,0.0,30692.04,8104.56,4113.78,368467.23
mcht_mkt_03,marketplace,2026-05-18,903572.38,147006.09,30324.15,18446.83,9035.72,698759.59
mcht_mkt_04,marketplace,2026-05-18,587418.1,16626.76,18939.16,11131.97,5874.18,534846.03
mcht_saas_01,saas_subscription,2026-05-18,88337.33,516.75,36.53,1749.45,883.37,85151.23
mcht_saas_02,saas_subscription,2026-05-18,159514.6,567.81,0.0,3025.24,1595.15,154326.4
mcht_saas_03,saas_subscription,2026-05-18,280262.39,956.31,123.12,5307.3,2802.62,271073.04
mcht_saas_04,saas_subscription,2026-05-18,127701.88,458.04,73.24,2638.76,1277.02,123254.82
mcht_d2c_01,d2c_ecommerce,2026-05-19,270929.85,0.0,0.0,5491.49,2709.3,262729.06
mcht_d2c_02,d2c_ecommerce,2026-05-19,850216.44,0.0,1586.16,16360.14,8502.16,823767.98
mcht_d2c_03,d2c_ecommerce,2026-05-19,631021.94,42004.77,1357.65,13404.84,6310.22,567944.46
mcht_d2c_04,d2c_ecommerce,2026-05-19,202517.19,0.0,0.0,3792.86,2025.17,196699.16
mcht_food_01,food_delivery,2026-05-19,92299.44,3398.61,0.0,1848.46,922.99,86129.38
mcht_food_02,food_delivery,2026-05-19,141031.88,4949.06,0.0,3058.34,1410.32,131614.16
mcht_food_03,food_delivery,2026-05-19,250213.4,0.0,422.15,4526.85,2502.13,242762.27
mcht_mkt_01,marketplace,2026-05-19,409690.99,0.0,10195.53,8826.21,4096.91,386572.34
mcht_mkt_02,marketplace,2026-05-19,564004.16,30370.9,22740.86,12169.98,5640.04,493082.38
mcht_mkt_03,marketplace,2026-05-19,988224.81,105269.83,0.0,20954.01,9882.25,852118.72
mcht_mkt_04,marketplace,2026-05-19,287183.81,0.0,0.0,5316.51,2871.84,278995.46
mcht_saas_01,saas_subscription,2026-05-19,85108.72,0.0,76.93,1725.3,851.09,82455.4
mcht_saas_02,saas_subscription,2026-05-19,162953.88,671.6,77.31,2986.9,1629.54,157588.53
mcht_saas_03,saas_subscription,2026-05-19,282853.41,2009.8,123.99,5512.34,2828.53,272378.75
mcht_saas_04,saas_subscription,2026-05-19,124025.38,0.0,0.0,2643.94,1240.25,120141.19
mcht_d2c_01,d2c_ecommerce,2026-05-20,158294.95,14880.84,2127.55,3126.58,1582.95,136577.03
mcht_d2c_02,d2c_ecommerce,2026-05-20,469079.3,109662.34,0.0,9913.74,4690.79,344812.43
mcht_d2c_03,d2c_ecommerce,2026-05-20,334974.18,70594.62,3254.93,6130.95,3349.74,251643.94
mcht_d2c_04,d2c_ecommerce,2026-05-20,133540.22,40606.77,692.12,2701.69,1335.4,88204.24
mcht_food_01,food_delivery,2026-05-20,100920.68,3684.02,325.43,2191.52,1009.21,93710.5
mcht_food_02,food_delivery,2026-05-20,157117.11,0.0,407.14,3444.01,1571.17,151694.79
mcht_food_03,food_delivery,2026-05-20,241383.37,7879.74,428.09,4540.13,2413.83,226121.58
mcht_mkt_01,marketplace,2026-05-20,313811.53,22075.84,23633.26,6372.79,3138.12,258591.52
mcht_mkt_02,marketplace,2026-05-20,386354.77,48177.78,5400.9,8339.54,3863.55,320573.0
mcht_mkt_03,marketplace,2026-05-20,1162445.08,0.0,19967.37,21343.86,11624.45,1109509.4
mcht_mkt_04,marketplace,2026-05-20,670360.13,58498.79,12645.94,12368.18,6703.6,580143.62
mcht_saas_01,saas_subscription,2026-05-20,102610.8,320.69,0.0,2036.54,1026.11,99227.46
mcht_saas_02,saas_subscription,2026-05-20,188744.81,0.0,78.74,3772.3,1887.45,183006.32
mcht_saas_03,saas_subscription,2026-05-20,330701.27,0.0,141.98,6047.65,3307.01,321204.63
mcht_saas_04,saas_subscription,2026-05-20,151315.01,392.99,48.2,2891.41,1513.15,146469.26
mcht_d2c_01,d2c_ecommerce,2026-05-21,112512.05,0.0,799.62,2182.8,1125.12,108404.51
mcht_d2c_02,d2c_ecommerce,2026-05-21,538182.85,47272.79,2950.64,10393.31,5381.83,472184.28
mcht_d2c_03,d2c_ecommerce,2026-05-21,388033.53,108825.06,5303.42,7966.04,3880.34,262058.67
mcht_d2c_04,d2c_ecommerce,2026-05-21,120170.69,0.0,0.0,2604.97,1201.71,116364.01
mcht_food_01,food_delivery,2026-05-21,88633.37,3879.54,611.01,1735.35,886.33,81521.14
mcht_food_02,food_delivery,2026-05-21,157795.02,5446.72,548.33,3037.05,1577.95,147184.97
mcht_food_03,food_delivery,2026-05-21,229640.52,13799.32,0.0,4473.13,2296.41,209071.66
mcht_mkt_01,marketplace,2026-05-21,601613.8,34790.67,9971.41,10941.16,6016.14,539894.42
mcht_mkt_02,marketplace,2026-05-21,545792.14,49233.28,0.0,10970.11,5457.92,480130.83
mcht_mkt_03,marketplace,2026-05-21,1635662.05,0.0,19782.31,35715.12,16356.62,1563808.0
mcht_mkt_04,marketplace,2026-05-21,707539.33,0.0,6684.78,14505.91,7075.39,679273.25
mcht_saas_01,saas_subscription,2026-05-21,102693.66,616.47,34.58,2119.09,1026.94,98896.58
mcht_saas_02,saas_subscription,2026-05-21,194077.11,1018.41,68.78,4182.56,1940.77,186866.59
mcht_saas_03,saas_subscription,2026-05-21,327404.05,1915.08,0.0,6181.56,3274.04,316033.37
mcht_saas_04,saas_subscription,2026-05-21,151055.56,0.0,0.0,2924.24,1510.56,146620.76
mcht_d2c_01,d2c_ecommerce,2026-05-22,125337.59,28462.61,408.97,2369.6,1253.38,92843.03
mcht_d2c_02,d2c_ecommerce,2026-05-22,418787.82,100837.15,0.0,9080.8,4187.88,304681.99
mcht_d2c_03,d2c_ecommerce,2026-05-22,377261.8,0.0,1011.26,6972.42,3772.62,365505.5
mcht_d2c_04,d2c_ecommerce,2026-05-22,120457.38,0.0,886.79,2599.94,1204.57,115766.08
mcht_food_01,food_delivery,2026-05-22,109745.47,0.0,0.0,2371.06,1097.45,106276.96
mcht_food_02,food_delivery,2026-05-22,206350.19,6945.91,0.0,3887.37,2063.5,193453.41
mcht_food_03,food_delivery,2026-05-22,207491.58,12772.59,627.63,4516.03,2074.92,187500.41
mcht_mkt_01,marketplace,2026-05-22,274649.88,52005.57,0.0,5717.39,2746.5,214180.42
mcht_mkt_02,marketplace,2026-05-22,268018.25,0.0,9532.99,5121.04,2680.18,250684.04
mcht_mkt_03,marketplace,2026-05-22,932044.25,0.0,0.0,20101.91,9320.44,902621.9
mcht_mkt_04,marketplace,2026-05-22,617902.81,74184.95,19308.89,11391.2,6179.03,506838.74
mcht_saas_01,saas_subscription,2026-05-22,97145.77,287.69,0.0,1964.05,971.46,93922.57
mcht_saas_02,saas_subscription,2026-05-22,181979.75,449.55,228.61,3734.34,1819.8,175747.45
mcht_saas_03,saas_subscription,2026-05-22,318242.28,1032.35,0.0,6322.52,3182.42,307704.99
mcht_saas_04,saas_subscription,2026-05-22,147008.01,1290.11,121.32,2671.04,1470.08,141455.46
mcht_d2c_01,d2c_ecommerce,2026-05-23,142208.75,10461.96,0.0,2844.21,1422.09,127480.49
mcht_d2c_02,d2c_ecommerce,2026-05-23,639033.59,0.0,2847.63,12187.56,6390.34,617608.06
mcht_d2c_03,d2c_ecommerce,2026-05-23,471004.72,0.0,0.0,9711.08,4710.05,456583.59
mcht_d2c_04,d2c_ecommerce,2026-05-23,103837.35,11451.62,368.5,2018.58,1038.37,88960.28
mcht_food_01,food_delivery,2026-05-23,146723.16,10520.85,1185.86,2894.0,1467.23,130655.22
mcht_food_02,food_delivery,2026-05-23,289176.54,13760.11,0.0,5396.21,2891.77,267128.45
mcht_food_03,food_delivery,2026-05-23,360208.0,14217.55,0.0,7403.7,3602.08,334984.67
mcht_mkt_01,marketplace,2026-05-23,451683.1,17624.71,0.0,9045.74,4516.83,420495.82
mcht_mkt_02,marketplace,2026-05-23,544513.84,0.0,0.0,10175.74,5445.14,528892.96
mcht_mkt_03,marketplace,2026-05-23,1064532.71,0.0,45880.42,23262.25,10645.33,984744.71
mcht_mkt_04,marketplace,2026-05-23,416450.37,39333.52,0.0,9095.63,4164.5,363856.72
mcht_saas_01,saas_subscription,2026-05-23,96712.88,244.74,44.51,1864.9,967.13,93591.6
mcht_saas_02,saas_subscription,2026-05-23,170249.97,522.79,296.91,3419.28,1702.5,164308.49
mcht_saas_03,saas_subscription,2026-05-23,320384.23,865.1,0.0,7036.2,3203.84,309279.09
mcht_saas_04,saas_subscription,2026-05-23,141787.57,0.0,54.44,3044.89,1417.88,137270.36
mcht_d2c_01,d2c_ecommerce,2026-05-24,147799.27,12634.08,0.0,2675.79,1477.99,131011.41
mcht_d2c_02,d2c_ecommerce,2026-05-24,647028.9,150968.98,5066.2,12002.53,6470.29,472520.9
mcht_d2c_03,d2c_ecommerce,2026-05-24,438082.21,0.0,0.0,8617.47,4380.82,425083.92
mcht_d2c_04,d2c_ecommerce,2026-05-24,144744.69,11587.85,392.69,2754.7,1447.45,128562.0
mcht_food_01,food_delivery,2026-05-24,215897.12,0.0,0.0,4539.49,2158.97,209198.66
mcht_food_02,food_delivery,2026-05-24,363365.12,11610.91,0.0,7453.47,3633.65,340667.09
mcht_food_03,food_delivery,2026-05-24,483658.46,0.0,2173.72,9692.69,4836.58,466955.47
mcht_mkt_01,marketplace,2026-05-24,365107.12,0.0,0.0,7819.9,3651.07,353636.15
mcht_mkt_02,marketplace,2026-05-24,465280.53,66846.09,20636.88,8880.49,4652.81,364264.26
mcht_mkt_03,marketplace,2026-05-24,1346241.4,0.0,134093.45,28585.27,13462.41,1170100.27
mcht_mkt_04,marketplace,2026-05-24,323281.01,64024.28,11530.83,6180.01,3232.81,238313.08
mcht_saas_01,saas_subscription,2026-05-24,87755.61,0.0,0.0,1700.96,877.56,85177.09
mcht_saas_02,saas_subscription,2026-05-24,170137.03,0.0,0.0,3354.14,1701.37,165081.52
mcht_saas_03,saas_subscription,2026-05-24,304441.38,856.34,220.8,6693.16,3044.41,293626.67
mcht_saas_04,saas_subscription,2026-05-24,132084.35,0.0,56.21,2685.24,1320.84,128022.06
mcht_d2c_01,d2c_ecommerce,2026-05-25,237951.06,37935.6,0.0,4595.54,2379.51,193040.41
mcht_d2c_02,d2c_ecommerce,2026-05-25,781254.01,176878.19,2317.16,16244.14,7812.54,578001.98
mcht_d2c_03,d2c_ecommerce,2026-05-25,618721.98,59842.83,0.0,12914.22,6187.22,539777.71
mcht_d2c_04,d2c_ecommerce,2026-05-25,173756.56,32062.54,430.39,3675.85,1737.57,135850.21
mcht_food_01,food_delivery,2026-05-25,213961.77,10994.58,0.0,4635.02,2139.62,196192.55
mcht_food_02,food_delivery,2026-05-25,263932.72,10145.71,830.16,5469.71,2639.33,244847.81
mcht_food_03,food_delivery,2026-05-25,462483.8,21403.69,730.16,9228.27,4624.84,426496.84
mcht_mkt_01,marketplace,2026-05-25,705721.49,80632.73,9118.72,14629.42,7057.21,594283.41
mcht_mkt_02,marketplace,2026-05-25,265495.32,0.0,7312.82,5607.93,2654.95,249919.62
mcht_mkt_03,marketplace,2026-05-25,1087611.35,175598.22,0.0,20857.39,10876.11,880279.63
mcht_mkt_04,marketplace,2026-05-25,297514.1,46499.33,11727.41,5385.96,2975.14,230926.26
mcht_saas_01,saas_subscription,2026-05-25,88229.48,515.04,26.58,1721.74,882.29,85083.83
mcht_saas_02,saas_subscription,2026-05-25,154511.72,494.74,0.0,3068.23,1545.12,149403.63
mcht_saas_03,saas_subscription,2026-05-25,286944.85,0.0,168.35,6289.4,2869.45,277617.65
mcht_saas_04,saas_subscription,2026-05-25,125358.89,1297.28,41.37,2405.95,1253.59,120360.7
mcht_d2c_01,d2c_ecommerce,2026-05-26,237032.25,21485.35,1690.26,4909.29,2370.32,206577.03
mcht_d2c_02,d2c_ecommerce,2026-05-26,847580.25,0.0,0.0,15808.55,8475.8,823295.9
mcht_d2c_03,d2c_ecommerce,2026-05-26,621047.44,0.0,3072.47,11308.51,6210.47,600455.99
mcht_d2c_04,d2c_ecommerce,2026-05-26,181629.73,10697.06,444.87,3796.05,1816.3,164875.45
mcht_food_01,food_delivery,2026-05-26,94055.12,4228.4,0.0,1900.16,940.55,86986.01
mcht_food_02,food_delivery,2026-05-26,156009.52,4864.77,798.0,2862.99,1560.1,145923.66
mcht_food_03,food_delivery,2026-05-26,202442.96,0.0,1424.36,4275.58,2024.43,194718.59
mcht_mkt_01,marketplace,2026-05-26,452818.95,14705.61,0.0,8158.8,4528.19,425426.35
mcht_mkt_02,marketplace,2026-05-26,412439.37,20653.4,7091.56,7959.4,4124.39,372610.62
mcht_mkt_03,marketplace,2026-05-26,1623387.46,72404.97,40905.07,32997.33,16233.87,1460846.22
mcht_mkt_04,marketplace,2026-05-26,289530.89,17519.44,17309.17,6202.13,2895.31,245604.84
mcht_saas_01,saas_subscription,2026-05-26,83481.31,0.0,41.02,1534.27,834.81,81071.21
mcht_saas_02,saas_subscription,2026-05-26,160938.01,1475.85,57.14,3031.61,1609.38,154764.03
mcht_saas_03,saas_subscription,2026-05-26,287562.45,894.21,0.0,5662.78,2875.62,278129.84
mcht_saas_04,saas_subscription,2026-05-26,127881.31,0.0,103.73,2337.37,1278.81,124161.4
mcht_d2c_01,d2c_ecommerce,2026-05-27,118648.24,0.0,0.0,2187.26,1186.48,115274.5
mcht_d2c_02,d2c_ecommerce,2026-05-27,395708.09,127942.2,1681.99,8625.43,3957.08,253501.39
mcht_d2c_03,d2c_ecommerce,2026-05-27,326114.32,85780.93,0.0,6594.14,3261.14,230478.11
mcht_d2c_04,d2c_ecommerce,2026-05-27,110659.61,15923.06,0.0,2215.56,1106.6,91414.39
mcht_food_01,food_delivery,2026-05-27,99855.2,0.0,0.0,1921.17,998.55,96935.48
mcht_food_02,food_delivery,2026-05-27,160930.63,5240.59,0.0,3425.29,1609.31,150655.44
mcht_food_03,food_delivery,2026-05-27,199683.97,15189.8,0.0,3852.81,1996.84,178644.52
mcht_mkt_01,marketplace,2026-05-27,632933.14,0.0,0.0,11913.67,6329.33,614690.14
mcht_mkt_02,marketplace,2026-05-27,598894.23,31234.07,7420.08,12443.97,5988.94,541807.17
mcht_mkt_03,marketplace,2026-05-27,876551.44,0.0,40233.99,16199.24,8765.51,811352.7
mcht_mkt_04,marketplace,2026-05-27,466137.29,0.0,0.0,9075.86,4661.37,452400.06
mcht_saas_01,saas_subscription,2026-05-27,98181.01,545.27,0.0,1832.47,981.81,94821.46
mcht_saas_02,saas_subscription,2026-05-27,191584.08,529.19,147.94,4079.16,1915.84,184911.95
mcht_saas_03,saas_subscription,2026-05-27,337090.49,1115.13,307.55,6176.42,3370.9,326120.49
mcht_saas_04,saas_subscription,2026-05-27,144156.56,901.47,0.0,3011.95,1441.57,138801.57
mcht_d2c_01,d2c_ecommerce,2026-05-28,156309.71,27037.27,481.24,2852.9,1563.1,124375.2
mcht_d2c_02,d2c_ecommerce,2026-05-28,449656.4,51511.32,0.0,9272.91,4496.56,384375.61
mcht_d2c_03,d2c_ecommerce,2026-05-28,366042.73,178390.4,1972.93,6800.9,3660.43,175218.07
mcht_d2c_04,d2c_ecommerce,2026-05-28,118337.7,0.0,1013.47,2314.23,1183.38,113826.62
mcht_food_01,food_delivery,2026-05-28,125186.79,4872.13,1092.95,2278.89,1251.87,115690.95
mcht_food_02,food_delivery,2026-05-28,161623.05,13183.15,351.1,3415.46,1616.23,143057.11
mcht_food_03,food_delivery,2026-05-28,234430.18,10864.61,445.06,4308.38,2344.3,216467.83
mcht_mkt_01,marketplace,2026-05-28,283448.58,0.0,26191.31,5394.55,2834.49,249028.23
mcht_mkt_02,marketplace,2026-05-28,285695.44,37167.23,0.0,5365.59,2856.95,240305.67
mcht_mkt_03,marketplace,2026-05-28,819636.31,88072.17,29312.14,17226.02,8196.36,676829.62
mcht_mkt_04,marketplace,2026-05-28,612264.15,0.0,17150.67,11860.7,6122.64,577130.14
mcht_saas_01,saas_subscription,2026-05-28,96370.68,0.0,85.8,2013.42,963.71,93307.75
mcht_saas_02,saas_subscription,2026-05-28,184975.14,463.34,111.17,3476.34,1849.75,179074.54
mcht_saas_03,saas_subscription,2026-05-28,329006.23,794.87,317.89,6347.94,3290.06,318255.47
mcht_saas_04,saas_subscription,2026-05-28,144680.41,0.0,0.0,3037.56,1446.8,140196.05
mcht_d2c_01,d2c_ecommerce,2026-05-29,160344.66,15358.18,0.0,3304.5,1603.45,140078.53
mcht_d2c_02,d2c_ecommerce,2026-05-29,562097.11,116576.91,0.0,10636.81,5620.97,429262.42
mcht_d2c_03,d2c_ecommerce,2026-05-29,374098.4,66510.6,1852.98,7754.88,3740.98,294238.96
mcht_d2c_04,d2c_ecommerce,2026-05-29,116242.0,0.0,538.75,2149.92,1162.42,112390.91
mcht_food_01,food_delivery,2026-05-29,113172.53,8989.03,490.43,2403.45,1131.73,100157.89
mcht_food_02,food_delivery,2026-05-29,205230.22,0.0,0.0,4210.07,2052.3,198967.85
mcht_food_03,food_delivery,2026-05-29,287490.37,0.0,0.0,5953.4,2874.9,278662.07
mcht_mkt_01,marketplace,2026-05-29,520207.45,29946.54,0.0,10824.96,5202.07,474233.88
mcht_mkt_02,marketplace,2026-05-29,269564.95,68073.06,12720.66,5368.12,2695.65,180707.46
mcht_mkt_03,marketplace,2026-05-29,1211619.35,77480.78,23918.4,22553.76,12116.19,1075550.22
mcht_mkt_04,marketplace,2026-05-29,585391.14,0.0,29237.28,10814.8,5853.91,539485.15
mcht_saas_01,saas_subscription,2026-05-29,95993.46,0.0,125.31,1877.29,959.93,93030.93
mcht_saas_02,saas_subscription,2026-05-29,189146.3,0.0,59.76,3946.82,1891.46,183248.26
mcht_saas_03,saas_subscription,2026-05-29,310316.02,1043.64,0.0,5880.75,3103.16,300288.47
mcht_saas_04,saas_subscription,2026-05-29,144016.12,0.0,114.24,2976.05,1440.16,139485.67
mcht_d2c_01,d2c_ecommerce,2026-05-30,147345.35,0.0,0.0,2886.66,1473.45,142985.24
mcht_d2c_02,d2c_ecommerce,2026-05-30,401825.15,0.0,1922.82,7568.49,4018.25,388315.59
mcht_d2c_03,d2c_ecommerce,2026-05-30,379090.47,35611.87,0.0,7005.52,3790.9,332682.18
mcht_d2c_04,d2c_ecommerce,2026-05-30,135099.4,10781.56,819.25,2856.08,1350.99,119291.52
mcht_food_01,food_delivery,2026-05-30,137137.05,0.0,599.73,2809.67,1371.37,132356.28
mcht_food_02,food_delivery,2026-05-30,269363.03,22066.99,2319.03,5317.89,2693.63,236965.49
mcht_food_03,food_delivery,2026-05-30,328381.63,12660.21,2874.25,6343.04,3283.82,303220.31
mcht_mkt_01,marketplace,2026-05-30,326190.01,0.0,41413.68,6535.95,3261.9,274978.48
mcht_mkt_02,marketplace,2026-05-30,426053.48,0.0,19603.86,8269.03,4260.53,393920.06
mcht_mkt_03,marketplace,2026-05-30,1324753.72,81998.63,24847.27,28438.88,13247.54,1176221.4
mcht_mkt_04,marketplace,2026-05-30,370451.09,0.0,0.0,7646.74,3704.51,359099.84
mcht_saas_01,saas_subscription,2026-05-30,97436.3,299.04,80.83,1837.47,974.36,94244.6
mcht_saas_02,saas_subscription,2026-05-30,186040.54,498.99,0.0,3914.28,1860.41,179766.86
mcht_saas_03,saas_subscription,2026-05-30,300927.12,1011.49,255.83,5433.69,3009.27,291216.84
mcht_saas_04,saas_subscription,2026-05-30,135540.63,356.06,66.99,2550.21,1355.41,131211.96
mcht_d2c_01,d2c_ecommerce,2026-05-31,175799.25,12644.04,0.0,3728.23,1757.99,157668.99
mcht_d2c_02,d2c_ecommerce,2026-05-31,613548.97,0.0,0.0,13311.25,6135.49,594102.23
mcht_d2c_03,d2c_ecommerce,2026-05-31,436988.71,38074.09,3809.02,7994.42,4369.89,382741.29
mcht_d2c_04,d2c_ecommerce,2026-05-31,98063.42,18952.78,784.54,2007.34,980.63,75338.13
mcht_food_01,food_delivery,2026-05-31,203395.63,15042.01,0.0,3875.13,2033.96,182444.53
mcht_food_02,food_delivery,2026-05-31,333547.65,0.0,625.03,6208.87,3335.48,323378.27
mcht_food_03,food_delivery,2026-05-31,466655.34,18223.29,2088.9,9007.55,4666.55,432669.05
mcht_mkt_01,marketplace,2026-05-31,444680.37,42994.74,10919.38,9333.75,4446.8,376985.7
mcht_mkt_02,marketplace,2026-05-31,711646.5,17832.72,0.0,14243.21,7116.47,672454.1
mcht_mkt_03,marketplace,2026-05-31,823377.96,95226.65,71728.48,15613.08,8233.78,632575.97
mcht_mkt_04,marketplace,2026-05-31,420429.73,0.0,0.0,8171.12,4204.3,408054.31
mcht_saas_01,saas_subscription,2026-05-31,89642.36,315.7,0.0,1815.32,896.42,86614.92
mcht_saas_02,saas_subscription,2026-05-31,175558.42,415.0,0.0,3563.74,1755.58,169824.1
mcht_saas_03,saas_subscription,2026-05-31,298970.73,1008.6,0.0,5495.36,2989.71,289477.06
mcht_saas_04,saas_subscription,2026-05-31,133265.19,453.91,176.81,2885.57,1332.65,128416.25
mcht_d2c_01,d2c_ecommerce,2026-06-01,186011.58,16716.26,1354.93,4045.61,1860.12,162034.66
mcht_d2c_02,d2c_ecommerce,2026-06-01,808385.35,58837.75,4138.14,16516.47,8083.85,720809.14
mcht_d2c_03,d2c_ecommerce,2026-06-01,681024.75,35562.98,4914.59,14201.06,6810.25,619535.87
mcht_d2c_04,d2c_ecommerce,2026-06-01,188866.37,21416.37,732.55,3684.32,1888.66,161144.47
mcht_food_01,food_delivery,2026-06-01,169580.84,3185.87,0.0,3647.62,1695.81,161051.54
mcht_food_02,food_delivery,2026-06-01,279136.18,8146.85,380.06,5588.97,2791.36,262228.94
mcht_food_03,food_delivery,2026-06-01,384321.2,17212.89,0.0,7616.81,3843.21,355648.29
mcht_mkt_01,marketplace,2026-06-01,896823.55,83387.54,16381.81,17982.63,8968.24,770103.33
mcht_mkt_02,marketplace,2026-06-01,338608.44,0.0,8284.35,6866.91,3386.08,320071.1
mcht_mkt_03,marketplace,2026-06-01,1660887.54,333442.0,45331.59,30961.68,16608.88,1234543.39
mcht_mkt_04,marketplace,2026-06-01,419820.43,71009.74,0.0,8938.81,4198.2,335673.68
mcht_saas_01,saas_subscription,2026-06-01,88425.78,570.61,0.0,1858.9,884.26,85112.01
mcht_saas_02,saas_subscription,2026-06-01,157394.26,0.0,142.09,3376.38,1573.94,152301.85
mcht_saas_03,saas_subscription,2026-06-01,283288.48,950.44,99.93,5612.73,2832.88,273792.5
mcht_saas_04,saas_subscription,2026-06-01,129856.87,743.85,117.84,2728.63,1298.57,124967.98
mcht_d2c_01,d2c_ecommerce,2026-06-02,218896.1,32903.89,568.05,4778.1,2188.96,178457.1
mcht_d2c_02,d2c_ecommerce,2026-06-02,891438.03,60089.69,3594.33,19232.73,8914.38,799606.9
mcht_d2c_03,d2c_ecommerce,2026-06-02,543867.61,0.0,0.0,9927.83,5438.68,528501.1
mcht_d2c_04,d2c_ecommerce,2026-06-02,200978.61,19983.05,0.0,4356.24,2009.79,174629.53
mcht_food_01,food_delivery,2026-06-02,86322.27,2888.23,485.09,1871.57,863.22,80214.16
mcht_food_02,food_delivery,2026-06-02,124562.22,4481.42,0.0,2321.43,1245.62,116513.75
mcht_food_03,food_delivery,2026-06-02,208396.6,8414.55,1102.27,3953.48,2083.97,192842.33
mcht_mkt_01,marketplace,2026-06-02,702118.37,0.0,6050.15,13557.58,7021.18,675489.46
mcht_mkt_02,marketplace,2026-06-02,514702.17,28850.56,24843.28,11304.78,5147.02,444556.53
mcht_mkt_03,marketplace,2026-06-02,1932711.82,0.0,0.0,35336.96,19327.12,1878047.74
mcht_mkt_04,marketplace,2026-06-02,356288.86,58388.19,23530.7,7311.93,3562.89,263495.15
mcht_saas_01,saas_subscription,2026-06-02,84340.9,264.3,39.11,1604.98,843.41,81589.1
mcht_saas_02,saas_subscription,2026-06-02,164799.99,2001.74,88.64,3158.26,1648.0,157903.35
mcht_saas_03,saas_subscription,2026-06-02,285141.79,1741.27,118.46,5519.96,2851.42,274910.68
mcht_saas_04,saas_subscription,2026-06-02,127776.88,947.4,56.47,2636.17,1277.77,122859.07
mcht_d2c_01,d2c_ecommerce,2026-06-03,140914.38,20610.17,0.0,2776.35,1409.14,116118.72
mcht_d2c_02,d2c_ecommerce,2026-06-03,375013.28,43917.08,6941.65,6915.58,3750.13,313488.84
mcht_d2c_03,d2c_ecommerce,2026-06-03,383279.6,32243.88,0.0,7243.27,3832.8,339959.65
mcht_d2c_04,d2c_ecommerce,2026-06-03,132627.59,16409.14,521.4,2737.26,1326.28,111633.51
mcht_food_01,food_delivery,2026-06-03,78039.5,0.0,516.87,1681.65,780.39,75060.59
mcht_food_02,food_delivery,2026-06-03,153986.47,5929.39,0.0,3144.39,1539.86,143372.83
mcht_food_03,food_delivery,2026-06-03,200323.56,7280.66,445.92,4344.38,2003.24,186249.36
mcht_mkt_01,marketplace,2026-06-03,538522.72,25974.5,20384.25,9916.7,5385.23,476862.04
mcht_mkt_02,marketplace,2026-06-03,499782.47,0.0,5143.27,10795.09,4997.82,478846.29
mcht_mkt_03,marketplace,2026-06-03,992465.62,0.0,24488.71,20688.4,9924.66,937363.85
mcht_mkt_04,marketplace,2026-06-03,573738.27,26304.25,7625.33,12346.65,5737.38,521724.66
mcht_saas_01,saas_subscription,2026-06-03,116832.16,259.46,0.0,2489.36,1168.32,112915.02
mcht_saas_02,saas_subscription,2026-06-03,226890.14,0.0,71.13,4884.14,2268.9,219665.97
mcht_saas_03,saas_subscription,2026-06-03,395286.88,0.0,175.04,7400.33,3952.87,383758.64
mcht_saas_04,saas_subscription,2026-06-03,178932.82,0.0,0.0,3686.69,1789.33,173456.8
mcht_d2c_01,d2c_ecommerce,2026-06-04,146672.96,45574.73,1374.73,2795.19,1466.73,95461.58
mcht_d2c_02,d2c_ecommerce,2026-06-04,546626.39,86171.71,3079.57,11862.65,5466.26,440046.2
mcht_d2c_03,d2c_ecommerce,2026-06-04,381769.41,81610.99,3413.15,8131.28,3817.69,284796.3
mcht_d2c_04,d2c_ecommerce,2026-06-04,121558.02,0.0,956.51,2639.87,1215.58,116746.06
mcht_food_01,food_delivery,2026-06-04,96377.14,7932.3,282.42,1966.68,963.77,85231.97
mcht_food_02,food_delivery,2026-06-04,176889.24,6050.19,737.39,3403.32,1768.89,164929.45
mcht_food_03,food_delivery,2026-06-04,263954.3,9176.65,0.0,5645.42,2639.54,246492.69
mcht_mkt_01,marketplace,2026-06-04,1178580.41,0.0,10115.13,22169.67,11785.8,1134509.81
mcht_mkt_02,marketplace,2026-06-04,388203.5,24751.19,0.0,8068.21,3882.03,351502.07
mcht_mkt_03,marketplace,2026-06-04,1901005.85,79679.56,58133.11,35634.0,19010.06,1708549.12
mcht_mkt_04,marketplace,2026-06-04,537519.27,63122.48,8945.41,11013.9,5375.19,449062.29
mcht_saas_01,saas_subscription,2026-06-04,117825.87,716.98,65.27,2558.0,1178.26,113307.36
mcht_saas_02,saas_subscription,2026-06-04,219033.18,1024.05,67.92,4581.66,2190.33,211169.22
mcht_saas_03,saas_subscription,2026-06-04,372359.55,1923.72,0.0,7769.06,3723.6,358943.17
mcht_saas_04,saas_subscription,2026-06-04,171766.81,498.33,58.97,3713.16,1717.67,165778.68
mcht_d2c_01,d2c_ecommerce,2026-06-05,156668.14,0.0,840.15,3201.43,1566.68,151059.88
mcht_d2c_02,d2c_ecommerce,2026-06-05,455189.77,105082.57,1756.26,9140.3,4551.9,334658.74
mcht_d2c_03,d2c_ecommerce,2026-06-05,326176.42,37427.81,0.0,6927.58,3261.76,278559.27
mcht_d2c_04,d2c_ecommerce,2026-06-05,139277.11,30434.7,357.36,2771.29,1392.77,104320.99
mcht_food_01,food_delivery,2026-06-05,111035.36,5450.04,0.0,2432.38,1110.35,102042.59
mcht_food_02,food_delivery,2026-06-05,189662.98,15488.36,888.64,3601.55,1896.63,167787.8
mcht_food_03,food_delivery,2026-06-05,252441.53,19852.23,868.79,5544.71,2524.42,223651.38
mcht_mkt_01,marketplace,2026-06-05,353006.33,77492.25,9199.67,6920.03,3530.06,255864.32
mcht_mkt_02,marketplace,2026-06-05,431258.47,0.0,12144.83,8027.87,4312.58,406773.19
mcht_mkt_03,marketplace,2026-06-05,262440.35,0.0,44436.32,4931.43,2624.4,210448.2
mcht_mkt_04,marketplace,2026-06-05,431534.27,0.0,27380.76,9112.76,4315.34,390725.41
mcht_saas_01,saas_subscription,2026-06-05,98360.01,0.0,0.0,2005.52,983.6,95370.89
mcht_saas_02,saas_subscription,2026-06-05,188645.59,528.32,81.29,3998.34,1886.46,182151.18
mcht_saas_03,saas_subscription,2026-06-05,328868.78,770.81,162.18,6389.41,3288.69,318257.69
mcht_saas_04,saas_subscription,2026-06-05,143094.51,0.0,58.77,3107.04,1430.95,138497.75
mcht_d2c_01,d2c_ecommerce,2026-06-06,161012.68,0.0,995.71,3302.82,1610.13,155104.02
mcht_d2c_02,d2c_ecommerce,2026-06-06,480815.19,69186.69,2313.92,9940.22,4808.15,394566.21
mcht_d2c_03,d2c_ecommerce,2026-06-06,424746.25,44125.3,0.0,9096.58,4247.46,367276.91
mcht_d2c_04,d2c_ecommerce,2026-06-06,124776.41,0.0,459.49,2472.88,1247.76,120596.28
mcht_food_01,food_delivery,2026-06-06,152833.78,7172.25,287.63,3285.81,1528.34,140559.75
mcht_food_02,food_delivery,2026-06-06,234250.75,0.0,492.75,4629.78,2342.51,226785.71
mcht_food_03,food_delivery,2026-06-06,330172.75,16992.52,1325.43,7216.98,3301.73,301336.09
mcht_mkt_01,marketplace,2026-06-06,728169.85,54753.2,0.0,14713.27,7281.7,651421.68
mcht_mkt_02,marketplace,2026-06-06,373298.79,54928.63,0.0,8091.67,3732.99,306545.5
mcht_mkt_03,marketplace,2026-06-06,1576929.5,65351.61,24614.68,29455.13,15769.3,1441738.78
mcht_mkt_04,marketplace,2026-06-06,488888.89,58392.51,0.0,10162.12,4888.89,415445.37
mcht_saas_01,saas_subscription,2026-06-06,98557.48,241.47,56.26,2037.75,985.57,95236.43
mcht_saas_02,saas_subscription,2026-06-06,174129.27,0.0,162.63,3597.22,1741.29,168628.13
mcht_saas_03,saas_subscription,2026-06-06,321878.31,1012.84,117.41,6890.6,3218.78,310638.68
mcht_saas_04,saas_subscription,2026-06-06,137074.92,1177.1,119.14,2793.94,1370.75,131613.99
mcht_d2c_01,d2c_ecommerce,2026-06-07,173989.26,15369.68,1189.05,3564.93,1739.89,152125.71
mcht_d2c_02,d2c_ecommerce,2026-06-07,500235.71,0.0,0.0,9750.35,5002.36,485483.0
mcht_d2c_03,d2c_ecommerce,2026-06-07,387800.62,0.0,4051.91,7486.26,3878.01,372384.44
mcht_d2c_04,d2c_ecommerce,2026-06-07,140044.08,48242.47,479.9,3045.81,1400.44,86875.46
mcht_food_01,food_delivery,2026-06-07,220219.63,4634.09,631.31,4055.79,2202.2,208696.24
mcht_food_02,food_delivery,2026-06-07,373039.28,23571.25,981.24,7581.22,3730.39,337175.18
mcht_food_03,food_delivery,2026-06-07,576232.03,0.0,985.46,11096.97,5762.32,558387.28
mcht_mkt_01,marketplace,2026-06-07,262313.34,82518.48,13472.38,5706.51,2623.13,157992.84
mcht_mkt_02,marketplace,2026-06-07,374503.79,39744.17,13483.17,8078.18,3745.04,309453.23
mcht_mkt_03,marketplace,2026-06-07,825999.87,76852.25,0.0,15878.34,8260.0,725009.28
mcht_mkt_04,marketplace,2026-06-07,509539.23,0.0,11504.72,10114.54,5095.39,482824.58
mcht_saas_01,saas_subscription,2026-06-07,92697.23,576.59,29.95,1688.04,926.97,89475.68
mcht_saas_02,saas_subscription,2026-06-07,186321.64,0.0,0.0,3984.56,1863.22,180473.86
mcht_saas_03,saas_subscription,2026-06-07,305870.45,768.13,0.0,5800.5,3058.7,296243.12
mcht_saas_04,saas_subscription,2026-06-07,133086.0,0.0,45.12,2617.36,1330.86,129092.66
mcht_d2c_01,d2c_ecommerce,2026-06-08,244254.81,0.0,925.46,4710.97,2442.55,236175.83
mcht_d2c_02,d2c_ecommerce,2026-06-08,672295.21,0.0,0.0,12260.35,6722.95,653311.91
mcht_d2c_03,d2c_ecommerce,2026-06-08,648723.87,72625.44,3849.94,13047.26,6487.24,552713.99
mcht_d2c_04,d2c_ecommerce,2026-06-08,195773.61,30158.57,394.91,4275.53,1957.74,158986.86
mcht_food_01,food_delivery,2026-06-08,168773.12,3759.09,543.05,3700.25,1687.73,159083.0
mcht_food_02,food_delivery,2026-06-08,341245.96,0.0,365.36,6644.01,3412.46,330824.13
mcht_food_03,food_delivery,2026-06-08,432916.18,15303.83,0.0,8451.56,4329.16,404831.63
mcht_mkt_01,marketplace,2026-06-08,484205.37,44398.91,20329.2,9179.99,4842.05,405455.22
mcht_mkt_02,marketplace,2026-06-08,202098.46,0.0,12832.43,4354.58,2020.98,182890.47
mcht_mkt_03,marketplace,2026-06-08,1524286.69,87394.18,0.0,33175.86,15242.87,1388473.78
mcht_mkt_04,marketplace,2026-06-08,518441.22,0.0,0.0,10760.09,5184.41,502496.72
mcht_saas_01,saas_subscription,2026-06-08,86628.38,0.0,110.95,1886.95,866.28,83764.2
mcht_saas_02,saas_subscription,2026-06-08,162902.97,832.93,101.33,3579.37,1629.03,156760.31
mcht_saas_03,saas_subscription,2026-06-08,281665.36,0.0,145.69,5676.56,2816.65,273026.46
mcht_saas_04,saas_subscription,2026-06-08,128337.55,399.14,112.86,2496.8,1283.38,124045.37
mcht_d2c_01,d2c_ecommerce,2026-06-09,252242.78,0.0,0.0,4604.69,2522.43,245115.66
mcht_d2c_02,d2c_ecommerce,2026-06-09,765243.58,46628.6,3238.39,16706.71,7652.44,691017.44
mcht_d2c_03,d2c_ecommerce,2026-06-09,549718.43,0.0,1208.88,11595.42,5497.18,531416.95
mcht_d2c_04,d2c_ecommerce,2026-06-09,177437.63,11591.38,0.0,3875.78,1774.38,160196.09
mcht_food_01,food_delivery,2026-06-09,101831.13,2967.09,232.75,2056.5,1018.31,95556.48
mcht_food_02,food_delivery,2026-06-09,154832.23,11136.88,1184.31,3383.77,1548.32,137578.95
mcht_food_03,food_delivery,2026-06-09,198503.99,13659.6,1954.91,4127.5,1985.04,176776.94
mcht_mkt_01,marketplace,2026-06-09,307556.9,62061.5,6571.56,6355.46,3075.57,229492.81
mcht_mkt_02,marketplace,2026-06-09,440813.85,58528.71,6301.71,8779.28,4408.14,362796.01
mcht_mkt_03,marketplace,2026-06-09,828100.45,0.0,0.0,16517.69,8281.0,803301.76
mcht_mkt_04,marketplace,2026-06-09,327208.73,28562.29,0.0,6758.32,3272.09,288616.03
mcht_saas_01,saas_subscription,2026-06-09,84964.08,0.0,72.94,1662.74,849.64,82378.76
mcht_saas_02,saas_subscription,2026-06-09,165398.48,527.5,115.55,3255.15,1653.98,159846.3
mcht_saas_03,saas_subscription,2026-06-09,291306.84,0.0,122.76,5458.09,2913.07,282812.92
mcht_saas_04,saas_subscription,2026-06-09,127446.25,980.47,0.0,2711.59,1274.46,122479.73
mcht_d2c_01,d2c_ecommerce,2026-06-10,139320.93,49569.02,0.0,2624.81,1393.21,85733.89
mcht_d2c_02,d2c_ecommerce,2026-06-10,398520.36,47902.71,5219.76,8758.84,3985.2,332653.85
mcht_d2c_03,d2c_ecommerce,2026-06-10,361132.08,93116.47,1625.06,6698.26,3611.32,256080.97
mcht_d2c_04,d2c_ecommerce,2026-06-10,100533.47,0.0,0.0,2138.91,1005.33,97389.23
mcht_food_01,food_delivery,2026-06-10,93633.87,0.0,471.62,2030.0,936.34,90195.91
mcht_food_02,food_delivery,2026-06-10,175836.66,4966.78,1822.66,3169.21,1758.37,164119.64
mcht_food_03,food_delivery,2026-06-10,234332.35,0.0,574.15,4232.84,2343.32,227182.04
mcht_mkt_01,marketplace,2026-06-10,607835.57,18047.76,10733.45,11311.93,6078.36,561664.07
mcht_mkt_02,marketplace,2026-06-10,594118.45,27436.53,0.0,11099.81,5941.18,549640.93
mcht_mkt_03,marketplace,2026-06-10,1214780.31,0.0,26418.14,23133.68,12147.8,1153080.69
mcht_mkt_04,marketplace,2026-06-10,597601.59,14346.87,23039.1,10772.85,5976.02,543466.75
mcht_saas_01,saas_subscription,2026-06-10,102340.19,316.33,0.0,2220.33,1023.4,98780.13
mcht_saas_02,saas_subscription,2026-06-10,183500.47,0.0,60.69,3900.42,1835.0,177704.36
mcht_saas_03,saas_subscription,2026-06-10,331133.3,937.26,129.24,6616.44,3311.33,320139.03
mcht_saas_04,saas_subscription,2026-06-10,151211.93,0.0,0.0,3111.7,1512.12,146588.11
mcht_d2c_01,d2c_ecommerce,2026-06-11,149030.7,65223.38,1153.93,2774.61,1490.31,78388.47
mcht_d2c_02,d2c_ecommerce,2026-06-11,502216.68,55038.66,0.0,9772.23,5022.17,432383.62
mcht_d2c_03,d2c_ecommerce,2026-06-11,316465.18,98416.15,1706.53,6613.35,3164.65,206564.5
mcht_d2c_04,d2c_ecommerce,2026-06-11,106123.9,21471.71,560.88,2106.52,1061.24,80923.55
mcht_food_01,food_delivery,2026-06-11,103386.33,7209.64,215.91,2175.39,1033.86,92751.53
mcht_food_02,food_delivery,2026-06-11,168803.26,6295.14,0.0,3654.83,1688.03,157165.26
mcht_food_03,food_delivery,2026-06-11,204627.79,6592.98,598.66,4496.81,2046.28,190893.06
mcht_mkt_01,marketplace,2026-06-11,592831.06,0.0,13320.51,12363.5,5928.31,561218.74
mcht_mkt_02,marketplace,2026-06-11,487256.37,0.0,7958.41,10240.97,4872.56,464184.43
mcht_mkt_03,marketplace,2026-06-11,954102.76,162510.25,38010.71,17824.13,9541.03,726216.64
mcht_mkt_04,marketplace,2026-06-11,520954.98,0.0,11178.86,10833.03,5209.55,493733.54
mcht_saas_01,saas_subscription,2026-06-11,99288.47,604.98,0.0,2017.14,992.88,95673.47
mcht_saas_02,saas_subscription,2026-06-11,182323.92,1164.22,0.0,3824.85,1823.24,175511.61
mcht_saas_03,saas_subscription,2026-06-11,323538.92,3074.67,219.34,6021.02,3235.39,310988.5
mcht_saas_04,saas_subscription,2026-06-11,137039.12,460.72,42.31,2509.06,1370.39,132656.64
mcht_d2c_01,d2c_ecommerce,2026-06-12,147319.99,12682.18,589.48,2724.77,1473.2,129850.36
mcht_d2c_02,d2c_ecommerce,2026-06-12,449667.84,0.0,3229.59,9791.73,4496.68,432149.84
mcht_d2c_03,d2c_ecommerce,2026-06-12,390588.28,37134.74,0.0,7182.9,3905.88,342364.76
mcht_d2c_04,d2c_ecommerce,2026-06-12,103125.42,11605.13,434.72,1943.01,1031.25,88111.31
mcht_food_01,food_delivery,2026-06-12,95864.53,0.0,0.0,1973.88,958.65,92932.0
mcht_food_02,food_delivery,2026-06-12,179306.3,0.0,0.0,3228.0,1793.06,174285.24
mcht_food_03,food_delivery,2026-06-12,300728.44,11766.52,0.0,5426.16,3007.28,280528.48
mcht_mkt_01,marketplace,2026-06-12,450052.39,0.0,22741.69,8121.36,4500.52,414688.82
mcht_mkt_02,marketplace,2026-06-12,553225.7,0.0,12325.73,10817.81,5532.26,524549.9
mcht_mkt_03,marketplace,2026-06-12,1028440.23,162349.46,27038.23,18589.68,10284.4,810178.46
mcht_mkt_04,marketplace,2026-06-12,355388.94,45289.93,0.0,6769.68,3553.89,299775.44
mcht_saas_01,saas_subscription,2026-06-12,93957.84,535.05,0.0,1692.98,939.58,90790.23
mcht_saas_02,saas_subscription,2026-06-12,191395.35,1060.5,157.33,3791.83,1913.95,184471.74
mcht_saas_03,saas_subscription,2026-06-12,313193.27,0.0,0.0,5839.9,3131.93,304221.44
mcht_saas_04,saas_subscription,2026-06-12,139658.55,373.38,0.0,2593.28,1396.59,135295.3
mcht_d2c_01,d2c_ecommerce,2026-06-13,145644.7,45538.38,0.0,3161.24,1456.45,95488.63
mcht_d2c_02,d2c_ecommerce,2026-06-13,438205.24,116914.56,0.0,8181.69,4382.05,308726.94
mcht_d2c_03,d2c_ecommerce,2026-06-13,442769.35,0.0,3898.21,9587.29,4427.69,424856.16
mcht_d2c_04,d2c_ecommerce,2026-06-13,129619.88,0.0,0.0,2531.96,1296.2,125791.72
mcht_d2c_05,d2c_ecommerce,2026-06-13,103284.97,0.0,0.0,2102.22,0.0,101182.75
mcht_food_01,food_delivery,2026-06-13,132942.63,5223.13,230.56,2566.68,1329.43,123592.83
mcht_food_02,food_delivery,2026-06-13,237866.3,7810.88,829.78,4487.79,2378.66,222359.19
mcht_food_03,food_delivery,2026-06-13,369543.0,11756.11,0.0,7437.4,3695.43,346654.06
mcht_mkt_01,marketplace,2026-06-13,715752.65,35575.91,24566.14,14761.45,7157.53,633691.62
mcht_mkt_02,marketplace,2026-06-13,516663.74,44207.92,0.0,10012.05,5166.64,457277.13
mcht_mkt_03,marketplace,2026-06-13,1859880.28,170340.83,0.0,36193.22,18598.8,1634747.43
mcht_mkt_04,marketplace,2026-06-13,471474.61,21058.29,37530.85,9508.37,4714.75,398662.35
mcht_saas_01,saas_subscription,2026-06-13,95240.7,0.0,73.88,1729.02,952.41,92485.39
mcht_saas_02,saas_subscription,2026-06-13,178685.06,0.0,0.0,3878.86,1786.85,173019.35
mcht_saas_03,saas_subscription,2026-06-13,302276.62,0.0,275.46,6181.22,3022.77,292797.17
mcht_saas_04,saas_subscription,2026-06-13,144721.67,0.0,110.47,3126.1,1447.22,140037.88
mcht_d2c_01,d2c_ecommerce,2026-06-14,189507.0,0.0,1998.76,3421.62,1895.07,182191.55
mcht_d2c_02,d2c_ecommerce,2026-06-14,544366.54,48940.08,1534.65,10135.42,5443.67,478312.72
mcht_d2c_03,d2c_ecommerce,2026-06-14,418438.56,37350.24,1313.87,8598.59,4184.39,366991.47
mcht_d2c_04,d2c_ecommerce,2026-06-14,140175.43,10548.18,1007.75,3049.26,1401.75,124168.49
mcht_d2c_05,d2c_ecommerce,2026-06-14,87954.41,0.0,0.0,1586.32,0.0,86368.09
mcht_food_01,food_delivery,2026-06-14,219115.73,13688.77,448.42,3967.77,2191.16,198819.61
mcht_food_02,food_delivery,2026-06-14,336013.2,10508.91,0.0,7387.39,3360.13,314756.77
mcht_food_03,food_delivery,2026-06-14,505064.88,16100.06,0.0,10442.12,5050.65,473472.05
mcht_mkt_01,marketplace,2026-06-14,421378.38,21437.68,15219.27,7859.92,4213.78,372647.73
mcht_mkt_02,marketplace,2026-06-14,414869.86,24121.38,0.0,8116.15,4148.7,378483.63
mcht_mkt_03,marketplace,2026-06-14,1099176.1,58790.16,44527.4,20269.08,10991.76,964597.7
mcht_mkt_04,marketplace,2026-06-14,472626.1,32591.26,10692.85,8717.74,4726.26,415897.99
mcht_saas_01,saas_subscription,2026-06-14,93694.95,0.0,0.0,1941.52,936.95,90816.48
mcht_saas_02,saas_subscription,2026-06-14,180548.55,0.0,177.3,3534.73,1805.49,175031.03
mcht_saas_03,saas_subscription,2026-06-14,291307.17,1843.28,384.28,5550.9,2913.07,280615.64
mcht_saas_04,saas_subscription,2026-06-14,137504.31,1221.48,59.94,2961.57,1375.04,131886.28
mcht_d2c_01,d2c_ecommerce,2026-06-15,222337.47,0.0,342.83,4537.34,2223.37,215233.93
mcht_d2c_02,d2c_ecommerce,2026-06-15,791965.02,37700.15,0.0,14486.98,7919.65,731858.24
mcht_d2c_03,d2c_ecommerce,2026-06-15,566272.81,76709.27,0.0,11310.29,5662.73,472590.52
mcht_d2c_04,d2c_ecommerce,2026-06-15,177668.18,0.0,1133.43,3456.4,1776.68,171301.67
mcht_d2c_05,d2c_ecommerce,2026-06-15,132387.57,0.0,0.0,2850.92,0.0,129536.65
mcht_food_01,food_delivery,2026-06-15,187623.76,0.0,1025.0,3584.92,1876.24,181137.6
mcht_food_02,food_delivery,2026-06-15,267119.78,10341.77,1126.74,5586.11,2671.2,247393.96
mcht_food_03,food_delivery,2026-06-15,309886.46,10592.2,0.0,6711.08,3098.86,289484.32
mcht_mkt_01,marketplace,2026-06-15,580132.01,55637.47,0.0,10860.82,5801.32,507832.4
mcht_mkt_02,marketplace,2026-06-15,344773.67,33021.93,0.0,6976.94,3447.74,301327.06
mcht_mkt_03,marketplace,2026-06-15,1945856.91,0.0,60516.3,35235.67,19458.57,1830646.37
mcht_mkt_04,marketplace,2026-06-15,584641.97,0.0,12309.98,10577.4,5846.42,555908.17
mcht_saas_01,saas_subscription,2026-06-15,94577.73,507.11,73.49,1915.26,945.78,91136.09
mcht_saas_02,saas_subscription,2026-06-15,168510.66,443.35,0.0,3414.34,1685.11,162967.86
mcht_saas_03,saas_subscription,2026-06-15,293408.77,794.61,0.0,5483.65,2934.09,284196.42
mcht_saas_04,saas_subscription,2026-06-15,125034.15,436.94,120.5,2726.66,1250.34,120499.71
mcht_d2c_01,d2c_ecommerce,2026-06-16,236850.58,0.0,919.68,5160.95,2368.51,228401.44
mcht_d2c_02,d2c_ecommerce,2026-06-16,710365.55,72870.99,1417.33,13898.36,7103.66,615075.21
mcht_d2c_03,d2c_ecommerce,2026-06-16,611314.84,67416.37,4185.2,12188.96,6113.15,521411.16
mcht_d2c_04,d2c_ecommerce,2026-06-16,166435.5,37036.22,0.0,3499.62,1664.36,124235.3
mcht_d2c_05,d2c_ecommerce,2026-06-16,104828.48,8799.32,0.0,2192.07,0.0,93837.09
mcht_food_01,food_delivery,2026-06-16,86632.55,3048.13,0.0,1797.04,866.33,80921.05
mcht_food_02,food_delivery,2026-06-16,144631.71,4832.77,1598.2,2976.23,1446.32,133778.19
mcht_food_03,food_delivery,2026-06-16,201874.16,7557.05,1284.93,4153.87,2018.74,186859.57
mcht_mkt_01,marketplace,2026-06-16,682801.96,0.0,20345.72,13816.93,6828.02,641811.29
mcht_mkt_02,marketplace,2026-06-16,375154.84,0.0,0.0,7253.27,3751.55,364150.02
mcht_mkt_03,marketplace,2026-06-16,1048341.82,40798.79,20244.33,19301.98,10483.42,957513.3
mcht_mkt_04,marketplace,2026-06-16,297490.94,51772.42,15370.82,5372.83,2974.91,221999.96
mcht_saas_01,saas_subscription,2026-06-16,89993.17,277.92,29.92,1629.43,899.93,87155.97
mcht_saas_02,saas_subscription,2026-06-16,161523.91,384.79,70.3,2975.88,1615.24,156477.7
mcht_saas_03,saas_subscription,2026-06-16,272880.07,0.0,146.08,5926.7,2728.8,264078.49
mcht_saas_04,saas_subscription,2026-06-16,134311.34,0.0,121.25,2647.47,1343.11,130199.51
mcht_d2c_01,d2c_ecommerce,2026-06-17,141237.62,0.0,1331.29,2745.69,1412.38,135748.26
mcht_d2c_02,d2c_ecommerce,2026-06-17,455788.75,122252.32,3596.33,8299.55,4557.89,317082.66
mcht_d2c_03,d2c_ecommerce,2026-06-17,379835.09,55543.47,0.0,7112.58,3798.35,313380.69
mcht_d2c_04,d2c_ecommerce,2026-06-17,116111.18,12187.3,1565.7,2518.69,1161.11,98678.38
mcht_d2c_05,d2c_ecommerce,2026-06-17,66262.93,11452.93,0.0,1401.57,0.0,53408.43
mcht_food_01,food_delivery,2026-06-17,94289.16,3093.17,0.0,2022.73,942.89,88230.37
mcht_food_02,food_delivery,2026-06-17,180087.71,5932.2,417.99,3764.62,1800.88,168172.02
mcht_food_03,food_delivery,2026-06-17,197099.4,7166.43,1371.29,4018.44,1970.99,182572.25
mcht_food_04,food_delivery,2026-06-17,70181.78,2392.44,0.0,1542.96,0.0,66246.38
mcht_mkt_01,marketplace,2026-06-17,295047.35,61366.72,18496.05,5753.91,2950.47,206480.2
mcht_mkt_02,marketplace,2026-06-17,244269.36,0.0,27036.59,5070.95,2442.69,209719.13
mcht_mkt_03,marketplace,2026-06-17,1834886.96,41827.26,30965.3,35365.77,18348.87,1708379.76
mcht_mkt_04,marketplace,2026-06-17,661303.27,46735.19,7050.57,12321.92,6613.03,588582.56
mcht_saas_01,saas_subscription,2026-06-17,99221.5,599.19,0.0,2081.06,992.22,95549.03
mcht_saas_02,saas_subscription,2026-06-17,199954.97,1658.37,0.0,3779.77,1999.55,192517.28
mcht_saas_03,saas_subscription,2026-06-17,360115.7,1923.44,0.0,6544.03,3601.16,348047.07
mcht_saas_04,saas_subscription,2026-06-17,149678.61,447.8,53.12,3163.64,1496.79,144517.26
mcht_d2c_01,d2c_ecommerce,2026-06-18,139185.67,37117.42,0.0,2798.8,1391.86,97877.59
mcht_d2c_02,d2c_ecommerce,2026-06-18,499965.06,0.0,4737.31,9788.63,4999.65,480439.47
mcht_d2c_03,d2c_ecommerce,2026-06-18,270196.66,0.0,2221.93,5237.4,2701.97,260035.36
mcht_d2c_04,d2c_ecommerce,2026-06-18,122158.05,0.0,698.5,2673.01,1221.58,117564.96
mcht_d2c_05,d2c_ecommerce,2026-06-18,68767.62,0.0,0.0,1257.57,687.68,66822.37
mcht_food_01,food_delivery,2026-06-18,88055.3,6591.03,1250.1,1585.82,880.55,77747.8
mcht_food_02,food_delivery,2026-06-18,192330.58,12508.72,0.0,3776.06,1923.31,174122.49
mcht_food_03,food_delivery,2026-06-18,268465.15,19106.29,0.0,5154.92,2684.65,241519.29
mcht_food_04,food_delivery,2026-06-18,65224.87,2715.7,0.0,1261.84,0.0,61247.33
mcht_mkt_01,marketplace,2026-06-18,442919.52,16263.57,8977.31,8807.55,4429.2,404441.89
mcht_mkt_02,marketplace,2026-06-18,437571.96,0.0,0.0,9010.0,4375.72,424186.24
mcht_mkt_03,marketplace,2026-06-18,617954.54,0.0,60153.97,12979.18,6179.55,538641.84
mcht_mkt_04,marketplace,2026-06-18,485170.21,0.0,0.0,8771.67,4851.7,471546.84
mcht_saas_01,saas_subscription,2026-06-18,98004.98,0.0,42.9,2098.15,980.05,94883.88
mcht_saas_02,saas_subscription,2026-06-18,185959.53,0.0,62.15,3972.61,1859.6,180065.17
mcht_saas_03,saas_subscription,2026-06-18,312595.8,847.48,130.73,6333.38,3125.96,302158.25
mcht_saas_04,saas_subscription,2026-06-18,147166.85,748.57,0.0,3136.55,1471.67,141810.06
mcht_d2c_01,d2c_ecommerce,2026-06-19,144971.2,36442.14,566.46,3012.96,1449.71,103499.93
mcht_d2c_02,d2c_ecommerce,2026-06-19,542791.95,41563.65,1590.64,10070.72,5427.92,484139.02
mcht_d2c_03,d2c_ecommerce,2026-06-19,470841.14,0.0,1114.2,9844.58,4708.41,455173.95
mcht_d2c_04,d2c_ecommerce,2026-06-19,102888.11,9473.88,367.27,2242.0,1028.88,89776.08
mcht_d2c_05,d2c_ecommerce,2026-06-19,80668.14,0.0,0.0,1680.66,806.68,78180.8
mcht_food_01,food_delivery,2026-06-19,111224.45,0.0,0.0,2094.57,1112.24,108017.64
mcht_food_02,food_delivery,2026-06-19,208301.32,7169.8,0.0,4402.83,2083.01,194645.68
mcht_food_03,food_delivery,2026-06-19,295905.65,0.0,0.0,6025.73,2959.06,286920.86
mcht_food_04,food_delivery,2026-06-19,81069.8,4511.91,0.0,1527.76,0.0,75030.13
mcht_mkt_01,marketplace,2026-06-19,507803.97,0.0,0.0,9767.89,5078.04,492958.04
mcht_mkt_02,marketplace,2026-06-19,429272.27,42436.16,12659.56,8600.66,4292.72,361283.17
mcht_mkt_03,marketplace,2026-06-19,1002782.08,162915.04,6527.0,18318.77,10027.82,804993.45
mcht_mkt_04,marketplace,2026-06-19,345939.18,0.0,0.0,6410.11,3459.39,336069.68
mcht_saas_01,saas_subscription,2026-06-19,92929.39,259.67,0.0,1857.26,929.29,89883.17
mcht_saas_02,saas_subscription,2026-06-19,174445.58,0.0,157.62,3416.73,1744.46,169126.77
mcht_saas_03,saas_subscription,2026-06-19,305067.64,0.0,0.0,6160.25,3050.68,295856.71
mcht_saas_04,saas_subscription,2026-06-19,144397.46,0.0,0.0,2781.5,1443.97,140171.99
mcht_d2c_01,d2c_ecommerce,2026-06-20,148035.93,0.0,472.42,2852.46,1480.36,143230.69
mcht_d2c_02,d2c_ecommerce,2026-06-20,488431.01,49751.34,0.0,10219.01,4884.31,423576.35
mcht_d2c_03,d2c_ecommerce,2026-06-20,425161.01,73504.91,0.0,8572.85,4251.61,338831.64
mcht_d2c_04,d2c_ecommerce,2026-06-20,105148.45,9644.1,393.96,2126.13,1051.48,91932.78
mcht_d2c_05,d2c_ecommerce,2026-06-20,84509.12,5449.24,0.0,1793.14,845.09,76421.65
mcht_food_01,food_delivery,2026-06-20,158646.36,14060.43,0.0,3282.75,1586.46,139716.72
mcht_food_02,food_delivery,2026-06-20,252556.67,13477.78,0.0,4702.47,2525.57,231850.85
mcht_food_03,food_delivery,2026-06-20,351045.17,27153.03,2206.07,7371.53,3510.45,310804.09
mcht_food_04,food_delivery,2026-06-20,122030.54,3623.92,0.0,2438.52,0.0,115968.1
mcht_mkt_01,marketplace,2026-06-20,637354.68,0.0,0.0,13903.17,6373.55,617077.96
mcht_mkt_02,marketplace,2026-06-20,674939.02,59991.58,17069.85,12294.62,6749.39,578833.58
mcht_mkt_03,marketplace,2026-06-20,971765.76,0.0,12225.79,20129.83,9717.66,929692.48
mcht_mkt_04,marketplace,2026-06-20,363264.93,94415.87,12699.05,7351.28,3632.65,245166.08
mcht_saas_01,saas_subscription,2026-06-20,93428.72,300.67,38.11,1855.78,934.29,90299.87
mcht_saas_02,saas_subscription,2026-06-20,175951.67,1656.17,0.0,3444.49,1759.52,169091.49
mcht_saas_03,saas_subscription,2026-06-20,314428.0,964.56,118.32,5974.9,3144.28,304225.94
mcht_saas_04,saas_subscription,2026-06-20,138559.03,425.38,143.54,2574.61,1385.59,134029.91
mcht_d2c_01,d2c_ecommerce,2026-06-21,146757.97,0.0,0.0,2922.04,1467.58,142368.35
mcht_d2c_02,d2c_ecommerce,2026-06-21,511537.55,0.0,0.0,10912.86,5115.38,495509.31
mcht_d2c_03,d2c_ecommerce,2026-06-21,494402.76,0.0,0.0,9946.01,4944.03,479512.72
mcht_d2c_04,d2c_ecommerce,2026-06-21,154699.45,21947.31,801.82,3088.96,1546.99,127314.37
mcht_d2c_05,d2c_ecommerce,2026-06-21,101299.69,17518.78,0.0,2211.02,1013.0,80556.89
mcht_food_01,food_delivery,2026-06-21,219780.3,6042.85,227.65,4205.4,2197.8,207106.6
mcht_food_02,food_delivery,2026-06-21,401179.27,9942.91,423.3,8495.2,4011.79,378306.07
mcht_food_03,food_delivery,2026-06-21,430076.55,15092.96,463.48,8628.35,4300.77,401590.99
mcht_food_04,food_delivery,2026-06-21,138902.88,0.0,0.0,2627.69,0.0,136275.19
mcht_mkt_01,marketplace,2026-06-21,748929.02,0.0,0.0,14351.45,7489.29,727088.28
mcht_mkt_02,marketplace,2026-06-21,494429.27,25456.1,22236.38,10751.94,4944.29,431040.56
mcht_mkt_03,marketplace,2026-06-21,1698716.9,116998.01,0.0,34793.41,16987.17,1529938.31
mcht_mkt_04,marketplace,2026-06-21,289289.68,31730.67,22183.75,5670.39,2892.9,226811.97
mcht_saas_01,saas_subscription,2026-06-21,93922.72,0.0,0.0,1692.67,939.23,91290.82
mcht_saas_02,saas_subscription,2026-06-21,179122.45,0.0,0.0,3400.45,1791.22,173930.78
mcht_saas_03,saas_subscription,2026-06-21,316808.95,1823.0,0.0,6276.33,3168.09,305541.53
mcht_saas_04,saas_subscription,2026-06-21,134404.95,403.41,0.0,2955.31,1344.05,129702.18
mcht_d2c_01,d2c_ecommerce,2026-06-22,246773.65,42980.54,1184.86,5248.48,2467.74,194892.03
mcht_d2c_02,d2c_ecommerce,2026-06-22,770072.3,82143.12,0.0,15979.97,7700.72,664248.49
mcht_d2c_03,d2c_ecommerce,2026-06-22,597218.96,0.0,1340.73,11216.36,5972.19,578689.68
mcht_d2c_04,d2c_ecommerce,2026-06-22,157016.04,0.0,471.93,3446.59,1570.16,151527.36
mcht_d2c_05,d2c_ecommerce,2026-06-22,139741.5,8580.66,0.0,2839.81,1397.41,126923.62
mcht_food_01,food_delivery,2026-06-22,182717.68,0.0,0.0,3392.48,1827.18,177498.02
mcht_food_02,food_delivery,2026-06-22,296342.01,0.0,1422.07,6447.84,2963.42,285508.68
mcht_food_03,food_delivery,2026-06-22,505073.38,6707.84,0.0,10666.41,5050.73,482648.4
mcht_food_04,food_delivery,2026-06-22,133242.22,4661.43,0.0,2696.63,1332.42,124551.74
mcht_mkt_01,marketplace,2026-06-22,488918.38,66595.52,7233.66,9860.6,4889.18,400339.42
mcht_mkt_02,marketplace,2026-06-22,312060.71,23176.86,14039.94,6130.99,3120.61,265592.31
mcht_mkt_03,marketplace,2026-06-22,1230353.27,43307.5,25845.09,26487.0,12303.53,1122410.15
mcht_mkt_04,marketplace,2026-06-22,192354.61,0.0,9799.35,4216.99,1923.55,176414.72
mcht_saas_01,saas_subscription,2026-06-22,91333.04,553.56,251.44,1931.38,913.33,87683.33
mcht_saas_02,saas_subscription,2026-06-22,169253.83,418.95,0.0,3379.4,1692.54,163762.94
mcht_saas_03,saas_subscription,2026-06-22,288821.39,1938.22,115.84,5300.15,2888.21,278578.97
mcht_saas_04,saas_subscription,2026-06-22,137934.78,503.94,53.19,2499.5,1379.35,133498.8
mcht_saas_05,saas_subscription,2026-06-22,66134.89,462.1,0.0,1336.09,0.0,64336.7
mcht_d2c_01,d2c_ecommerce,2026-06-23,232986.82,22572.32,0.0,4888.39,2329.87,203196.24
mcht_d2c_02,d2c_ecommerce,2026-06-23,770653.98,124614.39,1666.98,14489.82,7706.54,622176.25
mcht_d2c_03,d2c_ecommerce,2026-06-23,463379.45,108405.36,2491.85,9620.43,4633.79,338228.02
mcht_d2c_04,d2c_ecommerce,2026-06-23,188189.68,0.0,468.61,3551.65,1881.9,182287.52
mcht_d2c_05,d2c_ecommerce,2026-06-23,120329.37,0.0,0.0,2410.46,1203.29,116715.62
mcht_food_01,food_delivery,2026-06-23,97874.65,6112.26,284.01,1793.82,978.75,88705.81
mcht_food_02,food_delivery,2026-06-23,138892.48,5162.35,0.0,2976.57,1388.92,129364.64
mcht_food_03,food_delivery,2026-06-23,201821.16,0.0,0.0,3688.98,2018.21,196113.97
mcht_food_04,food_delivery,2026-06-23,51744.81,4351.74,162.7,1014.33,517.45,45698.59
mcht_mkt_01,marketplace,2026-06-23,486032.79,27506.15,0.0,10409.57,4860.33,443256.74
mcht_mkt_02,marketplace,2026-06-23,239649.9,0.0,0.0,4744.54,2396.5,232508.86
mcht_mkt_03,marketplace,2026-06-23,396848.81,0.0,0.0,7435.34,3968.49,385444.98
mcht_mkt_04,marketplace,2026-06-23,544138.63,24955.21,13870.81,11554.66,5441.39,488316.56
mcht_saas_01,saas_subscription,2026-06-23,83754.57,205.25,0.0,1618.38,837.55,81093.39
mcht_saas_02,saas_subscription,2026-06-23,154891.82,0.0,87.02,3287.31,1548.92,149968.57
mcht_saas_03,saas_subscription,2026-06-23,283470.36,0.0,0.0,5920.3,2834.7,274715.36
mcht_saas_04,saas_subscription,2026-06-23,129539.31,984.72,124.05,2641.22,1295.39,124493.93
mcht_saas_05,saas_subscription,2026-06-23,68384.06,0.0,0.0,1310.25,0.0,67073.81
mcht_d2c_01,d2c_ecommerce,2026-06-24,153959.69,0.0,1432.84,3269.15,1539.6,147718.1
mcht_d2c_02,d2c_ecommerce,2026-06-24,381118.52,76396.91,5686.06,8029.17,3811.19,287195.19
mcht_d2c_03,d2c_ecommerce,2026-06-24,387578.37,78730.17,2194.69,7584.19,3875.78,295193.54
mcht_d2c_04,d2c_ecommerce,2026-06-24,129564.6,29098.6,0.0,2429.35,1295.65,96741.0
mcht_d2c_05,d2c_ecommerce,2026-06-24,77748.38,0.0,0.0,1531.77,777.48,75439.13
mcht_food_01,food_delivery,2026-06-24,81929.34,3693.41,256.12,1683.77,819.29,75476.75
mcht_food_02,food_delivery,2026-06-24,180374.36,5753.52,1040.38,3780.4,1803.74,167996.32
mcht_food_03,food_delivery,2026-06-24,258768.8,16221.03,2639.51,5004.98,2587.69,232315.59
mcht_food_04,food_delivery,2026-06-24,60490.15,2960.62,156.27,1305.82,604.9,55462.54
mcht_mkt_01,marketplace,2026-06-24,404784.02,35236.97,0.0,8361.51,4047.84,357137.7
mcht_mkt_02,marketplace,2026-06-24,430880.58,12555.01,0.0,8541.83,4308.81,405474.93
mcht_mkt_03,marketplace,2026-06-24,721302.07,99820.58,0.0,15275.07,7213.02,598993.4
mcht_mkt_04,marketplace,2026-06-24,758775.57,26451.86,28497.18,14103.44,7587.76,682135.33
mcht_saas_01,saas_subscription,2026-06-24,99788.17,0.0,0.0,2146.95,997.88,96643.34
mcht_saas_02,saas_subscription,2026-06-24,188693.77,1151.14,148.31,4072.14,1886.94,181435.24
mcht_saas_03,saas_subscription,2026-06-24,314577.87,877.92,242.67,5941.37,3145.78,304370.13
mcht_saas_04,saas_subscription,2026-06-24,153247.53,0.0,60.3,3157.03,1532.48,148497.72
mcht_saas_05,saas_subscription,2026-06-24,73748.54,0.0,0.0,1614.08,0.0,72134.46
mcht_d2c_01,d2c_ecommerce,2026-06-25,135581.72,51762.52,834.34,2975.93,1355.82,78653.11
mcht_d2c_02,d2c_ecommerce,2026-06-25,418904.17,125150.01,2468.47,7958.34,4189.04,279138.31
mcht_d2c_03,d2c_ecommerce,2026-06-25,346059.02,0.0,0.0,6482.04,3460.59,336116.39
mcht_d2c_04,d2c_ecommerce,2026-06-25,132538.03,0.0,842.68,2896.32,1325.38,127473.65
mcht_d2c_05,d2c_ecommerce,2026-06-25,69670.71,8124.43,976.82,1449.51,696.71,58423.24
mcht_food_01,food_delivery,2026-06-25,92349.78,0.0,0.0,1882.04,923.5,89544.24
mcht_food_02,food_delivery,2026-06-25,179845.71,5711.7,0.0,3705.81,1798.46,168629.74
mcht_food_03,food_delivery,2026-06-25,249623.12,7945.74,516.02,5451.58,2496.23,233213.55
mcht_food_04,food_delivery,2026-06-25,74729.06,3402.58,0.0,1622.49,747.29,68956.7
mcht_mkt_01,marketplace,2026-06-25,643898.48,46456.1,0.0,12421.51,6438.98,578581.89
mcht_mkt_02,marketplace,2026-06-25,602752.02,31911.81,13771.32,11729.62,6027.52,539311.75
mcht_mkt_03,marketplace,2026-06-25,870621.13,124361.14,45038.19,18683.06,8706.21,673832.53
mcht_mkt_04,marketplace,2026-06-25,232306.06,22664.07,25859.59,4568.8,2323.06,176890.54
mcht_saas_01,saas_subscription,2026-06-25,92859.74,286.56,45.5,1810.04,928.6,89789.04
mcht_saas_02,saas_subscription,2026-06-25,184150.85,474.21,142.27,3366.36,1841.51,178326.5
mcht_saas_03,saas_subscription,2026-06-25,316283.97,828.22,154.93,5937.77,3162.84,306200.21
mcht_saas_04,saas_subscription,2026-06-25,147949.42,310.74,52.71,3066.57,1479.49,143039.91
mcht_saas_05,saas_subscription,2026-06-25,75682.74,676.95,0.0,1550.49,0.0,73455.3
mcht_d2c_01,d2c_ecommerce,2026-06-26,181757.23,13758.51,1247.11,3540.87,1817.57,161393.17
mcht_d2c_02,d2c_ecommerce,2026-06-26,446668.21,47747.46,1699.87,9396.99,4466.68,383357.21
mcht_d2c_03,d2c_ecommerce,2026-06-26,408459.44,54393.19,0.0,8894.26,4084.59,341087.4
mcht_d2c_04,d2c_ecommerce,2026-06-26,127037.0,30507.75,377.44,2636.88,1270.37,92244.56
mcht_d2c_05,d2c_ecommerce,2026-06-26,70486.15,21094.69,0.0,1528.37,704.86,47158.23
mcht_food_01,food_delivery,2026-06-26,131018.86,9178.48,297.63,2808.32,1310.19,117424.24
mcht_food_02,food_delivery,2026-06-26,186885.24,14094.71,1888.71,3753.47,1868.85,165279.5
mcht_food_03,food_delivery,2026-06-26,282629.12,10853.74,0.0,5452.98,2826.29,263496.11
mcht_food_04,food_delivery,2026-06-26,77197.8,3971.97,0.0,1609.75,771.98,70844.1
mcht_mkt_01,marketplace,2026-06-26,451737.25,24401.27,36477.11,9129.5,4517.37,377212.0
mcht_mkt_02,marketplace,2026-06-26,381159.23,53663.76,21968.85,7889.37,3811.59,293825.66
mcht_mkt_03,marketplace,2026-06-26,1433981.29,50630.87,0.0,31412.7,14339.81,1337597.91
mcht_mkt_04,marketplace,2026-06-26,287252.27,0.0,0.0,5665.73,2872.52,278714.02
mcht_saas_01,saas_subscription,2026-06-26,96458.65,305.3,37.55,1954.28,964.59,93196.93
mcht_saas_02,saas_subscription,2026-06-26,181721.19,478.67,55.88,3688.81,1817.21,175680.62
mcht_saas_03,saas_subscription,2026-06-26,306694.64,845.71,0.0,5906.79,3066.95,296875.19
mcht_saas_04,saas_subscription,2026-06-26,138788.34,0.0,0.0,2640.1,1387.88,134760.36
mcht_saas_05,saas_subscription,2026-06-26,71394.36,0.0,0.0,1476.7,0.0,69917.66
mcht_d2c_01,d2c_ecommerce,2026-06-27,150250.31,0.0,1094.51,3153.51,1502.5,144499.79
mcht_d2c_02,d2c_ecommerce,2026-06-27,494119.93,0.0,2417.06,10015.61,4941.2,476746.06
mcht_d2c_03,d2c_ecommerce,2026-06-27,392129.43,68991.55,2887.41,7853.25,3921.29,308475.93
mcht_d2c_04,d2c_ecommerce,2026-06-27,132051.21,12116.18,810.0,2660.2,1320.51,115144.32
mcht_d2c_05,d2c_ecommerce,2026-06-27,72020.15,17928.38,0.0,1469.14,720.2,51902.43
mcht_food_01,food_delivery,2026-06-27,148124.08,0.0,935.69,2852.77,1481.24,142854.38
mcht_food_02,food_delivery,2026-06-27,261998.43,9958.35,452.59,5130.16,2619.98,243837.35
mcht_food_03,food_delivery,2026-06-27,325147.83,24297.44,3192.47,6661.44,3251.48,287745.0
mcht_food_04,food_delivery,2026-06-27,105361.05,5178.91,0.0,1987.4,1053.61,97141.13
mcht_mkt_01,marketplace,2026-06-27,483889.05,72533.38,0.0,8870.64,4838.89,397646.14
mcht_mkt_02,marketplace,2026-06-27,511317.23,56683.59,9107.56,9232.18,5113.17,431180.73
mcht_mkt_03,marketplace,2026-06-27,1475167.61,0.0,37475.33,31324.0,14751.68,1391616.6
mcht_mkt_04,marketplace,2026-06-27,544086.2,73846.47,0.0,10581.64,5440.86,454217.23
mcht_saas_01,saas_subscription,2026-06-27,92173.98,251.01,0.0,1758.81,921.74,89242.42
mcht_saas_02,saas_subscription,2026-06-27,173065.4,943.74,94.43,3438.65,1730.65,166857.93
mcht_saas_03,saas_subscription,2026-06-27,293551.0,843.38,308.64,6343.48,2935.51,283119.99
mcht_saas_04,saas_subscription,2026-06-27,145007.92,410.82,0.0,3028.68,1450.08,140118.34
mcht_saas_05,saas_subscription,2026-06-27,73831.06,0.0,0.0,1463.27,0.0,72367.79
mcht_d2c_01,d2c_ecommerce,2026-06-28,161949.84,57136.37,486.67,3305.58,1619.5,99401.72
mcht_d2c_02,d2c_ecommerce,2026-06-28,529540.16,0.0,1573.02,10308.48,5295.4,512363.26
mcht_d2c_03,d2c_ecommerce,2026-06-28,471223.85,76079.38,0.0,9477.32,4712.24,380954.91
mcht_d2c_04,d2c_ecommerce,2026-06-28,174679.37,34423.05,364.84,3236.49,1746.79,134908.2
mcht_d2c_05,d2c_ecommerce,2026-06-28,105598.88,0.0,0.0,1996.78,1055.99,102546.11
mcht_food_01,food_delivery,2026-06-28,194994.83,12043.97,868.66,3616.54,1949.95,176515.71
mcht_food_02,food_delivery,2026-06-28,340894.93,10177.74,1295.42,7316.5,3408.95,318696.32
mcht_food_03,food_delivery,2026-06-28,543371.72,16859.73,0.0,10910.65,5433.72,510167.62
mcht_food_04,food_delivery,2026-06-28,147389.19,0.0,0.0,2932.4,1473.89,142982.9
mcht_mkt_01,marketplace,2026-06-28,499333.18,51386.35,46733.42,10077.91,4993.33,386142.17
mcht_mkt_02,marketplace,2026-06-28,398415.03,0.0,11135.35,8563.55,3984.15,374731.98
mcht_mkt_03,marketplace,2026-06-28,1029058.48,0.0,0.0,19032.51,10290.58,999735.39
mcht_mkt_04,marketplace,2026-06-28,419483.16,0.0,0.0,8382.26,4194.83,406906.07
mcht_saas_01,saas_subscription,2026-06-28,91719.86,604.25,0.0,1709.87,917.2,88488.54
mcht_saas_02,saas_subscription,2026-06-28,173296.35,0.0,0.0,3545.15,1732.96,168018.24
mcht_saas_03,saas_subscription,2026-06-28,304795.08,802.07,0.0,6457.35,3047.95,294487.71
mcht_saas_04,saas_subscription,2026-06-28,133961.02,818.64,62.94,2527.25,1339.61,129212.58
mcht_saas_05,saas_subscription,2026-06-28,71149.6,551.01,0.0,1362.62,711.5,68524.47
mcht_d2c_01,d2c_ecommerce,2026-06-29,210916.5,0.0,752.97,4358.89,2109.16,203695.48
mcht_d2c_02,d2c_ecommerce,2026-06-29,823074.81,120701.27,0.0,15090.23,8230.75,679052.56
mcht_d2c_03,d2c_ecommerce,2026-06-29,555070.54,0.0,3582.73,12170.19,5550.71,533766.91
mcht_d2c_04,d2c_ecommerce,2026-06-29,137495.05,0.0,0.0,2757.18,1374.95,133362.92
mcht_d2c_05,d2c_ecommerce,2026-06-29,125399.0,24505.66,0.0,2266.0,1253.99,97373.35
mcht_food_01,food_delivery,2026-06-29,183879.94,0.0,0.0,3897.63,1838.8,178143.51
mcht_food_02,food_delivery,2026-06-29,302906.4,0.0,0.0,6236.79,3029.06,293640.55
mcht_food_03,food_delivery,2026-06-29,469578.73,0.0,629.18,10211.69,4695.79,454042.07
mcht_food_04,food_delivery,2026-06-29,115495.69,4535.14,169.44,2220.02,1154.96,107416.13
mcht_mkt_01,marketplace,2026-06-29,617908.82,0.0,20133.37,12188.6,6179.09,579407.76
mcht_mkt_02,marketplace,2026-06-29,530469.0,34411.34,9268.64,9765.8,5304.69,471718.53
mcht_mkt_03,marketplace,2026-06-29,957629.88,115981.32,0.0,20865.33,9576.3,811206.93
mcht_mkt_04,marketplace,2026-06-29,550264.25,22797.16,14116.33,11379.19,5502.64,496468.93
mcht_saas_01,saas_subscription,2026-06-29,86180.82,266.15,0.0,1818.38,861.81,83234.48
mcht_saas_02,saas_subscription,2026-06-29,163984.86,0.0,133.56,3245.11,1639.85,158966.34
mcht_saas_03,saas_subscription,2026-06-29,270195.0,1787.67,137.78,5886.89,2701.95,259680.71
mcht_saas_04,saas_subscription,2026-06-29,131232.75,420.93,151.01,2797.38,1312.33,126551.1
mcht_saas_05,saas_subscription,2026-06-29,67671.23,0.0,0.0,1235.5,676.71,65759.02
mcht_d2c_01,d2c_ecommerce,2026-06-30,183865.81,14427.0,1098.98,3853.73,1838.66,162647.44
mcht_d2c_02,d2c_ecommerce,2026-06-30,603347.55,36178.51,2674.41,12857.36,6033.48,545603.79
mcht_d2c_03,d2c_ecommerce,2026-06-30,637557.2,99223.82,1497.18,12410.45,6375.57,518050.18
mcht_d2c_04,d2c_ecommerce,2026-06-30,168433.85,17665.37,514.06,3667.96,1684.34,144902.12
mcht_d2c_05,d2c_ecommerce,2026-06-30,99240.33,16899.25,642.02,2032.09,992.4,78674.57
mcht_food_01,food_delivery,2026-06-30,79571.19,3028.17,0.0,1746.81,795.71,74000.5
mcht_food_02,food_delivery,2026-06-30,140254.2,11774.58,0.0,2768.56,1402.54,124308.52
mcht_food_03,food_delivery,2026-06-30,233542.11,16915.85,0.0,4355.81,2335.42,209935.03
mcht_food_04,food_delivery,2026-06-30,66399.41,2363.5,0.0,1407.21,663.99,61964.71
mcht_mkt_01,marketplace,2026-06-30,443243.05,38427.44,12066.14,9322.17,4432.43,378994.87
mcht_mkt_02,marketplace,2026-06-30,217202.38,0.0,14859.05,4778.2,2172.02,195393.11
mcht_mkt_03,marketplace,2026-06-30,1470176.11,127232.23,33642.37,31255.9,14701.76,1263343.85
mcht_mkt_04,marketplace,2026-06-30,432643.39,4718.4,10462.48,8896.69,4326.43,404239.39
mcht_saas_01,saas_subscription,2026-06-30,85274.34,568.55,36.66,1704.32,852.74,82112.07
mcht_saas_02,saas_subscription,2026-06-30,165499.67,1457.81,68.41,3242.9,1655.0,159075.55
mcht_saas_03,saas_subscription,2026-06-30,268671.01,940.28,248.3,5536.73,2686.71,259258.99
mcht_saas_04,saas_subscription,2026-06-30,120216.23,0.0,50.5,2269.26,1202.16,116694.31
mcht_saas_05,saas_subscription,2026-06-30,63085.59,288.29,0.0,1223.92,630.86,60942.52
mcht_d2c_01,d2c_ecommerce,2026-07-01,164537.34,16379.5,1668.52,3455.11,1645.37,141388.84
mcht_d2c_02,d2c_ecommerce,2026-07-01,375174.95,52381.05,2785.32,8163.29,3751.75,308093.54
mcht_d2c_03,d2c_ecommerce,2026-07-01,313635.61,33366.73,1443.06,6828.5,3136.36,268860.96
mcht_d2c_04,d2c_ecommerce,2026-07-01,120266.75,44760.79,436.57,2454.83,1202.67,71411.89
mcht_d2c_05,d2c_ecommerce,2026-07-01,76902.58,9275.46,376.44,1650.21,769.03,64831.44
mcht_food_01,food_delivery,2026-07-01,94700.14,3726.84,457.89,1841.12,947.0,87727.29
mcht_food_02,food_delivery,2026-07-01,168540.28,0.0,1290.41,3562.8,1685.4,162001.67
mcht_food_03,food_delivery,2026-07-01,226156.86,7043.27,2209.78,4341.66,2261.57,210300.58
mcht_food_04,food_delivery,2026-07-01,58192.14,2115.56,319.2,1054.25,581.92,54121.21
mcht_mkt_01,marketplace,2026-07-01,422833.93,29265.25,0.0,9045.1,4228.34,380295.24
mcht_mkt_02,marketplace,2026-07-01,698217.96,16452.25,0.0,14322.08,6982.18,660461.45
mcht_mkt_03,marketplace,2026-07-01,793082.34,0.0,45302.12,14949.05,7930.82,724900.35
mcht_mkt_04,marketplace,2026-07-01,378114.11,33654.7,7423.19,7346.15,3781.14,325908.93
mcht_saas_01,saas_subscription,2026-07-01,96647.15,0.0,77.67,1947.05,966.47,93655.96
mcht_saas_02,saas_subscription,2026-07-01,196963.43,566.6,212.42,3917.11,1969.63,190297.67
mcht_saas_03,saas_subscription,2026-07-01,326710.76,0.0,267.74,6747.13,3267.11,316428.78
mcht_saas_04,saas_subscription,2026-07-01,141239.82,408.97,0.0,2935.93,1412.4,136482.52
mcht_saas_05,saas_subscription,2026-07-01,75388.54,0.0,0.0,1410.1,753.89,73224.55
mcht_d2c_01,d2c_ecommerce,2026-07-02,165717.71,20228.17,547.27,3570.05,1657.18,139715.04
mcht_d2c_02,d2c_ecommerce,2026-07-02,447343.62,48559.54,1495.08,9243.76,4473.44,383571.8
mcht_d2c_03,d2c_ecommerce,2026-07-02,460147.66,54273.91,1638.57,9561.73,4601.48,390071.97
mcht_d2c_04,d2c_ecommerce,2026-07-02,108326.07,0.0,0.0,2125.2,1083.26,105117.61
mcht_d2c_05,d2c_ecommerce,2026-07-02,68320.27,7265.22,810.65,1247.79,683.2,58313.41
mcht_food_01,food_delivery,2026-07-02,102997.81,7369.07,0.0,2210.48,1029.98,92388.28
mcht_food_02,food_delivery,2026-07-02,182723.1,5651.23,517.86,3328.56,1827.23,171398.22
mcht_food_03,food_delivery,2026-07-02,242767.88,0.0,1152.08,5207.25,2427.68,233980.87
mcht_food_04,food_delivery,2026-07-02,66819.83,2264.11,173.12,1379.83,668.2,62334.57
mcht_mkt_01,marketplace,2026-07-02,662859.57,0.0,0.0,12460.74,6628.6,643770.23
mcht_mkt_02,marketplace,2026-07-02,308133.35,0.0,9699.5,5628.05,3081.33,289724.47
mcht_mkt_03,marketplace,2026-07-02,1476632.85,0.0,0.0,27555.13,14766.33,1434311.39
mcht_mkt_04,marketplace,2026-07-02,446795.02,14990.74,0.0,9302.35,4467.95,418033.98
mcht_saas_01,saas_subscription,2026-07-02,94741.57,630.63,36.31,2071.21,947.42,91056.0
mcht_saas_02,saas_subscription,2026-07-02,186435.72,799.52,80.0,3789.86,1864.36,179901.98
mcht_saas_03,saas_subscription,2026-07-02,314895.82,0.0,0.0,6272.76,3148.96,305474.1
mcht_saas_04,saas_subscription,2026-07-02,146897.61,468.27,118.21,3104.48,1468.98,141737.67
mcht_saas_05,saas_subscription,2026-07-02,76824.11,475.04,0.0,1586.29,768.24,73994.54
mcht_d2c_01,d2c_ecommerce,2026-07-03,160338.73,0.0,0.0,3110.14,1603.39,155625.2
mcht_d2c_02,d2c_ecommerce,2026-07-03,475668.15,0.0,1303.89,10397.23,4756.68,459210.35
mcht_d2c_03,d2c_ecommerce,2026-07-03,480275.59,111018.87,2781.76,9861.2,4802.76,351811.0
mcht_d2c_04,d2c_ecommerce,2026-07-03,133524.13,11199.03,0.0,2697.78,1335.24,118292.08
mcht_d2c_05,d2c_ecommerce,2026-07-03,97828.12,11731.15,250.85,1916.48,978.28,82951.36
mcht_food_01,food_delivery,2026-07-03,112400.8,0.0,454.46,2366.06,1124.01,108456.27
mcht_food_02,food_delivery,2026-07-03,226051.28,15570.6,579.89,4804.15,2260.51,202836.13
mcht_food_03,food_delivery,2026-07-03,284777.73,24971.14,697.17,5884.88,2847.78,250376.76
mcht_food_04,food_delivery,2026-07-03,81203.2,2513.04,0.0,1566.65,812.03,76311.48
mcht_mkt_01,marketplace,2026-07-03,74880.0,19308.05,0.0,1372.26,748.8,53450.89
mcht_mkt_02,marketplace,2026-07-03,514278.13,0.0,0.0,10414.0,5142.78,498721.35
mcht_mkt_03,marketplace,2026-07-03,1235603.16,147274.69,33785.85,26869.0,12356.03,1015317.59
mcht_mkt_04,marketplace,2026-07-03,98135.52,0.0,0.0,1880.07,981.36,95274.09
mcht_saas_01,saas_subscription,2026-07-03,119105.4,0.0,121.69,2602.97,1191.05,115189.69
mcht_saas_02,saas_subscription,2026-07-03,210638.14,520.61,226.99,4213.59,2106.38,203570.57
mcht_saas_03,saas_subscription,2026-07-03,370863.19,1969.91,0.0,8018.34,3708.63,357166.31
mcht_saas_04,saas_subscription,2026-07-03,161895.28,1017.02,59.55,3036.47,1618.95,156163.29
mcht_saas_05,saas_subscription,2026-07-03,89414.34,286.85,0.0,1923.84,894.14,86309.51
mcht_d2c_01,d2c_ecommerce,2026-07-04,141344.26,0.0,0.0,2913.66,1413.44,137017.16
mcht_d2c_02,d2c_ecommerce,2026-07-04,424765.73,70965.02,2854.76,9232.9,4247.66,337465.39
mcht_d2c_03,d2c_ecommerce,2026-07-04,473962.06,29236.59,0.0,8975.74,4739.62,431010.11
mcht_d2c_04,d2c_ecommerce,2026-07-04,121969.7,17894.17,1155.08,2627.79,1219.7,99072.96
mcht_d2c_05,d2c_ecommerce,2026-07-04,80749.07,15993.25,303.33,1757.11,807.49,61887.89
mcht_food_01,food_delivery,2026-07-04,126103.57,5056.12,0.0,2729.68,1261.04,117056.73
mcht_food_02,food_delivery,2026-07-04,243083.44,13599.63,0.0,5163.78,2430.83,221889.2
mcht_food_03,food_delivery,2026-07-04,383237.88,18164.52,2210.55,7730.75,3832.38,351299.68
mcht_food_04,food_delivery,2026-07-04,113920.64,8256.34,0.0,2269.76,1139.21,102255.33
mcht_mkt_01,marketplace,2026-07-04,427938.91,0.0,0.0,8371.44,4279.39,415288.08
mcht_mkt_02,marketplace,2026-07-04,397791.19,54295.22,46215.78,7687.41,3977.91,285614.87
mcht_mkt_03,marketplace,2026-07-04,1069930.05,0.0,22518.13,19925.09,10699.3,1016787.53
mcht_mkt_04,marketplace,2026-07-04,278109.69,0.0,0.0,5935.38,2781.1,269393.21
mcht_saas_01,saas_subscription,2026-07-04,106227.53,257.67,37.34,2275.67,1062.28,102594.57
mcht_saas_02,saas_subscription,2026-07-04,209618.05,392.76,63.93,4169.0,2096.18,202896.18
mcht_saas_03,saas_subscription,2026-07-04,362676.83,1238.8,0.0,7269.32,3626.77,350541.94
mcht_saas_04,saas_subscription,2026-07-04,153354.86,425.88,0.0,2906.37,1533.55,148489.06
mcht_saas_05,saas_subscription,2026-07-04,84643.23,214.02,0.0,1626.08,846.43,81956.7
mcht_d2c_01,d2c_ecommerce,2026-07-05,214903.71,20519.19,1335.93,4109.21,2149.04,186790.34
mcht_d2c_02,d2c_ecommerce,2026-07-05,539348.25,44813.35,0.0,10128.12,5393.48,479013.3
mcht_d2c_03,d2c_ecommerce,2026-07-05,523626.99,0.0,0.0,9533.69,5236.27,508857.03
mcht_d2c_04,d2c_ecommerce,2026-07-05,142028.86,0.0,762.0,3075.12,1420.29,136771.45
mcht_d2c_05,d2c_ecommerce,2026-07-05,105948.62,0.0,280.74,2119.68,1059.49,102488.71
mcht_food_01,food_delivery,2026-07-05,204970.38,7115.51,234.13,4037.4,2049.7,191533.64
mcht_food_02,food_delivery,2026-07-05,345089.34,0.0,416.94,6527.06,3450.89,334694.45
mcht_food_03,food_delivery,2026-07-05,526433.39,13588.19,0.0,10307.36,5264.33,497273.51
mcht_food_04,food_delivery,2026-07-05,129134.07,0.0,635.16,2491.25,1291.34,124716.32
mcht_mkt_01,marketplace,2026-07-05,325137.88,36378.74,6140.41,6547.17,3251.38,272820.18
mcht_mkt_02,marketplace,2026-07-05,407252.2,42051.07,0.0,8883.06,4072.52,352245.55
mcht_mkt_03,marketplace,2026-07-05,1283382.04,0.0,20201.72,27090.16,12833.82,1223256.34
mcht_mkt_04,marketplace,2026-07-05,554878.41,31429.1,12167.12,12128.25,5548.78,493605.16
mcht_saas_01,saas_subscription,2026-07-05,90240.9,0.0,40.54,1692.06,902.41,87605.89
mcht_saas_02,saas_subscription,2026-07-05,172366.77,0.0,153.65,3666.47,1723.67,166822.98
mcht_saas_03,saas_subscription,2026-07-05,311403.01,844.04,121.7,6047.52,3114.03,301275.72
mcht_saas_04,saas_subscription,2026-07-05,139276.81,841.77,167.66,2941.03,1392.77,133933.58
mcht_saas_05,saas_subscription,2026-07-05,68786.98,248.31,0.0,1329.76,687.87,66521.04
mcht_d2c_01,d2c_ecommerce,2026-07-06,227638.42,17036.51,0.0,4638.88,2276.38,203686.65
mcht_d2c_02,d2c_ecommerce,2026-07-06,729990.39,54049.83,1878.91,15274.94,7299.9,651486.81
mcht_d2c_03,d2c_ecommerce,2026-07-06,601156.57,54853.59,3181.57,11873.52,6011.57,525236.32
mcht_d2c_04,d2c_ecommerce,2026-07-06,179410.37,0.0,0.0,3516.51,1794.1,174099.76
mcht_d2c_05,d2c_ecommerce,2026-07-06,145840.92,0.0,1011.78,2753.86,1458.41,140616.87
mcht_food_01,food_delivery,2026-07-06,175993.17,6015.62,292.49,3239.19,1759.93,164685.94
mcht_food_02,food_delivery,2026-07-06,370046.16,19917.63,1338.25,6716.59,3700.46,338373.23
mcht_food_03,food_delivery,2026-07-06,450738.35,6412.32,1639.36,8854.87,4507.38,429324.42
mcht_food_04,food_delivery,2026-07-06,132781.73,5930.15,514.56,2583.82,1327.82,122425.38
mcht_mkt_01,marketplace,2026-07-06,727424.39,0.0,0.0,14190.02,7274.24,705960.13
mcht_mkt_02,marketplace,2026-07-06,398182.81,0.0,0.0,8370.55,3981.83,385830.43
mcht_mkt_03,marketplace,2026-07-06,1199446.43,139355.61,33800.11,23534.38,11994.46,990761.87
mcht_mkt_04,marketplace,2026-07-06,599945.47,53636.37,38909.63,11506.32,5999.45,489893.7
mcht_saas_01,saas_subscription,2026-07-06,92894.16,453.61,40.27,1892.91,928.94,89578.43
mcht_saas_02,saas_subscription,2026-07-06,162024.57,0.0,0.0,3399.7,1620.25,157004.62
mcht_saas_03,saas_subscription,2026-07-06,294373.54,1116.69,118.56,6052.76,2943.74,284141.79
mcht_saas_04,saas_subscription,2026-07-06,137928.97,0.0,53.72,2530.17,1379.29,133965.79
mcht_saas_05,saas_subscription,2026-07-06,67595.47,0.0,0.0,1397.97,675.95,65521.55
mcht_d2c_01,d2c_ecommerce,2026-07-07,220476.51,48740.51,709.03,4631.04,2204.77,164191.16
mcht_d2c_02,d2c_ecommerce,2026-07-07,701020.5,0.0,1496.52,13597.85,7010.2,678915.93
mcht_d2c_03,d2c_ecommerce,2026-07-07,656907.98,62382.34,0.0,11851.07,6569.08,576105.49
mcht_d2c_04,d2c_ecommerce,2026-07-07,167297.97,15550.3,0.0,3418.27,1672.98,146656.42
mcht_d2c_05,d2c_ecommerce,2026-07-07,111833.94,8226.55,249.93,2171.21,1118.34,100067.91
mcht_food_01,food_delivery,2026-07-07,78186.28,2314.99,571.24,1444.37,781.86,73073.82
mcht_food_02,food_delivery,2026-07-07,165592.52,5661.13,520.47,3453.4,1655.93,154301.59
mcht_food_03,food_delivery,2026-07-07,172150.16,0.0,1695.86,3742.49,1721.5,164990.31
mcht_food_04,food_delivery,2026-07-07,61694.31,0.0,266.22,1276.91,616.94,59534.24
mcht_mkt_01,marketplace,2026-07-07,464493.94,0.0,0.0,9528.74,4644.94,450320.26
mcht_mkt_02,marketplace,2026-07-07,480627.86,26885.94,21068.28,9626.04,4806.28,418241.32
mcht_mkt_03,marketplace,2026-07-07,1386372.39,0.0,0.0,28968.56,13863.72,1343540.11
mcht_mkt_04,marketplace,2026-07-07,648427.99,34002.55,12001.24,13706.96,6484.28,582232.96
mcht_saas_01,saas_subscription,2026-07-07,92454.73,400.5,0.0,1988.94,924.55,89140.74
mcht_saas_02,saas_subscription,2026-07-07,157735.16,939.36,83.96,3054.62,1577.35,152079.87
mcht_saas_03,saas_subscription,2026-07-07,287912.03,1443.49,112.31,5811.38,2879.12,277665.73
mcht_saas_04,saas_subscription,2026-07-07,130902.37,944.52,0.0,2456.13,1309.02,126192.7
mcht_saas_05,saas_subscription,2026-07-07,69204.41,182.81,0.0,1287.0,692.04,67042.56
mcht_d2c_01,d2c_ecommerce,2026-07-08,163060.27,0.0,0.0,3451.01,1630.6,157978.66
mcht_d2c_02,d2c_ecommerce,2026-07-08,461666.3,182342.55,0.0,9210.27,4616.66,265496.82
mcht_d2c_03,d2c_ecommerce,2026-07-08,356982.95,121880.43,1597.02,6527.08,3569.83,223408.59
mcht_d2c_04,d2c_ecommerce,2026-07-08,103379.97,24022.99,1051.68,1976.3,1033.8,75295.2
mcht_d2c_05,d2c_ecommerce,2026-07-08,78087.8,10904.29,455.39,1533.06,780.88,64414.18
mcht_food_01,food_delivery,2026-07-08,102934.23,2942.18,228.82,2167.05,1029.34,96566.84
mcht_food_02,food_delivery,2026-07-08,165936.09,0.0,0.0,3119.51,1659.36,161157.22
mcht_food_03,food_delivery,2026-07-08,238835.27,16484.19,0.0,4940.14,2388.35,215022.59
mcht_food_04,food_delivery,2026-07-08,69396.32,5385.61,0.0,1414.43,693.96,61902.32
mcht_mkt_01,marketplace,2026-07-08,460832.59,55352.14,42115.1,9227.07,4608.33,349529.95
mcht_mkt_02,marketplace,2026-07-08,528925.07,63042.21,0.0,10429.93,5289.25,450163.68
mcht_mkt_03,marketplace,2026-07-08,711774.38,108169.7,94322.62,13073.45,7117.74,489090.87
mcht_mkt_04,marketplace,2026-07-08,529916.71,73448.57,0.0,11262.69,5299.17,439906.28
mcht_saas_01,saas_subscription,2026-07-08,98315.49,0.0,34.72,1916.94,983.15,95380.68
mcht_saas_02,saas_subscription,2026-07-08,189176.58,0.0,101.32,4010.98,1891.77,183172.51
mcht_saas_03,saas_subscription,2026-07-08,331682.18,0.0,369.68,6134.82,3316.82,321860.86
mcht_saas_04,saas_subscription,2026-07-08,148720.71,0.0,41.63,2947.96,1487.21,144243.91
mcht_saas_05,saas_subscription,2026-07-08,77260.94,502.13,35.37,1677.93,772.61,74272.9
mcht_d2c_01,d2c_ecommerce,2026-07-09,154437.14,18059.94,554.84,3039.4,1544.37,131238.59
mcht_d2c_02,d2c_ecommerce,2026-07-09,430603.9,0.0,1367.4,8021.23,4306.04,416909.23
mcht_d2c_03,d2c_ecommerce,2026-07-09,305942.72,48351.46,2130.51,6235.51,3059.43,246165.81
mcht_d2c_04,d2c_ecommerce,2026-07-09,115855.68,15151.18,426.42,2294.45,1158.56,96825.07
mcht_d2c_05,d2c_ecommerce,2026-07-09,84021.81,6880.96,0.0,1551.81,840.22,74748.82
mcht_food_01,food_delivery,2026-07-09,120961.82,4028.57,416.06,2595.03,1209.62,112712.54
mcht_food_02,food_delivery,2026-07-09,154195.89,12888.11,0.0,3389.86,1541.96,136375.96
mcht_food_03,food_delivery,2026-07-09,212231.94,0.0,0.0,4608.91,2122.32,205500.71
mcht_food_04,food_delivery,2026-07-09,79406.94,0.0,206.49,1506.85,794.07,76899.53
mcht_mkt_01,marketplace,2026-07-09,573338.32,63443.99,16600.97,12468.1,5733.38,475091.88
mcht_mkt_02,marketplace,2026-07-09,640508.12,49215.77,0.0,14080.59,6405.08,570806.68
mcht_mkt_03,marketplace,2026-07-09,1541273.14,70583.0,0.0,32212.97,15412.73,1423064.44
mcht_mkt_04,marketplace,2026-07-09,133912.71,0.0,10608.15,2673.31,1339.13,119292.12
mcht_saas_01,saas_subscription,2026-07-09,97781.28,562.17,34.24,1799.61,977.81,94407.45
mcht_saas_02,saas_subscription,2026-07-09,181101.54,605.85,86.85,3878.22,1811.02,174719.6
mcht_saas_03,saas_subscription,2026-07-09,325139.46,917.12,112.91,6363.27,3251.39,314494.77
mcht_saas_04,saas_subscription,2026-07-09,145636.06,871.21,0.0,3163.32,1456.36,140145.17
mcht_saas_05,saas_subscription,2026-07-09,77944.95,242.84,85.57,1516.45,779.45,75320.64
mcht_d2c_01,d2c_ecommerce,2026-07-10,186815.05,14336.01,0.0,3742.82,1868.15,166868.07
mcht_d2c_02,d2c_ecommerce,2026-07-10,563889.07,58685.49,2760.7,12348.67,5638.89,484455.32
mcht_d2c_03,d2c_ecommerce,2026-07-10,449126.72,0.0,1746.54,9385.8,4491.27,433503.11
mcht_d2c_04,d2c_ecommerce,2026-07-10,107488.75,11661.18,0.0,2029.34,1074.89,92723.34
mcht_d2c_05,d2c_ecommerce,2026-07-10,83771.38,14334.01,505.79,1729.31,837.71,66364.56
mcht_food_01,food_delivery,2026-07-10,131816.58,5007.4,205.59,2613.67,1318.17,122671.75
mcht_food_02,food_delivery,2026-07-10,184366.99,0.0,1013.69,3325.38,1843.67,178184.25
mcht_food_03,food_delivery,2026-07-10,271151.59,21912.94,0.0,5935.17,2711.52,240591.96
mcht_food_04,food_delivery,2026-07-10,76666.66,6113.81,0.0,1393.38,766.67,68392.8
mcht_mkt_01,marketplace,2026-07-10,404092.83,22022.36,11559.75,7935.4,4040.93,358534.39
mcht_mkt_02,marketplace,2026-07-10,594885.35,35387.45,0.0,12296.0,5948.85,541253.05
mcht_mkt_03,marketplace,2026-07-10,1466677.72,0.0,79382.38,29403.44,14666.78,1343225.12
mcht_mkt_04,marketplace,2026-07-10,328918.18,50127.72,0.0,6035.97,3289.18,269465.31
mcht_saas_01,saas_subscription,2026-07-10,97826.71,288.71,30.5,2078.22,978.27,94451.01
mcht_saas_02,saas_subscription,2026-07-10,184433.12,1048.22,0.0,3433.03,1844.33,178107.54
mcht_saas_03,saas_subscription,2026-07-10,320728.74,1150.99,119.51,6175.09,3207.29,310075.86
mcht_saas_04,saas_subscription,2026-07-10,146349.4,511.45,0.0,2963.21,1463.49,141411.25
mcht_saas_05,saas_subscription,2026-07-10,71917.65,0.0,0.0,1323.63,719.18,69874.84
mcht_d2c_01,d2c_ecommerce,2026-07-11,161089.96,0.0,666.81,3114.74,1610.9,155697.51
mcht_d2c_02,d2c_ecommerce,2026-07-11,532836.29,89703.73,3424.81,11138.7,5328.36,423240.69
mcht_d2c_03,d2c_ecommerce,2026-07-11,451691.78,71466.96,1236.93,8433.9,4516.92,366037.07
mcht_d2c_04,d2c_ecommerce,2026-07-11,135344.44,0.0,1402.53,2723.93,1353.44,129864.54
mcht_d2c_05,d2c_ecommerce,2026-07-11,89665.55,14490.09,0.0,1826.37,896.66,72452.43
mcht_food_01,food_delivery,2026-07-11,149038.36,12074.92,454.91,2718.2,1490.38,132299.95
mcht_food_02,food_delivery,2026-07-11,225920.81,7484.16,356.96,4274.23,2259.21,211546.25
mcht_food_03,food_delivery,2026-07-11,335665.89,0.0,1246.16,6776.43,3356.66,324286.64
mcht_food_04,food_delivery,2026-07-11,108932.07,0.0,0.0,2333.77,1089.32,105508.98
mcht_mkt_01,marketplace,2026-07-11,462059.33,27065.72,0.0,8469.54,4620.59,421903.48
mcht_mkt_02,marketplace,2026-07-11,482012.56,27225.9,28766.57,9667.11,4820.13,411532.85
mcht_mkt_03,marketplace,2026-07-11,1293472.33,142858.25,19954.61,27940.96,12934.72,1089783.79
mcht_mkt_04,marketplace,2026-07-11,624518.07,0.0,20255.78,13205.26,6245.18,584811.85
mcht_saas_01,saas_subscription,2026-07-11,99598.34,0.0,0.0,1984.7,995.98,96617.66
mcht_saas_02,saas_subscription,2026-07-11,183677.77,486.48,0.0,3734.3,1836.78,177620.21
mcht_saas_03,saas_subscription,2026-07-11,311229.58,1002.05,243.94,6656.37,3112.3,300214.92
mcht_saas_04,saas_subscription,2026-07-11,144398.74,427.41,107.58,2823.1,1443.99,139596.66
mcht_saas_05,saas_subscription,2026-07-11,71915.15,422.16,34.75,1344.72,719.15,69394.37
mcht_d2c_01,d2c_ecommerce,2026-07-12,171373.73,0.0,548.34,3200.6,1713.74,165911.05
mcht_d2c_02,d2c_ecommerce,2026-07-12,526610.82,64637.37,0.0,10041.22,5266.11,446666.12
mcht_d2c_03,d2c_ecommerce,2026-07-12,457617.0,0.0,3689.42,9577.92,4576.17,439773.49
mcht_d2c_04,d2c_ecommerce,2026-07-12,150059.68,25660.06,1752.58,3048.16,1500.6,118098.28
mcht_d2c_05,d2c_ecommerce,2026-07-12,84144.69,0.0,333.65,1732.61,841.45,81236.98
mcht_food_01,food_delivery,2026-07-12,195414.69,6437.48,240.67,3569.61,1954.15,183212.78
mcht_food_02,food_delivery,2026-07-12,356064.31,12822.88,0.0,6469.07,3560.64,333211.72
mcht_food_03,food_delivery,2026-07-12,420758.92,26408.48,0.0,8600.13,4207.59,381542.72
mcht_food_04,food_delivery,2026-07-12,158956.72,10659.04,157.73,3174.24,1589.57,143376.14
mcht_mkt_01,marketplace,2026-07-12,530797.58,53348.41,9062.0,10195.42,5307.98,452883.77
mcht_mkt_02,marketplace,2026-07-12,654851.46,21614.89,22244.75,12829.7,6548.51,591613.61
mcht_mkt_03,marketplace,2026-07-12,1357534.96,0.0,24035.55,25458.66,13575.35,1294465.4
mcht_mkt_04,marketplace,2026-07-12,646798.94,0.0,0.0,12696.61,6467.99,627634.34
mcht_saas_01,saas_subscription,2026-07-12,90527.46,237.62,0.0,1833.87,905.27,87550.7
mcht_saas_02,saas_subscription,2026-07-12,168561.0,910.54,0.0,3226.47,1685.61,162738.38
mcht_saas_03,saas_subscription,2026-07-12,300421.31,842.98,145.37,5862.83,3004.21,290565.92
mcht_saas_04,saas_subscription,2026-07-12,135880.27,0.0,0.0,2977.61,1358.8,131543.86
mcht_saas_05,saas_subscription,2026-07-12,71784.06,218.51,0.0,1559.94,717.84,69287.77
mcht_d2c_01,d2c_ecommerce,2026-07-13,220863.71,0.0,453.63,4205.7,2208.64,213995.74
mcht_d2c_02,d2c_ecommerce,2026-07-13,771619.42,0.0,1991.02,15035.69,7716.19,746876.52
mcht_d2c_03,d2c_ecommerce,2026-07-13,525021.4,44965.05,0.0,11444.89,5250.21,463361.25
mcht_d2c_04,d2c_ecommerce,2026-07-13,207373.12,0.0,0.0,4012.95,2073.73,201286.44
mcht_d2c_05,d2c_ecommerce,2026-07-13,138177.34,0.0,312.55,2824.78,1381.77,133658.24
mcht_food_01,food_delivery,2026-07-13,183629.85,3692.03,208.87,3745.02,1836.3,174147.63
mcht_food_02,food_delivery,2026-07-13,312612.07,12072.21,2557.71,6605.69,3126.12,288250.34
mcht_food_03,food_delivery,2026-07-13,460125.45,7885.61,0.0,9490.3,4601.25,438148.29
mcht_food_04,food_delivery,2026-07-13,152079.3,2737.32,478.35,3113.81,1520.79,144229.03
mcht_mkt_01,marketplace,2026-07-13,454270.2,23500.0,0.0,9277.82,4542.7,416949.68
mcht_mkt_02,marketplace,2026-07-13,444308.82,44789.96,18755.77,8574.42,4443.09,367745.58
mcht_mkt_03,marketplace,2026-07-13,1120645.19,74877.59,34737.35,20661.81,11206.45,979161.99
mcht_mkt_04,marketplace,2026-07-13,623675.33,36163.25,16768.79,11745.23,6236.75,552761.31
mcht_saas_01,saas_subscription,2026-07-13,87743.23,501.25,150.7,1924.08,877.43,84289.77
mcht_saas_02,saas_subscription,2026-07-13,167517.78,0.0,0.0,3510.62,1675.18,162331.98
mcht_saas_03,saas_subscription,2026-07-13,285616.39,1778.47,0.0,6079.69,2856.16,274902.07
mcht_saas_04,saas_subscription,2026-07-13,130324.6,866.66,0.0,2587.57,1303.25,125567.12
mcht_saas_05,saas_subscription,2026-07-13,67704.94,175.57,0.0,1285.61,677.05,65566.71
mcht_d2c_01,d2c_ecommerce,2026-07-14,181039.87,73947.95,443.29,3919.25,1810.4,100918.98
mcht_d2c_02,d2c_ecommerce,2026-07-14,742715.54,0.0,2210.49,14624.02,7427.16,718453.87
mcht_d2c_03,d2c_ecommerce,2026-07-14,544658.54,125482.47,0.0,11422.96,5446.59,402306.52
mcht_d2c_04,d2c_ecommerce,2026-07-14,155457.75,29147.97,328.07,2967.45,1554.58,121459.68
mcht_d2c_05,d2c_ecommerce,2026-07-14,118277.38,7528.97,237.3,2136.88,1182.77,107191.46
mcht_food_01,food_delivery,2026-07-14,88932.06,0.0,809.28,1927.56,889.32,85305.9
mcht_food_02,food_delivery,2026-07-14,174042.17,6184.71,0.0,3535.63,1740.42,162581.41
mcht_food_03,food_delivery,2026-07-14,246776.77,0.0,0.0,5270.33,2467.77,239038.67
mcht_food_04,food_delivery,2026-07-14,63588.33,1993.69,246.22,1268.84,635.88,59443.7
mcht_mkt_01,marketplace,2026-07-14,466521.34,21892.09,24858.73,8875.15,4665.21,406230.16
mcht_mkt_02,marketplace,2026-07-14,597470.02,0.0,0.0,12440.33,5974.7,579054.99
mcht_mkt_03,marketplace,2026-07-14,1537130.8,153948.43,16653.78,28874.82,15371.31,1322282.46
mcht_mkt_04,marketplace,2026-07-14,413391.33,20295.07,9216.4,8477.25,4133.91,371268.7
mcht_saas_01,saas_subscription,2026-07-14,87360.95,335.68,40.82,1784.68,873.61,84326.16
mcht_saas_02,saas_subscription,2026-07-14,161002.37,1173.75,0.0,3051.82,1610.02,155166.78
mcht_saas_03,saas_subscription,2026-07-14,272613.23,918.77,119.99,5389.44,2726.13,263458.9
mcht_saas_04,saas_subscription,2026-07-14,127060.57,0.0,0.0,2507.53,1270.61,123282.43
mcht_saas_05,saas_subscription,2026-07-14,63409.46,245.26,25.45,1309.35,634.09,61195.31
mcht_d2c_01,d2c_ecommerce,2026-07-15,136485.11,37032.98,0.0,2625.41,1364.85,95461.87
mcht_d2c_02,d2c_ecommerce,2026-07-15,514753.88,0.0,4022.46,10804.75,5147.54,494779.13
mcht_d2c_03,d2c_ecommerce,2026-07-15,288522.37,0.0,2057.54,6099.03,2885.22,277480.58
mcht_d2c_04,d2c_ecommerce,2026-07-15,89436.33,12281.41,0.0,1663.88,894.36,74596.68
mcht_d2c_05,d2c_ecommerce,2026-07-15,80416.77,13800.39,0.0,1503.62,804.17,64308.59
mcht_food_01,food_delivery,2026-07-15,88905.22,6466.27,651.12,1742.39,889.05,79156.39
mcht_food_02,food_delivery,2026-07-15,140633.87,5032.18,1520.27,3008.68,1406.34,129666.4
mcht_food_03,food_delivery,2026-07-15,216337.26,16331.43,553.57,4464.4,2163.37,192824.49
mcht_food_04,food_delivery,2026-07-15,66448.37,2435.57,313.67,1360.58,664.48,61674.07
mcht_mkt_01,marketplace,2026-07-15,380062.54,0.0,9778.36,7250.06,3800.63,359233.49
mcht_mkt_02,marketplace,2026-07-15,524672.31,0.0,13801.88,10677.89,5246.72,494945.82
mcht_mkt_03,marketplace,2026-07-15,1267931.82,170808.59,29403.01,23221.29,12679.32,1031819.61
mcht_mkt_04,marketplace,2026-07-15,270232.37,26050.76,19520.52,5336.48,2702.32,216622.29
mcht_saas_01,saas_subscription,2026-07-15,102887.43,0.0,0.0,2026.87,1028.87,99831.69
mcht_saas_02,saas_subscription,2026-07-15,194441.69,0.0,77.54,4022.15,1944.42,188397.58
mcht_saas_03,saas_subscription,2026-07-15,335615.81,822.89,140.15,7052.63,3356.16,324243.98
mcht_saas_04,saas_subscription,2026-07-15,152123.18,445.19,158.12,2988.7,1521.23,147009.94
mcht_saas_05,saas_subscription,2026-07-15,75293.77,481.05,28.1,1402.32,752.94,72629.36
mcht_d2c_01,d2c_ecommerce,2026-07-16,162130.36,0.0,524.71,3550.5,1621.3,156433.85
mcht_d2c_02,d2c_ecommerce,2026-07-16,433730.06,41724.06,3071.56,9413.15,4337.3,375183.99
mcht_d2c_03,d2c_ecommerce,2026-07-16,407360.83,32970.76,3528.58,8474.27,4073.61,358313.61
mcht_d2c_04,d2c_ecommerce,2026-07-16,112448.2,0.0,983.9,2086.83,1124.48,108252.99
mcht_d2c_05,d2c_ecommerce,2026-07-16,87214.94,0.0,0.0,1627.63,872.15,84715.16
mcht_food_01,food_delivery,2026-07-16,113211.72,3522.98,791.57,2332.44,1132.12,105432.61
mcht_food_02,food_delivery,2026-07-16,160649.01,10948.48,515.38,3510.25,1606.49,144068.41
mcht_food_03,food_delivery,2026-07-16,260604.93,11454.83,3477.62,4810.4,2606.05,238256.03
mcht_food_04,food_delivery,2026-07-16,68694.94,2347.08,545.79,1408.79,686.95,63706.33
mcht_mkt_01,marketplace,2026-07-16,367371.63,0.0,38536.15,7111.69,3673.72,318050.07
mcht_mkt_02,marketplace,2026-07-16,394376.11,0.0,11999.99,8436.79,3943.76,369995.57
mcht_mkt_03,marketplace,2026-07-16,814864.52,0.0,0.0,17862.32,8148.65,788853.55
mcht_mkt_04,marketplace,2026-07-16,475338.18,27261.46,5498.86,8722.59,4753.38,429101.89
mcht_saas_01,saas_subscription,2026-07-16,97759.4,872.54,33.27,1904.35,977.59,93971.65
mcht_saas_02,saas_subscription,2026-07-16,187132.18,0.0,115.85,3559.35,1871.32,181585.66
mcht_saas_03,saas_subscription,2026-07-16,321551.31,0.0,114.09,5961.92,3215.51,312259.79
mcht_saas_04,saas_subscription,2026-07-16,145057.47,380.44,0.0,2792.17,1450.57,140434.29
mcht_saas_05,saas_subscription,2026-07-16,76952.08,0.0,54.11,1444.88,769.52,74683.57
mcht_d2c_01,d2c_ecommerce,2026-07-17,160307.11,54774.29,767.26,3040.37,1603.07,100122.12
mcht_d2c_02,d2c_ecommerce,2026-07-17,525980.9,94253.71,0.0,10143.94,5259.81,416323.44
mcht_d2c_03,d2c_ecommerce,2026-07-17,317429.32,50944.42,3913.66,5999.08,3174.29,253397.87
mcht_d2c_04,d2c_ecommerce,2026-07-17,154967.0,9254.38,0.0,3230.42,1549.67,140932.53
mcht_d2c_05,d2c_ecommerce,2026-07-17,88805.62,10692.99,354.45,1633.3,888.06,75236.82
mcht_food_01,food_delivery,2026-07-17,91643.22,0.0,0.0,1848.26,916.43,88878.53
mcht_food_02,food_delivery,2026-07-17,203279.1,0.0,431.19,4155.12,2032.79,196660.0
mcht_food_03,food_delivery,2026-07-17,327606.87,9693.67,1151.03,7131.91,3276.07,306354.19
mcht_food_04,food_delivery,2026-07-17,69113.07,2741.28,190.47,1248.19,691.13,64242.0
mcht_mkt_01,marketplace,2026-07-17,508886.38,0.0,25457.63,10678.76,5088.86,467661.13
mcht_mkt_02,marketplace,2026-07-17,433896.42,0.0,14829.33,8770.89,4338.96,405957.24
mcht_mkt_03,marketplace,2026-07-17,1393765.96,0.0,30746.28,25772.72,13937.66,1323309.3
mcht_mkt_04,marketplace,2026-07-17,414755.95,0.0,9228.15,9097.55,4147.56,392282.69
mcht_saas_01,saas_subscription,2026-07-17,96536.91,225.41,39.3,1898.93,965.37,93407.9
mcht_saas_02,saas_subscription,2026-07-17,176127.34,1008.16,0.0,3530.4,1761.27,169827.51
mcht_saas_03,saas_subscription,2026-07-17,310328.52,1773.4,149.38,6733.69,3103.29,298568.76
mcht_saas_04,saas_subscription,2026-07-17,142319.85,780.09,56.15,2747.17,1423.2,137313.24
mcht_saas_05,saas_subscription,2026-07-17,75890.21,233.29,0.0,1632.93,758.9,73265.09
mcht_d2c_01,d2c_ecommerce,2026-07-18,157150.27,0.0,1834.41,3283.23,1571.5,150461.13
mcht_d2c_02,d2c_ecommerce,2026-07-18,508008.15,152143.08,3257.44,10104.28,5080.08,337423.27
mcht_d2c_03,d2c_ecommerce,2026-07-18,414477.35,33432.62,2009.5,8058.92,4144.77,366831.54
mcht_d2c_04,d2c_ecommerce,2026-07-18,139562.16,15637.63,517.14,2635.85,1395.62,119375.92
mcht_d2c_05,d2c_ecommerce,2026-07-18,89548.09,18057.92,478.53,1875.31,895.48,68240.85
mcht_food_01,food_delivery,2026-07-18,137052.57,12077.44,0.0,2954.72,1370.53,120649.88
mcht_food_02,food_delivery,2026-07-18,261313.54,9182.14,0.0,4945.89,2613.14,244572.37
mcht_food_03,food_delivery,2026-07-18,365533.86,13257.19,1529.88,7545.99,3655.34,339545.46
mcht_food_04,food_delivery,2026-07-18,97342.42,0.0,698.45,1959.8,973.42,93710.75
mcht_mkt_01,marketplace,2026-07-18,582438.69,57493.87,0.0,12674.18,5824.39,506446.25
mcht_mkt_02,marketplace,2026-07-18,505905.32,45332.27,23889.48,10284.71,5059.05,421339.81
mcht_mkt_03,marketplace,2026-07-18,559606.86,116022.56,21537.29,10522.51,5596.07,405928.43
mcht_mkt_04,marketplace,2026-07-18,658330.15,76707.51,15053.44,12494.22,6583.3,547491.68
mcht_saas_01,saas_subscription,2026-07-18,91342.78,0.0,30.08,1687.43,913.43,88711.84
mcht_saas_02,saas_subscription,2026-07-18,173637.56,1143.83,100.41,3784.36,1736.38,166872.58
mcht_saas_03,saas_subscription,2026-07-18,304251.71,0.0,0.0,6061.38,3042.52,295147.81
mcht_saas_04,saas_subscription,2026-07-18,145408.94,502.64,114.59,3017.43,1454.09,140320.19
mcht_saas_05,saas_subscription,2026-07-18,75048.48,201.36,0.0,1395.31,750.48,72701.33
mcht_d2c_01,d2c_ecommerce,2026-07-19,159587.85,0.0,509.72,3238.93,1595.88,154243.32
mcht_d2c_02,d2c_ecommerce,2026-07-19,672740.67,38220.21,2971.99,13705.63,6727.41,611115.43
mcht_d2c_03,d2c_ecommerce,2026-07-19,416583.36,34499.75,0.0,9080.3,4165.83,368837.48
mcht_d2c_04,d2c_ecommerce,2026-07-19,131461.53,13764.31,0.0,2428.35,1314.62,113954.25
mcht_d2c_05,d2c_ecommerce,2026-07-19,105521.7,10429.63,0.0,1950.1,1055.22,92086.75
mcht_food_01,food_delivery,2026-07-19,214633.71,0.0,0.0,4578.04,2146.34,207909.33
mcht_food_02,food_delivery,2026-07-19,272264.28,16936.07,352.01,5001.66,2722.64,247251.9
mcht_food_03,food_delivery,2026-07-19,454309.29,14383.36,666.06,9758.41,4543.09,424958.37
mcht_food_04,food_delivery,2026-07-19,143395.27,4619.18,268.09,2869.11,1433.95,134204.94
mcht_mkt_01,marketplace,2026-07-19,279531.19,80585.07,0.0,5423.33,2795.31,190727.48
mcht_mkt_02,marketplace,2026-07-19,418570.4,27298.24,29608.24,8333.5,4185.7,349144.72
mcht_mkt_03,marketplace,2026-07-19,1241522.32,0.0,0.0,26368.37,12415.22,1202738.73
mcht_mkt_04,marketplace,2026-07-19,456730.64,31518.46,0.0,9154.65,4567.31,411490.22
mcht_saas_01,saas_subscription,2026-07-19,92479.13,251.03,0.0,1958.62,924.79,89344.69
mcht_saas_02,saas_subscription,2026-07-19,176545.33,388.14,142.35,3447.09,1765.45,170802.3
mcht_saas_03,saas_subscription,2026-07-19,293503.86,903.67,366.57,5588.08,2935.04,283710.5
mcht_saas_04,saas_subscription,2026-07-19,141846.49,376.6,0.0,2576.41,1418.46,137475.02
mcht_saas_05,saas_subscription,2026-07-19,74123.99,201.52,89.75,1339.79,741.24,71751.69
mcht_d2c_01,d2c_ecommerce,2026-07-20,242709.59,28919.49,791.77,5045.32,2427.1,205525.91
mcht_d2c_02,d2c_ecommerce,2026-07-20,872121.08,58035.27,3355.66,17070.35,8721.21,784938.59
mcht_d2c_03,d2c_ecommerce,2026-07-20,511570.4,103418.84,0.0,10561.29,5115.7,392474.57
mcht_d2c_04,d2c_ecommerce,2026-07-20,193638.82,18837.96,365.49,4259.18,1936.39,168239.8
mcht_d2c_05,d2c_ecommerce,2026-07-20,140102.45,12589.94,319.44,2896.31,1401.02,122895.74
mcht_food_01,food_delivery,2026-07-20,170743.3,9699.21,321.81,3209.53,1707.43,155805.32
mcht_food_02,food_delivery,2026-07-20,276433.17,0.0,0.0,5933.65,2764.33,267735.19
mcht_food_03,food_delivery,2026-07-20,454696.71,7340.5,1049.77,8957.05,4546.97,432802.42
mcht_food_04,food_delivery,2026-07-20,129748.69,5555.0,148.57,2385.21,1297.49,120362.42
mcht_mkt_01,marketplace,2026-07-20,652918.79,0.0,11059.95,12263.09,6529.19,623066.56
mcht_mkt_02,marketplace,2026-07-20,488475.53,57923.78,7747.65,10282.65,4884.76,407636.69
mcht_mkt_03,marketplace,2026-07-20,1018692.05,0.0,37628.82,19341.92,10186.92,951534.39
mcht_mkt_04,marketplace,2026-07-20,436618.28,0.0,24683.39,9024.53,4366.18,398544.18
mcht_saas_01,saas_subscription,2026-07-20,87691.01,688.99,0.0,1872.28,876.91,84252.83
mcht_saas_02,saas_subscription,2026-07-20,172222.1,0.0,73.76,3703.28,1722.22,166722.84
mcht_saas_03,saas_subscription,2026-07-20,296201.6,1792.55,109.79,5617.75,2962.02,285719.49
mcht_saas_04,saas_subscription,2026-07-20,131940.45,416.1,186.07,2734.76,1319.4,127284.12
mcht_saas_05,saas_subscription,2026-07-20,67212.4,390.97,56.19,1344.58,672.12,64748.54
mcht_d2c_01,d2c_ecommerce,2026-07-21,252512.24,15349.12,541.18,5195.65,2525.12,228901.17
mcht_d2c_02,d2c_ecommerce,2026-07-21,748596.37,210237.46,0.0,14984.45,7485.96,515888.5
mcht_d2c_03,d2c_ecommerce,2026-07-21,597464.74,0.0,1859.45,12640.02,5974.65,576990.62
mcht_d2c_04,d2c_ecommerce,2026-07-21,191706.13,24651.97,1039.96,3650.02,1917.06,160447.12
mcht_d2c_05,d2c_ecommerce,2026-07-21,145516.56,7493.62,704.47,2723.13,1455.17,133140.17
mcht_food_01,food_delivery,2026-07-21,83945.57,0.0,393.88,1738.53,839.46,80973.7
mcht_food_02,food_delivery,2026-07-21,148491.53,11996.86,501.59,2818.44,1484.92,131689.72
mcht_food_03,food_delivery,2026-07-21,215643.95,8718.14,0.0,4291.07,2156.44,200478.3
mcht_food_04,food_delivery,2026-07-21,64112.86,2944.68,0.0,1345.31,641.13,59181.74
mcht_mkt_01,marketplace,2026-07-21,673023.03,43866.95,43429.85,13246.81,6730.23,565749.19
mcht_mkt_02,marketplace,2026-07-21,567318.52,29841.37,0.0,11153.46,5673.19,520650.5
mcht_mkt_03,marketplace,2026-07-21,1024493.31,60699.96,23459.98,19351.83,10244.93,910736.61
mcht_mkt_04,marketplace,2026-07-21,457717.45,0.0,0.0,8449.63,4577.17,444690.65
mcht_saas_01,saas_subscription,2026-07-21,86055.81,0.0,111.84,1646.9,860.56,83436.51
mcht_saas_02,saas_subscription,2026-07-21,151956.45,464.83,74.55,3335.11,1519.56,146562.4
mcht_saas_03,saas_subscription,2026-07-21,279614.16,0.0,203.15,5329.53,2796.14,271285.34
mcht_saas_04,saas_subscription,2026-07-21,132065.02,0.0,52.44,2483.46,1320.65,128208.47
mcht_saas_05,saas_subscription,2026-07-21,64235.36,0.0,28.8,1377.91,642.35,62186.3
mcht_d2c_01,d2c_ecommerce,2026-07-22,147470.98,22693.72,646.67,3071.38,1474.71,119584.5
mcht_d2c_02,d2c_ecommerce,2026-07-22,440979.3,0.0,1442.13,8124.09,4409.79,427003.29
mcht_d2c_03,d2c_ecommerce,2026-07-22,347552.17,0.0,1244.53,7602.63,3475.52,335229.49
mcht_d2c_04,d2c_ecommerce,2026-07-22,93442.5,36565.33,424.99,2016.88,934.43,53500.87
mcht_d2c_05,d2c_ecommerce,2026-07-22,77149.94,7876.05,268.88,1425.21,771.5,66808.3
mcht_food_01,food_delivery,2026-07-22,97336.74,7372.09,0.0,2082.03,973.37,86909.25
mcht_food_02,food_delivery,2026-07-22,183790.8,0.0,481.6,3965.12,1837.91,177506.17
mcht_food_03,food_delivery,2026-07-22,251325.01,0.0,2012.41,5216.36,2513.25,241582.99
mcht_food_04,food_delivery,2026-07-22,56945.03,1683.89,0.0,1078.73,569.45,53612.96
mcht_mkt_01,marketplace,2026-07-22,736763.33,85365.13,0.0,14298.63,7367.63,629731.94
mcht_mkt_02,marketplace,2026-07-22,457925.18,3906.23,6731.36,9803.15,4579.25,432905.19
mcht_mkt_03,marketplace,2026-07-22,1310355.21,64003.06,0.0,27110.25,13103.55,1206138.35
mcht_mkt_04,marketplace,2026-07-22,523822.22,0.0,13736.45,10978.08,5238.22,493869.47
mcht_saas_01,saas_subscription,2026-07-22,100069.43,573.68,45.1,1922.85,1000.69,96527.11
mcht_saas_02,saas_subscription,2026-07-22,194464.43,1177.2,0.0,4180.87,1944.64,187161.72
mcht_saas_03,saas_subscription,2026-07-22,323686.66,1935.52,0.0,6301.17,3236.87,312213.1
mcht_saas_04,saas_subscription,2026-07-22,148179.09,942.84,0.0,2894.95,1481.79,142859.51
mcht_saas_05,saas_subscription,2026-07-22,79954.25,0.0,31.25,1543.43,799.54,77580.03
mcht_d2c_01,d2c_ecommerce,2026-07-23,146641.09,15632.11,0.0,3170.7,1466.41,126371.87
mcht_d2c_02,d2c_ecommerce,2026-07-23,490279.46,0.0,2034.28,9153.86,4902.79,474188.53
mcht_d2c_03,d2c_ecommerce,2026-07-23,403022.1,34509.75,0.0,7627.49,4030.22,356854.64
mcht_d2c_04,d2c_ecommerce,2026-07-23,129449.12,26550.22,0.0,2645.52,1294.49,98958.89
mcht_d2c_05,d2c_ecommerce,2026-07-23,80628.39,9260.08,667.95,1503.73,806.28,68390.35
mcht_food_01,food_delivery,2026-07-23,115028.4,0.0,0.0,2498.53,1150.28,111379.59
mcht_food_02,food_delivery,2026-07-23,209879.79,14243.94,615.02,4515.18,2098.8,188406.85
mcht_food_03,food_delivery,2026-07-23,270438.69,8076.66,0.0,5707.78,2704.39,253949.86
mcht_food_04,food_delivery,2026-07-23,70584.74,5774.29,543.68,1285.92,705.85,62275.0
mcht_mkt_01,marketplace,2026-07-23,638289.73,21913.54,8750.33,14016.91,6382.9,587226.05
mcht_mkt_02,marketplace,2026-07-23,71769.6,24387.47,0.0,1385.74,717.7,45278.69
mcht_mkt_03,marketplace,2026-07-23,995659.78,0.0,0.0,19510.01,9956.6,966193.17
mcht_mkt_04,marketplace,2026-07-23,578141.93,0.0,0.0,11905.77,5781.42,560454.74
mcht_saas_01,saas_subscription,2026-07-23,100104.46,0.0,35.57,2151.98,1001.04,96915.87
mcht_saas_02,saas_subscription,2026-07-23,193435.52,0.0,0.0,3610.18,1934.36,187890.98
mcht_saas_03,saas_subscription,2026-07-23,329698.92,1144.16,256.78,6880.84,3296.99,318120.15
mcht_saas_04,saas_subscription,2026-07-23,152216.54,0.0,0.0,2829.12,1522.17,147865.25
mcht_saas_05,saas_subscription,2026-07-23,76375.05,427.22,101.19,1413.9,763.75,73668.99
