tree
version=v4
num_class=1
num_tree_per_iteration=1
label_index=0
max_feature_idx=11
objective=quantile
feature_names=net_settled_amount_lag_1 net_settled_amount_lag_7 net_settled_amount_lag_14 net_settled_amount_roll_mean_7 net_settled_amount_roll_mean_28 net_settled_amount_roll_std_7 net_settled_amount_roll_std_28 day_of_week is_weekend is_month_end days_since_first_transaction merchant_category
feature_infos=[18180.150000000001:2029883.9099999999] [18180.150000000001:2029883.9099999999] [18180.150000000001:2029883.9099999999] [68947.41857142857:1536892.9714285713] [70173.683478260864:1255731.5096428574] [2829.1137622642855:727837.98654433049] [4698.3932376879438:480838.44424985169] [0:6] [0:1] [0:1] [14:264] -1:0:3:2:1
tree_sizes=2497 2699 2704 2687 2681 2705 2621 2701 2704 2691 2702 2706 2697 2709 2717 2694 2694 2685 2693 2698 2708 2689 2690 2726 2685 2710 2730 2732 2731 2732 2725 2708 2711 2717 2707 2716 2737 2711 2723 2732 2759 2738 2707 2726 2736 2737 2741 2775 2748 2756 2750 2765 2738 2755 2754 2732 2730 2753 2739 2748 2738 2763 2729 2758 2758 2740 2748 2731 2763 2773 2759 2752 2756 2749 2753 2763 2758 2750 2747 2746 2744 2748 2786 2750 2761 2753 2765 2791 2768 2743 2741 2743 2744 2751 2767 2762 2768 2784 2762 2742 2762 2766 2736 2764 2751 2755 2778 2766 2770 2745 2767 2728 2767 2752 2756 2774 2753 2768 2736 2773 2764 2786 2770 2736 2737 2753 2767 2750 2777 2764 2741 2758 2766 2767 2754 2789 2773 2780 2780 2763 2793 2796 2755 2753 2781 2788 2760 2756 2780 2773 2784 2772 2772 2781 2755 2756 2749 2775 2809 2767 2740 2773 2763 2768 2775 2792 2743 2749 2747 2766 2798 2796 2779 2774 2774 2766 2771 2769 2754 2765 2740 2774 2753 2724 2749 2790 2761 2794 2793 2770 2768 2780 2765 2742 2809 2780 2789 2788 2755 2763 2752 2771 2771 2742 2739 2772 2760 2736 2759 2776 2751 2754 2799 2781 2781 2791 2777 2758 2760 2772 2722 2754 2751 2777 2758 2758 2771 2753 2780 2769 2760 2726 2772 2811 2742 2766 2747 2754 2778 2775 2723 2746 2742 2768 2761 2790 2751 2762 2785 2776 2746 2748 2752 2793 2756 2756 2781 2775 2773 2752 2770 2773 2743 2757 2759 2785 2740 2737 2761 2771 2744 2783 2754 2772 2765 2756 2777 2759 2740 2788 2754 2740 2735 2756 2736 2762 2748 2726 2748 2801 2722 2757 2797 2768 2738 2766 2761 2782 2752 2757

Tree=0
num_leaves=30
num_cat=0
split_feature=4 0 4 4 7 4 4 5 4 2 5 6 5 3 3 6 4 7 3 5 7 0 3 2 2 3 3 5 0
split_gain=157.091 5.44458 3.29172 2.41282 2.15418 0.841855 0.816165 0.764404 0.679659 0.544723 0.808417 0.750436 0.531201 1.62 0.518159 0.651609 0.371725 0.308111 0.241967 0.221631 0.0740741 0.0523908 0.175618 0.0486405 0.0346154 0.0277778 0.0106524 0.0388889 3.55271e-15
threshold=669903.92625000014 551425.88500000013 881080.39964285726 476945.73303571431 3.5000000000000004 385148.46392857149 428947.87321428576 156314.5847961297 760962.83553571452 491074.49500000005 142335.75914286054 198991.00324744967 221351.28441132806 825259.9921428574 1206016.0507142858 314635.54880529764 1099443.6676785718 3.5000000000000004 1009431.5150000001 309695.27276718622 2.5000000000000004 432248.34500000003 352271.63285714295 586239.86000000022 373014.69000000006 433234.90571428579 406457.7028571429 108516.60207817449 337547.21500000003
decision_type=2 2 2 2 2 2 2 2 2 2 2 2 2 2 2 2 2 2 2 2 2 2 2 2 2 2 2 2 2
left_child=1 6 8 5 7 -3 21 -5 -2 20 25 -12 -10 -14 15 -4 17 18 -17 -18 -8 23 -23 26 -7 -11 28 -28 -1
right_child=2 3 14 4 -6 24 9 -9 12 10 11 -13 13 -15 -16 16 19 -19 -20 -21 -22 22 -24 -25 -26 -27 27 -29 -30
leaf_value=664727.03408501041 699520.12156800996 686056.4706054501 709080.81740679441 684675.47488209908 683682.86394769396 677509.99482609332 679183.91148036194 690850.00652820873 703397.84807648067 678062.92894110084 689135.20233936387 679991.84967288864 702484.03362725081 706026.8147795141 730839.13107908668 731585.8770083345 717952.41551251709 728136.47217735497 726786.23899693484 723246.19656472804 678155.45676182839 674739.53118745727 677977.28624526854 680091.12745457853 677568.20363724825 678422.31772461231 676832.72325378028 676504.40862558002 674338.30732113344
leaf_weight=1935 23 20 26 21 35 20 36 32 21 20 34 20 25 25 35 20 20 44 33 27 72 38 109 20 45 25 20 70 155
leaf_count=1935 23 20 26 21 35 20 36 32 21 20 34 20 25 25 35 20 20 44 33 27 72 38 109 20 45 25 20 70 155
internal_value=683009 683009 683009 683009 683009 683009 683009 683009 683009 683009 683009 683009 683009 683009 683009 683009 683009 683009 683009 683009 683009 683009 683009 683009 683009 683009 683009 683009 683009
internal_weight=3026 2727 299 173 88 85 2554 53 94 207 99 54 71 50 205 170 144 97 53 47 108 2347 147 2200 65 45 2180 90 2090
internal_count=3026 2727 299 173 88 85 2554 53 94 207 99 54 71 50 205 170 144 97 53 47 108 2347 147 2200 65 45 2180 90 2090
is_linear=0
shrinkage=1


Tree=1
num_leaves=31
num_cat=0
split_feature=4 4 4 1 1 10 10 2 4 6 6 10 3 1 10 4 10 1 1 3 4 4 6 4 3 1 3 2 6 1
split_gain=141.6 4.94105 3.9052 2.25055 1.63491 1.62404 0.870869 0.813155 1.13001 0.644823 0.425634 0.632523 0.432535 0.365234 0.33245 0.32 0.306585 0.276481 0.265017 0.236109 0.11073 0.147692 0.0959441 0.117144 0.173868 0.378024 0.0423077 0.040566 0.0384278 0.0277778
threshold=669903.92625000014 464517.94517857145 903807.27875000006 699785.88500000013 618973.59500000009 52.500000000000007 60.500000000000007 538185.72500000009 501511.33589285723 424678.58466219017 367043.57300942176 129.50000000000003 1178907.835714286 449695.39500000008 105.50000000000001 522101.09410714294 114.50000000000001 772552.72500000009 463342.72500000003 1043417.1457142859 378911.09035714291 423144.68464285723 114019.63656086488 380747.99178571434 305341.66285714292 307569.87000000005 373623.22571428574 285888.22500000003 118969.01629422152 1121804.6600000001
decision_type=2 2 2 2 2 2 2 2 2 2 2 2 2 2 2 2 2 2 2 2 2 2 2 2 2 2 2 2 2 2
left_child=1 13 4 5 -2 -3 -6 14 -9 10 11 -4 19 22 -7 -10 -8 -5 -15 -12 -20 26 -1 24 -24 -26 -22 -16 -25 -21
right_child=2 3 9 17 6 7 16 8 15 -11 12 -13 -14 18 27 -17 -18 -19 20 29 21 -23 23 28 25 -27 -28 -29 -30 -31
leaf_value=-17327.637954037138 24954.189949170453 4914.2923069071549 43744.423646200732 6645.8987478236322 25191.624426374008 1587.2300810105244 15329.959356251326 8584.9954736366017 1433.0364636438571 34495.355876407782 46670.24266186577 41957.889457583733 47435.194036533241 115.12475979982683 -7709.9284642060557 -5638.2823480819707 5832.8068162553063 7425.8542463828853 -3973.0635453379132 37170.184991468232 -6009.3781463413488 -5080.0997933550825 -16200.385481814168 -4348.6332725489438 1611.655503853146 -8806.1414704086601 -4838.5299843453295 -3927.7927021663054 -7545.1129759735895 39129.993292275838
leaf_weight=1937 23 26 37 21 25 20 35 23 25 25 29 36 22 30 20 25 22 20 37 20 20 20 47 23 32 30 110 86 175 25
leaf_count=1937 23 26 37 21 25 20 35 23 25 25 29 36 22 30 20 25 22 20 37 20 20 20 47 23 32 30 110 86 175 25
internal_value=-0.000373431 -0.0039549 0.032291 0.0025188 0.0245238 0.000555554 0.0212195 -0.000979901 0.00321918 0.0364948 0.0376035 0.034726 0.0397917 -0.00465461 -0.0034127 -0.001 0.017807 0.0132927 -0.00269585 0.0416216 -0.00339572 -0.004 -0.00484403 -0.0040228 -0.00270642 -0.000967743 -0.00461539 -0.0045283 -0.00474748 0.0438889
internal_weight=3026 2727 299 266 105 225 82 199 73 194 169 73 96 2461 126 50 57 41 217 74 187 150 2244 307 109 62 130 106 198 45
internal_count=3026 2727 299 266 105 225 82 199 73 194 169 73 96 2461 126 50 57 41 217 74 187 150 2244 307 109 62 130 106 198 45
is_linear=0
shrinkage=0.05


Tree=2
num_leaves=31
num_cat=0
split_feature=4 0 4 10 1 6 7 5 2 5 10 4 10 0 4 4 1 0 6 4 0 6 4 0 1 7 4 10 10 7
split_gain=131.479 5.35194 3.99702 2.39019 1.43458 1.06618 0.938443 1.32718 0.912364 0.974931 0.784689 0.651309 0.638973 0.848636 0.5625 0.860119 0.500521 0.415749 0.363636 0.347438 0.333333 0.132143 0.115758 0.096681 0.142887 0.0570024 0.147387 0.0404947 0.145946 0.028028
threshold=669903.92625000014 551425.88500000013 903807.27875000006 100.50000000000001 618973.59500000009 181076.79929150551 1.5000000000000002 140885.12103858995 491074.49500000005 142335.75914286054 88.500000000000014 1020232.4850000002 64.500000000000014 1561492.3400000001 464517.94517857145 504162.04714285716 1213230.8100000003 1208396.8800000001 275537.99546421139 1091314.2683928574 966850.47500000021 154249.21202559429 378911.09035714291 329972.81500000006 164631.90500000003 1.0000000180025095e-35 357759.90303571435 86.500000000000014 65.500000000000014 4.5000000000000009
decision_type=2 2 2 2 2 2 2 2 2 2 2 2 2 2 2 2 2 2 2 2 2 2 2 2 2 2 2 2 2 2
left_child=1 8 4 5 -2 -3 7 -5 23 22 18 -4 -13 16 -11 -16 17 19 -6 -14 -18 -8 -10 -1 -25 26 -26 28 -27 -24
right_child=2 3 11 6 10 -7 21 -9 9 14 -12 12 13 -15 15 -17 20 -19 -20 -21 -22 -23 29 24 25 27 -28 -29 -30 -31
leaf_value=-16367.705937557483 23706.480451711934 7064.9113821976516 47246.74267086442 -3294.3553277618539 13962.311273113266 22317.907681080236 -6877.5473141081284 4649.8995707656932 -2629.7685753724545 -4522.7146922991005 12028.943362977758 22386.789069414201 42219.155132240187 45001.390766209428 8321.2168561970884 989.03423779000661 45829.47244740474 28895.921890552931 22264.784673761969 35452.441544788344 38158.054501032588 -1568.7612000105278 -4150.7918357456074 -5712.523828467929 -10316.483037312159 -9283.9236797675931 -2139.3839518934324 -6208.7141702010576 -2239.6533794650049 -5699.7390270591632
leaf_weight=1951 23 26 24 23 22 25 37 27 23 24 38 21 25 21 21 27 24 21 22 34 24 35 84 20 47 54 35 221 20 27
leaf_count=1951 23 26 24 23 22 25 37 27 23 24 38 21 25 21 21 27 24 21 22 34 24 35 84 20 47 54 35 221 20 27
internal_value=-0.000522143 -0.00397323 0.0309532 0.00453757 0.0230952 0.0136274 0.000737704 0.006 -0.00454973 -0.00135922 0.02 0.0352062 0.0341176 0.0352685 0.00333333 0.00645833 0.0367969 0.034375 0.0245455 0.0365254 0.0408333 -0.00291667 -0.0038806 -0.00482964 -0.00411839 -0.00433687 -0.00317073 -0.00466102 -0.00364865 -0.00454955
internal_weight=3026 2727 299 173 105 51 122 50 2554 206 82 194 170 149 72 48 128 80 44 59 48 72 134 2348 397 377 82 295 74 111
internal_count=3026 2727 299 173 105 51 122 50 2554 206 82 194 170 149 72 48 128 80 44 59 48 72 134 2348 397 377 82 295 74 111
is_linear=0
shrinkage=0.05


Tree=3
num_leaves=31
num_cat=0
split_feature=4 0 4 4 1 7 5 0 4 10 10 3 4 4 5 4 5 2 0 1 3 4 5 5 2 3 0 2 0 0
split_gain=125.529 4.85432 3.19167 1.98686 1.43458 1.07786 1.34235 1.34127 1.28333 0.942857 0.784689 0.627383 0.75179 1.62668 1.44048 0.534925 0.478528 0.358642 0.307896 0.1978 0.334926 0.274095 0.180877 0.10287 0.0636364 0.1 0.040099 0.0394385 0.135484 0.0435705
threshold=669903.92625000014 710436.27000000014 903807.27875000006 464517.94517857145 618973.59500000009 2.5000000000000004 130881.20134415502 551425.88500000013 501511.33589285723 91.500000000000014 88.500000000000014 1206016.0507142858 1031562.4142857144 1069953.8230357144 355492.42104653973 1091314.2683928574 193358.77887970794 1270417.1000000003 329972.81500000006 449695.39500000008 369276.96000000002 383706.95732142864 261838.50722672034 167700.546880907 417986.48000000004 426113.06142857141 317020.21500000003 230193.30500000002 427699.05000000005 337547.21500000003
decision_type=2 2 2 2 2 2 2 2 2 2 2 2 2 2 2 2 2 2 2 2 2 2 2 2 2 2 2 2 2 2
left_child=1 3 4 18 -2 6 -5 8 -8 -3 22 12 -4 14 -14 -15 26 -17 -1 23 -21 -22 -6 27 25 -23 -7 28 -20 -29
right_child=2 9 11 5 10 16 7 -9 -10 -11 -12 -13 13 15 -16 17 -18 -19 19 20 21 24 -24 -25 -26 -27 -28 29 -30 -31
leaf_value=-15539.647605181166 22521.156429126335 25818.467987126809 45223.707748206514 -4451.1614443703684 13377.560270637383 -3748.8859703972266 7285.8185792774839 6081.1097278081716 -2660.1955244506771 884.75505742436462 11427.496194828873 41117.083470034078 40147.363899084339 36552.046949174241 20334.661391706701 32685.839937334065 1284.8836396683173 29632.312295140153 -9644.6088661678041 651.85329525390182 575.55115121755284 -6253.9117851161081 20907.465737992679 -2309.7908669638359 -4413.2628376638831 -8220.8070083939219 -3857.5977489300067 -7625.3466986375706 -4491.554705007652 -7016.7577875018833
leaf_weight=1960 23 22 33 36 21 20 20 21 22 20 38 35 27 20 21 33 34 25 42 24 21 20 23 27 70 20 81 21 20 226
leaf_count=1960 23 22 33 36 21 20 20 21 22 20 38 35 27 20 21 33 34 25 42 24 21 20 23 27 70 20 81 21 20 226
internal_value=-0.000637807 -0.0040099 0.0301171 -0.00427374 0.0230952 0.000128204 0.00409091 0.00849206 0.00333333 0.0128571 0.02 0.0339175 0.0352516 0.0334921 0.02625 0.0379487 -0.00277778 0.0355172 -0.004694 -0.00357434 -0.00209678 -0.0030916 0.0245455 -0.00425595 -0.00409091 -0.0025 -0.00450495 -0.00451456 -0.0033871 -0.00479757
internal_weight=3026 2727 299 2685 105 234 99 63 42 42 82 194 159 126 48 78 135 58 2451 491 155 131 44 336 110 40 101 309 62 247
internal_count=3026 2727 299 2685 105 234 99 63 42 42 82 194 159 126 48 78 135 58 2451 491 155 131 44 336 110 40 101 309 62 247
is_linear=0
shrinkage=0.05


Tree=4
num_leaves=31
num_cat=0
split_feature=4 0 4 4 7 10 5 4 7 6 5 10 7 4 4 0 10 0 5 10 0 3 6 0 0 6 6 5 3 3
split_gain=114.83 4.05673 2.70905 1.05497 2.07248 0.858941 0.80047 0.716955 0.67428 0.75145 1.08862 0.917072 0.654971 0.519677 0.657902 0.34632 0.339939 0.289887 0.279202 0.27 0.171463 0.14632 0.135484 0.129044 0.124127 0.150526 0.49961 0.116402 0.0696551 0.3375
threshold=669903.92625000014 551425.88500000013 903807.27875000006 473149.82553571434 2.5000000000000004 109.50000000000001 142335.75914286054 385148.46392857149 5.5000000000000009 361361.47975868621 371384.67775465845 190.50000000000003 1.5000000000000002 464517.94517857145 487485.96125000005 641841.67000000016 123.50000000000001 710436.27000000014 206974.46227285682 55.500000000000007 661823.4800000001 1137244.5357142859 152176.35042145304 479004.31000000006 329972.81500000006 95994.331784380498 79916.668306420775 157860.22606546877 352271.63285714295 312087.94642857148
decision_type=2 2 2 2 2 2 2 2 2 2 2 2 2 2 2 2 2 2 2 2 2 2 2 2 2 2 2 2 2 2
left_child=1 6 5 7 15 17 24 -3 9 16 12 21 -11 23 -15 -5 -4 -2 27 -19 -6 -12 -9 -8 -1 26 -26 -16 29 -27
right_child=2 3 8 4 20 -7 13 22 -10 10 11 -13 -14 14 18 -17 -18 19 -20 -21 -22 -23 -24 -25 25 28 -28 -29 -30 -31
leaf_value=-14942.502622587264 21796.675831465465 2666.0277308008499 38067.910707189447 6073.1429035897199 -1676.4974066866821 7148.5519595705155 -5015.7785546881223 -5990.330802307868 32837.547104985591 39173.509172368031 27670.38566201078 27994.366334765236 38272.297474686296 6371.2675048953724 -1700.7295726151058 5678.3301478403173 31390.029823972727 20973.683120438251 3682.0189472637426 13518.754664199871 3108.664686093925 40947.469692611878 54.114381978308373 -2075.8555990247037 -14523.006140037985 -9092.3836614644661 426.40486049460401 -3023.6394394232721 -4484.1254466431301 1380.7314085838752
leaf_weight=1923 23 20 23 20 24 32 106 42 27 21 22 25 36 22 21 22 20 20 24 30 25 20 20 21 40 60 21 33 263 20
leaf_count=1923 23 20 23 20 24 32 106 42 27 21 22 25 36 22 21 22 20 20 24 30 25 20 20 21 40 60 21 33 263 20
internal_value=-0.000803042 -0.00402824 0.028612 0.0033815 0.00708791 0.0221429 -0.00453015 -0.000731709 0.0321134 0.0309281 0.0329032 0.0285821 0.0379825 -0.00169604 0.000999999 0.0152381 0.0252326 0.025137 -0.00115385 0.023 0.00010204 0.0330952 -0.0033871 -0.0038189 -0.00480662 -0.0040099 -0.00172131 -0.00314815 -0.00441691 -0.003125
internal_weight=3026 2727 299 173 91 105 2554 82 194 167 124 67 57 227 100 42 43 73 78 50 49 42 62 127 2327 404 61 54 343 80
internal_count=3026 2727 299 173 91 105 2554 82 194 167 124 67 57 227 100 42 43 73 78 50 49 42 62 127 2327 404 61 54 343 80
is_linear=0
shrinkage=0.05


Tree=5
num_leaves=31
num_cat=0
split_feature=3 0 4 0 3 2 2 7 1 3 1 7 5 2 4 3 1 1 0 0 6 6 0 2 4 2 6 6 1 1
split_gain=121.87 2.786 2.52855 1.37855 1.29935 1.16569 1.02059 0.875025 0.844876 0.996205 1.93048 1.09578 1.04653 0.589654 0.509064 0.489766 0.458009 0.267857 0.254348 0.160625 0.308257 0.139286 0.235714 0.131034 0.0913852 0.104762 0.0734509 0.216667 0.0868778 0.00912253
threshold=608100.7571428573 566263.16500000015 903807.27875000006 557495.57500000007 460756.10428571433 651454.24500000023 906157.57000000018 1.5000000000000002 629150.43500000017 1082063.2450000001 1121804.6600000001 3.5000000000000004 344057.21568908996 524753.90000000014 504162.04714285716 508943.45071428578 1391885.1650000003 584401.12000000011 966850.47500000021 372629.17500000005 98056.32649148276 128585.338348404 425021.14500000008 361419.82000000001 440513.60017857148 417986.48000000004 123793.04869707425 132496.94395562264 558054.69500000018 403110.97000000003
decision_type=2 2 2 2 2 2 2 2 2 2 2 2 2 2 2 2 2 2 2 2 2 2 2 2 2 2 2 2 2 2
left_child=1 13 3 -2 23 -5 -7 -6 -4 12 -11 16 18 19 -9 17 -12 21 -10 24 -21 22 -15 -3 29 -26 -22 -28 -29 -1
right_child=2 4 8 5 7 6 -8 14 9 10 11 -13 -14 15 -16 -17 -18 -19 -20 20 26 -23 -24 -25 25 -27 27 28 -30 -31
leaf_value=-14555.732281398168 12831.88663130597 -4996.4324399344478 45882.986344990692 30000.155676210441 5545.9605121260847 11497.677160970314 21785.881910258104 4125.6719904457705 36358.682916384663 32662.281965298538 30735.878918742408 31178.892829838922 27214.847727001325 597.14222462219027 -1002.1170134319839 3438.9103460178967 38775.374890125189 861.0252085103341 37335.022951379367 261.86523407316474 -4470.9410486023926 -4156.6330914019827 -3749.9877350943807 -4101.89458269426 -2743.9583887995459 -3078.776754919727 -1170.7484503504572 -4823.014981741785 -1626.8678046970454 -4542.0311756905867
leaf_weight=1925 24 20 22 38 34 27 28 23 26 36 20 24 38 20 31 26 22 20 20 21 132 78 22 38 20 22 26 96 34 104
leaf_count=1925 24 20 22 38 34 27 28 23 26 36 20 24 38 20 31 26 22 20 20 21 132 78 22 38 20 22 26 96 34 104
internal_value=-0.000691085 -0.00418276 0.0282308 0.0223504 0.00253425 0.0251075 0.0204545 0.00636364 0.0315385 0.0326344 0.0293137 0.0343939 0.0366667 -0.00456795 0.00240741 -0.00168675 0.0295238 -0.00285714 0.0417391 -0.00476891 -0.0037055 -0.00375 -0.00142857 -0.00327586 -0.00492757 -0.00261905 -0.00413195 -0.00339744 -0.00423077 -0.00497536
internal_weight=3017 2692 325 117 146 93 55 88 208 186 102 66 84 2546 54 166 42 140 46 2380 309 120 42 58 2071 42 288 156 130 2029
internal_count=3017 2692 325 117 146 93 55 88 208 186 102 66 84 2546 54 166 42 140 46 2380 309 120 42 58 2071 42 288 156 130 2029
is_linear=0
shrinkage=0.05


Tree=6
num_leaves=30
num_cat=0
split_feature=3 3 3 7 1 10 5 10 3 10 6 10 10 2 2 3 2 3 2 3 5 7 5 1 1 5 6 1 1
split_gain=109.476 2.34676 2.32015 1.55698 1.4632 1.09522 0.854118 0.743992 0.767276 0.729677 0.797668 0.701343 0.591521 0.491521 0.468492 0.377942 0.387006 0.353059 0.25098 0.19417 0.178527 0.181281 0.161871 0.118802 0.0395833 0.0342825 0.154113 3.55271e-15 4.44089e-16
threshold=608100.7571428573 881574.58142857149 472807.17642857152 1.5000000000000002 726605.24000000011 113.50000000000001 391598.77079542173 167.50000000000003 1082063.2450000001 68.500000000000014 270874.48256614216 130.50000000000003 76.500000000000014 1006985.9500000001 524753.90000000014 328123.72285714292 225604.16500000001 1029794.1664285715 195687.98500000002 352271.63285714295 167700.546880907 3.5000000000000004 71742.172016100943 584401.12000000011 591945.27000000014 109219.79393550634 101163.62310457297 262282.68500000006 238943.76000000004
decision_type=2 2 2 2 2 2 2 2 2 2 2 2 2 2 2 2 2 2 2 2 2 2 2 2 2 2 2 2 2
left_child=2 9 15 14 13 6 17 -7 -9 -2 -11 12 -5 -3 -4 25 18 -6 -17 -18 22 -22 -21 28 -13 27 -27 -1 -24
right_child=1 4 3 11 5 7 -8 8 -10 10 -12 24 -14 -15 -16 16 19 -19 -20 20 21 -23 23 -25 -26 26 -28 -29 -30
leaf_value=-19053.055278801123 24159.192107707597 44551.966654060918 1277.1247599758681 -5111.0710530307479 29686.30145222737 35692.355786634806 28532.444372079419 27352.493749548579 29830.053453705736 20425.189144221789 10814.577393218759 -3578.9784113930968 4889.9568702603592 34616.64286990292 5199.3707429042906 -5090.3036798945395 -887.82851603621248 24236.51939178359 2117.303067506019 -3526.927990276959 -351.8358360419154 -5475.6741450156351 -3716.3178087706251 -2075.3485893243233 -4181.0340133956051 -6393.0465709712153 -8377.9391006104142 -10740.451734545864 -3950.2654169933639
leaf_weight=1467 25 21 26 27 31 39 25 35 34 35 31 76 34 20 33 34 30 29 20 21 35 23 25 31 20 21 89 345 335
leaf_count=1467 25 21 26 27 31 39 25 35 34 35 31 76 34 20 33 34 30 29 20 21 35 23 25 31 20 21 89 345 335
internal_value=-0.000873385 0.0265385 -0.00418276 0.000787036 0.029188 0.0310104 0.0267647 0.0343519 0.0312319 0.0197253 0.0169697 -0.00181529 0.00237705 0.0206098 0.00771186 -0.00461632 -0.00346571 0.03 0.000555554 -0.0039 -0.00414894 -0.00155173 -0.00451456 -0.00474425 -0.00447917 -0.00494797 -0.00409091 -0.005 -0.005
internal_weight=3017 325 2692 216 234 193 85 108 69 91 66 157 61 41 59 2476 554 60 54 500 470 58 412 391 96 1922 110 1812 360
internal_count=3017 325 2692 216 234 193 85 108 69 91 66 157 61 41 59 2476 554 60 54 500 470 58 412 391 96 1922 110 1812 360
is_linear=0
shrinkage=0.05


Tree=7
num_leaves=31
num_cat=0
split_feature=3 4 3 7 6 5 2 4 5 5 4 6 1 6 1 1 1 5 2 1 2 5 4 4 5 3 6 1 2 5
split_gain=91.6297 2.26634 1.85879 1.17646 1.12431 0.812618 0.953211 0.906034 0.709334 0.604753 1.81085 0.541526 1.18935 1.24277 1.61725 0.689067 0.459988 0.418944 0.405047 0.417267 0.332081 0.163796 0.141874 0.222926 0.452174 0.0851035 0.236538 0.0406334 0.046587 0.0373245
threshold=608100.7571428573 428947.87321428576 1009431.5150000001 1.5000000000000002 203900.31071073347 196761.01495935125 635191.79000000015 1061388.8887500002 142335.75914286054 315812.98684371059 849559.8033928572 415433.35128896585 1391885.1650000003 376970.88855045469 1170112.9500000002 1170112.9500000002 647897.77500000002 193358.77887970794 272157.78500000009 479155.55500000005 479878.03000000009 184217.46425335514 357759.90303571435 380747.99178571434 114762.05410160978 369276.96000000002 124518.64445812728 241666.32000000004 227828.70500000005 206974.46227285682
decision_type=2 2 2 2 2 2 2 2 2 2 2 2 2 2 2 2 2 2 2 2 2 2 2 2 2 2 2 2 2 2
left_child=1 17 5 4 8 -2 -7 9 -3 10 -8 12 13 14 -4 -13 -10 22 -5 29 -21 -22 -1 24 -24 26 -25 -27 -29 -20
right_child=2 3 11 18 -6 6 7 -9 16 -11 -12 15 -14 -15 -16 -17 -18 -19 19 20 21 -23 23 25 -26 27 -28 28 -30 -31
leaf_value=-13151.312905290521 26654.59988988801 98.43809743398532 26320.83997400782 2959.1390929460204 -2555.8485227587894 24301.474229837208 13948.003574448778 23593.097439596579 5280.0883837489291 10186.322643122767 32572.193592505093 26735.032601488521 32028.231112762314 39789.986754370606 28933.256984534455 34373.132538278296 4873.5247180150773 10664.023771072849 -3898.7924711439855 -2301.552583347353 2795.0020201673683 -1160.4554557249846 1320.0429762057447 -74.442814783416125 -5021.0490821009344 -6778.0081336941475 -5184.1213218349048 -4152.738653102565 -4789.2556312658307 -694.02982722706747
leaf_weight=1938 22 24 32 21 22 30 21 25 20 38 27 21 26 40 21 22 21 20 101 35 23 21 20 24 26 20 41 20 273 22
leaf_count=1938 22 24 32 21 22 30 21 25 20 38 27 21 26 40 21 22 21 20 101 35 23 21 20 24 26 20 41 20 273 22
internal_value=-0.00115512 -0.00418276 0.0239231 -0.000161292 0.00477011 0.0201534 0.0187589 0.0166216 0.00807692 0.014186 0.0179167 0.027716 0.0294538 0.0320968 0.0270755 0.022907 0.0120732 -0.00470613 -0.0020852 -0.00277228 6.32899e-05 0.00295454 -0.00476715 -0.00393868 -0.000652175 -0.00433863 -0.00269231 -0.00468051 -0.00482935 -0.0045935
internal_weight=3017 2692 325 310 87 163 141 111 65 86 48 162 119 93 53 43 41 2382 223 202 79 44 2362 424 46 378 65 313 293 123
internal_count=3017 2692 325 310 87 163 141 111 65 86 48 162 119 93 53 43 41 2382 223 202 79 44 2362 424 46 378 65 313 293 123
is_linear=0
shrinkage=0.05


Tree=8
num_leaves=31
num_cat=0
split_feature=3 0 1 1 5 3 1 3 5 10 2 10 5 7 10 10 2 5 1 1 3 0 1 1 0 5 1 1 1 5
split_gain=81.1608 2.85976 1.65414 1.57714 1.27599 1.33147 1.30651 1.15181 1.00483 0.981937 0.913032 0.831404 0.761905 0.715143 0.637121 0.629116 0.573185 0.662701 0.429894 0.203425 0.416667 0.166811 0.144396 0.176007 0.300481 0.133333 0.0484566 0.0402698 0.107744 0.0371216
threshold=671601.76142857154 566263.16500000015 1213230.8100000003 1391885.1650000003 202391.29609061941 944443.11500000011 924534.84500000009 444401.80285714293 324285.28731276351 153.50000000000003 308673.01500000007 88.500000000000014 285611.02608859289 1.5000000000000002 84.500000000000014 137.50000000000003 524753.90000000014 206974.46227285682 483238.4150000001 449695.39500000008 393750.56428571435 329972.81500000006 286404.10000000003 223792.88500000004 453330.6750000001 142335.75914286054 578635.78500000015 558054.69500000018 604275.45000000007 62203.770036301787
decision_type=2 2 2 2 2 2 2 2 2 2 2 2 2 2 2 2 2 2 2 2 2 2 2 2 2 2 2 2 2 2
left_child=1 16 4 -4 -2 6 11 -3 12 14 -9 -6 -7 -12 -10 -5 21 19 -15 -18 -21 26 23 -23 -25 -22 -1 29 -29 -24
right_child=2 7 3 15 5 8 -8 10 9 -11 13 -13 -14 18 -16 -17 17 -19 -20 20 25 22 27 24 -26 -27 -28 28 -30 -31
leaf_value=-12376.924688669866 27029.80110690145 -4948.931107885197 29321.375951281065 23329.381912001536 21986.444949252058 27223.960242885551 4660.7531942291407 16922.971608979224 24100.040255324962 33761.353994986355 4703.960438093115 13566.810317189082 20408.510205342576 -2914.5654154793447 34449.212639345271 34693.146624669527 -2346.4071402829786 6371.8259853526224 1312.1255652545294 902.21642124962329 -2534.108084193469 -8039.2027276083754 -4153.9847336814637 1123.3983972693575 -8210.0498092640682 -1323.9156286564862 -3076.5384328778191 -583.10495822724454 -3686.5094174969331 -4556.7364868127797
leaf_weight=1917 20 48 39 25 33 27 22 20 24 25 32 34 21 26 20 24 66 22 28 20 40 60 21 32 20 20 20 22 32 257
leaf_count=1917 20 48 39 25 33 27 22 20 24 25 32 34 21 26 20 24 66 22 28 20 40 60 21 32 20 20 20 22 32 257
internal_value=-0.001354 -0.00414909 0.022707 0.0285227 0.0204425 0.0192718 0.0146629 0.00246753 0.0227778 0.018913 0.00537736 0.0181343 0.0283333 0.00313953 0.0234091 0.022551 -0.00454884 -0.00172619 -0.000370372 -0.00294521 -0.00125 -0.00474801 -0.00387388 -0.00232143 -0.000192309 -0.00333333 -0.00494837 -0.00439759 -0.00314815 -0.00464029
internal_weight=3017 2703 314 88 226 206 89 154 117 69 106 67 48 86 44 49 2549 168 54 146 80 2381 444 112 52 60 1937 332 54 278
internal_count=3017 2703 314 88 226 206 89 154 117 69 106 67 48 86 44 49 2549 168 54 146 80 2381 444 112 52 60 1937 332 54 278
is_linear=0
shrinkage=0.05


Tree=9
num_leaves=31
num_cat=0
split_feature=3 6 5 3 1 0 3 0 7 10 5 5 3 0 0 1 5 5 0 1 10 10 1 5 1 1 3 7 3 0
split_gain=71.5606 2.17623 2.9966 2.14497 1.4306 1.04867 0.964286 0.946502 0.746731 0.634615 0.618231 1.16571 0.534529 1.16667 0.476374 0.411189 0.373171 0.328535 0.233788 0.203881 0.645075 0.157935 0.240069 0.179692 0.208437 0.140027 0.26155 0.0689507 0.0450249 0.0336066
threshold=608100.7571428573 314635.54880529764 324285.28731276351 455748.94642857148 1078049.9500000002 551425.88500000013 1109623.6864285718 1027470.9200000002 1.5000000000000002 156.50000000000003 338217.79514391854 217629.27568927195 1009431.5150000001 1253947.2600000002 710436.27000000014 315261.07500000001 109219.79393550634 292071.28661657387 308451.37500000006 238943.76000000004 100.50000000000001 188.50000000000003 568239.64000000001 128357.81606349666 364003.37000000005 449695.39500000008 384851.28857142857 2.5000000000000004 296702.07214285719 407826.83000000007
decision_type=2 2 2 2 2 2 2 2 2 2 2 2 2 2 2 2 2 2 2 2 2 2 2 2 2 2 2 2 2 2
left_child=3 10 7 16 12 15 -6 -3 -7 -9 11 -2 -4 -14 -10 -5 25 -13 -17 20 -18 28 23 24 -23 -1 -27 -20 -21 -22
right_child=1 2 4 5 6 8 -8 9 14 -11 -12 17 13 -15 -16 18 19 -19 27 21 29 22 -24 -25 -26 26 -28 -29 -30 -31
leaf_value=-11881.020343300666 20679.272062861124 29683.705797449875 25163.470587214935 388.9471062211187 16447.988922721084 4427.5900750144929 32977.377089456349 27793.674278824114 -2795.7681461356074 22044.65617301139 22768.345210313837 11228.523084980108 36497.654226606806 19554.976855699213 4035.3147740979512 3557.9430612346437 359.48307392584337 8348.7426255036953 -1111.6582306807925 -5779.5095973977623 -7823.2508663655117 -8774.2881993770661 1090.8874468279425 -3667.4161714233142 74.623910803205575 200.33217433944637 -3010.9788141677291 -4504.29660492928 -4663.9489001791071 -8679.0233959833349
leaf_weight=1931 34 37 29 22 27 37 36 22 39 26 22 27 21 21 21 24 31 23 39 20 41 21 20 73 31 22 39 80 181 20
leaf_count=1931 34 37 29 22 27 37 36 22 39 26 22 27 21 21 21 24 31 23 39 20 41 21 20 73 31 22 39 80 181 20
internal_value=-0.00147 0.0206923 0.0235388 -0.00414562 0.0188806 0.000152671 0.0243651 0.0308824 0.00427835 0.02625 0.0148113 0.0128571 0.0140141 0.017619 0.000833332 -0.00227273 -0.00460905 0.008 -0.00325175 -0.00328767 -0.00119565 -0.00384393 -0.00258621 -0.0034 -0.00115385 -0.0048996 -0.00254098 -0.00415967 -0.00475124 -0.00418033
internal_weight=3017 325 219 2692 134 262 63 85 97 48 106 84 71 42 60 165 2430 50 143 438 92 346 145 125 52 1992 61 119 201 61
internal_count=3017 325 219 2692 134 262 63 85 97 48 106 84 71 42 60 165 2430 50 143 438 92 346 145 125 52 1992 61 119 201 61
is_linear=0
shrinkage=0.05


Tree=10
num_leaves=31
num_cat=0
split_feature=3 6 5 5 5 1 5 2 6 5 0 10 8 10 5 1 2 3 1 5 0 1 1 4 3 8 0 10 3 6
split_gain=57.2756 2.75041 2.70776 1.93018 1.447 1.46857 1.19498 1.60076 0.85783 1.44632 1.15227 1.18938 0.682908 0.974014 0.879487 0.564094 0.502412 0.502994 1.21995 0.430105 0.384688 0.284378 0.173826 0.12928 0.394844 0.218509 0.176663 0.228814 0.397643 0.170139
threshold=608100.7571428573 314635.54880529764 140885.12103858995 324285.28731276351 217629.27568927195 629150.43500000017 292071.28661657387 950324.20000000007 382296.36668734596 391598.77079542173 1384987.7350000001 172.50000000000003 1.0000000180025095e-35 89.500000000000014 184217.46425335514 349418.68500000006 298085.09000000003 514419.54785714293 578635.78500000015 292071.28661657387 436138.15500000009 375168.83000000002 383950.27000000008 314879.24570488726 358632.83642857143 1.0000000180025095e-35 280013.45000000007 201.50000000000003 426113.06142857141 114825.00221141933
decision_type=2 2 2 2 2 2 2 2 2 2 2 2 2 2 2 2 2 2 2 2 2 2 2 2 2 2 2 2 2 2
left_child=2 4 15 6 -2 -6 7 -3 9 -5 11 -10 13 14 -4 -1 -15 18 20 -7 -18 -22 -14 -17 -25 26 -26 28 29 -28
right_child=1 3 12 8 5 19 -8 -9 10 -11 -12 -13 22 16 -16 23 17 -19 -20 -21 21 -23 -24 24 25 -27 27 -29 -30 -31
leaf_value=-11675.861807407557 17816.337987327221 21527.685336903287 244.79852713635643 23053.767642541861 12452.336891615407 -579.57867395328356 25442.205780476659 27304.16431244291 29754.432785017627 34246.861494505501 23334.972586736327 24428.015710557695 -103.13032030036173 -5589.7414051883525 3886.6238802165385 -4570.1959376761506 -4028.2832576521942 -1716.4517256600639 3842.3282830455901 6559.2461545925999 12113.684730402259 -367.0854892599852 -3712.6428348435702 1199.0100069367129 149.24569575000439 -4171.435755211126 -2475.3146496779536 -2791.2298924212259 1186.4210753588075 -4684.1477580910587
leaf_weight=2004 33 24 30 26 20 24 28 29 37 20 24 22 33 40 26 95 39 25 26 35 20 23 58 22 20 84 32 59 37 49
leaf_count=2004 33 24 30 26 20 24 28 29 37 20 24 22 33 40 26 95 39 25 26 35 20 23 58 22 20 84 32 59 37 49
internal_value=-0.00164915 0.0182919 -0.00400808 0.0216667 0.0119643 0.00829114 0.027716 0.0233019 0.0178682 0.0123913 0.0209036 0.024661 0.000312499 0.00176856 0.0075 -0.00458368 -8.67064e-05 0.00139098 0.00287037 0.00432203 -0.000121952 0.00313953 -0.00335165 -0.00286432 -0.00235974 -0.00286477 -0.00195432 -0.00245763 -0.00118644 -0.00314815
internal_weight=3044 322 2722 210 112 79 81 53 129 46 83 59 320 229 56 2402 173 133 108 59 82 43 91 398 303 281 197 177 118 81
internal_count=3044 322 2722 210 112 79 81 53 129 46 83 59 320 229 56 2402 173 133 108 59 82 43 91 398 303 281 197 177 118 81
is_linear=0
shrinkage=0.05


Tree=11
num_leaves=31
num_cat=0
split_feature=3 4 4 5 4 4 10 7 7 5 5 4 10 4 5 5 5 1 1 6 4 4 10 7 5 3 6 3 5 6
split_gain=51.1613 2.27361 2.21343 1.5415 1.30865 1.88214 1.367 0.916711 0.822618 0.941242 0.745776 1.36742 0.702722 0.470315 0.420779 0.64 0.307071 0.368182 0.312963 0.448148 0.29909 0.429639 0.212555 0.368408 0.159587 0.133293 0.147597 0.125241 0.0989879 0.134266
threshold=608100.7571428573 903807.27875000006 398491.41375000007 324285.28731276351 1031562.4142857144 1061388.8887500002 153.50000000000003 1.5000000000000002 3.5000000000000004 188291.0587314321 217629.27568927195 738330.17464285728 143.50000000000003 508332.40803571435 285611.02608859289 324285.28731276351 127358.78526881667 279112.63000000006 443407.32000000007 154249.21202559429 314879.24570488726 380747.99178571434 52.500000000000007 3.5000000000000004 202391.29609061941 377005.93500000011 194078.48410926841 455748.94642857148 102828.78558203026 115555.99780710715
decision_type=2 2 2 2 2 2 2 2 2 2 2 2 2 2 2 2 2 2 2 2 2 2 2 2 2 2 2 2 2 2
left_child=2 10 20 7 -5 -6 -7 -3 9 16 -2 -12 -9 -11 -13 -16 27 -18 -19 -20 -1 22 -22 -24 25 -10 -27 -4 29 -23
right_child=1 3 8 4 5 6 -8 12 24 13 11 14 -14 -15 15 -17 17 18 19 -21 21 28 23 -25 -26 26 -28 -29 -30 -31
leaf_value=-10961.697430792812 15616.463277993573 23223.733934562944 -3095.0383133758728 34970.326829223523 9345.6089394983155 27826.296088501196 28186.409556711049 25012.378008819309 -1731.8829264620204 3237.4666583246576 17541.693446131227 -1217.9390501365854 21950.166331716144 2636.6326455002727 14434.627885542221 3728.478935963823 1194.117826565018 -958.20549863530505 -339.91614884217211 3438.6679221897025 -3654.6294232322762 -1973.9596152778029 1367.0158796191577 -3387.8853778580242 31.694870587322015 -4619.5918505867839 -1376.4971857517435 -1555.9846413100904 -5040.9084566074453 -3037.6804912829903
leaf_weight=1953 30 20 71 23 29 38 36 20 20 27 22 21 38 22 20 25 20 36 30 24 31 33 28 23 29 129 23 28 163 32
leaf_count=1953 30 20 71 23 29 38 36 20 20 27 22 21 38 22 20 25 20 36 30 24 31 33 28 23 29 129 23 28 163 32
internal_value=-0.00179698 0.0170497 -0.00402645 0.0202451 0.0168254 0.0144175 0.0186486 0.0257692 -0.000860568 0.00100775 0.0115254 0.00920454 0.0225862 0.0072449 0.00560606 0.00833333 -0.000454547 0.00136364 -1.19209e-09 0.00240741 -0.00466858 -0.00322581 -0.000121952 0.00186274 -0.00325871 -0.00383721 -0.00434211 -0.00247475 -0.00434211 -0.00269231
internal_weight=3044 322 2722 204 126 103 74 78 459 258 118 88 58 49 66 45 209 110 90 54 2263 310 82 51 201 172 152 99 228 65
internal_count=3044 322 2722 204 126 103 74 78 459 258 118 88 58 49 66 45 209 110 90 54 2263 310 82 51 201 172 152 99 228 65
is_linear=0
shrinkage=0.05


Tree=12
num_leaves=31
num_cat=0
split_feature=3 5 6 5 5 1 3 7 10 1 2 5 2 6 3 4 4 7 1 3 5 7 3 3 5 6 5 1 1 2
split_gain=48.7504 2.30892 2.16356 2.50898 1.20588 1.68666 1.02257 0.94578 1.13225 0.898903 0.872613 0.82323 0.790909 0.692106 0.667186 1.04684 0.652083 0.568439 0.923434 0.329207 0.452078 0.350119 0.306329 0.379842 0.284553 0.242879 0.164602 0.127098 0.38205 0.0650943
threshold=608100.7571428573 140885.12103858995 342164.97671014967 324285.28731276351 217629.27568927195 604275.45000000007 1043417.1457142859 3.5000000000000004 92.500000000000014 1121804.6600000001 950324.20000000007 184217.46425335514 400207.65500000009 382296.36668734596 490488.75642857148 407998.79946428578 314879.24570488726 4.5000000000000009 906157.57000000018 352271.63285714295 98595.506214861714 3.5000000000000004 437656.4114285715 479529.04714285722 501283.22153365356 203900.31071073347 202391.29609061941 483238.4150000001 403110.97000000003 356720.39500000008
decision_type=2 2 2 2 2 2 2 2 2 2 2 2 2 2 2 2 2 2 2 2 2 2 2 2 2 2 2 2 2 2
left_child=1 16 4 10 -2 -6 13 8 11 -8 -4 -3 -10 -5 15 -14 -1 18 -7 20 -18 22 27 -24 -11 26 -9 28 29 -21
right_child=2 7 3 6 5 17 9 25 12 24 -12 -13 14 -15 -16 -17 19 -19 -20 21 -22 -23 23 -25 -26 -27 -28 -29 -30 -31
leaf_value=-10462.710303287451 15396.664635015601 1683.2755044293417 20020.09667643912 20801.296382546996 14926.144055463226 -556.41509773846951 24931.628168107276 -3651.1714337565822 -2228.3526900552883 28259.578179845048 24872.765974929102 3076.4073138319382 -941.98485589777431 19146.098986326288 -676.19362959615864 7618.0594298142305 -5972.0555701521625 -1117.9348477914568 18530.443451524476 -5261.9320248196709 1210.1590813048895 -4773.9373858084973 1147.3647919012512 -3171.1061675089131 15636.854221088781 246.19591430265146 -843.30829393920476 -2860.2311637380772 592.64403492190229 -2734.5094770729238
leaf_weight=1941 37 25 32 23 21 20 33 93 61 21 37 21 24 24 26 27 28 25 29 60 22 174 22 23 20 23 20 53 33 46
leaf_count=1941 37 25 32 23 21 20 33 93 61 21 37 21 24 24 26 27 28 25 29 60 22 174 22 23 20 23 20 53 33 46
internal_value=-0.0018134 -0.00398971 0.0165838 0.02 0.0116667 0.00868421 0.0156612 -1.19209e-09 0.00233696 0.0193243 0.0276087 0.00913043 7.24626e-05 0.00989362 0.00344156 0.0067647 -0.00452123 0.00513513 0.0082653 -0.0028308 0.000999999 -0.00329684 -0.00204641 0.00166667 0.0242683 -0.00316177 -0.00411505 -0.00291667 -0.0021223 -0.00358491
internal_weight=3044 2722 322 190 132 95 121 320 184 74 69 46 138 47 77 51 2402 74 49 461 50 411 237 45 41 136 113 192 139 106
internal_count=3044 2722 322 190 132 95 121 320 184 74 69 46 138 47 77 51 2402 74 49 461 50 411 237 45 41 136 113 192 139 106
is_linear=0
shrinkage=0.05


Tree=13
num_leaves=31
num_cat=1
split_feature=4 5 6 10 5 11 10 5 6 0 0 4 4 1 1 1 5 5 1 1 1 6 0 0 4 5 1 6 6 10
split_gain=42.519 3.70632 2.42362 1.50564 1.46704 1.46444 1.11364 1.08791 0.953585 1.26803 0.760128 0.731818 0.649275 0.497597 0.483693 0.482576 0.45 0.336994 0.304513 0.21641 0.319665 0.276943 0.414118 0.135656 0.128116 0.143352 0.262113 0.116584 0.208488 0.538132
threshold=669903.92625000014 184217.46425335514 342164.97671014967 91.500000000000014 324285.28731276351 0 79.500000000000014 217629.27568927195 382296.36668734596 1208396.8800000001 902965.40000000014 760962.83553571452 1007908.373881579 584401.12000000011 238943.76000000004 1078049.9500000002 206974.46227285682 95124.444919640286 816783.13500000013 604275.45000000007 558054.69500000018 116787.85359248157 557495.57500000007 329972.81500000006 250432.3978571429 102828.78558203026 432365.23500000004 152176.35042145304 123793.04869707425 188.50000000000003
decision_type=2 2 2 2 2 1 2 2 2 2 2 2 2 2 2 2 2 2 2 2 2 2 2 2 2 2 2 2 2 2
left_child=1 5 7 6 15 14 -3 -2 -6 10 -10 -9 18 23 -1 -4 -5 -16 -13 20 21 -19 27 -7 -25 26 -26 28 -23 -30
right_child=2 3 4 16 8 13 -8 11 9 -11 -12 12 -14 -15 17 -17 -18 19 -20 -21 -22 22 -24 24 25 -27 -28 -29 29 -31
leaf_value=815.4657964562773 15000.848047787607 1434.8967732116757 23536.217251545575 2836.1948511986666 25955.172070324232 -10155.848934622751 15624.618738816818 7699.4027149456451 15116.627198462887 20253.003758038456 32326.230104474394 6052.649379537369 15259.41037053424 63.820143085109137 -2377.1653413681543 21422.773476839604 -1935.6470524641049 75.115165882914368 -1742.8749358889143 -2585.2352685851288 783.14946209118557 -3449.8072483273072 1994.5290907735173 -5830.5097713853929 -6596.0580213243366 -5139.3446020024021 616.97117155566286 -3012.1832334067931 -2814.6247412296648 526.29948348936557
leaf_weight=39 35 22 40 36 38 1886 22 22 26 31 24 24 24 30 70 26 45 22 22 32 26 40 38 39 58 181 20 47 56 23
leaf_count=39 35 22 40 36 38 1886 22 22 26 31 24 24 24 30 70 26 45 22 22 32 26 40 38 39 58 181 20 47 56 23
internal_value=-0.0018134 -0.0038104 0.0156731 0.0046 0.0193243 -0.00421366 0.0120455 0.0103543 0.0160084 0.0190741 0.024 0.0075 0.005 -0.00470773 -0.00127792 0.025303 0.000555554 -0.00189266 0.00152174 -0.00112676 -0.000634922 -0.00123894 -0.00181373 -0.00481685 -0.0038255 -0.0042278 -0.0024359 -0.00289157 -0.00205882 -0.000569621
internal_weight=3044 2732 312 125 185 2607 44 127 119 81 50 92 70 2214 393 66 81 354 46 284 252 226 204 2184 298 259 78 166 119 79
internal_count=3044 2732 312 125 185 2607 44 127 119 81 50 92 70 2214 393 66 81 354 46 284 252 226 204 2184 298 259 78 166 119 79
cat_boundaries=0 1
cat_threshold=4
is_linear=0
shrinkage=0.05


Tree=14
num_leaves=31
num_cat=0
split_feature=3 4 6 0 10 0 10 7 2 3 1 10 6 2 4 10 10 6 6 6 3 6 2 0 4 0 3 2 1 10
split_gain=41.5084 2.41414 1.52035 1.12639 2.0625 1.90979 1.52192 0.875178 0.768767 0.665391 0.816793 1.01587 0.595238 0.570357 0.808595 0.53321 0.491434 0.463183 0.362087 0.835677 0.446853 0.305184 0.267442 0.249787 0.312504 0.285613 0.154339 0.13304 0.123625 0.0992636
threshold=608100.7571428573 407998.79946428578 342164.97671014967 1121804.6600000001 194.50000000000003 945493.09500000009 143.50000000000003 3.5000000000000004 819491.67500000016 703693.51000000013 1121804.6600000001 112.50000000000001 388326.90521691699 672052.88000000012 513273.52767857147 80.500000000000014 107.50000000000001 83349.271378533755 181076.79929150551 161349.32619857075 413517.83500000002 256714.91811131249 283675.44500000007 268668.97500000003 291125.76803571434 289671.17500000005 444401.80285714293 553620.76000000013 277549.11500000005 103.50000000000001
decision_type=2 2 2 2 2 2 2 2 2 2 2 2 2 2 2 2 2 2 2 2 2 2 2 2 2 2 2 2 2 2
left_child=1 17 9 5 6 8 12 13 -4 -2 11 21 -5 15 -15 -3 -10 -1 19 20 -17 -11 -9 -19 -25 -26 27 29 -24 -27
right_child=2 7 3 4 -6 -7 -8 22 16 10 -12 -13 -14 14 -16 18 -18 23 -20 -21 -22 -23 28 24 25 26 -28 -29 -30 -31
leaf_value=-10088.186584369812 13082.759223139474 2394.1957904847154 23243.868841590931 1481.1844599672115 7895.384909394279 30788.525797899343 21827.151217472063 276.34768077249828 18974.42682455889 6553.8265575664091 15388.459012953796 -1636.4773959260631 19240.354254577804 1394.9828880338262 -401.49463347016228 255.22508740352006 22729.199724125527 -7826.1023028115123 -2505.0135489859986 3347.4446197829816 -1311.6027255640065 6399.0686940907253 -2149.0037151467732 1223.418876557366 79.178034791492223 -3060.7118556317846 -317.45676457890056 -1494.9646203306384 -3140.6567698417243 -4011.7910002251369
leaf_weight=1666 26 30 20 21 24 33 22 20 23 26 22 21 21 21 20 29 26 231 36 20 54 37 20 38 31 91 31 38 129 217
leaf_count=1666 26 30 20 21 24 33 22 20 23 26 22 21 21 21 20 29 26 231 36 20 54 37 20 38 31 91 31 38 129 217
internal_value=-0.00194481 -0.00395298 0.0150311 0.0178947 0.01375 0.0214706 0.0184375 -0.000250661 0.0167391 0.0109091 0.00915094 0.00690476 0.0128571 0.00190476 0.00719512 0.000621301 0.0133673 -0.00455186 -0.000683454 0.000825242 -0.00138554 0.0100794 -0.002929 -0.00344904 -0.00275785 -0.00316177 -0.00354112 -0.00384393 -0.00365772 -0.00418831
internal_weight=3044 2722 322 190 88 102 64 379 69 132 106 84 42 210 41 169 49 2343 139 103 83 63 169 677 446 408 377 346 149 308
internal_count=3044 2722 322 190 88 102 64 379 69 132 106 84 42 210 41 169 49 2343 139 103 83 63 169 677 446 408 377 346 149 308
is_linear=0
shrinkage=0.05


Tree=15
num_leaves=31
num_cat=0
split_feature=3 3 4 0 1 2 10 5 0 7 4 1 4 2 10 4 2 2 2 7 0 0 3 1 0 3 0 1 2 2
split_gain=38.1361 3.49045 1.92143 1.63328 1.42002 1.31055 1.73963 1.54031 1.21772 1.03809 0.97507 0.912501 0.81578 0.807241 0.736802 1.6506 0.916919 0.664866 0.549538 0.521611 0.435814 0.430384 0.278916 0.272824 0.246471 0.241429 0.75 0.21336 0.188399 0.126955
threshold=588183.77642857155 437656.4114285715 849559.8033928572 1253947.2600000002 1078049.9500000002 1349801.5700000001 129.50000000000003 380985.83631915052 832401.2300000001 3.5000000000000004 1039200.7830357144 515226.29500000004 314879.24570488726 273660.16500000004 165.50000000000003 508332.40803571435 538185.72500000009 873514.70000000007 873514.70000000007 1.0000000180025095e-35 395669.96500000003 798871.29500000004 483066.75000000006 483238.4150000001 443056.65500000009 352271.63285714295 322255.61000000004 552618.79500000004 458903.97500000003 356720.39500000008
decision_type=2 2 2 2 2 2 2 2 2 2 2 2 2 2 2 2 2 2 2 2 2 2 2 2 2 2 2 2 2 2
left_child=1 12 11 5 -5 6 8 -8 17 13 -10 -2 24 -3 15 -15 -16 -4 21 20 -14 -13 -11 -24 28 26 -21 29 -1 -27
right_child=2 9 3 4 -6 -7 7 -9 10 22 -12 18 19 14 16 -17 -18 -19 -20 25 -22 -23 23 -25 -26 27 -28 -29 -30 -31
leaf_value=-9177.6159041847823 14761.906474929554 -3747.1455284067147 14885.962699334044 10776.197567264631 16477.800475627209 25770.335013416552 28685.44708689395 14042.673252311659 25422.617285483648 -3912.6087043087009 14194.706340626231 -962.550877601553 885.52756315744955 4001.7982412483698 -4881.7786656932067 328.12586477747777 3309.165510282889 -2576.7839081136344 11712.844018626754 -3745.2050503194355 -2075.9971467456558 17994.470046608767 871.98303407387471 -4898.1798320897078 -339.37657535174196 -3019.8151859289924 1653.6121755060576 -352.20110015343721 -472.5455422971454 -3761.1255511194686
leaf_weight=1905 23 22 20 34 29 32 34 24 30 50 21 29 33 38 38 39 31 21 24 30 37 24 39 33 35 151 20 27 21 172
leaf_count=1905 23 22 20 34 29 32 34 24 30 50 21 29 33 38 38 39 31 21 24 30 37 24 39 33 35 151 20 27 21 172
internal_value=-0.00181996 -0.00380559 0.0138406 0.0162245 0.00928571 0.0186264 0.0166667 0.0234483 0.0123913 0.00137931 0.017549 0.008 -0.00442411 0.00392857 0.00527397 0.00863636 0.00152174 0.00597561 0.00538961 -0.00255319 0.00142857 0.00254717 -0.00213115 -0.00013889 -0.00487252 -0.00325 -1.19209e-09 -0.00371429 -0.00494808 -0.00407121
internal_weight=3066 2721 345 245 63 182 150 58 92 290 51 100 2431 168 146 77 69 41 77 470 70 53 122 72 1961 400 50 350 1926 323
internal_count=3066 2721 345 245 63 182 150 58 92 290 51 100 2431 168 146 77 69 41 77 470 70 53 122 72 1961 400 50 350 1926 323
is_linear=0
shrinkage=0.05


Tree=16
num_leaves=31
num_cat=0
split_feature=4 4 4 0 10 2 0 5 5 6 10 0 1 1 1 5 0 10 2 4 1 4 0 4 2 0 0 10 5 6
split_gain=33.7618 4.3036 1.41338 1.54743 2.09797 2.37341 1.28444 1.06747 0.981496 0.879989 0.769093 0.698552 1.80326 0.924084 0.968791 0.885551 0.868665 0.625 0.552053 0.45191 0.32038 0.315556 0.315362 0.376165 0.921951 0.289286 0.203007 0.21802 0.26668 0.396825
threshold=669903.92625000014 440513.60017857148 1162410.4671428574 1253947.2600000002 209.50000000000003 1349801.5700000001 577566.06000000017 344057.21568908996 193358.77887970794 83349.271378533755 109.50000000000001 798871.29500000004 647897.77500000002 682681.61500000011 974722.88500000013 309695.27276718622 551425.88500000013 82.500000000000014 479878.03000000009 506212.04999999999 443407.32000000007 494266.58017857152 278159.82000000007 291125.76803571434 214222.48500000002 412361.76000000007 289671.17500000005 189.50000000000003 102828.78558203026 118969.01629422152
decision_type=2 2 2 2 2 2 2 2 2 2 2 2 2 2 2 2 2 2 2 2 2 2 2 2 2 2 2 2 2 2
left_child=1 9 3 4 5 11 8 -5 20 -1 -8 12 -2 -13 17 -16 -14 -15 -12 -10 -3 -22 -11 24 -24 -23 -25 28 29 -28
right_child=2 6 -4 7 -6 -7 10 -9 19 22 18 13 16 14 15 -17 -18 -19 -20 -21 21 25 23 26 -26 -27 27 -29 -30 -31
leaf_value=-9040.9130769157382 14960.564653322421 -2894.3370740542719 26036.166510780455 -1194.1070249667655 22234.264301848758 22078.125928618741 11950.908205308555 17927.678577443945 4325.4548364399352 -5522.4095428901301 -6040.1412330108196 8964.077140747333 11451.036229039804 20667.840651687824 10315.732386734271 17238.838511576359 -1215.3451602875571 21635.938609143192 2863.0618484289225 1532.9090253780932 632.00643338785608 854.71772071105863 -6822.2244184343454 443.36615880755875 9496.8430548853503 -1233.0797569764263 896.25957350855515 -2784.8727337703203 -3565.712741057936 -5342.6442133982891
leaf_weight=1679 20 59 23 24 30 25 33 31 21 257 28 22 23 20 23 22 36 20 30 23 27 20 21 21 20 36 48 188 200 36
leaf_count=1679 20 59 23 24 30 25 33 31 21 257 28 22 23 20 23 22 36 20 30 23 27 20 21 21 20 36 48 188 200 36
internal_value=-0.0019015 -0.00368948 0.0134953 0.0125676 0.0142946 0.0125355 0.00222022 0.005 -0.000161292 -0.00435223 0.00708791 0.0105914 0.00702532 0.0132243 0.0155882 0.0105556 0.00262712 0.02125 0.00362069 0.00636364 -0.0021831 -0.000180724 -0.00297725 -0.00228465 0.00231707 -0.00232143 -0.00266734 -0.00288136 -0.00200704 0.000357142
internal_weight=3066 2747 319 296 241 211 277 55 186 2470 91 186 79 107 85 45 59 40 58 44 142 83 791 534 41 56 493 472 284 84
internal_count=3066 2747 319 296 241 211 277 55 186 2470 91 186 79 107 85 45 59 40 58 44 142 83 791 534 41 56 493 472 284 84
is_linear=0
shrinkage=0.05


Tree=17
num_leaves=31
num_cat=0
split_feature=3 3 1 7 10 6 0 5 2 5 10 10 6 1 10 0 3 2 3 7 5 10 3 10 1 1 2 6 0 2
split_gain=27.8295 3.10102 1.522 1.12037 0.983934 1.49113 0.873696 1.0022 0.68353 0.720256 0.663399 1.42141 0.781385 0.857143 0.663128 1.07428 1.00293 0.68096 0.653753 0.39741 0.614603 0.375993 0.347222 0.321885 0.272824 0.2625 0.158486 0.195834 0.113043 0.111111
threshold=588183.77642857155 423273.4285714287 1170112.9500000002 3.5000000000000004 150.50000000000003 392986.0371931126 1170112.9500000002 180203.9220039123 1006985.9500000001 324285.28731276351 59.500000000000007 86.500000000000014 364628.79054146173 748649.40000000014 219.50000000000003 542636.96000000008 476012.27071428573 491074.49500000005 312087.94642857148 1.0000000180025095e-35 105817.25042322236 92.500000000000014 483066.75000000006 96.500000000000014 483238.4150000001 494655.77000000008 463800.83000000007 143520.64543863767 395669.96500000003 475497.74000000005
decision_type=2 2 2 2 2 2 2 2 2 2 2 2 2 2 2 2 2 2 2 2 2 2 2 2 2 2 2 2 2 2
left_child=1 18 6 14 21 -6 7 -2 10 -10 -9 -12 13 -13 15 17 -17 28 26 20 -20 -4 -5 -8 -24 -16 27 -1 -3 -22
right_child=2 3 4 22 5 -7 23 8 9 -11 11 12 -14 -15 25 16 -18 -19 19 -21 29 -23 24 -25 -26 -27 -28 -29 -30 -31
leaf_value=-8126.4643118669374 9680.5275806530826 -55.627808395454977 23679.749237553726 -3305.3211255997358 30418.874059346257 13798.891964238359 -354.51167341180746 13673.390406018612 22789.00083059544 16702.760782035792 13930.625986416499 8559.7410501254508 15682.792189804763 -1675.6640030152762 -3268.8989954219651 2688.7258701668839 2609.2680628628564 6701.1597365729167 873.00086739222343 -2831.8155082388521 -962.5300433425806 19922.895056661073 875.56223516518412 10771.00156488257 -4619.2768459740437 112.27767558780339 -843.03788223606853 -8605.1298200473793 -2898.3304757677879 -2936.482896663797
leaf_weight=1898 28 20 29 75 22 20 23 25 27 25 21 21 24 21 28 21 39 35 25 373 20 21 39 38 33 20 24 20 26 25
leaf_count=1898 28 20 29 75 22 20 23 25 27 25 21 21 24 21 28 21 39 35 25 373 20 21 39 38 33 20 24 20 26 25
internal_value=-0.00214612 -0.00384234 0.0112319 0.000654761 0.0167391 0.022381 0.00922925 0.0108854 0.012378 0.0171154 0.0101786 0.0122414 0.00863636 0.00452381 0.00320106 0.00492908 0.01 0.00117284 -0.00447589 -0.00274266 0.000714285 0.012 -0.00261905 0.00401639 -0.00013889 -0.001875 -0.00487127 -0.00492179 -0.00282609 -0.00277778
internal_weight=3066 2721 345 336 92 42 253 192 164 52 112 87 66 42 189 141 60 81 2385 443 70 50 147 61 72 48 1942 1918 46 45
internal_count=3066 2721 345 336 92 42 253 192 164 52 112 87 66 42 189 141 60 81 2385 443 70 50 147 61 72 48 1942 1918 46 45
is_linear=0
shrinkage=0.05


Tree=18
num_leaves=31
num_cat=0
split_feature=3 3 4 7 4 10 1 6 1 1 6 10 4 4 1 10 7 4 4 6 6 5 7 3 1 10 3 7 1 3
split_gain=25.665 3.07573 1.60156 1.14297 1.00795 1.02513 0.981054 1.616 0.700799 0.632345 0.524859 0.453634 0.634344 1.01826 0.640244 0.451316 0.429424 0.818182 0.403416 0.363121 0.353582 0.302527 0.245545 0.282692 0.254841 0.211161 0.311021 0.356183 0.225 0.146512
threshold=588183.77642857155 423273.4285714287 1007908.373881579 2.5000000000000004 1031562.4142857144 130.50000000000003 1028137.0450000002 392986.0371931126 349418.68500000006 801519.06500000006 376970.88855045469 213.50000000000003 508332.40803571435 449424.16089285718 568239.64000000001 45.500000000000007 3.5000000000000004 775175.06928571442 775175.06928571442 409503.07349757577 138723.34230673066 163323.57170830676 3.5000000000000004 483066.75000000006 489230.06000000006 182.50000000000003 362402.9671428572 2.5000000000000004 489230.06000000006 345958.77428571432
decision_type=2 2 2 2 2 2 2 2 2 2 2 2 2 2 2 2 2 2 2 2 2 2 2 2 2 2 2 2 2 2
left_child=1 8 9 11 -4 10 19 -8 21 16 -6 12 13 -3 -14 -11 17 -2 -17 -7 -5 -1 -22 -24 -25 29 -27 28 -28 -10
right_child=2 3 4 20 5 6 7 -9 25 15 -12 -13 14 -15 -16 18 -18 -19 -20 -21 22 -23 23 24 -26 26 27 -29 -30 -31
leaf_value=-8045.3852882875917 12122.749759517767 742.48303161302283 25856.928495937915 -4920.5849669605532 3452.655079737885 12989.752450680631 24674.531563340883 10291.581781074632 -2079.9128742674652 9227.2102359193996 16584.996109168416 -434.89799503698106 -1843.036955260543 5248.5999932455852 4257.8440998690676 4548.1608228038522 11070.415057916953 9267.7910486519522 -1282.707670699464 15239.915564265328 246.60533254358026 -240.41091921891308 -1384.6790894053966 1080.5885846440515 -5066.8585079539998 461.93518307154403 604.81269873142139 -3395.6252796192634 -1092.5383384854761 -2071.5801007221021
leaf_weight=2017 22 38 25 59 28 27 35 24 81 20 37 35 21 22 20 29 29 22 27 20 37 28 39 37 28 37 20 53 20 129
leaf_count=2017 22 38 25 59 28 27 35 24 81 20 37 35 21 22 20 29 29 22 27 20 37 28 39 37 28 37 20 53 20 129
internal_value=-0.00219504 -0.00382396 0.0106522 0.000654761 0.0136224 0.0122515 0.015283 0.0195763 -0.00445493 0.00674497 0.00730769 0.00419118 0.00589109 0.00916667 0.00109756 0.00355263 0.0100685 0.0131818 0.00125 0.00989362 -0.00175 -0.0048044 -0.000390072 -0.00163462 0.000384614 -0.00235294 -0.000769232 -0.00231183 0.00125 -0.00333333
internal_weight=3066 2721 345 336 196 171 106 59 2385 149 65 136 101 60 41 76 73 44 56 47 200 2045 141 104 65 340 130 93 40 210
internal_count=3066 2721 345 336 196 171 106 59 2385 149 65 136 101 60 41 76 73 44 56 47 200 2045 141 104 65 340 130 93 40 210
is_linear=0
shrinkage=0.05


Tree=19
num_leaves=31
num_cat=0
split_feature=3 4 4 0 3 10 4 0 0 10 7 2 4 4 3 7 10 4 10 4 5 3 5 5 2 10 4 0 0 0
split_gain=23.6506 2.94981 1.40766 1.99542 0.975588 1.90329 1.29184 0.743471 0.666385 0.673028 0.659421 0.726138 1.01033 0.710779 0.621271 0.741771 0.697131 0.625 0.586984 0.47651 0.414079 0.295163 0.41957 0.245698 0.226019 0.257576 0.136863 0.346728 0.136137 0.134444
threshold=588183.77642857155 407998.79946428578 1007908.373881579 1253947.2600000002 1157977.4778571432 211.50000000000003 1039200.7830357144 1458011.5700000001 798871.29500000004 83.500000000000014 3.5000000000000004 479878.03000000009 508332.40803571435 464517.94517857145 312087.94642857148 1.0000000180025095e-35 190.50000000000003 385792.8457142858 69.500000000000014 1099443.6676785718 156314.5847961297 444401.80285714293 118470.56287015569 202391.29609061941 400207.65500000009 102.50000000000001 367074.60357142863 339188.5500000001 407826.83000000007 582636.63500000013
decision_type=2 2 2 2 2 2 2 2 2 2 2 2 2 2 2 2 2 2 2 2 2 2 2 2 2 2 2 2 2 2
left_child=1 14 8 4 5 6 -4 -5 18 -10 11 21 13 -13 24 16 17 -16 -2 -8 -14 22 -3 28 -1 -26 27 -17 -12 -20
right_child=2 10 3 7 -6 -7 19 -9 9 -11 23 12 20 -15 15 26 -18 -19 29 -21 -22 -23 -24 -25 25 -27 -28 -29 -30 -31
leaf_value=-7741.3531568376584 8405.5627800350394 -3192.1050587877317 23149.806196305592 -880.8214798611607 23603.183155451712 20955.500225736563 18381.727086722003 18979.201687378263 4181.494039630049 18273.563036540283 -1123.1470764102057 241.66710083703762 -2269.5578527171642 5588.6591291746499 1505.6619301472208 -5317.8131388717684 -2688.3346338886549 -473.90513943402789 1951.5624089358935 32.963233123325615 3485.887785960836 -1216.8301333224663 1793.6588684480955 696.07222262982225 -3384.3676217564666 12.390102962637265 -2506.9013789144083 1026.1233629425935 -4535.7047256730648 -865.29622014387189
leaf_weight=1876 25 21 24 26 29 26 33 33 40 39 50 26 25 38 20 39 21 20 20 25 21 57 20 28 34 32 279 37 77 25
leaf_count=1876 25 21 24 26 29 26 33 33 40 39 50 26 25 38 20 39 21 20 20 25 21 57 20 28 34 32 279 37 77 25
internal_value=-0.00226028 -0.00382396 0.0100725 0.0128571 0.0161679 0.0139815 0.0102439 0.00516949 0.00640939 0.00955696 0.0003719 0.00221154 0.005 0.0090625 -0.00446989 -0.00271635 0.00237705 0.00625 0.00285714 0.0062069 -0.000652175 -0.000918369 0.00231707 -0.00209678 -0.00484552 -0.0019697 -0.00359155 -0.00171053 -0.0030315 -0.000555557
internal_weight=3066 2721 345 196 137 108 82 59 149 79 363 208 110 64 2358 416 61 40 70 58 46 98 41 155 1942 66 355 76 127 45
internal_count=3066 2721 345 196 137 108 82 59 149 79 363 208 110 64 2358 416 61 40 70 58 46 98 41 155 1942 66 355 76 127 45
is_linear=0
shrinkage=0.05


Tree=20
num_leaves=31
num_cat=0
split_feature=3 3 4 4 7 10 5 4 2 7 10 3 3 10 10 2 3 2 2 4 4 6 10 6 10 3 6 3 5 5
split_gain=22.6715 2.40205 1.45274 1.64597 1.04829 0.938308 1.37175 0.928659 0.85682 0.772602 0.765756 0.819766 0.6716 0.552995 0.512839 0.534365 0.746538 0.409071 0.297233 0.26274 0.295179 0.710526 0.305603 0.227222 0.1955 0.178935 0.1875 0.129825 0.113392 0.329004
threshold=608100.7571428573 337522.94214285718 1007908.373881579 1031562.4142857144 3.5000000000000004 130.50000000000003 423354.85599922697 334480.92495879129 702787.15000000014 2.5000000000000004 167.50000000000003 1029794.1664285715 798706.82857142866 80.500000000000014 57.500000000000007 516985.39500000008 476012.27071428573 560115.69500000018 390857.35000000003 412390.29964285716 494266.58017857152 164136.70395113775 200.50000000000003 286953.74001711066 168.50000000000003 392349.10428571439 124518.64445812728 299948.86500000005 144382.88999112198 116729.40733952666
decision_type=2 2 2 2 2 2 2 2 2 2 2 2 2 2 2 2 2 2 2 2 2 2 2 2 2 2 2 2 2 2
left_child=1 18 4 -4 8 13 10 -3 -2 14 -7 -12 -10 -5 -9 25 17 -17 -1 -11 21 22 -21 -6 27 26 -16 -20 29 -27
right_child=2 7 3 5 23 6 -8 9 12 19 11 -13 -14 -15 15 16 -18 -19 24 20 -22 -23 -24 -25 -26 28 -28 -29 -30 -31
leaf_value=-7432.4333175318116 17314.631795230274 1509.1053185637466 23818.326210457511 19151.163772127013 5063.8424507644268 19338.960601999774 5671.4726428594786 1611.4682432205066 11222.454282472678 -3087.9699693839561 14584.893436172815 22779.027492894293 5178.2674737361504 8091.53715984879 -1255.03621755325 279.32426253373291 5759.5842185414422 -1807.2367870691353 -2629.0720796835481 694.19818809161052 -1414.4933794385081 2787.0690154139952 -5285.3315726258061 -1871.1366305803317 84.858006031393373 -2255.4989648252113 2104.1814129041418 -493.9774869209154 -2979.9482192790056 440.02064459215899
leaf_weight=1914 30 22 23 27 35 21 33 38 24 201 20 31 23 35 24 28 34 43 37 31 116 24 45 23 20 38 24 20 58 28
leaf_count=1914 30 22 23 27 35 21 33 38 24 201 20 31 23 35 24 28 34 43 37 31 116 24 45 23 20 38 24 20 58 28
internal_value=-0.00241042 -0.00388889 0.0100769 0.0128947 0.00611111 0.0111677 0.0140476 -0.00148541 0.00993506 -0.00178962 0.0179167 0.0146078 0.0141489 0.00629032 7.93639e-05 -0.000667871 0.00214286 -0.000774649 -0.0047991 -0.00320144 -0.00199074 -1.19209e-09 -0.00236842 0.00103448 -0.00175325 -0.00238372 0.000208332 -0.00324562 -0.0033871 -0.0019697
internal_weight=3070 2745 325 190 135 167 105 754 77 732 72 51 47 62 315 277 105 71 1991 417 216 100 76 58 77 172 48 57 124 66
internal_count=3070 2745 325 190 135 167 105 754 77 732 72 51 47 62 315 277 105 71 1991 417 216 100 76 58 77 172 48 57 124 66
is_linear=0
shrinkage=0.05


Tree=21
num_leaves=31
num_cat=0
split_feature=3 3 4 4 5 10 4 10 2 1 1 5 6 4 4 1 6 2 4 5 2 2 1 1 10 6 1 4 4 3
split_gain=21.6257 2.49915 1.23606 1.78704 0.976064 1.28805 0.916531 0.903828 0.696377 0.92529 0.576833 0.566184 0.540346 0.521309 0.726802 1.08801 0.535904 0.56525 0.412092 0.549789 0.297233 0.29632 0.225 0.225 0.1955 0.193939 0.150307 0.157698 0.142094 0.129825
threshold=608100.7571428573 337522.94214285718 1007908.373881579 1031562.4142857144 423354.85599922697 135.50000000000003 334480.92495879129 167.50000000000003 431588.42000000004 748649.40000000014 1391885.1650000003 301338.93343541614 281981.5255516576 409704.43375000008 494266.58017857152 277549.11500000005 164136.70395113775 516985.39500000008 380747.99178571434 127358.78526881667 390857.35000000003 819491.67500000016 537380.32500000007 558054.69500000018 168.50000000000003 376970.88855045469 449695.39500000008 529028.35928571445 510112.9064285715 299948.86500000005
decision_type=2 2 2 2 2 2 2 2 2 2 2 2 2 2 2 2 2 2 2 2 2 2 2 2 2 2 2 2 2 2
left_child=1 20 8 -4 5 25 -3 -7 -2 23 -6 -9 21 18 15 -15 17 -17 19 -8 -1 -11 -19 -10 29 -5 -16 28 -28 -22
right_child=2 6 3 4 10 7 13 11 9 12 -12 -13 -14 14 26 16 -18 22 -20 -21 24 -23 -24 -25 -26 -27 27 -29 -30 -31
leaf_value=-7060.81165165522 -3813.821404856621 1433.6500526355585 22627.409899934632 2315.523869634409 2187.8521262950399 18372.012571899792 2456.8921561055654 6145.0793552990117 10355.819249238739 2367.9982475276752 8775.3224587753884 24438.210687656712 -1587.2176524646911 6442.7835683293115 -1847.228788662823 -2796.1656265472152 1910.5543336798253 -1073.6623973666196 -2252.004397956965 -3112.0571969310995 -2497.6184756993712 7342.9157985001148 2051.1121936768177 12768.599777641746 80.615105729824933 13181.077469343682 -3351.1576988539341 -1184.1845718068103 826.79044692514117 -469.27861257487075
leaf_weight=1914 20 22 23 24 29 21 20 26 20 22 22 25 33 24 77 92 38 20 298 29 37 20 20 20 20 20 42 25 47 20
leaf_count=1914 20 22 23 24 29 21 20 26 20 22 22 25 33 24 77 92 38 20 298 29 37 20 20 20 20 20 42 25 47 20
internal_value=-0.00242671 -0.00387068 0.00976923 0.0123684 0.0105689 0.0131034 -0.0014191 0.0172222 0.00611111 0.00760869 0.00480392 0.0136274 0.00433333 -0.00172131 -0.000454547 0.00170103 0.000294116 -0.00121212 -0.0031268 0.00112245 -0.0047991 0.00809524 0.00375 0.01375 -0.00175325 0.00636364 -0.00264398 -0.00149123 -0.000505619 -0.00324562
internal_weight=3070 2745 325 190 167 116 754 72 135 115 51 51 75 732 385 194 170 132 347 49 1991 42 40 40 77 44 191 114 89 57
internal_count=3070 2745 325 190 167 116 754 72 135 115 51 51 75 732 385 194 170 132 347 49 1991 42 40 40 77 44 191 114 89 57
is_linear=0
shrinkage=0.05


Tree=22
num_leaves=31
num_cat=0
split_feature=3 3 4 4 5 6 2 4 2 3 5 0 0 5 6 4 4 10 5 2 4 5 6 2 5 10 10 6 10 5
split_gain=21.1406 2.49915 1.13428 1.85975 1.03535 0.946189 1.13426 0.916531 0.696377 0.602379 0.609524 0.556844 1.30064 0.4071 0.383116 0.852404 0.416667 0.812698 0.621915 0.297233 0.246677 0.58072 0.225 0.220743 0.40578 0.24174 0.432706 0.210967 0.1955 0.134426
threshold=608100.7571428573 337522.94214285718 1007908.373881579 1031562.4142857144 355492.42104653973 382296.36668734596 1170112.9500000002 334480.92495879129 431588.42000000004 856184.22142857162 278887.53271303652 922493.13000000012 1458011.5700000001 278887.53271303652 150392.42913183375 494266.58017857152 414646.92553571431 216.50000000000003 152455.22732590305 390857.35000000003 380747.99178571434 135241.27525234167 161349.32619857075 516985.39500000008 113855.66576723999 140.50000000000003 126.50000000000001 168585.86737647827 168.50000000000003 154024.64881952255
decision_type=2 2 2 2 2 2 2 2 2 2 2 2 2 2 2 2 2 2 2 2 2 2 2 2 2 2 2 2 2 2
left_child=1 19 8 -4 5 6 -5 -3 -2 13 -11 -6 -13 -10 20 16 22 18 -18 -1 21 -9 -16 25 -25 26 -22 -17 -21 -26
right_child=2 7 3 4 11 -7 -8 14 9 10 -12 12 -14 -15 15 27 17 -19 -20 28 23 -23 -24 24 29 -27 -28 -29 -30 -31
leaf_value=-6707.771069072458 -3623.1303346137897 1361.9675500037795 21496.039404937896 8101.7681037069096 2589.4187926407826 11748.69601240609 20772.957244573408 2157.8084230804398 14253.315841051037 -2377.8871522405584 12681.833098240866 20571.14124936967 -5257.8299528761345 5336.1761863836036 151.44708425265563 569.14474425663445 216.23194666913741 -861.6550695120419 13000.209035647023 -1706.3957639196624 -1696.0439570331951 -4258.788294838424 -4244.5822457451895 506.05004877838832 -1194.6158636925325 -2599.5656913374933 818.24148840677458 -1135.8493117858939 76.584350443332866 -365.41713465975056
leaf_weight=1914 20 22 23 30 32 26 24 21 30 28 20 34 21 37 20 22 23 35 22 57 83 20 20 36 41 218 20 131 20 20
leaf_count=1914 20 22 23 30 32 26 24 21 30 28 20 34 21 37 20 22 23 35 22 57 83 20 20 36 41 218 20 131 20 20
internal_value=-0.002443 -0.00387068 0.00961538 0.0121053 0.0102695 0.014375 0.0181481 -0.0014191 0.00611111 0.00760869 0.00333333 0.00649425 0.00954545 0.0106716 -0.00172131 -0.000238096 0.00291667 0.005 0.00944444 -0.0047991 -0.00260349 0.00109756 -0.00125 -0.00296651 -0.00087629 -0.00359813 -0.00160194 -0.00271242 -0.00175325 -0.00336066
internal_weight=3070 2745 325 190 167 80 54 754 135 115 48 87 55 67 732 273 120 80 45 1991 459 41 40 418 97 321 103 153 77 61
internal_count=3070 2745 325 190 167 80 54 754 135 115 48 87 55 67 732 273 120 80 45 1991 459 41 40 418 97 321 103 153 77 61
is_linear=0
shrinkage=0.05


Tree=23
num_leaves=31
num_cat=1
split_feature=4 4 7 0 0 10 2 1 7 4 1 0 2 5 2 4 4 0 0 4 0 0 5 5 0 4 2 11 1 5
split_gain=17.2865 2.41435 1.38006 0.76685 1.11658 1.31457 1.36454 1.55269 0.746901 0.582107 0.56641 0.440389 0.483575 0.419235 0.352625 0.406349 0.768254 0.291585 0.373513 0.465396 0.275974 0.518057 0.508231 0.479167 0.273584 0.498113 0.310413 0.168621 0.303483 0.279497
threshold=669903.92625000014 304008.04589285719 4.5000000000000009 566263.16500000015 1253947.2600000002 129.50000000000003 804593.59000000008 924534.84500000009 1.0000000180025095e-35 1091314.2683928574 1078049.9500000002 832401.2300000001 924534.84500000009 167700.546880907 593943.68000000005 473149.82553571434 412390.29964285716 557495.57500000007 641841.67000000016 423144.68464285723 535414.21000000008 439999.90000000008 106658.83706061462 140885.12103858995 416304.46500000003 291865.03214285721 431588.42000000004 0 291138.22500000003 122700.24752052366
decision_type=2 2 2 2 2 2 2 2 2 2 2 2 2 2 2 2 2 2 2 2 2 2 2 2 2 2 2 1 2 2
left_child=1 24 3 -2 5 6 -5 -8 20 -7 -6 -4 -13 17 15 16 -15 27 19 -19 21 22 -3 -24 26 -26 -1 28 29 -10
right_child=2 8 11 4 10 9 7 -9 13 -11 -12 12 -14 14 -16 -17 -18 18 -20 -21 -22 -23 23 -25 25 -27 -28 -29 -30 -31
leaf_value=-6403.2878511368071 5102.9070958623261 625.35716470627494 -701.88585031927687 3743.1649666518242 924.62731204571082 16441.429316154037 17258.798025250955 11292.731570294538 -2319.2054352238106 20129.295298120989 14924.398769887172 13056.761781471179 6659.5835058412404 -2295.2171892647611 5421.3061537216927 -948.08148292356873 11370.328942321752 -2683.6303628859673 -3212.4871290701158 2427.1385430213213 1645.0320906587158 -883.03637968875273 -3530.9203160798279 399.6619815554684 9145.9330295827167 -4862.0519447216038 -55.513081544742192 -4119.4043526115192 -1441.9219240322006 1051.5997562741188
leaf_weight=1873 26 25 36 33 27 20 30 32 22 26 25 20 38 36 30 70 20 31 26 24 20 26 23 25 20 33 28 193 207 25
leaf_count=1873 26 25 36 33 27 20 30 32 22 26 25 20 38 36 30 70 20 31 26 24 20 26 23 25 20 33 28 193 207 25
internal_value=-0.002557 -0.00382118 0.00857827 0.0107534 0.0118394 0.0141489 0.0107895 0.0151613 -0.00151308 0.021087 0.00557692 0.00351064 0.0062069 -0.00214912 0.000128204 -0.00103175 0.00214286 -0.00282197 -6.17296e-05 0.00227273 0.00214286 0.0010606 0.00321918 0.000208332 -0.0047697 -0.00122642 -0.00486849 -0.00332215 -0.00215909 0.00138298
internal_weight=3070 2757 313 219 193 141 95 62 803 46 52 94 58 684 156 126 56 528 81 55 119 99 73 48 1954 53 1901 447 254 47
internal_count=3070 2757 313 219 193 141 95 62 803 46 52 94 58 684 156 126 56 528 81 55 119 99 73 48 1954 53 1901 447 254 47
cat_boundaries=0 1
cat_threshold=4
is_linear=0
shrinkage=0.05


Tree=24
num_leaves=31
num_cat=0
split_feature=3 3 7 0 0 2 1 1 4 7 3 1 1 0 1 4 6 1 10 3 7 0 0 0 4 2 7 4 10 2
split_gain=16.869 2.45117 1.10404 0.81485 0.865596 1.07678 1.03601 0.894217 0.801229 0.626701 0.603219 0.484848 0.475152 0.418128 0.590351 0.473385 0.50172 0.4 0.382653 0.364839 0.363636 0.306818 0.297453 0.913505 0.275689 0.252478 0.218182 0.256993 0.196954 0.127976
threshold=608100.7571428573 345958.77428571432 4.5000000000000009 566263.16500000015 1253947.2600000002 804593.59000000008 924534.84500000009 1270417.1000000003 367074.60357142863 3.5000000000000004 1060734.0692857143 950324.20000000007 1078049.9500000002 399339.38000000006 469258.57000000007 414646.92553571431 194078.48410926841 712211.72500000021 85.500000000000014 433234.90571428579 5.5000000000000009 582636.63500000013 557495.57500000007 661823.4800000001 491220.28318783076 390857.35000000003 2.5000000000000004 398491.41375000007 176.50000000000003 427250.85500000004
decision_type=2 2 2 2 2 2 2 2 2 2 2 2 2 2 2 2 2 2 2 2 2 2 2 2 2 2 2 2 2 2
left_child=1 25 3 -2 5 18 17 -8 -3 13 11 20 -6 14 26 -15 22 -7 -5 -16 -4 -11 24 -24 -17 -1 27 -10 29 -27
right_child=2 8 10 4 12 6 7 -9 9 21 -12 -13 -14 15 19 16 -18 -19 -20 -21 -22 -23 23 -25 -26 28 -28 -29 -30 -31
leaf_value=-6006.9211100630846 4373.4800683781696 1668.1679037662045 11066.020425996898 4338.5282815337223 3664.237602960296 15956.905692572429 9360.4154414007971 22655.787693151233 -1464.0958869797007 -2609.9833431343573 9719.0811803328324 -3339.1701237938819 14178.178831392812 -1829.2740865648711 537.41106297173008 622.51130842951579 -2093.4824877590431 16395.858787404326 14952.61284096825 335.77451473306081 -984.48897811920142 115.96494922346993 2476.446303250244 -1178.9877735771022 -1714.704990797979 -1508.0673149532083 -5534.5680183686 523.10310912268085 36.111194766985008 -1782.4656520169142
leaf_weight=1918 28 37 22 21 30 20 31 25 22 264 31 22 25 113 32 35 35 20 28 31 22 33 29 23 22 21 40 26 21 43
leaf_count=1918 28 37 22 21 30 20 31 25 22 264 31 22 25 113 32 35 35 20 28 31 22 33 29 23 22 21 40 26 21 43
internal_value=-0.00254072 -0.00381603 0.00823077 0.0101316 0.01125 0.0132759 0.0163542 0.0119643 -0.00136119 -0.00173759 0.00376289 0.0010606 0.00590909 -0.000465687 0.00162252 -0.00169261 0.000208332 0.0225 0.0072449 0.00531746 0.00409091 -0.00348485 0.00188073 0.00461538 -0.000614036 -0.00472541 -0.00102273 0.00125 -0.00205882 -0.0034375
internal_weight=3070 2745 325 228 200 145 96 56 742 705 97 66 55 408 151 257 144 40 49 63 44 297 109 52 57 2003 88 48 85 64
internal_count=3070 2745 325 228 200 145 96 56 742 705 97 66 55 408 151 257 144 40 49 63 44 297 109 52 57 2003 88 48 85 64
is_linear=0
shrinkage=0.05


Tree=25
num_leaves=31
num_cat=1
split_feature=3 11 6 6 6 10 6 2 3 3 7 2 6 6 4 2 6 10 5 5 2 5 2 10 10 10 3 3 10 3
split_gain=13.0386 2.35138 1.63533 0.916522 0.967262 1.58681 1.56123 0.588444 0.58663 0.511708 0.482261 0.770048 0.48003 0.496032 0.609533 0.446618 0.409667 0.636081 0.403418 0.877922 0.49 0.403333 0.371873 0.368329 0.471382 0.364027 0.27979 0.241056 0.184289 0.151045
threshold=492905.00214285724 0 314635.54880529764 388326.90521691699 376970.88855045469 167.50000000000003 364628.79054146173 463800.83000000007 1120377.0121428573 1009431.5150000001 1.5000000000000002 702787.15000000014 118969.01629422152 150392.42913183375 494266.58017857152 373014.69000000006 216769.50933962673 95.500000000000014 196761.01495935125 163323.57170830676 417986.48000000004 167700.546880907 873514.70000000007 120.50000000000001 218.50000000000003 164.50000000000003 534700.47071428585 352271.63285714295 143.50000000000003 1060734.0692857143
decision_type=2 1 2 2 2 2 2 2 2 2 2 2 2 2 2 2 2 2 2 2 2 2 2 2 2 2 2 2 2 2
left_child=1 12 10 4 5 6 29 -3 9 -5 11 21 15 27 18 -1 25 22 19 20 -15 -2 -18 -9 -25 26 -12 -14 -29 -4
right_child=2 7 3 8 -6 -7 -8 23 -10 -11 16 -13 13 14 -16 -17 17 -19 -20 -21 -22 -23 -24 24 -26 -27 -28 28 -30 -31
leaf_value=-31.13620147819293 2614.5751160646068 -5475.6475155572016 21573.970051872548 6447.1900329409409 21942.525955061657 -517.72783797070053 14193.222628976851 -3413.1049679623802 24.127493622457663 11741.788701703232 2057.6871587693099 4608.1148741758097 3079.3423697711587 1025.2781989281398 -1976.5017586960121 573.55317677877804 8031.7301633565703 6107.5701958369955 -938.79938775634446 12693.310606747833 -727.42095732269911 -1162.0216093323522 -4810.122151053677 509.38237405827414 -927.23655527688663 -4167.264598706226 -1094.520588076786 -727.00999664861877 -2693.059586171687 12564.560763972393
leaf_weight=33 20 2118 20 21 21 26 24 33 39 32 24 29 31 20 40 31 29 37 20 21 25 30 22 33 28 38 31 45 134 21
leaf_count=33 20 2118 20 21 21 26 24 33 39 32 24 29 31 20 40 31 29 37 20 21 25 30 22 33 28 38 31 45 134 21
internal_value=-0.00259428 -0.00396631 0.00512931 0.00848039 0.0115179 0.00928571 0.0134615 -0.00459496 0.00478261 0.00820755 0.0025 0.00575949 -0.000365855 -0.00113095 0.00134921 0.00359375 0.00107735 0.00352273 0.00372093 0.00560606 0.00166667 0.002 -9.80404e-05 -0.000744682 0.00155738 -0.00123656 0.00136364 -0.00261905 -0.00332402 0.0193902
internal_weight=3076 2612 464 204 112 91 65 2212 92 53 260 79 400 336 126 64 181 88 86 66 45 50 51 94 61 93 55 210 179 41
internal_count=3076 2612 464 204 112 91 65 2212 92 53 260 79 400 336 126 64 181 88 86 66 45 50 51 94 61 93 55 210 179 41
cat_boundaries=0 1
cat_threshold=4
is_linear=0
shrinkage=0.05


Tree=26
num_leaves=31
num_cat=1
split_feature=3 11 6 2 6 6 10 6 5 4 7 2 3 3 3 6 6 6 3 2 3 10 10 10 3 10 5 6 10 10
split_gain=12.3981 2.24711 1.51176 0.842124 0.79905 1.05861 1.42418 1.33308 0.617132 0.78652 0.616778 0.769133 0.816807 0.58663 0.511708 0.490246 0.483463 0.461538 0.454678 0.446618 0.343361 0.793981 0.324208 0.56448 0.243326 0.233654 0.228228 0.204762 0.186072 0.157027
threshold=498526.83071428578 0 314635.54880529764 443407.32000000007 388326.90521691699 376970.88855045469 167.50000000000003 364628.79054146173 104116.03570179307 387813.85142857145 1.5000000000000002 524753.90000000014 703693.51000000013 1120377.0121428573 1009431.5150000001 118969.01629422152 150392.42913183375 155481.2509383517 464564.0450000001 373014.69000000006 779153.05857142864 83.500000000000014 102.50000000000001 73.500000000000014 352271.63285714295 198.50000000000003 154024.64881952255 194078.48410926841 143.50000000000003 55.500000000000007
decision_type=2 1 2 2 2 2 2 2 2 2 2 2 2 2 2 2 2 2 2 2 2 2 2 2 2 2 2 2 2 2
left_child=1 15 10 -3 5 6 7 29 9 -5 11 -2 -13 14 -6 19 24 -18 26 -1 22 -22 23 -12 -17 -10 -19 -24 -26 -4
right_child=2 3 4 8 13 -7 -8 -9 25 -11 20 12 -14 -15 -16 16 17 18 -20 -21 21 -23 27 -25 28 -27 -28 -29 -30 -31
leaf_value=-29.579391404283349 -532.93292377764533 -5297.8135674445948 17003.408104864251 734.85515631757517 6124.8305312938883 20845.399657308575 -491.8414460721649 13483.561497528004 -836.25940587127286 -1245.6632667787071 -1455.6982194311838 4481.1732574446169 323.36167368966198 22.921118941333663 11154.699266618067 2925.3752512825981 1465.9919076650297 -214.17923810070235 1463.1216953883722 544.87551793983926 -3447.3629014934704 3833.2356554043145 -2083.8116961659339 7580.2685790890046 -690.65949681618656 -204.11243681437091 -1326.8544872091863 -98.057639698872066 -2544.3827159316616 17882.965500435737
leaf_weight=33 25 2096 20 22 21 21 26 24 54 21 26 30 21 39 32 31 24 36 30 31 27 21 43 29 45 26 38 27 136 21
leaf_count=33 25 2096 20 22 21 21 26 24 54 21 26 30 21 39 32 31 24 36 30 31 27 21 43 29 45 26 38 27 136 21
internal_value=-0.00259428 -0.00391346 0.00504415 -0.00452894 0.00823529 0.0110714 0.00873626 0.0126923 -0.000528456 0.00430232 0.00242972 0.00618421 0.00970588 0.00478261 0.00820755 -0.000410629 -0.00117647 0.00125 -0.000192309 0.00359375 0.000780346 0.004375 -0.000600001 0.00227273 -0.00264151 -0.003125 -0.0022973 -0.00285714 -0.00334254 0.0181707
internal_weight=3076 2623 453 2219 204 112 91 65 123 43 249 76 51 92 53 404 340 128 104 64 173 48 125 55 212 80 74 70 181 41
internal_count=3076 2623 453 2219 204 112 91 65 123 43 249 76 51 92 53 404 340 128 104 64 173 48 125 55 212 80 74 70 181 41
cat_boundaries=0 1
cat_threshold=4
is_linear=0
shrinkage=0.05


Tree=27
num_leaves=31
num_cat=1
split_feature=2 11 6 10 6 6 10 6 2 0 1 2 2 1 1 1 5 7 5 6 1 10 0 2 1 1 6 10 10 0
split_gain=11.9849 2.39496 1.39863 0.793695 0.779215 1.34075 1.07143 0.947904 0.913199 0.742507 0.70349 0.73373 1.00585 0.625129 0.512121 0.427472 0.910753 0.417447 0.458009 0.410516 0.378009 0.365801 0.286364 0.256563 0.237693 0.458574 0.341414 0.19425 0.357686 0.178602
threshold=516985.39500000008 0 314635.54880529764 85.500000000000014 388326.90521691699 376970.88855045469 167.50000000000003 364628.79054146173 950324.20000000007 661823.4800000001 474212.97000000003 819491.67500000016 560115.69500000018 772552.72500000009 311341.90000000008 398065.95000000007 105035.48597331518 2.5000000000000004 147182.69537654278 265376.84609726974 277549.11500000005 150.50000000000003 372629.17500000005 1396333.3000000003 604275.45000000007 552618.79500000004 116787.85359248157 212.50000000000003 192.50000000000003 366146.72000000003
decision_type=2 1 2 2 2 2 2 2 2 2 2 2 2 2 2 2 2 2 2 2 2 2 2 2 2 2 2 2 2 2
left_child=1 13 3 19 5 6 7 -4 -6 15 14 12 -12 20 -5 -3 -17 18 -14 -2 21 -1 -16 -10 25 26 -22 28 29 -28
right_child=2 9 4 10 8 -7 -8 -9 23 -11 11 -13 17 -15 22 16 -18 -19 -20 -21 24 -23 -24 -25 -26 -27 27 -29 -30 -31
leaf_value=2774.1859739517017 -2331.4946103407915 -5208.3668295116286 16486.432518159003 1198.8748425364165 10049.014246008406 19990.504076731297 -848.05414462800934 13458.816837233629 -1014.0191304490951 10281.617424471573 2043.933931474515 4573.2759252023998 -474.756842243655 9845.9636798693009 739.84577056993965 357.0114325215925 -1763.8352233279311 -2947.2979402810142 8348.608075851691 8645.8207884609055 448.71008965387711 -664.17695302737536 -1380.6028063799115 10429.655257501125 -2075.5344804467891 1393.1719446780912 -1898.387007104496 -1755.4863439592225 517.6317004602497 -69.991051428099908
leaf_weight=24 56 2047 37 33 22 20 24 23 39 20 25 30 22 30 20 35 93 29 20 31 22 42 35 24 44 31 46 55 21 76
leaf_count=24 56 2047 37 33 22 20 24 23 39 20 25 30 22 30 20 35 93 29 20 31 22 42 35 24 44 31 46 55 21 76
internal_value=-0.00257802 -0.00393658 0.00459184 0.00247508 0.00796296 0.0108654 0.00809524 0.0116667 0.00441176 -0.00456916 0.00411215 0.00650794 0.004375 -0.000261847 0.000681817 -0.00467816 -0.001875 0.00133803 0.00452381 -0.00155173 -0.000844877 0.00257576 -0.00227273 0.00134921 -0.00161017 -0.00101594 -0.00181818 -0.00247475 -0.0015035 -0.00254098
internal_weight=3076 2586 490 301 189 104 84 60 85 2195 214 126 96 391 88 2175 128 71 42 87 361 66 55 63 295 251 220 198 143 122
internal_count=3076 2586 490 301 189 104 84 60 85 2195 214 126 96 391 88 2175 128 71 42 87 361 66 55 63 295 251 220 198 143 122
cat_boundaries=0 1
cat_threshold=4
is_linear=0
shrinkage=0.05


Tree=28
num_leaves=31
num_cat=1
split_feature=3 11 4 1 7 3 6 3 4 6 0 1 0 6 1 7 6 4 4 7 3 7 3 10 0 10 3 0 10 3
split_gain=10.9973 2.06556 1.45597 1.35524 0.671647 0.958425 0.869483 0.666751 0.740504 0.578704 0.555706 0.894936 0.745819 0.510744 0.432102 0.403735 0.52589 0.494993 0.521075 0.396825 0.433929 0.370109 0.313237 0.756929 0.343137 0.31106 0.253968 0.218939 0.17881 0.178416
threshold=492905.00214285724 0 903807.27875000006 428246.89500000008 4.5000000000000009 1060734.0692857143 420523.54045574507 1082063.2450000001 1082648.0912500001 361361.47975868621 832401.2300000001 682681.61500000011 310110.58500000002 118969.01629422152 453839.63000000006 3.5000000000000004 150392.42913183375 494266.58017857152 440513.60017857148 1.0000000180025095e-35 312087.94642857148 3.5000000000000004 703693.51000000013 102.50000000000001 577566.06000000017 143.50000000000003 514419.54785714293 381765.96500000003 188.50000000000003 389106.43214285723
decision_type=2 1 2 2 2 2 2 2 2 2 2 2 2 2 2 2 2 2 2 2 2 2 2 2 2 2 2 2 2 2
left_child=1 13 10 -3 6 -6 7 9 -9 -4 12 -12 -2 14 27 16 25 18 -18 -5 -21 22 23 -14 -25 -15 -23 -1 -17 -30
right_child=2 3 4 19 5 -7 -8 8 -10 -11 11 -13 21 15 -16 28 17 -19 -20 20 -22 26 -24 24 -26 -27 -28 -29 29 -31
leaf_value=1275.1053725003258 3921.8353361087702 -4828.5573955040954 14028.074105665028 330.78201775595943 -3879.9819340257486 8183.2894346598587 1395.6016759895922 2265.3456985641028 11266.907488524545 19948.17002054484 13394.938199398741 -93.101679455792691 2443.7815922921272 612.91217921533541 -719.84515631605234 -2497.162339486018 145.01841851518594 -1997.2051903266849 2493.1308959348657 291.09665837237719 -569.6978962111466 68.680606892691685 -1732.3796887799463 -1919.5883231336766 944.93140596516423 -1893.6169684071808 -2459.1253620729931 130.33418607315517 746.87300447360997 -2464.03178543387
leaf_weight=24 20 2086 24 42 29 27 25 29 37 30 24 33 26 35 20 77 26 23 29 20 64 21 25 21 30 93 63 20 20 33
leaf_count=24 20 2086 24 42 29 27 25 29 37 30 24 33 26 35 20 77 26 23 29 20 64 21 25 21 30 93 63 20 20 33
internal_value=-0.00261053 -0.0038706 0.00448276 -0.00445995 0.00768657 0.00303571 0.00948276 0.01125 0.00787879 0.0153704 0.00203422 0.00640351 0.000825242 -0.000487806 0.00359375 -0.00127976 9.70862e-05 0.00333333 0.00590909 0.000555554 -0.00142857 -0.000161292 0.00186274 0.00344156 -9.80404e-05 -0.001875 -0.00261905 0.00636364 -0.00346154 -0.00122642
internal_weight=3076 2612 464 2212 201 56 145 120 66 54 263 57 206 400 64 336 206 78 55 126 84 186 102 77 51 128 84 44 130 53
internal_count=3076 2612 464 2212 201 56 145 120 66 54 263 57 206 400 64 336 206 78 55 126 84 186 102 77 51 128 84 44 130 53
cat_boundaries=0 1
cat_threshold=4
is_linear=0
shrinkage=0.05


Tree=29
num_leaves=31
num_cat=1
split_feature=3 0 1 1 11 4 0 4 0 7 6 0 1 4 6 6 0 6 1 0 1 10 1 1 10 0 6 3 0 1
split_gain=10.1802 2.09275 1.81995 1.07086 0.894781 0.729765 0.718524 0.604207 0.593432 0.53851 0.538197 0.922726 0.770107 0.523716 0.51349 0.505652 0.458115 0.423468 0.369904 0.369458 0.398531 0.416667 0.365062 0.593939 0.341675 0.286364 0.278136 0.233073 0.163371 0.13856
threshold=455748.94642857148 832401.2300000001 388154.28000000009 537380.32500000007 0 1130176.5851785715 966850.47500000021 903807.27875000006 308451.37500000006 3.5000000000000004 118969.01629422152 432248.34500000003 489230.06000000006 1082648.0912500001 296503.68648045248 103576.81067173934 473850.27500000008 314635.54880529764 1121804.6600000001 551425.88500000013 483238.4150000001 130.50000000000003 537380.32500000007 584401.12000000011 183.50000000000003 369617.96500000003 117836.1444139721 352271.63285714295 378119.72000000003 411838.23500000004
decision_type=2 2 2 2 1 2 2 2 2 2 2 2 2 2 2 2 2 2 2 2 2 2 2 2 2 2 2 2 2 2
left_child=2 7 4 -3 26 6 14 8 -2 16 11 12 15 -9 -5 -4 25 -8 24 -18 -21 -22 -12 -24 -19 -10 -1 -28 -29 -11
right_child=1 3 10 5 -6 -7 17 13 9 29 22 -13 -14 -15 -16 -17 19 18 -20 20 21 -23 23 -25 -26 -27 27 28 -30 -31
leaf_value=554.62751266050816 3899.4983117842294 24048.189221227516 241.28470655256612 3926.6746989374042 -4715.9202352054444 10262.438185193731 -2436.1904366687049 9628.8623973582417 4.4108158462432323 -93.500676150904667 -1351.2177290450838 -370.40405798489945 -834.91028173282086 -123.02682929107505 16029.085331244703 777.34931629389177 2638.0672845375798 8784.3698609142666 3101.3739894123537 -188.94133120275782 -230.1355059726051 2448.8074551429945 149.36082840088983 -1266.4511747908691 1610.3886810234544 -2086.6064289293113 2818.4153066418771 -583.0127624516756 -3087.1489581862224 -2323.621008750385
leaf_weight=29 29 28 28 21 2030 27 26 29 20 30 132 41 21 20 22 27 21 29 37 27 30 30 33 22 21 35 27 43 69 92
leaf_count=29 29 28 28 21 2030 27 26 29 20 30 132 41 21 20 22 27 21 29 37 27 30 30 33 22 21 35 27 43 69 92
internal_value=-0.00264304 0.00336237 -0.00402078 0.00732227 -0.00452229 0.00592896 0.00461538 0.0010606 0.000254776 -0.000438598 -0.000394738 0.00226496 0.00552631 0.00622449 0.0101163 0.00863636 0.00144172 0.00252212 0.0041954 0.00333333 0.00189655 0.00416667 -0.00205882 0.00136364 0.007 -0.00227273 -0.000786518 -0.00176259 -0.00276786 -0.00295082
internal_weight=3076 574 2502 211 2198 183 156 363 314 285 304 117 76 49 43 55 163 113 87 108 87 60 187 55 50 55 168 139 112 122
internal_count=3076 574 2502 211 2198 183 156 363 314 285 304 117 76 49 43 55 163 113 87 108 87 60 187 55 50 55 168 139 112 122
cat_boundaries=0 1
cat_threshold=4
is_linear=0
shrinkage=0.05


Tree=30
num_leaves=31
num_cat=0
split_feature=3 3 6 7 4 5 10 4 5 2 5 3 6 5 6 2 4 2 2 6 5 3 6 10 5 5 3 4 3 5
split_gain=12.1973 2.95895 1.12617 0.857461 0.702575 0.688954 0.622172 1.58904 0.807853 0.610032 0.853706 0.559751 0.962201 0.584946 0.543641 0.521737 0.500582 0.495098 0.468831 0.453257 0.374573 0.383069 0.35891 0.318149 0.448868 0.502414 0.307692 0.265152 0.260168 0.173259
threshold=608100.7571428573 345958.77428571432 314635.54880529764 3.5000000000000004 380747.99178571434 202391.29609061941 52.500000000000007 1031562.4142857144 423354.85599922697 509633.48000000004 155147.0633617999 1157977.4778571432 371329.70067227964 301338.93343541614 181076.79929150551 369476.97500000003 292670.81812169316 924534.84500000009 777059.90500000014 135100.44332905117 115916.17200422524 297238.75642857148 270874.48256614216 136.50000000000003 160148.23591941161 117345.10548469776 1120377.0121428573 402517.48767857149 366562.88500000007 116729.40733952666
decision_type=2 2 2 2 2 2 2 2 2 2 2 2 2 2 2 2 2 2 2 2 2 2 2 2 2 2 2 2 2 2
left_child=1 15 17 4 -3 28 -4 -8 11 23 19 12 -9 -14 -12 20 -17 18 22 27 -1 -22 -2 24 25 -6 -10 -11 -5 -25
right_child=2 3 6 5 9 -7 7 8 26 10 14 -13 13 -15 -16 16 -18 -19 -20 -21 21 -23 -24 29 -26 -27 -28 -29 -30 -31
leaf_value=-4565.1933435629271 12915.623368885668 1354.3565945841203 319.40153293842633 232.98091144591945 -970.97052481580567 1402.7831554713302 16293.300496364362 -534.96120736187584 8188.5237335374932 -977.18186356203501 3123.6338983320393 14464.102996376754 7026.0551503149827 15955.918531592724 -50.246595565290441 594.53424906055579 -1786.3572618699473 -83.623847645100881 7743.0027317084696 -1816.6911966274315 1770.412500060148 -2159.0346929706907 -1334.755596591101 -2290.9417313488088 -399.44486957962857 1828.5755409742942 -1399.7792642537197 970.00222893350076 -2253.3280082471224 -770.55338636938109
leaf_weight=1847 26 37 34 24 35 34 27 23 26 22 29 34 20 31 22 34 70 37 22 45 21 41 29 59 23 26 26 20 250 103
leaf_count=1847 26 37 34 24 35 34 27 23 26 22 29 34 20 31 22 34 70 37 22 45 21 41 29 59 23 26 26 20 250 103
internal_value=-0.00251381 -0.00361415 0.00649254 -0.000884775 0.000581947 -0.00288961 0.00857466 0.00970588 0.0078125 -5.20845e-05 0.00260869 0.0102778 0.00783784 0.0116667 0.0077451 -0.00460258 -0.00115385 0.00245614 0.00474026 -0.0004023 -0.00479047 -0.000967743 0.00227273 -0.00154472 0.00095238 0.00319672 0.00269231 0.00333333 -0.00372263 -0.00283951
internal_weight=3077 2742 335 729 421 308 221 187 160 384 138 108 74 51 51 2013 104 114 77 87 1909 62 55 246 84 61 52 42 274 162
internal_count=3077 2742 335 729 421 308 221 187 160 384 138 108 74 51 51 2013 104 114 77 87 1909 62 55 246 84 61 52 42 274 162
is_linear=0
shrinkage=0.05


Tree=31
num_leaves=31
num_cat=0
split_feature=2 0 4 2 4 7 5 5 5 3 6 10 10 6 6 0 7 4 5 10 6 10 2 4 6 5 0 3 4 5
split_gain=11.1214 2.36482 1.9626 1.27262 0.87344 0.750403 0.7841 0.653001 0.631556 0.795083 1.00576 0.604018 0.530552 0.515165 0.477384 0.372024 0.327054 0.321695 0.436364 0.276323 0.287043 0.519013 0.25654 0.21645 0.203008 0.289286 0.2 0.225 0.186552 0.182338
threshold=516985.39500000008 798871.29500000004 1007908.373881579 326119.78000000009 1031562.4142857144 3.5000000000000004 155147.0633617999 113855.66576723999 423354.85599922697 1157977.4778571432 371329.70067227964 85.500000000000014 120.50000000000001 398738.94413311017 135100.44332905117 1002513.7500000001 1.0000000180025095e-35 738330.17464285728 193358.77887970794 131.50000000000003 152176.35042145304 102.50000000000001 570289.31000000017 805789.245 81664.153204817194 98595.506214861714 372629.17500000005 337522.94214285718 292670.81812169316 142335.75914286054
decision_type=2 2 2 2 2 2 2 2 2 2 2 2 2 2 2 2 2 2 2 2 2 2 2 2 2 2 2 2 2 2
left_child=1 3 5 7 -4 6 12 -1 9 10 -6 -8 -2 -12 -14 -10 -9 18 -13 20 21 24 -7 -24 -5 -26 27 -27 -21 -30
right_child=2 -3 4 19 8 22 11 16 15 -11 13 17 14 -15 -16 -17 -18 -19 -20 28 -22 -23 23 -25 25 26 -28 -29 29 -31
leaf_value=-4596.9262348400944 -2439.7993773807557 10630.830628912814 15373.191170820437 -2007.7545258429891 1869.2080849751926 990.06208796805424 53.90197160338078 1421.6289261849256 9026.0672254124274 14364.823421783522 15167.083881030163 1086.7629342059413 313.89903404366441 5022.2618580045319 -572.20171126964692 -973.15573734713439 -1944.8437652362109 3734.5224603919664 15606.950683881538 395.43297859445642 -2427.0559154184093 778.02157808339871 -2558.1643909299296 -131.5607281700853 187.66596418346498 -506.0827750996072 -1795.4164949037986 1270.3825940463844 -2049.1239230679689 -226.92794695449354
leaf_weight=1842 31 36 22 21 37 26 43 23 20 31 20 24 39 29 31 28 189 21 20 23 60 24 50 27 32 20 40 20 169 79
leaf_count=1842 31 36 22 21 37 26 43 23 20 31 20 24 39 29 31 28 189 21 20 23 60 24 50 27 32 20 40 20 169 79
internal_value=-0.00251381 -0.00383631 0.00431864 -0.00401652 0.00836898 0.00189102 0.00361244 -0.00456183 0.00712121 0.00910256 0.00662791 0.00657407 0.000445543 0.0113265 0.00285714 0.00229167 -0.00193396 0.00961538 0.0120455 -0.00172131 -0.000391706 0.000732483 -0.00160194 -0.00305195 -0.000488723 0.000357142 -0.00125 0.00125 -0.00278598 -0.00318549
internal_weight=3077 2578 499 2542 187 312 209 2054 165 117 86 108 101 49 70 48 212 65 44 488 217 157 103 77 133 112 80 40 271 248
internal_count=3077 2578 499 2542 187 312 209 2054 165 117 86 108 101 49 70 48 212 65 44 488 217 157 103 77 133 112 80 40 271 248
is_linear=0
shrinkage=0.05


Tree=32
num_leaves=31
num_cat=0
split_feature=4 5 1 4 5 2 5 4 2 0 4 5 10 0 6 5 0 6 1 4 10 0 5 5 1 2 10 2 2 2
split_gain=9.65862 1.77831 1.54431 1.04382 0.961064 0.933076 0.823717 0.750092 0.977445 0.670144 0.600777 0.816805 0.757175 0.986774 0.607965 0.907786 0.59808 0.463167 0.424288 0.833478 0.394908 0.376671 0.488017 0.385038 0.410189 0.526201 0.265922 0.339595 0.346552 0.219269
threshold=412390.29964285716 105817.25042322236 349418.68500000006 1007908.373881579 160148.23591941161 1028137.0450000002 105035.48597331518 390239.97857142863 329237.01500000007 1170112.9500000002 498242.98232142866 188291.0587314321 132.50000000000003 381765.96500000003 136501.98635866327 139335.16524784229 337547.21500000003 158938.06409719549 924534.84500000009 1069953.8230357144 172.50000000000003 463300.02500000008 160148.23591941161 196761.01495935125 1005808.2800000001 804593.59000000008 128.50000000000003 356720.39500000008 524753.90000000014 1396333.3000000003
decision_type=2 2 2 2 2 2 2 2 2 2 2 2 2 2 2 2 2 2 2 2 2 2 2 2 2 2 2 2 2 2
left_child=2 -2 4 10 -1 18 7 8 -4 20 11 14 13 -12 15 -3 -10 -16 -5 -20 -7 -15 -23 -24 25 -25 -8 -28 -29 -11
right_child=1 3 6 5 -6 9 26 -9 16 29 12 -13 -14 21 17 -17 -18 -19 19 -21 -22 22 23 24 -26 -27 27 28 -30 -31
leaf_value=-4071.6758792951714 -2342.0958583780171 1065.5553307570046 -1995.196893000119 14449.967094397341 482.82889637503649 13947.857158173912 -2309.2308151540265 -1233.2512071331357 747.89379140912604 -455.06584423679925 5195.9351330570626 7324.1255189733411 -1262.4948028775668 -3153.0565556685015 -3269.6350754278465 -1350.6978987272394 467.96834207773054 544.8738339646801 7648.6693354216395 13635.685055871303 10730.767980520213 3994.8169522566955 -630.46937108915608 773.36850305217718 -4197.7903171715243 6604.1703576020227 309.49564658160097 -2552.2567268066741 24.473123675291085 8550.1052921054707
leaf_weight=2019 67 23 26 33 34 37 80 36 26 22 28 25 72 23 37 20 33 38 30 33 23 27 25 45 28 28 51 67 20 21
leaf_count=2019 67 23 26 33 34 37 80 36 26 22 28 25 72 23 37 20 33 38 30 33 23 27 25 45 28 28 51 67 20 21
internal_value=-0.00249756 0.00273723 -0.00399666 0.00357605 -0.00451291 0.00655779 -0.000870208 0.00243802 0.005 0.00325243 0.0021599 0.00479021 0.0007971 0.00235294 0.00305085 0.0077907 0.00855932 0.000333332 0.0101042 0.00769841 0.00666667 0.000965908 0.00186274 0.000555554 0.00193069 0.00390411 -0.00270642 -0.00137681 -0.00327586 -0.00151163
internal_weight=3077 685 2392 618 2053 199 339 121 85 103 419 143 276 204 118 43 59 75 96 63 60 176 153 126 101 73 218 138 87 43
internal_count=3077 685 2392 618 2053 199 339 121 85 103 419 143 276 204 118 43 59 75 96 63 60 176 153 126 101 73 218 138 87 43
is_linear=0
shrinkage=0.05


Tree=33
num_leaves=31
num_cat=1
split_feature=11 0 4 5 2 1 5 0 6 10 5 0 6 6 5 4 6 6 0 0 5 6 10 10 2 0 0 4 5 0
split_gain=8.66449 2.37532 1.77391 1.2317 0.954586 0.674215 0.7944 0.667794 0.526753 0.680731 0.538062 0.504167 1.225 0.460445 0.564407 0.529598 0.550681 0.487996 0.46203 0.45873 0.785247 0.369906 0.311178 0.951452 0.306013 0.294118 1.12892 0.49187 0.284582 0.277778
threshold=0 577566.06000000017 1007908.373881579 157860.22606546877 1083362.1950000001 337986.9150000001 94078.567190292888 966850.47500000021 382296.36668734596 141.50000000000003 423354.85599922697 337547.21500000003 75939.08489602503 118969.01629422152 104116.03570179307 398491.41375000007 140282.44546770511 149035.15484648271 443056.65500000009 280013.45000000007 292071.28661657387 143520.64543863767 204.50000000000003 50.500000000000007 1466779.4400000002 463300.02500000008 523564.02500000008 791081.76035714301 188291.0587314321 381765.96500000003
decision_type=1 2 2 2 2 2 2 2 2 2 2 2 2 2 2 2 2 2 2 2 2 2 2 2 2 2 2 2 2 2
left_child=2 5 13 -3 8 -2 11 -6 9 -4 -10 12 -7 22 -15 21 18 -18 -17 -19 25 -16 23 -1 -9 29 -27 28 -28 -21
right_child=1 3 4 -5 7 6 -8 24 10 -11 -12 -13 -14 14 15 16 17 19 -20 20 -22 -23 -24 -25 -26 26 27 -29 -30 -31
leaf_value=-228.13496089117291 -4054.6344253370899 -1825.2557037891654 13567.625961975096 9611.4382508542167 13501.438713971102 -2274.3209748933568 -1590.3192088062679 -539.92065889452056 15798.541626151993 -208.19615789029828 6652.5353693718134 -801.10985244737094 558.30745521175538 -1866.3350970104539 -2520.3071970258893 3323.6670217125866 -2036.9272687714956 2101.2667726906502 61.753884481013444 1690.7519946200432 -1624.2608627157351 222.97178992779223 -423.69856383873889 1014.519001475889 7695.8373891373039 2241.4215626201567 109.59265969700731 9169.4045252558863 -1620.8980357709606 -1272.5841050357603
leaf_weight=21 1942 22 32 31 35 20 208 37 29 23 21 24 20 81 59 29 33 28 30 24 48 29 28 20 23 21 42 41 40 36
leaf_count=21 1942 22 32 31 35 20 208 37 29 23 21 24 20 81 59 29 33 28 30 24 48 29 28 20 23 21 42 41 40 36
internal_value=-0.00254631 -0.00412165 0.00189024 0.00632075 0.006 -0.00439025 -0.00205882 0.00236842 0.00928571 0.00590909 0.013 0.0028125 0.00625 0.000573769 8.31781e-05 0.000760868 0.00158602 0.000750798 0.00601695 0.00142857 0.000753967 -0.00272727 0.00442029 0.00719512 -0.000833335 0.00210784 0.00333333 0.00150406 -0.000731709 -0.000833335
internal_weight=3077 2267 810 53 200 2214 272 95 105 55 50 64 40 610 541 460 372 313 59 280 252 88 69 41 60 204 144 123 82 60
internal_count=3077 2267 810 53 200 2214 272 95 105 55 50 64 40 610 541 460 372 313 59 280 252 88 69 41 60 204 144 123 82 60
cat_boundaries=0 1
cat_threshold=4
is_linear=0
shrinkage=0.05


Tree=34
num_leaves=31
num_cat=0
split_feature=1 4 5 3 2 6 3 1 10 10 7 2 1 1 1 10 1 4 5 7 3 3 2 4 3 1 4 1 10 10
split_gain=8.06128 2.30207 1.08226 0.854407 0.669158 0.733371 0.782609 0.69472 0.600709 0.503113 0.500421 0.331869 0.32463 0.299642 0.292566 0.558585 0.640565 0.742205 1.42029 0.350494 0.326426 0.476261 0.342591 0.509708 0.393391 0.318721 0.306543 0.265709 0.254676 0.199134
threshold=359202.95500000002 1007908.373881579 115916.17200422524 944443.11500000011 1083362.1950000001 382296.36668734596 1120377.0121428573 1340411.5150000004 143.50000000000003 141.50000000000003 1.5000000000000002 449917.94000000006 226543.77500000002 337986.9150000001 432365.23500000004 189.50000000000003 489230.06000000006 476945.73303571431 105035.48597331518 3.5000000000000004 856184.22142857162 406457.7028571429 873514.70000000007 407998.79946428578 479529.04714285722 726605.24000000011 805789.245 578635.78500000015 238.50000000000003 143.50000000000003
decision_type=2 2 2 2 2 2 2 2 2 2 2 2 2 2 2 2 2 2 2 2 2 2 2 2 2 2 2 2 2 2
left_child=2 14 13 -3 5 9 -7 29 10 -5 -4 -10 -12 -1 28 16 17 18 -16 20 21 -18 23 -23 -25 -26 -21 -17 -2 -6
right_child=1 3 8 4 7 6 -8 -9 11 -11 12 -13 -14 -15 15 27 19 -19 -20 26 -22 22 -24 24 25 -27 -28 -29 -30 -31
leaf_value=-3812.7028089391024 -1438.4996838434743 14393.833872553805 1801.011403035287 9020.6920588384291 -2869.6816187612922 11789.184198429948 11741.457683217839 13632.143645479551 -2400.0845869350683 -432.37309685052799 6551.5721392269052 224.01659835463576 -830.54324214163807 -1443.4530593492882 567.57487863750578 -1771.3178203437751 -1456.5704010608433 4671.8526971910078 -877.27652887260615 -1977.841787572371 -1730.1814360677738 402.80573842191257 6789.9486911701206 -1298.4890878942144 5892.0554200875595 -688.39016182422347 3884.3105560312379 468.98320939161931 740.193372895077 -11.904850045435985
leaf_weight=1896 156 22 28 27 23 23 23 26 109 20 28 32 47 46 23 98 28 30 46 73 28 20 20 20 36 26 26 39 25 33
leaf_count=1896 156 22 28 27 23 23 23 26 109 20 28 32 47 46 23 98 28 30 46 73 28 20 20 20 36 26 26 39 25 33
internal_value=-0.00261131 0.00139731 -0.0042452 0.00616751 0.005 0.00790322 0.0123913 0.00170732 -0.00110656 0.00351064 0.00179612 -0.00322695 -0.000333335 -0.00463955 4.32265e-05 0.00065302 0.00164893 0.00510101 0.00224638 0.000415161 0.00174157 0.00266667 0.00401639 0.00284314 0.00109756 0.00306451 -0.0019697 -0.00208029 -0.00168508 -0.00142857
internal_weight=3077 891 2186 197 175 93 46 82 244 47 103 141 75 1942 694 513 376 99 69 277 178 150 122 102 82 62 99 137 181 56
internal_count=3077 891 2186 197 175 93 46 82 244 47 103 141 75 1942 694 513 376 99 69 277 178 150 122 102 82 62 99 137 181 56
is_linear=0
shrinkage=0.05


Tree=35
num_leaves=31
num_cat=0
split_feature=1 4 0 3 0 4 3 4 0 3 5 10 10 10 2 4 2 2 0 5 4 2 5 3 3 4 4 3 3 7
split_gain=7.07049 2.3946 1.21725 1.03651 0.924241 0.658811 0.809491 0.51098 0.3756 0.766597 0.872871 0.60083 0.380676 0.727706 0.467748 0.719285 0.483609 1.32547 0.34424 0.606659 0.344048 0.332572 0.31771 0.519561 1.06747 0.278985 0.550267 0.267857 0.277778 0.154597
threshold=337986.9150000001 1007908.373881579 416304.46500000003 944443.11500000011 1121804.6600000001 1053184.051964286 1060734.0692857143 297287.50267857144 308451.37500000006 483066.75000000006 125344.4409958035 180.50000000000003 212.50000000000003 203.50000000000003 491074.49500000005 394689.6166071429 301824.55000000005 269068.82000000007 507334.46000000008 138146.13288717566 314879.24570488726 313429.03000000009 285611.02608859289 608100.7571428573 881574.58142857149 508332.40803571435 418029.89910714288 1206016.0507142858 1120377.0121428573 5.5000000000000009
decision_type=2 2 2 2 2 2 2 2 2 2 2 2 2 2 2 2 2 2 2 2 2 2 2 2 2 2 2 2 2 2
left_child=2 8 21 -3 5 -5 -7 -4 9 10 11 20 13 14 16 -16 17 -10 19 -9 -2 -1 23 25 -25 26 -17 28 -6 -23
right_child=1 3 7 4 27 6 -8 18 12 -11 -12 -13 -14 -15 15 22 -18 -19 -20 -21 -22 29 -24 24 -26 -27 -28 -29 -30 -31
leaf_value=-4631.2793840696377 179.26428316651965 13920.65541320376 9072.2756799262697 8332.8884193761296 395.27316967042157 7285.8513725430503 12545.747298055867 -1977.1074038194965 -4404.4625181439651 4294.3262524664278 -2389.0797680242054 732.04848009369425 -1464.433828527935 817.39836597915519 436.81713046422692 -993.61451951748484 -1605.8343878804396 1074.0267248283831 -1829.9063917153244 9218.0481925385884 -571.47649842126737 -1163.2294708169907 -993.38035210537009 8516.7190085477141 -3531.1838027338927 -1091.1494487592929 2116.9860820012359 13855.747417792423 -1611.3938701799675 -215.63601758009997
leaf_weight=1738 32 21 20 32 36 21 29 37 41 23 61 27 140 22 20 21 160 21 68 23 28 168 42 31 24 46 34 24 24 25
leaf_count=1738 32 21 20 32 36 21 29 37 41 23 61 27 140 22 20 21 160 21 68 23 28 168 42 31 24 46 34 24 24 25
internal_value=-0.00266371 0.000885415 -0.00430255 0.00596257 0.00463855 0.00841463 0.012 6.75664e-05 -0.000342821 0.00172515 0.000405404 0.00362069 -0.000930234 -0.000238096 -0.000681819 0.000963302 -0.0022973 0.00145161 -0.00109375 0.00166667 0.000833332 -0.00463749 5.05039e-05 0.00108974 0.005 -0.00103961 0.00136364 0.00095238 -0.000833335 -0.00266839
internal_weight=3039 960 2079 187 166 82 50 148 773 171 148 87 602 462 440 218 222 62 128 60 60 1931 198 156 55 101 55 84 60 193
internal_count=3039 960 2079 187 166 82 50 148 773 171 148 87 602 462 440 218 222 62 128 60 60 1931 198 156 55 101 55 84 60 193
is_linear=0
shrinkage=0.05


Tree=36
num_leaves=31
num_cat=0
split_feature=1 4 0 0 0 2 5 7 2 0 2 2 2 6 10 0 10 2 5 6 0 7 0 6 0 0 6 1 5 4
split_gain=7.32063 2.31985 1.08879 0.814814 0.861513 0.558454 0.414369 0.365972 0.617094 0.444444 0.362729 0.350732 0.285129 0.2757 0.272269 0.632792 0.437983 0.306882 0.662767 0.431093 0.343104 0.396431 0.340896 0.595238 0.255482 0.253286 0.326059 0.372212 0.244471 0.445758
threshold=332668.01500000007 1007908.373881579 416304.46500000003 1074964.1100000001 922493.13000000012 1466779.4400000002 70882.235317453786 2.5000000000000004 352487.06500000006 507334.46000000008 209254.53500000003 313429.03000000009 1006985.9500000001 117836.1444139721 212.50000000000003 306470.57000000001 199.50000000000003 491074.49500000005 87869.833572332165 364628.79054146173 542636.96000000008 3.5000000000000004 405023.70000000007 140282.44546770511 771630.27000000014 399339.38000000006 138723.34230673066 428246.89500000008 285611.02608859289 669903.92625000014
decision_type=2 2 2 2 2 2 2 2 2 2 2 2 2 2 2 2 2 2 2 2 2 2 2 2 2 2 2 2 2 2
left_child=2 6 11 4 24 12 -2 -4 -9 -10 -8 -1 -5 -13 16 -16 17 18 -12 22 25 -22 23 -19 -3 26 27 -20 29 -24
right_child=1 3 7 5 -6 -7 10 8 9 -11 14 13 -14 -15 15 -17 -18 19 20 -21 21 -23 28 -25 -26 -27 -28 -29 -30 -31
leaf_value=-4488.2692604849744 -1619.5685094359942 6555.2699997771651 -1068.5248036171472 5358.0568882507214 12310.327417639734 7282.4559739727329 -5601.9657309112736 6989.4404509221904 2258.5183414503531 -2195.8478316677288 178.09849643561358 -471.54415994467382 -2916.9764030231877 -2798.8918682638914 596.43578157253148 -1535.066722540942 824.76999587334467 2010.4418363544971 -2147.445339292512 -1873.3352733682257 515.01180910466235 -3141.6989523114062 -134.01474970813976 1597.8177137218565 2520.8032960239175 -1715.3158319272454 -1883.0197889172316 196.54305585943575 -1523.5229756316505 7095.3383063458205
leaf_weight=1733 43 33 77 43 34 20 34 20 20 25 25 112 29 69 30 129 42 24 42 22 34 25 91 32 28 69 38 38 27 51
leaf_count=1733 43 33 77 43 34 20 34 20 20 25 25 112 29 69 30 129 42 24 42 22 34 25 91 32 28 69 38 38 27 51
internal_value=-0.0025979 0.000951169 -0.00429475 0.00596257 0.00921053 0.00260869 -0.000226132 -7.04237e-05 0.00269231 -0.000555557 4.64796e-05 -0.00460815 0.000555554 -0.00251381 0.000285117 -0.00154088 0.00080357 0.000405404 -0.000756459 0.00168016 -0.00154472 0.00177966 0.00233333 0.00571428 0.00565574 -0.00259358 -0.00118644 0.000624999 0.00121302 0.00204225
internal_weight=3039 983 2056 187 95 92 796 142 65 45 753 1914 72 181 719 159 560 518 271 247 246 59 225 56 61 187 118 80 169 142
internal_count=3039 983 2056 187 95 92 796 142 65 45 753 1914 72 181 719 159 560 518 271 247 246 59 225 56 61 187 118 80 169 142
is_linear=0
shrinkage=0.05


Tree=37
num_leaves=31
num_cat=0
split_feature=2 0 4 3 7 4 2 6 0 0 10 6 3 6 9 10 3 0 10 2 0 2 2 6 10 10 7 7 4 4
split_gain=6.68657 2.0675 1.34063 1.01228 0.557555 1.50942 0.97572 0.653279 0.48762 0.556287 0.455435 0.343572 0.30658 0.284984 0.264729 0.321172 0.663345 0.648315 0.625926 0.927413 0.317838 0.5 0.301932 0.445514 0.251784 0.392692 0.240698 0.226154 0.4 0.187352
threshold=516985.39500000008 210298.58000000002 1007908.373881579 944443.11500000011 5.5000000000000009 292670.81812169316 334676.59500000003 110373.15389610942 1121804.6600000001 922493.13000000012 145.50000000000003 392986.0371931126 423273.4285714287 20094.521032280951 1.0000000180025095e-35 115.50000000000001 527034.28714285733 617625.81000000017 146.50000000000003 560115.69500000018 378119.72000000003 607443.92500000016 687025.37000000011 275537.99546421139 212.50000000000003 199.50000000000003 3.5000000000000004 1.0000000180025095e-35 418029.89910714288 412390.29964285716
decision_type=2 2 2 2 2 2 2 2 2 2 2 2 2 2 2 2 2 2 2 2 2 2 2 2 2 2 2 2 2 2
left_child=1 -1 14 -4 7 6 -6 13 9 11 -10 -5 -7 -3 15 16 -2 18 -17 -20 -21 -22 -18 -24 25 27 -12 28 -9 -29
right_child=2 4 3 8 5 12 -8 24 10 -11 26 -13 -14 -15 -16 17 22 -19 19 20 21 -23 23 -25 -26 -27 -28 29 -30 -31
leaf_value=-7287.2115267659192 -2117.6838739252576 182.02756036460633 12609.106271661578 8489.4633752305563 100.41746315659475 -1552.2129690193156 917.40756550615561 665.18004615775862 4996.2196318316019 11365.887861445539 -2326.3747536309215 -1430.4818265317017 32.098454095421197 -1819.2559891513154 -2646.1644584150631 4433.8740239581393 7999.2312475709132 -817.31791377540389 525.53312262877557 -6028.4665118951671 -2337.0815438673603 284.82303082708131 -660.08655185331759 4419.8122853489285 -1377.0064660685778 822.38485961028005 2705.4190660228646 -1629.4147266816442 -1563.4964944411431 -77.098947629814219
leaf_weight=1432 52 22 21 27 23 85 21 20 36 31 23 22 38 454 33 20 20 33 34 24 25 25 43 29 109 37 20 137 20 123
leaf_count=1432 52 22 21 27 23 85 21 20 36 31 23 22 38 454 33 20 20 33 34 24 25 25 43 29 109 37 20 137 20 123
internal_value=-0.00254854 -0.00361166 0.00262548 0.00611111 -0.0019697 0.000688622 0.00863636 -0.00245119 0.00474843 0.0075 0.00196202 0.00418367 -0.00215447 -0.0037395 0.00076923 0.00122951 -0.000486112 0.00276397 0.004375 0.00287037 -0.000270271 0.002 0.00206522 0.000555554 -0.00107623 -0.000400595 -0.00151163 -0.001 0.0025 -0.00153846
internal_weight=3039 2521 518 180 1089 167 44 922 159 80 79 49 123 476 338 305 144 161 128 108 74 50 92 72 446 337 43 300 40 260
internal_count=3039 2521 518 180 1089 167 44 922 159 80 79 49 123 476 338 305 144 161 128 108 74 50 92 72 446 337 43 300 40 260
is_linear=0
shrinkage=0.05


Tree=38
num_leaves=31
num_cat=0
split_feature=1 4 5 10 4 3 0 3 7 1 5 3 2 10 5 10 4 1 4 3 5 5 2 0 0 3 0 3 1 4
split_gain=6.74652 1.7108 1.06877 0.726005 0.587966 0.554913 0.875247 0.490382 0.483503 0.39638 0.389547 0.555836 0.452787 0.9 0.651503 0.40208 0.375182 0.485541 0.432846 0.375887 0.370777 0.499796 0.466667 0.350604 0.633949 0.656671 0.309079 0.279672 0.384127 0.268672
threshold=337986.9150000001 903807.27875000006 122700.24752052366 135.50000000000003 491220.28318783076 944443.11500000011 966850.47500000021 1060734.0692857143 3.5000000000000004 223792.88500000004 70882.235317453786 366562.88500000007 463800.83000000007 176.50000000000003 99666.096979378126 39.500000000000007 791081.76035714301 801519.06500000006 385148.46392857149 779153.05857142864 439966.3942250454 328924.07039972878 1170112.9500000002 641841.67000000016 557495.57500000007 498526.83071428578 416304.46500000003 222386.66500000001 311341.90000000008 418029.89910714288
decision_type=2 2 2 2 2 2 2 2 2 2 2 2 2 2 2 2 2 2 2 2 2 2 2 2 2 2 2 2 2 2
left_child=2 10 9 4 8 -3 7 -7 -4 -1 -2 12 14 -14 -12 -13 18 -18 -17 23 21 22 -8 24 -20 -26 27 28 -11 -5
right_child=1 5 3 29 -6 6 20 -9 -10 26 11 15 13 -15 -16 16 17 -19 19 -21 -22 -23 -24 -25 25 -27 -28 -29 -30 -31
leaf_value=-7396.4631228771104 -1104.0819985564758 11535.121880704535 5092.8715234197171 -2382.7417067884994 -144.25243917398717 7001.1359946460407 -1916.9422783423936 11022.536008010209 -148.1322828827808 -1075.2733744043214 212.83940484481025 -2204.8517606328505 -1324.0561689817794 616.81334175798679 -1202.7925810914182 188.39504665818049 6601.2391888698057 -2719.8900145340958 -721.72531935454117 4276.2772817155374 -6498.9366920310867 11927.336043687632 4479.7680265669505 -1995.5291500837202 -475.73495962456082 4062.3850002792287 837.11478745474278 -1620.3015975789999 160.56156374558341 -113.07650334204455
leaf_weight=1449 40 27 24 67 24 33 28 34 23 70 29 47 20 20 54 36 20 23 336 25 20 38 20 56 32 22 30 334 20 38
leaf_count=1449 40 27 24 67 24 33 28 34 23 70 29 47 20 20 54 36 20 23 336 25 20 38 20 56 32 22 30 334 20 38
internal_value=-0.00258144 0.000885415 -0.0041823 -0.000454547 0.0034507 0.005 0.00395954 0.00843283 0.00670213 -0.00452706 -0.00019737 6.94433e-05 0.00313008 0.0075 0.0010241 -0.00056114 -0.000181819 0.00430232 -0.000562131 -0.000966031 0.00113207 0.00255814 -0.000833335 -0.00130045 -0.000769232 0.00425926 -0.00323789 -0.00358491 -0.00111111 -0.00309524
internal_weight=3039 960 2079 176 71 200 173 67 47 1903 760 720 123 40 83 597 550 43 507 471 106 86 48 446 390 54 454 424 90 105
internal_count=3039 960 2079 176 71 200 173 67 47 1903 760 720 123 40 83 597 550 43 507 471 106 86 48 446 390 54 454 424 90 105
is_linear=0
shrinkage=0.05


Tree=39
num_leaves=31
num_cat=1
split_feature=1 0 3 1 0 0 6 1 0 0 5 3 1 1 2 2 10 5 6 1 3 5 2 5 3 0 11 6 6 0
split_gain=6.54533 1.13819 1.03585 0.71456 0.630626 0.584281 0.492215 0.719666 0.51979 0.462312 0.463316 0.41174 0.530086 0.465194 0.57619 0.452787 0.9 0.651503 0.402643 0.397046 0.432273 0.414566 0.379858 0.339554 0.782708 0.266234 0.257805 0.955331 0.408935 0.454743
threshold=337986.9150000001 416304.46500000003 750621.0357142858 591945.27000000014 1208396.8800000001 832401.2300000001 284870.39884652669 974722.88500000013 966850.47500000021 641841.67000000016 70882.235317453786 366562.88500000007 537380.32500000007 591945.27000000014 586239.86000000022 463800.83000000007 176.50000000000003 99666.096979378126 405212.51346880774 311341.90000000008 223240.32214285719 20431.333941662022 440523.68500000006 167700.546880907 490488.75642857148 390224.83000000002 0 118969.01629422152 135100.44332905117 557495.57500000007
decision_type=2 2 2 2 2 2 2 2 2 2 2 2 2 2 2 2 2 2 2 2 2 2 2 2 2 2 1 2 2 2
left_child=1 19 9 -4 5 -5 -7 -8 -9 10 -2 15 26 22 25 17 -17 -12 -6 -1 -21 -22 -14 -3 -25 -15 27 -13 -29 -30
right_child=2 23 3 4 18 6 7 8 -10 -11 11 12 13 14 -16 16 -18 -19 -20 20 21 -23 -24 24 -26 -27 -28 28 29 -31
leaf_value=-3879.9759877395868 -1048.8778986286507 -1153.5901310776144 14205.18027815238 1954.208703714439 -1108.8421097235787 -360.95992162877525 10651.556957625526 9984.5594548715981 909.29388093058571 -2012.530632002889 202.19743460257047 713.55242153808433 1127.6337769334814 18.546708037097389 4358.513210224366 -1257.8533605326904 585.97267467008771 -1142.6529520368481 5633.0614253215608 152.53348555830308 189.63790335962551 -1625.8107756125689 125.64642668996436 10667.279819630352 -386.28155675747786 -2048.2310532010197 -1948.7206487443489 -1814.7554537242665 -921.22645289407706 763.56569783617124
leaf_weight=1809 40 93 20 87 57 20 27 22 27 65 29 25 22 22 27 20 20 54 20 20 28 74 39 23 32 41 118 55 82 21
leaf_count=1809 40 93 20 87 57 20 27 22 27 65 29 25 22 22 27 20 20 54 20 20 28 74 39 23 32 41 118 55 82 21
internal_value=-0.00258144 -0.00415825 0.000833332 0.00339286 0.00269231 0.00428962 0.00697917 0.00881579 0.00520408 -0.000220589 0.000203251 0.000565216 -0.000132745 0.00228477 -1.19209e-09 0.00313008 0.0075 0.0010241 -0.0011039 -0.00448213 -0.00172131 -0.00303922 0.00565574 6.75664e-05 0.00318182 -0.00261905 -0.00134552 -7.77213e-05 -0.00151899 0.000339805
internal_weight=3039 2079 960 280 260 183 96 76 49 680 615 575 452 151 90 123 40 83 77 1931 122 102 61 148 55 63 301 183 158 103
internal_count=3039 2079 960 280 260 183 96 76 49 680 615 575 452 151 90 123 40 83 77 1931 122 102 61 148 55 63 301 183 158 103
cat_boundaries=0 1
cat_threshold=4
is_linear=0
shrinkage=0.05


Tree=40
num_leaves=31
num_cat=1
split_feature=3 2 0 0 2 4 6 1 3 11 0 4 4 6 3 5 4 1 4 2 7 5 2 1 1 6 1 7 3 1
split_gain=6.0771 1.18811 0.880378 1.16078 0.710055 0.854176 0.536957 0.519802 0.657231 0.641109 0.484879 0.608154 1.12823 0.47558 0.57619 0.741826 0.460072 0.485873 0.934497 0.528524 0.377329 0.370479 0.775092 0.354466 0.473485 0.328203 0.322159 0.318263 0.691026 0.259752
threshold=328123.72285714292 320358.76500000007 832401.2300000001 1170112.9500000002 579120.67000000004 1007908.373881579 392986.0371931126 440523.68500000006 377005.93500000011 0 232009.21000000002 262126.74732142859 224455.03446428574 118969.01629422152 460756.10428571433 221351.28441132806 383706.95732142864 489230.06000000006 476945.73303571431 819491.67500000016 4.5000000000000009 328924.07039972878 1006985.9500000001 277549.11500000005 230817.63500000004 20961.702775947928 291138.22500000003 5.5000000000000009 292565.95071428578 295994.90000000008
decision_type=2 2 2 2 2 2 2 2 2 1 2 2 2 2 2 2 2 2 2 2 2 2 2 2 2 2 2 2 2 2
left_child=1 10 7 4 -4 -6 -7 9 -9 13 -1 12 29 -2 23 -16 -10 18 -18 -19 -21 -5 -23 24 -15 -13 -3 -28 -29 -12
right_child=2 26 3 21 5 6 -8 8 16 -11 11 25 -14 14 15 -17 17 19 -20 20 -22 22 -24 -25 -26 -27 27 28 -30 -31
leaf_value=-6358.8963440461812 290.54945875798319 152.22957546271167 12925.025698411438 -1911.1180234638687 -475.66148369012171 9870.498517571561 5847.5068969950935 510.56501321073341 302.99832905345522 -2168.8086055090348 -1867.1327253047014 -137.71349086194036 3453.2260001760005 -3009.8692735496884 881.4404446391726 -1476.0553188685235 -649.93418817026077 -589.08721498672901 1135.6790635886862 5443.3482608787144 -416.06114874338465 15117.838687247367 -1341.6747327957069 -988.91750116347976 1472.9169618155229 -1773.4343725412023 -1575.2724455684634 254.04441345336778 -1319.4506804554276 182.78468290240073
leaf_weight=1512 32 40 23 46 38 38 21 36 31 175 57 23 23 24 33 24 32 234 29 48 21 26 30 125 20 213 85 30 22 20
leaf_count=1512 32 40 23 46 38 38 21 36 31 175 57 23 23 24 33 24 32 234 29 48 21 26 30 125 20 213 85 30 22 20
internal_value=-0.00249277 -0.00411111 0.000524861 0.00333333 0.00666667 0.00479381 0.00855932 -0.00019676 0.00103248 -0.00142032 -0.00448593 -0.00276786 0.000499999 0.000223879 -0.000575222 0.00377193 0.000443037 -5.49462e-05 0.00401639 -0.000874589 0.00297101 -0.000588236 0.00214286 -0.00204142 0.00181818 -0.00415254 -0.000197741 -0.00135037 0.00173077 -0.0024026
internal_weight=3111 2025 1086 222 120 97 59 864 431 433 1848 336 100 258 226 57 395 364 61 303 69 102 56 169 44 236 177 137 52 77
internal_count=3111 2025 1086 222 120 97 59 864 431 433 1848 336 100 258 226 57 395 364 61 303 69 102 56 169 44 236 177 137 52 77
cat_boundaries=0 1
cat_threshold=4
is_linear=0
shrinkage=0.05


Tree=41
num_leaves=31
num_cat=2
split_feature=5 11 7 10 0 2 5 5 3 10 7 0 11 7 10 4 5 3 4 0 2 2 2 10 6 5 2 4 2 4
split_gain=6.02126 1.86622 1.65837 1.04283 0.604621 1.11028 0.60525 1.17164 0.960317 0.595238 0.499145 1.04407 0.506244 0.683411 1.03415 0.536178 0.525821 0.601136 0.431282 0.886248 0.405957 0.343572 0.338069 0.471382 0.323232 0.688228 0.318784 1.03019 0.300442 0.706614
threshold=67453.735831204875 0 5.5000000000000009 133.50000000000003 832401.2300000001 409340.1650000001 456290.21455313457 328924.07039972878 1120377.0121428573 108.50000000000001 1.5000000000000002 395669.96500000003 1 3.5000000000000004 143.50000000000003 542050.73750000016 122700.24752052366 366562.88500000007 375439.2678571429 320408.80000000005 1349801.5700000001 509633.48000000004 546466.46000000008 199.50000000000003 116787.85359248157 142335.75914286054 281386.79500000004 298233.88178571436 479878.03000000009 420279.74303571432
decision_type=2 1 2 2 2 2 2 2 2 2 2 2 1 2 2 2 2 2 2 2 2 2 2 2 2 2 2 2 2 2
left_child=26 4 -3 -4 10 -6 7 20 9 -9 11 24 13 14 15 21 17 -15 19 -14 -7 -12 23 -16 -2 -26 -1 -28 29 -13
right_child=1 2 3 -5 5 6 -8 8 -10 -11 12 28 18 16 22 -17 -18 -19 -20 -21 -22 -23 -24 -25 25 -27 27 -29 -30 -31
leaf_value=-6389.4918364153791 456.81797557056774 -2965.3170251594088 445.93945072259561 -281.0396766040497 9110.0444533882492 -451.87866687370729 -5688.5951976925589 16670.212817945951 -664.23592313809581 9819.1860932233521 3038.331783159304 675.41503328994258 -3290.3852216429073 2312.7377786018542 -1115.6518813719231 10872.387473148337 -716.92160432106402 -650.72811807995322 -2950.7139113828002 3867.9869200550806 5053.6604619441732 -185.16842635411697 -2859.0112561862047 808.07566784168205 -388.74141696277354 1135.9741752290699 110.02504896569553 -1519.759702162889 -441.34751489895956 -1231.5146761145238
leaf_weight=1358 33 326 27 31 21 88 27 21 21 21 27 32 49 20 28 28 178 44 195 26 23 22 29 33 35 31 35 171 102 29
leaf_count=1358 33 326 27 31 21 88 27 21 21 21 27 32 49 20 28 28 178 44 195 26 23 22 29 33 35 31 35 171 102 29
internal_value=-0.00246062 -0.00024887 -0.00322335 0.00448276 0.000754475 0.00310811 0.00196517 0.00304598 0.00849206 0.0128571 0.000207225 0.00206107 -0.000508101 0.000608591 0.00308383 0.00733766 -0.00107438 0.0028125 -0.00214286 0.000999999 -4.50462e-05 0.00418367 -0.000555557 0.00155738 0.00611111 0.00409091 -0.00464834 -0.00281554 -0.000398774 0.00237705
internal_weight=3111 1547 384 58 1163 222 201 174 63 42 941 262 679 409 167 77 242 64 270 75 111 49 90 61 99 66 1564 206 163 61
internal_count=3111 1547 384 58 1163 222 201 174 63 42 941 262 679 409 167 77 242 64 270 75 111 49 90 61 99 66 1564 206 163 61
cat_boundaries=0 1 2
cat_threshold=5 4
is_linear=0
shrinkage=0.05


Tree=42
num_leaves=31
num_cat=0
split_feature=4 2 4 6 0 7 5 6 7 7 0 0 10 4 10 2 6 5 4 0 6 0 0 0 7 0 4 4 0 2
split_gain=5.55758 1.07566 1.05893 1.20122 0.800019 0.642826 0.779815 1.22575 0.562146 0.449346 0.403134 1.18336 0.428207 0.528809 0.393246 0.391008 0.443565 0.44267 0.657926 0.64 0.497042 0.46832 1.42845 0.417344 0.340378 0.727706 0.434414 0.329072 0.3 0.2625
threshold=304008.04589285719 281386.79500000004 298233.88178571436 71855.134435943764 416304.46500000003 3.5000000000000004 338217.79514391854 398738.94413311017 1.5000000000000002 5.5000000000000009 832401.2300000001 1074964.1100000001 161.50000000000003 389411.87053571432 126.50000000000001 1349801.5700000001 256714.91811131249 97608.568508544835 401334.3548214286 412361.76000000007 150392.42913183375 641841.67000000016 473850.27500000008 386153.45500000002 1.5000000000000002 361639.60500000004 407998.79946428578 428947.87321428576 405023.70000000007 417986.48000000004
decision_type=2 2 2 2 2 2 2 2 2 2 2 2 2 2 2 2 2 2 2 2 2 2 2 2 2 2 2 2 2 2
left_child=1 4 3 -3 -1 6 15 8 -8 -5 12 -12 -7 -14 -11 16 17 18 19 -2 24 22 23 -22 25 -19 -26 -15 -29 -30
right_child=5 2 -4 9 -6 10 7 -9 -10 14 11 -13 13 27 -16 -17 -18 20 -20 -21 21 -23 -24 -25 26 -27 -28 28 29 -31
leaf_value=-5197.2469907490631 86.017944830210126 389.87093539507123 -1451.7083342782373 -1174.782806507679 1729.3258051921935 -1594.5654181327764 12894.615372553533 -1194.3863587418621 10651.910414449725 127.2639770659012 8385.1216338099657 -1694.1904155117147 310.6630063980752 -1813.2129973005119 -196.72919903849976 5616.2590988707843 -1031.7631709279174 1096.7192456620617 -95.021271254705837 970.29820714945845 1079.1756603894003 -815.39767350701015 5606.7885481219801 -2540.9373751252106 -2926.6296084062378 -326.22965396885178 108.17320783694925 989.35360170412378 771.4488933335673 -1832.8486968915863
leaf_weight=1645 25 34 160 81 29 194 27 33 29 24 36 50 40 63 27 20 91 33 28 20 41 52 29 22 82 77 39 32 20 28
leaf_count=1645 25 34 160 81 29 194 27 33 29 24 36 50 40 63 27 20 91 33 28 20 41 52 29 22 82 77 39 32 20 28
internal_value=-0.00252491 -0.0041 -0.00147239 0.0013253 -0.00461171 0.00031053 0.00132716 0.00567416 0.0101786 -0.000833335 -0.00111231 0.00197674 -0.00181698 -8.19684e-05 0.00284314 0.000635061 0.000380333 0.00102678 0.00458904 0.00833333 0.000333332 0.00263889 0.00478261 0.000555554 -0.0011039 0.00090909 -0.00293389 -0.0015035 0.000624999 -0.001875
internal_weight=3111 2000 326 166 1674 1111 648 89 56 132 463 86 377 183 51 559 539 448 73 45 375 144 92 63 231 110 121 143 80 48
internal_count=3111 2000 326 166 1674 1111 648 89 56 132 463 86 377 183 51 559 539 448 73 45 375 144 92 63 231 110 121 143 80 48
is_linear=0
shrinkage=0.05


Tree=43
num_leaves=31
num_cat=0
split_feature=1 5 3 1 1 3 3 5 3 6 1 5 1 3 3 1 1 6 2 6 6 6 3 5 7 5 7 1 5 7
split_gain=6.06123 1.73339 1.0898 0.682877 0.618976 0.730113 0.70258 0.533333 0.857143 0.408564 0.558101 0.369996 0.655989 1.26903 0.438532 0.450972 0.940556 0.550353 0.386298 1.12215 0.358359 0.643648 0.416523 0.366763 0.37239 0.41371 0.59172 0.350774 0.33373 0.728139
threshold=322891.38500000007 152455.22732590305 397755.18857142859 1170112.9500000002 223792.88500000004 286942.57000000012 242178.02500000005 71742.172016100943 203666.02714285717 398738.94413311017 1340411.5150000004 99666.096979378126 428246.89500000008 389106.43214285723 423273.4285714287 494655.77000000008 443407.32000000007 203900.31071073347 501588.40000000008 128585.338348404 155481.2509383517 170736.09711433004 608100.7571428573 423354.85599922697 5.5000000000000009 344057.21568908996 1.5000000000000002 552618.79500000004 278887.53271303652 3.5000000000000004
decision_type=2 2 2 2 2 2 2 2 2 2 2 2 2 2 2 2 2 2 2 2 2 2 2 2 2 2 2 2 2 2
left_child=1 4 -3 11 -1 6 7 8 -6 10 -5 12 -2 -14 18 16 17 -16 27 -20 -17 -22 -23 24 25 26 -24 -13 29 -28
right_child=3 2 -4 9 5 -7 -8 -9 -10 -11 -12 14 13 -15 15 20 -18 -19 19 -21 21 22 23 -25 -26 -27 28 -29 -30 -31
leaf_value=-5977.753269783404 -22.731141491777571 6041.7457574839782 -38.931844938675162 969.71344910676589 -3735.3202842563946 -1419.2504388871089 3343.6405854097716 -1397.8571012466682 999.34951486600096 -998.25917189455765 8431.2163968698478 -1494.3885869386254 260.74145921971746 112.61707022922154 -1267.5720042199343 -627.13196290153257 1201.2877694177207 3407.6508669437681 411.93299192316408 -2004.7218647765594 939.76741460283722 -745.48999097016781 -957.01843828604979 -4028.9708404977087 -1264.78320440876 4129.933744136978 9730.2384949380885 181.74730219403261 -84.935815176986722 -1111.7165000030161
leaf_weight=1537 126 23 56 30 24 332 22 49 32 31 38 198 21 40 60 53 47 21 29 30 22 70 38 23 30 31 22 26 30 20
leaf_count=1537 126 23 56 30 24 332 22 49 32 31 38 198 21 40 60 53 47 21 29 30 22 70 38 23 30 31 22 26 30 20
internal_value=-0.0024767 -0.00403615 0.00322785 0.000646717 -0.00432365 -0.00271242 0.00051181 -0.00119048 0.00214286 0.00459596 0.0067647 0.000229455 0.00221925 0.00647541 -0.000266668 0.000674517 0.00320312 -6.17296e-05 -0.00181979 0.00177966 -0.000280237 0.000419579 -0.000265153 0.000927834 0.00172515 0.00280142 0.00136364 -0.00276786 0.00402778 0.00690476
internal_weight=3111 2075 79 1036 1996 459 127 105 56 99 68 937 187 61 750 467 128 81 283 59 339 286 264 194 171 141 110 224 72 42
internal_count=3111 2075 79 1036 1996 459 127 105 56 99 68 937 187 61 750 467 128 81 283 59 339 286 264 194 171 141 110 224 72 42
is_linear=0
shrinkage=0.05


Tree=44
num_leaves=31
num_cat=1
split_feature=1 5 4 1 3 11 4 7 10 4 2 5 5 5 1 5 4 1 3 4 10 4 10 3 7 4 3 10 4 1
split_gain=5.93676 1.58706 1.33642 0.548905 0.537416 0.44458 0.662286 0.609524 0.485822 0.625 0.433733 0.368182 0.46118 0.356789 0.520833 0.379846 0.884429 1.41091 0.56747 0.479212 0.338788 0.511396 1.38641 0.419604 0.416564 0.452755 0.447836 0.677352 0.326694 0.324813
threshold=322891.38500000007 163323.57170830676 476945.73303571431 1170112.9500000002 207412.97 0 375439.2678571429 1.5000000000000002 81.500000000000014 225987.56839285718 334676.59500000003 344057.21568908996 278887.53271303652 380985.83631915052 816783.13500000013 99666.096979378126 390239.97857142863 428246.89500000008 337522.94214285718 398491.41375000007 50.500000000000007 517126.32982142863 86.500000000000014 527034.28714285733 2.5000000000000004 476945.73303571431 452915.53785714292 199.50000000000003 227308.70053571431 474212.97000000003
decision_type=2 2 2 2 2 1 2 2 2 2 2 2 2 2 2 2 2 2 2 2 2 2 2 2 2 2 2 2 2 2
left_child=1 4 -3 13 -1 6 7 -6 -9 -10 -7 12 -5 15 -15 16 17 18 28 -17 -21 22 -22 24 26 -26 27 -24 -2 -27
right_child=3 2 -4 11 5 10 -8 8 9 -11 -12 -13 -14 14 -16 19 -18 -19 -20 20 21 -23 23 -25 25 29 -28 -29 -30 -31
leaf_value=-5843.0365674156637 253.24765002006868 9418.2133342665129 -432.91932203369498 744.49460967474442 3357.8968239325654 -1666.2972358827537 -2211.7594895199159 -1693.6648806305557 -3332.4122067589051 5300.8312684235325 39.423283761075638 3657.7025219562838 11277.286676693931 10115.199584332069 -4078.7090737793219 -1529.7645864374833 -358.75129809172824 809.09821778823061 294.81842963624786 -483.07522526616816 6087.6570357043202 -461.18813384465579 168.84286357453527 -634.96317506333435 -1176.9996464248859 768.89179251179303 -33.373838920245909 1102.5458152012723 -1068.3408588034406 -2478.0523624964171
leaf_weight=1315 27 31 32 21 21 441 121 44 20 20 30 55 23 24 24 221 74 21 21 71 20 181 21 24 64 23 35 20 44 22
leaf_count=1315 27 31 32 21 21 441 121 44 20 20 30 55 23 24 24 221 74 21 21 71 20 181 21 24 64 23 35 20 44 22
internal_value=-0.00254098 -0.00408434 0.00373016 0.000550192 -0.00432903 -0.0032066 -0.00118644 0.00166667 -0.000238096 0.00375 -0.00406445 0.00409091 0.0075 0.000176093 0.004375 -5.06199e-05 0.00195187 0.00473451 0.00206522 -0.000584047 0.000301454 0.000853657 0.00242358 0.00122009 0.00202703 4.58704e-05 0.00486842 0.00841463 -7.04237e-05 0.00388889
internal_weight=3111 2075 63 1036 2012 697 226 105 84 40 471 99 44 937 48 889 187 113 92 702 481 410 229 209 185 109 76 41 71 45
internal_count=3111 2075 63 1036 2012 697 226 105 84 40 471 99 44 937 48 889 187 113 92 702 481 410 229 209 185 109 76 41 71 45
cat_boundaries=0 1
cat_threshold=5
is_linear=0
shrinkage=0.05


Tree=45
num_leaves=31
num_cat=1
split_feature=1 11 1 4 0 0 1 4 2 2 0 0 4 2 0 3 3 2 1 10 10 10 1 4 2 7 10 0 2 10
split_gain=6.0403 1.1312 0.632037 1.1112 0.521126 0.547382 0.599302 0.589793 0.410411 0.77667 0.4002 0.676252 0.7 0.567142 0.375179 0.610139 0.399043 0.590325 0.803138 0.796474 0.368723 0.529153 0.430622 1.15458 0.450817 0.301294 0.442901 0.283408 0.485541 0.324724
threshold=337986.9150000001 0 241666.32000000004 298233.88178571436 535414.21000000008 268668.97500000003 294526.96000000008 395324.75696428574 266317.76000000007 288753.74000000005 922493.13000000012 1074964.1100000001 1007908.373881579 1006985.9500000001 357901.85000000003 503643.45642857143 417617.69214285718 350281.03000000009 453839.63000000006 126.50000000000001 93.500000000000014 212.50000000000003 537380.32500000007 494266.58017857152 841203.67500000016 2.5000000000000004 161.50000000000003 305119.35500000004 298085.09000000003 137.50000000000003
decision_type=2 1 2 2 2 2 2 2 2 2 2 2 2 2 2 2 2 2 2 2 2 2 2 2 2 2 2 2 2 2
left_child=1 4 -3 27 5 -1 7 -7 -2 -10 14 12 -12 -13 15 16 17 -11 19 -19 -16 22 25 -24 -25 -22 -27 29 -29 -4
right_child=8 2 3 -5 -6 6 -8 -9 9 10 11 13 -14 -15 20 -17 -18 18 -20 -21 21 -23 23 24 -26 26 -28 28 -30 -31
leaf_value=-212.43510461810848 -1848.6273554499705 -5214.78083817886 134.61622669837354 -1290.9389004440079 -742.33020377029311 3046.9705408648665 -93.237006900357855 274.85247483937741 566.8837463846196 -1549.2593901919672 -391.23450729708986 15773.99215856611 8725.2557541418701 -1166.5657340293308 -862.95221651137911 1556.4847385837611 -537.91740183440402 50.649653481109063 -28.167713993682924 697.72657990919015 -1323.6653291079979 -757.31011404962317 548.01653137567587 -560.8973350976039 2686.5207753295904 -939.42059302591451 341.47456316164812 1669.6505149207778 -253.37201860959033 -464.15200072213906
leaf_weight=21 95 1552 58 252 33 22 23 38 28 43 20 47 36 51 145 29 37 28 39 29 52 112 28 56 26 22 25 20 23 43
leaf_count=21 95 1552 58 252 33 22 23 38 28 43 20 47 36 51 145 29 37 28 39 29 52 112 28 56 26 22 25 20 23 43
internal_value=-0.00256017 -0.00406475 -0.00436159 -0.00260101 0.000442176 0.00221154 0.00403614 0.00666667 0.000748944 0.00109613 0.000818181 0.00311688 0.0075 0.000612244 0.00029061 0.00207317 0.000965908 0.00219424 0.004375 0.00815789 -0.000493563 0.000451712 0.0019378 0.00409091 0.00109756 -0.000454547 0.00244681 0.000902777 0.00430232 -0.000544556
internal_weight=3033 2085 1948 396 137 104 83 60 948 853 825 154 56 98 671 205 176 139 96 57 466 321 209 110 82 99 47 144 43 101
internal_count=3033 2085 1948 396 137 104 83 60 948 853 825 154 56 98 671 205 176 139 96 57 466 321 209 110 82 99 47 144 43 101
cat_boundaries=0 1
cat_threshold=4
is_linear=0
shrinkage=0.05


Tree=46
num_leaves=31
num_cat=1
split_feature=1 6 6 0 0 0 5 10 1 1 5 0 0 5 0 0 5 4 10 11 1 0 10 10 0 4 5 4 5 5
split_gain=5.71051 1.18165 0.966764 0.642631 0.589657 0.815535 1.04143 0.506191 0.431282 0.349056 0.635021 0.496402 0.923001 0.507655 0.725797 0.488604 0.65625 0.530427 0.442006 0.438396 0.543551 0.484803 0.357143 0.595238 0.321595 0.297227 0.296591 0.294912 0.28202 0.761086
threshold=233325.94000000003 54082.356308984665 20094.521032280951 295188.25000000006 902965.40000000014 1074964.1100000001 258615.33492402805 86.500000000000014 924534.84500000009 383950.27000000008 82515.176084094041 308451.37500000006 284772.27500000008 237310.62769588534 557495.57500000007 678984.24500000023 156314.5847961297 760962.83553571452 193.50000000000003 0 317754.87000000005 500171.74000000005 85.500000000000014 48.500000000000007 335049.23500000004 487485.96125000005 118470.56287015569 1039200.7830357144 439966.3942250454 391598.77079542173
decision_type=2 2 2 2 2 2 2 2 2 2 2 2 2 2 2 2 2 2 2 1 2 2 2 2 2 2 2 2 2 2
left_child=3 2 -2 -1 9 6 -6 -5 -8 10 22 12 18 14 25 16 -16 -17 -11 20 21 -12 23 -3 -24 -13 -27 -15 29 -7
right_child=1 4 -4 7 5 28 8 -9 -10 11 19 13 -14 27 15 17 -18 -19 -20 -21 -22 -23 24 -25 -26 26 -28 -29 -30 -31
leaf_value=-5100.0149140760223 474.83032002969708 -1247.6494646705107 -1162.8054198110274 345.40869805006378 -1954.510239839293 -484.20242063389537 13796.140215983745 -2357.1024134278396 5125.5238100653478 -666.6354308840132 1863.7642979086606 22.100555513998319 1103.844863981019 -2089.146853677315 567.84512946341749 -759.48285900709402 3296.4741342158159 9307.0352072657097 1344.583818855368 -1321.1713518039865 -109.81561753918515 -3501.9503065802019 -262.0410261522693 510.33146066951605 303.90267021553217 418.72371506879739 -1096.3651625923999 90.157560705227624 -6417.1589157072867 9727.2282957635562
leaf_weight=1460 23 21 185 42 20 65 24 71 26 63 37 231 27 71 32 31 24 21 20 209 69 20 43 21 20 22 58 36 21 20
leaf_count=1460 23 21 185 42 20 65 24 71 26 63 37 231 27 71 32 31 24 21 20 209 69 20 43 21 20 22 58 36 21 20
internal_value=-0.00256017 -0.00030822 -0.00379808 -0.00465035 0.000271564 0.00295454 0.00714286 -0.0010177 0.011 -0.000167287 -0.00125 0.00058176 0.00363636 -5.70354e-05 0.000727922 0.00425926 0.0075 0.00076923 0.0010241 -0.00231343 0.000147058 0.00377193 0.00214286 0.00571428 -0.000238096 -0.000498393 -0.003125 -0.00313084 0.000188678 0.00147059
internal_weight=3033 1460 208 1573 1252 176 70 113 50 1076 440 636 110 526 419 108 56 52 83 335 126 57 105 42 63 311 80 107 106 85
internal_count=3033 1460 208 1573 1252 176 70 113 50 1076 440 636 110 526 419 108 56 52 83 335 126 57 105 42 63 311 80 107 106 85
cat_boundaries=0 1
cat_threshold=4
is_linear=0
shrinkage=0.05


Tree=47
num_leaves=31
num_cat=1
split_feature=6 0 0 5 10 11 6 0 4 7 4 10 4 6 3 3 3 10 10 6 3 4 4 5 5 5 4 3 5 0
split_gain=5.70858 0.881603 0.643566 0.615963 0.575833 0.531717 0.987073 0.684065 1.06604 1.06943 0.475201 0.434626 0.404799 0.791802 0.444964 0.894553 0.398383 0.365672 1.11678 0.476211 0.290208 0.440006 0.328734 0.478754 0.28202 0.761086 0.448718 0.250216 0.235427 0.194399
threshold=79916.668306420775 832401.2300000001 1074964.1100000001 315812.98684371059 35.500000000000007 0 118969.01629422152 215522.93500000003 291125.76803571434 4.5000000000000009 397348.8176785715 242.50000000000003 213538.04071428571 20094.521032280951 222386.66500000001 218478.17785714287 920924.44071428583 133.50000000000003 121.50000000000001 275537.99546421139 406457.7028571429 391241.97714285721 407998.79946428578 128357.81606349666 439966.3942250454 391598.77079542173 1099443.6676785718 288923.5221428572 163323.57170830676 432248.34500000003
decision_type=2 2 2 2 2 1 2 2 2 2 2 2 2 2 2 2 2 2 2 2 2 2 2 2 2 2 2 2 2 2
left_child=12 4 3 16 -2 6 10 -7 9 27 -6 17 -1 -14 15 -15 -3 18 19 -8 -10 -22 -23 -24 25 26 -4 -9 -25 -19
right_child=1 2 24 -5 5 7 11 8 20 -11 -12 -13 13 14 -16 -17 -18 29 -20 -21 21 22 23 28 -26 -27 -28 -29 -30 -31
leaf_value=-5033.0977005459663 -1574.7316185608697 8522.1902639618947 -5234.4135834539265 7628.7911189373044 783.39865118604951 -2958.3325920547013 -400.34702018167138 220.24978970504162 -1092.1282817180982 5442.0915915870237 142.44548369337809 342.62416428312258 451.08880402821234 -1137.7021772263331 -1210.0637923065974 737.23928767081702 -3317.7942949371154 -1314.0579924712488 1345.8017283693007 3298.4829522168484 205.06996695884729 -3041.4072555093203 468.88010571929158 -653.8303015299108 -6096.3009699219183 9240.8668809753817 16208.374051339628 -1181.1415106355432 40.263051851789541 -74.005553141327368
leaf_weight=1256 93 30 35 38 31 110 152 20 235 20 28 40 23 91 265 24 29 115 25 28 21 35 20 26 21 20 30 22 31 119
leaf_count=1256 93 30 35 38 31 110 152 20 235 20 28 40 23 91 265 24 29 115 25 28 21 35 20 26 21 20 30 22 31 119
internal_value=-0.00254369 -0.000160118 0.00288177 0.00582474 -0.000687448 -0.000361782 0.000748174 -0.00145455 -0.000581397 0.00548387 0.00686441 1.04372e-05 -0.00451778 -0.00313896 -0.00368421 -0.00108696 0.00262712 -0.000444193 0.00109756 -0.000277779 -0.00160326 0.000263157 -0.000982144 0.000844155 0.000188678 0.00147059 -0.00115385 0.00095238 -0.00149123 -0.00179487
internal_weight=3033 1374 203 97 1171 1078 538 540 430 62 59 479 1659 403 380 115 59 439 205 180 368 133 112 77 106 85 65 42 57 234
internal_count=3033 1374 203 97 1171 1078 538 540 430 62 59 479 1659 403 380 115 59 439 205 180 368 133 112 77 106 85 65 42 57 234
cat_boundaries=0 1
cat_threshold=4
is_linear=0
shrinkage=0.05


Tree=48
num_leaves=31
num_cat=1
split_feature=5 2 11 0 2 5 5 6 3 10 10 0 2 2 0 2 6 6 2 4 4 2 4 3 6 3 4 4 10 0
split_gain=5.6005 1.38257 0.697482 0.438021 0.67875 1.09318 0.517611 0.597521 1.22019 0.512121 0.441653 0.398731 0.3961 0.514797 0.841526 0.33057 0.577186 0.898442 0.717263 0.499249 0.394073 0.455632 0.293444 1.39706 0.438889 0.317305 0.364699 0.379737 0.275132 0.273438
threshold=67453.735831204875 266317.76000000007 0 922493.13000000012 950324.20000000007 309695.27276718622 91976.740660490977 118969.01629422152 250887.78285714288 78.500000000000014 39.500000000000007 1074964.1100000001 232310.66500000001 190915.16000000003 416304.46500000003 458903.97500000003 150392.42913183375 194078.48410926841 409340.1650000001 375439.2678571429 398491.41375000007 332156.45500000002 791081.76035714301 881574.58142857149 247838.10495402032 389106.43214285723 440513.60017857148 494266.58017857152 117.50000000000001 390224.83000000002
decision_type=2 2 1 2 2 2 2 2 2 2 2 2 2 2 2 2 2 2 2 2 2 2 2 2 2 2 2 2 2 2
left_child=-1 2 -2 6 5 -5 7 8 9 -3 -8 -6 13 -4 -15 16 20 18 -18 -17 -12 -22 24 -24 25 -21 -27 -28 -25 -29
right_child=1 3 12 4 11 -7 10 -9 -10 -11 15 -13 -14 14 -16 19 17 -19 -20 22 21 -23 23 28 -26 26 27 29 -30 -31
leaf_value=-2351.991239200901 -2873.7126600888032 276.60268481175586 -1348.2507257700322 -2015.5000428106473 7168.1824882569408 14189.525071810494 -1134.2923452980265 -991.25460968113316 319.54441236406052 -773.59379154282533 -1125.1909095766457 -1289.2025568972758 -2480.666537843691 -1631.7649712482184 4609.4203490900509 340.71683996455494 853.5928898874763 -997.75644148116032 -678.59654979454808 579.90713898398542 368.39594268000656 -429.65381718177917 6545.1336260068701 -3483.6221952598135 -799.01068759502209 -1342.345137769071 656.92644615059214 1140.8545851485458 1290.4972762439374 -228.38842163635559
leaf_weight=1530 230 22 67 31 31 37 66 37 38 33 178 57 53 41 24 28 35 38 23 35 21 71 25 26 41 61 38 21 28 67
leaf_count=1530 230 22 67 31 31 37 66 37 38 33 178 57 53 41 24 28 35 38 23 35 21 71 25 26 41 61 38 21 28 67
internal_value=-0.00254369 -0.000375916 -0.00283133 0.000560661 0.00301282 0.0067647 0.000150213 0.00307692 0.00521505 0.000454544 -0.000324191 0.000113635 -0.000384617 0.0010606 0.00423077 2.71727e-05 -0.00103825 0.00229167 0.0062069 0.00108108 -0.00222222 0.000434781 0.000555554 0.00322785 -0.000247149 0.000630629 -0.000187167 0.00134921 -0.0012963 -0.000454547
internal_weight=3033 1503 415 1088 156 68 932 130 93 55 802 88 185 132 65 736 366 96 58 370 270 92 342 79 263 222 187 126 54 88
internal_count=3033 1503 415 1088 156 68 932 130 93 55 802 88 185 132 65 736 366 96 58 370 270 92 342 79 263 222 187 126 54 88
cat_boundaries=0 1
cat_threshold=2
is_linear=0
shrinkage=0.05


Tree=49
num_leaves=31
num_cat=1
split_feature=1 6 6 5 4 3 1 6 1 11 5 10 3 3 3 3 5 4 4 4 4 3 2 2 4 5 5 3 2 10
split_gain=6.26377 1.15813 0.919285 0.739228 0.41859 1.39393 0.637684 0.576564 0.453333 0.619068 0.836601 0.808746 0.674468 0.92128 0.923011 0.588077 1.18 1.05689 0.574245 0.473923 1.09078 0.467744 0.901845 0.381192 0.396223 0.258385 0.321595 0.253521 0.381825 0.323563
threshold=233325.94000000003 54082.356308984665 20094.521032280951 118470.56287015569 791081.76035714301 798706.82857142866 682681.61500000011 198991.00324744967 424970.04000000004 0 82515.176084094041 121.50000000000001 378768.98714285722 396004.79571428575 444401.80285714293 384851.28857142857 104116.03570179307 391963.17375000002 383706.95732142864 440513.60017857148 494266.58017857152 223240.32214285719 307077.25000000006 570289.31000000017 1007908.373881579 128357.81606349666 113855.66576723999 1109623.6864285718 873514.70000000007 143.50000000000003
decision_type=2 2 2 2 2 2 2 2 2 1 2 2 2 2 2 2 2 2 2 2 2 2 2 2 2 2 2 2 2 2
left_child=3 2 -2 -1 7 -6 -7 8 9 11 21 -3 -13 -14 -15 16 -10 -18 -17 25 -21 22 -11 -8 -25 26 -20 28 -26 -29
right_child=1 4 -4 -5 5 6 23 -9 15 10 -12 12 13 14 -16 18 17 -19 19 20 -22 -23 -24 24 27 -27 -28 29 -30 -31
leaf_value=-4478.5717739304791 546.13392578684727 -791.36183379032229 -926.56239724509942 -63.388454811754812 6188.706743122897 10916.595508194279 1930.1622053631154 -517.12280650767639 225.99173982179792 1067.1074489501234 -1153.503547435681 -233.66260402327435 879.42033349356848 -905.97364839735042 941.99591054063899 155.32493289833687 -1403.5521654362663 662.82165303687145 -1076.856112483563 817.02759844788318 -115.66202535613382 -242.84620085032861 -67.000584151382284 -3958.6052726131675 6831.4115814529541 -3391.2397437028835 165.13883188717594 -1925.2941103353016 -1341.9927075789728 2398.5842686382612
leaf_weight=1494 23 53 185 79 24 26 22 144 22 22 238 32 22 44 20 28 42 22 43 34 94 42 24 40 23 52 20 34 48 37
leaf_count=1494 23 53 185 79 24 26 22 144 22 22 238 32 22 44 20 28 42 22 43 34 94 42 24 40 23 52 20 34 48 37
internal_value=-0.00246126 -0.000102741 -0.00355769 -0.00465035 0.000471245 0.00228346 0.00108696 1.00188e-05 0.000503512 -0.000472838 -0.00172619 0.00190608 0.00432203 0.00662791 0.00359375 0.00186274 0.00546512 0.00203125 0.000719556 -6.17296e-05 0.00203125 0.00238636 0.00586956 0.000147058 -0.000604397 -0.00239131 -0.000238096 0.000633802 0.00274648 -0.00147887
internal_weight=3033 1460 208 1573 1252 254 230 998 854 497 326 171 118 86 64 357 86 64 271 243 128 88 46 204 182 115 63 142 71 71
internal_count=3033 1460 208 1573 1252 254 230 998 854 497 326 171 118 86 64 357 86 64 271 243 128 88 46 204 182 115 63 142 71 71
cat_boundaries=0 1
cat_threshold=4
is_linear=0
shrinkage=0.05


Tree=50
num_leaves=31
num_cat=1
split_feature=1 1 6 11 1 4 6 0 2 1 0 7 1 6 6 7 1 1 7 0 3 0 2 2 2 7 3 3 4 0
split_gain=6.21273 1.67838 1.5564 0.805726 0.870178 0.807061 0.879301 0.734607 0.727164 0.967613 0.460632 0.451781 0.433366 0.39972 0.539311 0.834539 0.654183 0.463224 0.995559 0.533526 0.804929 0.398067 0.452308 0.3933 1.0168 0.337335 0.453444 0.48623 0.390381 0.36085
threshold=220791.11500000002 440523.68500000006 103576.81067173934 0 277549.11500000005 299498.07750000007 20961.702775947928 268668.97500000003 356720.39500000008 349418.68500000006 439999.90000000008 5.5000000000000009 315261.07500000001 109243.22790683711 127006.17951327014 2.5000000000000004 529638.04500000004 1270417.1000000003 3.5000000000000004 339188.5500000001 464564.0450000001 244100.54000000004 273660.16500000004 222890.37000000002 405998.49000000005 1.5000000000000002 1082063.2450000001 503643.45642857143 791081.76035714301 1253947.2600000002
decision_type=2 2 2 1 2 2 2 2 2 2 2 2 2 2 2 2 2 2 2 2 2 2 2 2 2 2 2 2 2 2
left_child=7 3 -3 4 10 6 -5 -1 9 -6 -2 21 -13 -4 15 16 -15 19 -19 20 -16 -8 -23 -9 -25 -21 27 -27 -29 -28
right_child=1 2 13 5 8 -7 11 23 -10 -11 -12 12 -14 14 17 -17 -18 18 -20 25 -22 22 -24 24 -26 26 29 28 -30 -31
leaf_value=-4414.7840725912511 772.98016547545672 386.83683522707423 -893.49641339575146 570.41817929774413 -3155.8747740381368 -1168.0086197587596 -1694.8573708909885 -3375.0555192151996 -149.48564949306271 1356.8847391391541 -198.0216644424429 739.44922832118641 -35.921972750519231 54.094236448439553 -505.1670634258092 -274.88481802127041 659.09073382087183 11411.594732245434 -6167.3538322054483 -529.83136266849237 1824.6469494578994 548.60286896258765 -557.27174452150996 501.97498138054289 -1827.4788248974278 301.70572113751274 1093.8692253090717 -1766.6421249455107 3640.9817625513201 -540.1766249225451
leaf_weight=1387 28 23 24 21 20 342 105 75 141 41 23 23 27 22 33 33 21 51 27 141 28 30 100 23 21 72 24 73 89 25
leaf_count=1387 28 23 24 21 20 342 105 75 141 41 23 23 27 22 33 33 21 51 27 141 28 30 100 23 21 72 24 73 89 25
internal_value=-0.00226803 -8.50674e-05 0.00177842 -0.00150389 0.000893535 -0.00241641 -0.000588236 -0.00456839 -0.000544556 0.00401639 0.0067647 -0.00131579 0.003 0.00133484 0.00157277 0.00552631 0.0101163 0.00103908 0.00461538 0.000463916 0.00483606 -0.00223404 -0.000384617 -0.000798321 0.00295454 -0.000165096 0.000830388 -8.54713e-05 -0.00160494 0.00520408
internal_weight=3093 1587 686 901 253 648 306 1506 202 61 51 285 50 663 639 76 43 563 78 485 61 235 130 119 44 424 283 234 162 49
internal_count=3093 1587 686 901 253 648 306 1506 202 61 51 285 50 663 639 76 43 563 78 485 61 235 130 119 44 424 283 234 162 49
cat_boundaries=0 1
cat_threshold=4
is_linear=0
shrinkage=0.05


Tree=51
num_leaves=31
num_cat=1
split_feature=1 1 6 11 4 6 2 10 1 0 2 2 0 7 1 7 10 1 10 1 4 0 10 6 4 2 6 3 3 1
split_gain=5.62101 1.13503 0.774835 0.67865 0.883404 0.85044 0.746276 0.735646 0.766532 0.568807 0.554667 0.500925 0.413293 0.387772 0.361243 0.451792 0.494237 0.455661 0.943955 0.614295 0.45625 0.579764 0.57885 0.554147 0.537906 0.491131 0.422731 0.421861 0.317791 0.298218
threshold=220791.11500000002 440523.68500000006 103576.81067173934 0 299498.07750000007 20961.702775947928 216459.97500000001 245.50000000000003 259784.71000000002 314495.83500000008 356720.39500000008 278782.22000000003 399339.38000000006 1.5000000000000002 449695.39500000008 5.5000000000000009 249.50000000000003 1270417.1000000003 137.50000000000003 726605.24000000011 400155.21071428579 320408.80000000005 179.50000000000003 128585.338348404 494266.58017857152 524753.90000000014 388326.90521691699 750621.0357142858 377005.93500000011 241666.32000000004
decision_type=2 2 2 1 2 2 2 2 2 2 2 2 2 2 2 2 2 2 2 2 2 2 2 2 2 2 2 2 2 2
left_child=9 3 -3 6 5 -5 -2 8 -8 -1 11 -10 29 -11 -4 16 17 19 -19 20 22 -22 23 -16 25 -23 -21 -26 -15 -7
right_child=1 2 14 4 -6 12 7 -9 10 13 -12 -13 -14 28 15 -17 -18 18 -20 26 21 24 -24 -25 27 -27 -28 -29 -30 -31
leaf_value=-4180.4858123380282 3334.9581737595677 367.49499346571963 385.75224013108613 541.89727033285601 -1109.6081887708212 -2004.4077338110678 100.21793404558977 841.91766734911732 -3000.2614520245625 -6058.314242897457 -785.80129494245523 704.75210258500977 4160.8272606428472 486.81856323240828 478.11512249117425 -661.75529521805493 -3041.2337811999396 1456.5123886976835 13538.535896207233 -572.15685661947452 1185.8461982958245 236.18468865242355 -2316.1748503266149 -1309.4158065048177 -638.76323354746819 1897.5341347929932 135.68139519083363 6660.7484229132679 -771.40124446596303 -232.97566425081337
leaf_weight=1408 20 23 20 21 342 55 31 22 23 50 133 24 25 21 27 98 30 38 29 131 25 32 39 22 71 23 44 34 27 205
leaf_count=1408 20 23 20 21 342 55 31 22 23 50 133 24 25 21 27 98 30 38 29 131 25 32 39 22 71 23 44 34 27 205
internal_value=-0.00241352 -0.000337115 0.00119533 -0.00150389 -0.00234043 -0.000424838 0.000703421 -6.43789e-05 -0.000971565 -0.00460159 -0.00222222 0.00244681 -0.00114035 -0.000918369 0.000882352 0.000676515 0.00123853 0.00160194 0.00544776 0.00102678 0.00250916 0.00391892 -0.000454547 0.00316326 0.0028125 0.00681818 -0.00128572 0.000714285 0.00229167 -0.00173077
internal_weight=3093 1587 686 901 648 306 253 233 211 1506 180 47 285 98 663 643 545 515 67 448 273 185 88 49 160 55 175 105 48 260
internal_count=3093 1587 686 901 648 306 253 233 211 1506 180 47 285 98 663 643 545 515 67 448 273 185 88 49 160 55 175 105 48 260
cat_boundaries=0 1
cat_threshold=4
is_linear=0
shrinkage=0.05


Tree=52
num_leaves=31
num_cat=2
split_feature=2 1 11 4 0 7 5 7 1 2 10 2 2 11 0 1 7 10 1 0 10 7 10 10 10 5 1 4 1 10
split_gain=6.047 1.45305 1.16729 0.868726 0.769218 1.92748 0.617297 0.592816 0.570918 0.542497 0.534402 0.525433 0.418629 0.396671 0.60903 0.471838 0.990152 0.991472 0.451765 0.430718 1.40192 0.462501 0.478572 0.545809 0.354579 0.351404 0.395614 0.350375 0.480002 0.320001
threshold=204398.89000000004 440523.68500000006 0 299498.07750000007 305119.35500000004 2.5000000000000004 109219.79393550634 3.5000000000000004 449695.39500000008 300053.88000000006 253.50000000000003 356720.39500000008 337313.51000000007 1 577566.06000000017 1270417.1000000003 3.5000000000000004 137.50000000000003 584401.12000000011 301331.57500000007 137.50000000000003 1.5000000000000002 95.500000000000014 116.50000000000001 134.50000000000003 355492.42104653973 524288.31500000006 434226.56035714288 349418.68500000006 126.50000000000001
decision_type=2 2 1 2 2 2 2 2 2 2 2 2 2 1 2 2 2 2 2 2 2 2 2 2 2 2 2 2 2 2
left_child=6 2 7 4 9 -6 -1 11 -3 -4 13 -2 -11 14 18 19 17 -17 24 20 -15 -21 -23 -24 -10 26 -25 -13 -29 -9
right_child=1 8 3 -5 5 -7 -8 29 10 12 -12 27 -14 15 -16 16 -18 -19 -20 21 -22 22 23 25 -26 -27 -28 28 -30 -31
leaf_value=-4128.5017031001571 649.32011845864736 401.56020697716389 -1515.9361874333099 -1124.3656279690711 -497.67061865695882 1072.9454462312287 -111.33530455647299 -4169.1350818030896 -19.190460080657971 604.90906696080935 -3135.2961867496251 -423.43383289240774 -888.42912333988068 1574.0059953767079 4771.139047516046 5930.8811923575122 -6167.394838150426 13995.422758490375 -241.88533988169593 -1105.0958622644876 -168.40735941716719 -1445.1448618655968 5872.6706033250794 204.2719667574483 175.10381858719825 3543.015197136765 -784.61324106944733 81.716438298603933 -896.5308733771526 14.193323102936445
leaf_weight=1359 36 25 187 350 67 25 72 52 21 49 32 58 42 20 24 26 26 20 25 104 32 117 24 29 39 20 84 23 21 84
leaf_count=1359 36 25 187 350 67 25 72 52 21 49 32 58 42 20 24 26 26 20 25 104 32 117 24 29 39 20 84 23 21 84
internal_value=-0.00226803 -0.000216608 -0.00142857 -0.00246575 -0.000810812 0.00315217 -0.0046506 0.00133803 0.00158683 -0.0021223 0.0012986 0.00369565 0.00104395 0.00162848 0.0042437 0.00095703 0.00472222 0.00913043 0.00264706 0.000348836 0.00461538 -0.000238096 0.000839415 0.00264331 0.005 0.00139098 0.000309733 0.00186274 0.00522727 -0.000955884
internal_weight=3093 1662 994 720 370 92 1431 274 668 278 643 138 91 611 109 502 72 46 85 430 52 378 274 157 60 133 113 102 44 136
internal_count=3093 1662 994 720 370 92 1431 274 668 278 643 138 91 611 109 502 72 46 85 430 52 378 274 157 60 133 113 102 44 136
cat_boundaries=0 1 2
cat_threshold=4 1
is_linear=0
shrinkage=0.05


Tree=53
num_leaves=31
num_cat=1
split_feature=1 6 6 0 2 2 1 6 11 10 5 6 6 5 7 2 2 6 4 1 0 2 0 1 7 10 0 0 4 5
split_gain=6.12106 1.08516 1.02726 0.721726 0.424061 1.29958 0.604942 1.15119 0.469585 0.758487 0.694309 0.597931 0.560115 0.798277 0.826438 0.3933 1.0168 0.39104 0.416775 0.594474 0.535179 0.583795 0.873123 0.498067 0.837942 0.779442 0.484794 0.457294 0.430904 0.373706
threshold=220791.11500000002 54082.356308984665 20094.521032280951 268668.97500000003 190915.16000000003 216459.97500000001 440523.68500000006 103576.81067173934 0 123.50000000000001 73466.200920529096 71855.134435943764 118969.01629422152 112993.80064450284 3.5000000000000004 222890.37000000002 405998.49000000005 110373.15389610942 494266.58017857152 463342.72500000003 372629.17500000005 516985.39500000008 489052.80000000005 1270417.1000000003 3.5000000000000004 137.50000000000003 308451.37500000006 617625.81000000017 392618.93571428576 144382.88999112198
decision_type=2 2 2 2 2 2 2 2 1 2 2 2 2 2 2 2 2 2 2 2 2 2 2 2 2 2 2 2 2 2
left_child=3 2 -2 -1 -3 -6 8 -8 9 -7 11 -10 -11 -14 29 -5 -17 -9 19 -19 -21 28 -23 26 25 -25 -20 -28 -22 -15
right_child=1 4 -4 15 5 6 7 17 10 12 -12 -13 13 14 -16 16 -18 18 23 20 21 22 -24 24 -26 -27 27 -29 -30 -31
leaf_value=-3792.5545725777515 280.5868102038192 -2835.5823769321842 -816.26554176632351 -3193.5033887236295 2882.9188365972468 -2137.8036733164731 326.37599440751092 -893.25277014177777 966.90213388760424 815.29116373564648 -1082.7273741283909 -489.81594712084035 -1645.8019393529639 204.51368353184625 -160.88818930445964 465.9760232429557 -1761.155467535478 339.36745235006583 3705.8417776029523 -283.73529910597682 345.31508470640011 291.53400531759291 52.733922181743097 5407.3455961628915 -5650.856975470746 12976.626382822222 -619.00533243552991 68.481036410595237 -1325.5931971691198 1454.0087437135007
leaf_weight=1387 28 51 202 75 37 77 23 26 25 23 318 29 43 21 44 23 21 31 21 53 21 22 23 28 27 23 92 228 46 25
leaf_count=1387 28 51 202 75 37 77 23 26 25 23 318 29 43 21 44 23 21 31 21 53 21 22 23 28 27 23 92 228 46 25
internal_value=-0.00225186 -8.50674e-05 -0.00326087 -0.00453519 0.000453204 0.00062787 0.000358549 0.0014006 -0.000785125 0.000967077 -0.00185864 0.00333333 0.00301282 0.00176692 0.00444444 -0.000798321 0.00295454 0.00100624 0.00126016 0.00316326 0.0019697 0.00392857 0.00833333 0.000369927 0.00397436 0.0077451 -0.000454547 -0.000937501 0.000970148 0.00913043
internal_weight=3093 1587 230 1506 1357 1306 1269 664 605 233 372 54 156 133 90 119 44 641 615 196 165 112 45 419 78 51 341 320 67 46
internal_count=3093 1587 230 1506 1357 1306 1269 664 605 233 372 54 156 133 90 119 44 641 615 196 165 112 45 419 78 51 341 320 67 46
cat_boundaries=0 1
cat_threshold=4
is_linear=0
shrinkage=0.05


Tree=54
num_leaves=31
num_cat=1
split_feature=1 6 6 3 1 11 4 6 1 10 6 2 2 10 1 10 6 7 4 10 1 2 2 3 10 1 4 3 10 6
split_gain=6.01432 1.1459 0.954405 0.419563 0.408063 0.81162 0.787505 0.694492 0.619217 0.648247 0.425039 0.516743 0.4 0.395375 0.375 0.438312 0.367668 0.587451 0.949095 0.528302 0.345289 0.666059 0.415556 0.473216 0.439221 0.661037 0.411491 0.759593 0.432288 0.515455
threshold=209714.22000000003 54082.356308984665 20094.521032280951 242178.02500000005 432365.23500000004 0 292670.81812169316 103576.81067173934 277549.11500000005 241.50000000000003 194078.48410926841 356720.39500000008 269068.82000000007 22.500000000000004 176879.07000000004 93.500000000000014 69296.256444369094 4.5000000000000009 227308.70053571431 126.50000000000001 591945.27000000014 619845.31000000017 1466779.4400000002 703693.51000000013 163.50000000000003 1121804.6600000001 396645.29946428578 392349.10428571439 180.50000000000003 125968.22431192714
decision_type=2 2 2 2 2 1 2 2 2 2 2 2 2 2 2 2 2 2 2 2 2 2 2 2 2 2 2 2 2 2
left_child=3 2 -2 -1 5 8 16 -6 -3 10 11 12 -10 -9 15 -5 -7 -18 19 -19 26 -22 23 -23 -25 -26 28 -28 29 -15
right_child=1 4 -4 14 7 6 -8 13 9 -11 -12 -13 -14 20 -16 -17 17 18 -20 -21 21 22 -24 24 25 -27 27 -29 -30 -31
leaf_value=-3732.4488893162606 214.96651989339153 180.14304803618961 -827.3275916419143 3898.8767135149083 288.53999897805278 747.41321033238341 -1649.8393781920947 -1111.3254297411754 -2180.4089067438799 911.70122660118341 90.65317899457412 -1300.750257335472 835.35701233061491 478.42120785774705 -1798.0536075787852 -4608.2633503193319 -1000.5219317363662 116.66958366865563 1727.6554244976869 -986.95286618828004 -764.10758023052267 217.66052326073998 3556.2198061575687 -520.96409301767915 -2171.9817494226095 12056.198600130074 506.67620917013767 183.40186432939271 -2615.6268137179204 -1236.2398743042854
leaf_weight=1359 30 57 212 20 24 21 253 27 20 28 40 84 20 28 56 22 91 25 20 28 119 36 34 136 24 35 27 152 43 22
leaf_count=1359 30 57 212 20 24 21 253 27 20 28 40 84 20 28 56 22 91 25 20 28 119 36 34 136 24 35 27 152 43 22
internal_value=-0.00225186 -0.00017115 -0.00334711 -0.0045882 0.0003802 -0.000487629 -0.00176339 0.00122348 0.00175676 0.000468749 -0.000731709 -0.00217742 0.0025 0.000929721 -0.00142857 0.00214286 0.000675674 -0.000121952 0.00321918 -0.00028302 0.00117378 0.000208332 0.00160377 0.000844155 -0.000128206 0.00347458 0.00253676 0.00393855 -0.000161292 0.003
internal_weight=3093 1636 242 1457 1394 687 438 707 249 192 164 124 40 683 98 42 185 164 73 53 656 384 265 231 195 59 272 179 93 50
internal_count=3093 1636 242 1457 1394 687 438 707 249 192 164 124 40 683 98 42 185 164 73 53 656 384 265 231 195 59 272 179 93 50
cat_boundaries=0 1
cat_threshold=4
is_linear=0
shrinkage=0.05


Tree=55
num_leaves=31
num_cat=0
split_feature=1 2 6 6 1 0 2 2 6 4 1 6 1 0 1 1 2 7 2 10 1 0 0 2 0 10 4 1 2 2
split_gain=6.47929 1.60567 0.552 0.645906 0.543583 0.674049 0.436581 0.591334 0.456704 0.433056 0.693348 0.610927 0.679067 0.428571 0.571429 0.477513 0.422606 0.418867 0.560303 0.395102 0.362772 0.643599 0.514566 0.411915 0.321952 0.30324 0.646403 0.336134 0.330802 0.258716
threshold=209714.22000000003 409340.1650000001 54082.356308984665 20094.521032280951 321270.94000000006 369617.96500000003 216459.97500000001 266317.76000000007 70537.735082849089 791081.76035714301 699785.88500000013 128585.338348404 398065.95000000007 439999.90000000008 457749.13000000006 524288.31500000006 440523.68500000006 4.5000000000000009 199034.94500000004 246.50000000000003 443407.32000000007 324396.56000000006 523564.02500000008 332156.45500000002 468425.10000000003 163.50000000000003 1020232.4850000002 1121804.6600000001 1170112.9500000002 320358.76500000007
decision_type=2 2 2 2 2 2 2 2 2 2 2 2 2 2 2 2 2 2 2 2 2 2 2 2 2 2 2 2 2 2
left_child=24 2 3 -2 5 -3 17 -8 -9 11 -11 12 -6 14 -14 -15 -13 18 -4 -18 23 -22 -23 29 -1 26 -12 -27 -28 -10
right_child=1 4 6 -5 9 -7 7 8 20 10 25 16 13 15 -16 -17 19 -19 -20 -21 21 22 -24 -25 -26 27 28 -29 -30 -31
leaf_value=-3538.2422677381833 114.81816779058457 -51.939440551109094 -2834.4883247857383 -845.00841866220583 -1160.8160172224759 639.20714221770265 -1518.1804453963141 710.04263832612878 -30.545833249700184 6586.4954667671527 4673.0852858558401 593.14589207592894 749.76554362683532 -418.14871721868423 93.187901084202281 552.28842775210308 -563.53365527392077 2964.1172836141941 677.76824888587771 150.30649096849399 771.50739080109463 -1035.5993271256741 338.66460549288558 -844.08018615722688 113.06097176585973 -1056.1631767719098 -1809.1910160231557 9418.3528823705765 1351.142172880154 214.33358325279232
leaf_weight=1444 30 22 55 207 32 35 147 21 106 39 58 32 28 27 36 21 225 28 20 20 20 31 41 151 25 28 49 40 30 32
leaf_count=1444 30 22 55 207 32 35 147 21 106 39 58 32 28 27 36 21 225 28 20 20 20 31 41 151 25 28 49 40 30 32
internal_value=-0.00222403 -3.41415e-05 -0.00145669 -0.00352321 0.00171745 0.00640351 -0.000705523 -0.00126594 -0.000273633 0.00131579 0.0029918 0.000344417 0.00298611 0.00482143 0.0075 0.00125 -0.00102888 0.00228155 0.000333332 -0.0017347 -0.000669293 0.00206522 -0.00013889 -0.00153979 -0.0046256 0.00182927 0.000474451 0.00455882 -0.00246836 0.000434781
internal_weight=3080 1611 889 237 722 57 652 549 402 665 244 421 144 112 64 48 277 103 75 245 381 92 72 289 1469 205 137 68 79 138
internal_count=3080 1611 889 237 722 57 652 549 402 665 244 421 144 112 64 48 277 103 75 245 381 92 72 289 1469 205 137 68 79 138
is_linear=0
shrinkage=0.05


Tree=56
num_leaves=31
num_cat=0
split_feature=4 1 4 5 10 7 7 0 7 5 6 6 10 5 0 0 7 9 1 1 0 1 1 5 10 0 6 3 7 7
split_gain=6.3066 1.30492 0.805481 0.852048 0.931569 0.640244 0.50081 0.678788 0.474225 0.847645 0.660273 1.07302 0.608494 0.871111 0.573311 1.06538 0.541126 0.326787 0.278427 0.804177 0.874744 0.277215 0.787267 0.572346 0.640444 0.816432 0.92803 0.472321 0.624796 0.447737
threshold=304008.04589285719 241666.32000000004 298233.88178571436 74429.597521369942 98.500000000000014 1.5000000000000002 5.5000000000000009 271484.84500000003 3.5000000000000004 180203.9220039123 112715.55988619714 107906.13446047829 188.50000000000003 292071.28661657387 1074964.1100000001 868810.3400000002 1.5000000000000002 1.0000000180025095e-35 340694.82000000007 393562.90000000008 390224.83000000002 712211.72500000021 1078049.9500000002 138146.13288717566 134.50000000000003 641841.67000000016 176048.9093020412 483066.75000000006 1.5000000000000002 2.5000000000000004
decision_type=2 2 2 2 2 2 2 2 2 2 2 2 2 2 2 2 2 2 2 2 2 2 2 2 2 2 2 2 2 2
left_child=1 -1 3 4 -3 -6 -5 -8 10 18 11 16 14 -14 15 -11 -2 21 -10 20 -20 23 -23 -12 25 26 -25 28 -26 -24
right_child=8 2 -4 6 5 -7 7 -9 9 12 17 -13 13 -15 -16 -17 -18 -19 19 -21 -22 22 29 24 27 -27 -28 -29 -30 -31
leaf_value=-3092.8830347364769 65.764222137882228 631.21134227237201 -587.84358852261482 -963.54379401600261 -948.96858922413162 455.02696191816943 -221.08590981899707 898.03180033333308 -1804.9717439357244 -98.821724681402713 -0.68943304960199725 587.72546627911936 -41.198951303366769 9909.0972959599112 -4322.7125968516539 5143.8531101118388 -2648.5492801120618 -1454.9782813457844 -964.74978371159966 -1076.4878622471258 1370.2516396167457 -364.86851891583819 3546.4561246985259 230.21065358285318 150.3767924174347 6427.0631404030719 6225.4103147602718 -2906.0604505875331 -2184.6441466053238 10350.241032675549
leaf_weight=1524 22 21 210 124 21 20 22 20 92 72 184 30 25 20 35 29 20 48 27 146 20 92 49 24 37 31 20 32 43 20
leaf_count=1524 22 21 210 124 21 20 22 20 92 72 184 30 25 20 35 29 20 48 27 146 20 92 49 24 37 31 20 32 43 20
internal_value=-0.00227273 -0.00398063 -0.00157534 0.000482455 0.00548387 0.00109756 -0.00138554 0.00333333 0.000724507 -0.000493563 0.00159509 0.00611111 0.00218232 0.00722222 0.000514705 0.00242574 0.00095238 0.00103448 -0.00219298 -0.00111399 0.00457447 0.00139098 -0.000341616 0.00214286 0.00409091 0.00766667 0.0120455 0.00169643 0.00375 0.00369565
internal_weight=3080 1962 438 228 62 41 166 42 1118 466 652 72 181 45 136 101 42 580 285 193 47 532 161 371 187 75 44 112 80 69
internal_count=3080 1962 438 228 62 41 166 42 1118 466 652 72 181 45 136 101 42 580 285 193 47 532 161 371 187 75 44 112 80 69
is_linear=0
shrinkage=0.05


Tree=57
num_leaves=31
num_cat=1
split_feature=2 5 5 10 6 10 5 5 6 5 4 1 1 1 1 10 5 5 1 10 10 10 0 2 2 11 0 0 0 1
split_gain=6.10676 0.989184 0.919757 0.929232 0.786804 0.41082 0.374612 1.04716 0.884155 0.641881 0.392912 0.594474 0.599695 0.378243 0.397097 0.40842 0.384638 0.34376 0.32 0.308651 0.595919 0.438157 0.302222 0.356231 0.649713 0.566737 0.564871 1.03232 0.49938 0.463002
threshold=272157.78500000009 55704.832022349023 107301.43079407841 86.500000000000014 20094.521032280951 38.500000000000007 82515.176084094041 78868.886002430081 95994.331784380498 91341.761379179065 849559.8033928572 699785.88500000013 869690.97500000021 726605.24000000011 629150.43500000017 244.50000000000003 261838.50722672034 116729.40733952666 403110.97000000003 163.50000000000003 69.500000000000014 232.50000000000003 234668.66000000003 560115.69500000018 463800.83000000007 0 353977.08500000008 439999.90000000008 305119.35500000004 294526.96000000008
decision_type=2 2 2 2 2 2 2 2 2 2 2 2 2 2 2 2 2 2 2 2 2 2 2 2 2 1 2 2 2 2
left_child=2 4 -1 -4 -2 -3 7 8 -7 -8 13 -12 -13 14 15 16 22 -5 -17 20 -14 -21 -11 24 25 29 -26 -28 -27 -24
right_child=1 5 3 17 -6 6 9 -9 -10 10 11 12 19 -15 -16 18 -18 -19 -20 21 -22 -23 23 -25 26 28 27 -29 -30 -31
leaf_value=-2819.0514665584737 336.42755240557443 -236.02872709850362 3797.5656077183894 964.18676879916075 -715.87069584089159 444.24947311755307 -878.80001649578662 835.83197087506733 -1928.8323920055366 -916.75375813632672 5903.4256779262223 -1933.0109587349082 10606.868360977558 -226.24449869734406 290.86824666010602 26.569147169059239 1038.4308290932563 -3506.0068360710875 550.6963808593091 8651.1895740207456 -662.2435264551234 -3095.8482492455496 378.13256836522464 -1120.3661014522575 -1440.1525493604754 78.610283449727604 1125.8047432921958 374.08053492934744 -1515.8742553756076 135.48999938358574
leaf_weight=1552 23 115 42 28 187 40 44 21 31 60 31 26 23 70 42 25 21 108 25 39 57 20 26 93 27 40 21 44 106 93
leaf_count=1552 23 115 42 28 187 40 44 21 31 60 31 26 23 70 42 25 21 108 25 39 57 20 26 93 27 40 21 44 106 93
internal_value=-0.00222403 0.000296295 -0.00419075 -0.000786518 -0.00285714 0.000877192 0.00119512 0.00423913 0.00133803 0.000894961 0.00118673 0.00316326 0.0019697 0.000627704 0.00101926 0.000679861 0.000273068 -0.00279412 0.005 0.00327338 0.00125 0.00601695 -1.19209e-09 0.000444443 0.00116246 -9.43408e-05 0.00478261 0.00730769 -0.00211539 0.00236434
internal_weight=3080 1350 1730 178 210 1140 1025 92 71 933 889 196 165 693 623 581 531 136 50 139 80 59 510 450 357 265 92 65 146 119
internal_count=3080 1350 1730 178 210 1140 1025 92 71 933 889 196 165 693 623 581 531 136 50 139 80 59 510 450 357 265 92 65 146 119
cat_boundaries=0 1
cat_threshold=4
is_linear=0
shrinkage=0.05


Tree=58
num_leaves=31
num_cat=0
split_feature=1 3 5 10 5 10 2 10 3 4 7 4 7 1 1 4 3 1 5 10 1 4 2 10 1 7 2 1 1 2
split_gain=5.94814 0.958807 0.641977 0.546089 0.492729 0.690532 0.48956 0.688923 0.411484 0.73614 0.498701 0.496873 0.595055 0.574293 0.370542 0.34574 0.311722 0.561393 1.27441 0.459454 0.32814 0.306187 0.592079 0.435397 0.27704 0.254841 0.247366 0.354744 0.228302 0.416359
threshold=209714.22000000003 460756.10428571433 111688.74158179871 86.500000000000014 52209.070545177608 246.50000000000003 337313.51000000007 253.50000000000003 483066.75000000006 487485.96125000005 2.5000000000000004 791081.76035714301 1.5000000000000002 699785.88500000013 1270417.1000000003 296472.4780357143 389106.43214285723 428246.89500000008 106658.83706061462 229.50000000000003 508344.71500000008 1031562.4142857144 819491.67500000016 186.50000000000003 375168.83000000002 3.5000000000000004 278782.22000000003 364003.37000000005 321270.94000000006 304023.5500000001
decision_type=2 2 2 2 2 2 2 2 2 2 2 2 2 2 2 2 2 2 2 2 2 2 2 2 2 2 2 2 2 2
left_child=2 4 -1 -4 15 16 -7 -8 9 10 -3 24 14 -14 -13 -2 17 19 -19 28 -20 -15 -23 -24 -10 26 -18 -28 29 -6
right_child=1 8 3 -5 5 6 7 -9 11 -11 -12 12 13 21 -16 -17 25 18 20 -21 -22 22 23 -25 -26 -27 27 -29 -30 -31
leaf_value=-3077.7774330080038 140.96214542784747 1201.9183690236821 3761.4243573884155 -1878.8960379290011 -545.97877647300459 -902.98816888377905 290.90841393453445 -73.56642374755701 122.75760605516911 -153.87379220454866 26.466351522864933 -1462.1160490496675 5249.1407771140939 5190.2075601573351 5558.3203163809121 -595.8043564513581 -4976.7512962938335 727.33954481860894 -1275.928852946101 633.36742256327079 163.90310613405222 -1286.1284857615838 42.167016317598602 5239.5780400626218 -487.00477916033299 -1241.343918965076 92.869984908018409 -271.0485346486837 -906.29977975239717 38.621705954873576
leaf_weight=1402 28 20 21 46 165 26 21 23 28 27 22 57 29 44 21 205 30 25 35 30 29 27 52 30 194 112 31 87 132 81
leaf_count=1402 28 20 21 46 165 26 21 23 28 27 22 57 29 44 21 205 30 25 35 30 29 27 52 30 194 112 31 87 132 81
internal_value=-0.00225649 -0.000158288 -0.00455752 0.000223879 -0.00103774 -0.000465539 0.00428571 0.0075 0.00153357 0.00514493 0.00928571 0.0010166 0.0025 0.00406593 -0.00115385 -0.00306867 -0.000904889 -0.000171027 0.00342697 -0.000955884 -0.000312501 0.00284314 0.00142202 0.00353658 -0.000720722 -0.00230769 -0.000945947 8.47446e-05 -0.00142857 -0.000528456
internal_weight=3080 1611 1469 67 1060 827 70 44 551 69 42 482 260 182 78 233 757 497 89 408 64 153 109 82 222 260 148 118 378 246
internal_count=3080 1611 1469 67 1060 827 70 44 551 69 42 482 260 182 78 233 757 497 89 408 64 153 109 82 222 260 148 118 378 246
is_linear=0
shrinkage=0.05


Tree=59
num_leaves=31
num_cat=1
split_feature=3 11 7 4 6 0 3 0 2 7 6 6 0 3 9 7 7 5 3 6 5 2 7 0 5 4 2 6 5 5
split_gain=5.73135 1.51316 1.09523 1.07895 0.519632 0.392211 0.372692 1.66042 0.556653 0.888775 0.42437 0.78047 0.585218 0.473377 0.333496 0.306973 0.2574 0.251791 0.266163 0.598458 1.19853 0.507658 0.325048 0.383772 0.500801 0.881781 0.543472 0.467074 0.382653 0.274089
threshold=203666.02714285717 0 5.5000000000000009 297287.50267857144 20094.521032280951 1561492.3400000001 352271.63285714295 335049.23500000004 329237.01500000007 2.5000000000000004 354878.31159492291 398738.94413311017 1002513.7500000001 968199.37000000011 1.0000000180025095e-35 2.5000000000000004 2.5000000000000004 324285.28731276351 444401.80285714293 147844.39382622534 121332.18348206226 417986.48000000004 3.5000000000000004 566263.16500000015 116729.40733952666 414646.92553571431 301824.55000000005 117836.1444139721 129659.87757843696 138146.13288717566
decision_type=2 1 2 2 2 2 2 2 2 2 2 2 2 2 2 2 2 2 2 2 2 2 2 2 2 2 2 2 2 2
left_child=-1 5 4 -4 -3 6 7 8 9 -2 14 12 13 -12 17 -14 -13 18 22 20 -20 -22 23 24 27 26 -26 -8 -28 -21
right_child=1 2 3 -5 -6 -7 10 -9 -10 -11 11 16 15 -15 -16 -17 -18 -19 19 29 21 -23 -24 -25 25 -27 28 -29 -30 -31
leaf_value=-2908.718259136424 557.7354085187269 347.80568540106782 352.32563327677212 -899.8644137353142 -847.68259550882215 10476.227980517089 177.41265735767752 3292.4415849110137 -936.67108875557506 -868.53495512341897 5283.5394584298265 -2958.4964034960713 -1789.1919514203255 6412.1935977673793 -1325.6332680171467 7924.483445199975 162.06088874780318 -1172.1006813973065 802.98595656867178 -3299.9217520515072 -4323.966043272032 44.440203902897643 -873.14374118125818 -1532.880379359457 -4175.1121353285644 3631.8202237787209 782.52381999283136 -1089.3913591805119 9.6632419498469631 298.1095761824127
leaf_weight=1264 33 22 47 37 486 20 46 39 40 59 20 32 24 35 88 25 42 42 27 41 23 37 158 28 24 23 21 58 28 211
leaf_count=1264 33 22 47 37 486 20 46 39 40 59 20 32 24 35 88 25 42 42 27 41 23 37 158 28 24 23 21 58 28 211
internal_value=-0.00225649 -0.00045705 -0.00250831 0.00273809 -0.0034252 0.000551052 0.000440198 0.00260234 -7.57588e-05 0.00206522 8.22834e-05 0.00230337 0.00509615 0.00863636 -0.000380118 0.00112245 -0.00162162 -4.56335e-05 0.000172413 0.00119469 0.00477011 0.000833332 -0.00072539 0.000482455 0.00125 0.00385417 0.00116438 -0.00115385 0.00418367 -3.96837e-05
internal_weight=3080 1816 592 84 508 1224 1204 171 132 92 1033 178 104 55 855 49 74 767 725 339 87 60 386 228 200 96 73 104 49 252
internal_count=3080 1816 592 84 508 1224 1204 171 132 92 1033 178 104 55 855 49 74 767 725 339 87 60 386 228 200 96 73 104 49 252
cat_boundaries=0 1
cat_threshold=5
is_linear=0
shrinkage=0.05


Tree=60
num_leaves=31
num_cat=1
split_feature=0 11 7 0 4 2 3 0 1 3 7 7 2 5 5 0 1 0 0 0 1 2 1 5 4 5 4 5 0 2
split_gain=6.48864 0.732259 0.94374 0.866651 0.731261 0.69076 0.45894 0.625 0.430382 0.38351 0.358873 0.666231 0.511779 0.809551 0.693132 0.605072 0.484417 0.652367 0.448796 0.400391 0.293921 0.416788 0.26491 0.522056 0.45029 0.674787 0.253704 0.538431 0.820513 0.495572
threshold=210298.58000000002 0 5.5000000000000009 641841.67000000016 297287.50267857144 449917.94000000006 352271.63285714295 329972.81500000006 375168.83000000002 316903.36357142864 3.5000000000000004 1.5000000000000002 546466.46000000008 156314.5847961297 116729.40733952666 625018.81500000006 1270417.1000000003 347663.93000000005 1170112.9500000002 922493.13000000012 424970.04000000004 475497.74000000005 515226.29500000004 127358.78526881667 299275.41908571433 22392.386967851773 881080.39964285726 380985.83631915052 1074964.1100000001 427250.85500000004
decision_type=2 1 2 2 2 2 2 2 2 2 2 2 2 2 2 2 2 2 2 2 2 2 2 2 2 2 2 2 2 2
left_child=9 6 3 22 8 -6 7 -2 -4 -1 11 16 13 14 -13 -14 17 -8 19 -17 21 -19 24 -24 25 -3 29 28 -28 -12
right_child=1 2 4 -5 5 -7 10 -9 -10 -11 26 12 15 -15 -16 18 -18 20 -20 -21 -22 -23 23 -25 -26 -27 27 -29 -30 -31
leaf_value=-2643.6218019674402 -50.598029436133039 346.47465424345182 739.08537859178557 4349.8697829320326 -942.42301850767728 209.10686136967183 479.7729756928718 3080.9855614737244 45.560399050887114 -124.7343623426041 46.289401386065379 430.78106955382941 -977.40812695553677 -115.20717549511485 3158.8933768502743 3119.0905750895158 4959.7955612994519 -1034.1933370939603 -1907.6061277247172 5770.2327492599661 -892.89900437613051 77.530857609645921 409.9922748659078 -47.508821457229821 -480.23741031158937 -697.23410912324255 4770.3075707043417 -3554.6047572546759 -179.46494059325516 -1875.4876902300775
leaf_weight=1436 20 26 36 31 58 20 27 20 23 38 98 30 47 30 26 31 21 28 26 24 114 23 20 39 314 259 24 31 26 116
leaf_count=1436 20 26 36 31 58 20 27 20 23 38 98 30 47 30 26 31 21 28 26 24 114 23 20 39 314 259 24 31 26 116
internal_value=-0.00230568 -8.81624e-05 -0.00111244 -0.00187954 0.00266423 -0.000512822 0.00102331 0.00625 0.00686441 -0.00469471 0.000747921 0.00167447 0.00364486 0.00662791 0.0101786 0.00164062 -0.000305166 -0.00109375 0.00425926 0.00681818 -0.00227273 0.000882352 -0.00226444 0.000932202 -0.0025793 -0.00114035 -0.000593222 0.00179012 0.005 -0.00149533
internal_weight=3062 1588 826 689 137 78 762 40 59 1474 722 427 214 86 56 128 213 192 81 55 165 51 658 59 599 285 295 81 50 214
internal_count=3062 1588 826 689 137 78 762 40 59 1474 722 427 214 86 56 128 213 192 81 55 165 51 658 59 599 285 295 81 50 214
cat_boundaries=0 1
cat_threshold=4
is_linear=0
shrinkage=0.05


Tree=61
num_leaves=31
num_cat=1
split_feature=0 6 6 0 0 2 0 6 10 2 5 5 7 6 11 7 2 2 5 0 4 2 5 4 6 4 2 4 7 7
split_gain=5.98741 0.790231 0.501029 0.499897 0.770729 0.571103 0.691131 0.885335 0.750436 0.417722 0.404241 0.550046 0.508466 0.414156 0.401379 0.697901 0.687273 0.370042 0.340136 0.293478 0.278923 0.685315 0.383611 0.530421 0.776076 0.518255 0.304204 0.493654 0.23301 0.290909
threshold=208868.95000000004 49855.360544897623 20094.521032280951 798871.29500000004 1170112.9500000002 440523.68500000006 922493.13000000012 284870.39884652669 116.50000000000001 209254.53500000003 80664.657182888579 78113.717897721697 1.0000000180025095e-35 70537.735082849089 0 5.5000000000000009 454398.42500000005 216459.97500000001 110182.05823445389 1561492.3400000001 385148.46392857149 329237.01500000007 105817.25042322236 398491.41375000007 155481.2509383517 404276.63994709001 400207.65500000009 428947.87321428576 3.5000000000000004 1.5000000000000002
decision_type=2 2 2 2 2 2 2 2 2 2 2 2 2 2 1 2 2 2 2 2 2 2 2 2 2 2 2 2 2 2
left_child=9 2 -2 10 5 -5 -7 -8 -9 -1 11 12 -3 -14 20 -16 18 -11 -17 -6 21 -12 -22 -24 25 -25 -27 -28 29 -26
right_child=1 3 -4 4 19 6 7 8 -10 17 14 -13 13 -15 15 16 -18 -19 -20 -21 22 -23 23 24 28 26 27 -29 -30 -31
leaf_value=-2768.7830152214055 119.37621294466243 606.0101793948445 -445.97040499767485 7303.1372567522267 -1300.5414113888485 -431.03497253870222 -1127.5236967652136 6665.5863888236636 3313.9891934936481 579.53197792261278 -49.518239740557938 376.36005579840923 484.15052059497697 -1101.1824606948433 -762.65957090449376 353.68032854381772 376.984540606059 -717.9113949654917 -1571.4116021382472 9190.6423357484491 -1180.3630263371979 1484.5065961013988 -3457.5901930473187 585.4532020382884 -214.90690860790593 -224.76386204461261 -240.3868670684578 1765.430808561646 -663.15403906627091 903.13111885738681
leaf_weight=1301 31 30 202 20 69 51 20 20 34 23 39 25 34 71 380 24 29 136 25 23 67 33 38 21 68 35 28 31 95 59
leaf_count=1301 31 30 202 20 69 51 20 20 34 23 39 25 34 71 380 24 29 136 25 23 67 33 38 21 68 35 28 31 95 59
internal_value=-0.00227303 -0.000162298 -0.00285408 0.000295835 0.00238397 0.00465517 0.0034 0.00648649 0.00981481 -0.00458904 -0.000141344 0.0021875 0.000925925 -0.000714287 -0.000524693 -0.0015812 0.00269231 -0.00216981 -0.000918369 -0.00119565 0.00043893 0.00333333 -2.26256e-05 0.000599999 0.00123145 0.00456522 0.00297872 0.00516949 -0.000495497 0.000905511
internal_weight=3062 1602 233 1369 237 145 125 74 54 1460 1132 160 135 105 972 458 78 159 49 92 514 72 442 375 337 115 94 59 222 127
internal_count=3062 1602 233 1369 237 145 125 74 54 1460 1132 160 135 105 972 458 78 159 49 92 514 72 442 375 337 115 94 59 222 127
cat_boundaries=0 1
cat_threshold=4
is_linear=0
shrinkage=0.05


Tree=62
num_leaves=31
num_cat=0
split_feature=1 0 0 10 6 3 5 10 6 6 6 10 10 1 6 6 3 1 0 7 2 1 3 5 3 5 0 2 1 0
split_gain=5.67249 0.72745 0.98472 0.66746 0.885551 0.839189 0.598308 0.807692 0.396828 0.566998 0.486251 0.33164 0.408403 0.325771 0.385451 0.517213 0.426367 0.53783 0.63285 0.554098 0.445505 0.509766 0.366065 0.555256 0.358152 0.3 0.289544 0.250963 0.355665 0.250216
threshold=217492.16500000004 868810.3400000002 1170112.9500000002 98.500000000000014 284870.39884652669 1009431.5150000001 116729.40733952666 107.50000000000001 54082.356308984665 20094.521032280951 69296.256444369094 241.50000000000003 254.50000000000003 1270417.1000000003 247838.10495402032 216769.50933962673 380580.67428571434 428246.89500000008 381765.96500000003 5.5000000000000009 206623.57500000004 230817.63500000004 444401.80285714293 121332.18348206226 224232.83928571432 118470.56287015569 1561492.3400000001 538185.72500000009 552618.79500000004 301331.57500000007
decision_type=2 2 2 2 2 2 2 2 2 2 2 2 2 2 2 2 2 2 2 2 2 2 2 2 2 2 2 2 2 2
left_child=6 8 3 4 -3 -5 -1 -8 9 -2 -10 13 25 14 15 16 17 19 29 20 -12 -22 -18 -24 -21 -13 -4 -25 -29 -19
right_child=1 2 26 5 -6 -7 7 -9 10 -11 11 12 -14 -15 -16 -17 22 18 -20 24 21 -23 23 27 -26 -27 -28 28 -30 -31
leaf_value=-2472.2764885619736 205.37753061317713 2894.7780889353999 -1161.6870189469644 -2065.017317280046 9202.4096793170411 3152.0501463776218 3797.4750420538603 -3016.857281751767 635.28789548151644 -423.11632437377176 965.80264391396486 741.72821598750193 -500.54145751692545 6990.502213896897 -374.58891782353118 4298.6921922889596 -498.03521516159083 199.07373229259795 563.74438754927917 185.93540602692897 157.79958013330256 -736.5900026662224 436.01632868112688 -178.86839755439431 345.03764353365136 50.331430125376741 8731.1102189610228 330.9309563941942 -250.56125182188285 -217.8476304608206
leaf_weight=1449 27 23 68 23 22 37 24 28 20 196 33 20 42 25 124 26 245 20 25 26 27 184 39 125 35 40 23 29 35 22
leaf_count=1449 27 23 68 23 22 37 24 28 20 196 33 20 42 25 124 26 245 20 25 26 27 184 39 125 35 40 23 29 35 22
internal_value=-0.00230568 -0.000195389 0.00265306 0.00595238 0.0105556 0.0025 -0.00450033 0.00076923 -0.000604397 -0.00253363 -0.000227672 -0.00036542 0.00235294 -0.000637256 -0.000778896 -0.000407579 -0.000621303 0.00064516 0.00470149 -0.000245903 -0.00131148 -0.0021564 -0.00161734 -0.00017544 0.00401639 0.005 -0.00115385 -0.0012963 0.00125 0.00095238
internal_weight=3062 1561 196 105 45 60 1501 52 1365 223 1142 1122 102 1020 995 871 845 372 67 305 244 211 473 228 61 60 91 189 64 42
internal_count=3062 1561 196 105 45 60 1501 52 1365 223 1142 1122 102 1020 995 871 845 372 67 305 244 211 473 228 61 60 91 189 64 42
is_linear=0
shrinkage=0.05


Tree=63
num_leaves=31
num_cat=1
split_feature=0 0 0 2 0 6 3 6 6 5 2 11 7 3 10 10 0 6 2 6 3 6 7 7 10 5 5 6 5 5
split_gain=5.63888 0.925787 0.634194 0.571103 0.691131 0.885335 1.18519 0.515867 0.476348 0.391304 0.344698 0.342346 1.03704 0.957147 0.388746 1.08513 0.366667 0.345487 0.369011 0.358974 0.336742 0.333875 0.313635 0.624385 0.463086 0.309078 0.294902 0.323654 0.28969 0.289598
threshold=189185.49500000002 798871.29500000004 1170112.9500000002 440523.68500000006 922493.13000000012 284870.39884652669 1082063.2450000001 49855.360544897623 68673.682968589244 328924.07039972878 192197.14500000005 0 5.5000000000000009 352271.63285714295 241.50000000000003 253.50000000000003 329972.81500000006 77161.368069860269 454398.42500000005 107906.13446047829 968199.37000000011 238024.81766408481 1.0000000180025095e-35 3.5000000000000004 156.50000000000003 154024.64881952255 184217.46425335514 136501.98635866327 136534.7931255649 20726.6165526
decision_type=2 2 2 2 2 2 2 2 2 2 2 1 2 2 2 2 2 2 2 2 2 2 2 2 2 2 2 2 2 2
left_child=10 7 3 -3 -5 -6 -7 29 -9 -4 -1 13 -13 16 20 -16 -10 -14 19 -19 21 22 -15 24 26 28 27 -24 -25 -2
right_child=1 2 9 4 5 6 -8 8 11 -11 -12 12 17 14 15 -17 -18 18 -20 -21 -22 -23 23 25 -26 -27 -28 -29 -30 -31
leaf_value=-2718.7476840583668 -42.58527824304381 6805.5549633964929 -2112.8414374027639 -390.75377802059148 -967.89664606295139 7088.0934804925337 1827.4279143005788 521.83083925031622 106.16784942149407 7086.4898758129029 -574.17895328023803 -638.04785364530505 310.07206566840347 -680.18989255469853 588.75366978452143 -1316.0869341641076 2881.0510313061413 326.23970075621077 262.55467311424235 -763.07611987445193 3778.6212512627953 -1719.0009873137392 173.0910673176279 -411.85994568298941 -126.27331843317366 -1339.0380548070821 77.691600773040221 4262.2138305877079 833.38106488119308 -571.83684144776669
leaf_weight=1193 120 20 46 51 20 27 27 33 24 46 154 498 27 51 24 26 20 24 33 28 25 66 26 69 77 57 27 33 28 162
leaf_count=1193 120 20 46 51 20 27 27 33 24 46 154 498 27 51 24 26 20 24 33 28 25 66 26 69 77 57 27 33 28 162
internal_value=-0.00220771 -0.000306124 0.00259494 0.00465517 0.0034 0.00648649 0.00981481 -0.000771314 -0.000317727 -0.000652175 -0.00462881 -0.000485814 -0.00129032 0.000417406 -0.000186642 0.004 0.0075 0.00303571 0.00147059 -0.00115385 -0.000642703 -0.000967743 -0.000380436 0.000205046 0.00236196 -0.00207792 0.00488372 0.00686441 -0.000360826 -0.00269504
internal_weight=3062 1715 237 145 125 74 54 1478 1196 92 1347 1163 610 553 509 50 44 112 85 52 459 434 368 317 163 154 86 59 97 282
internal_count=3062 1715 237 145 125 74 54 1478 1196 92 1347 1163 610 553 509 50 44 112 85 52 459 434 368 317 163 154 86 59 97 282
cat_boundaries=0 1
cat_threshold=4
is_linear=0
shrinkage=0.05


Tree=64
num_leaves=31
num_cat=1
split_feature=1 1 0 10 3 0 1 3 11 1 6 6 10 0 0 0 0 6 1 3 4 10 10 10 1 6 0 0 4 7
split_gain=5.92165 0.712054 0.617606 0.580392 0.409946 0.747707 1.07651 1.92667 0.467485 0.865408 0.481672 0.39656 0.391884 0.301015 0.860188 0.691185 0.393321 0.381563 0.457984 0.414752 0.774778 1.07675 0.361252 0.356622 0.322781 0.495628 0.380455 0.666228 0.431849 0.313173
threshold=217492.16500000004 428246.89500000008 295188.25000000006 129.50000000000003 290822.88857142866 246158.66500000001 330995.43000000011 221093.87285714291 0 249520.31500000003 117836.1444139721 20094.521032280951 82.500000000000014 1208396.8800000001 922493.13000000012 966850.47500000021 1561492.3400000001 388326.90521691699 1170112.9500000002 378768.98714285722 296472.4780357143 129.50000000000003 47.500000000000007 107.50000000000001 801519.06500000006 216769.50933962673 271484.84500000003 326744.49500000005 383706.95732142864 3.5000000000000004
decision_type=2 2 2 2 2 2 2 2 1 2 2 2 2 2 2 2 2 2 2 2 2 2 2 2 2 2 2 2 2 2
left_child=2 4 -1 12 5 -2 7 -7 9 -6 -11 -10 -4 14 17 -16 -15 18 19 20 -3 -22 -21 -17 25 26 -24 -28 -29 -30
right_child=1 13 3 -5 8 6 -8 -9 11 10 -12 -13 -14 16 15 23 -18 -19 -20 22 21 -23 24 -25 -26 -27 27 28 29 -31
leaf_value=-2240.7623003311219 -276.63094078536528 -485.07399938271993 -821.41025743356226 -4427.8661365218532 949.32524893446089 -204.09883453935515 -449.61220682078084 2176.6063515686124 94.565494024283097 705.98821338694449 -97.705910609478167 -560.04481136407446 2771.1200811633516 -1415.2579188646487 3639.1302154547698 5446.5111793870228 7940.2302142223198 -1786.3236110677237 6665.7132190632274 -1411.1486210897604 689.31771791012864 30.022347948143512 -1438.2763223540865 -256.38866311676952 -358.19241907044676 2698.9467306450892 465.11177978958995 190.06838124380948 98.875106226652832 -1276.2868961648091
leaf_weight=1416 136 25 25 37 25 24 27 25 23 30 175 387 23 55 21 27 23 42 23 47 21 30 27 37 50 33 20 20 137 71
leaf_count=1416 136 25 25 37 25 24 27 25 23 30 175 387 23 55 21 27 23 42 23 47 21 30 27 37 50 33 20 20 137 71
internal_value=-0.00219138 -3.5235e-05 -0.00443371 -0.000294119 -0.00100939 0.000896225 0.00486842 0.00928571 -0.00164063 0.000208332 -0.00085366 -0.00261905 0.00333333 0.0011354 0.00149762 0.00617647 -0.00179487 0.00076923 0.00115079 0.000821205 0.00421053 0.0077451 0.000185184 0.00359375 0.000726256 0.00133117 0.000636362 0.00125 0.000482455 -0.000192309
internal_weight=3062 1561 1501 85 852 212 76 49 640 230 205 410 48 709 631 85 78 546 504 481 76 51 405 64 358 308 275 248 228 208
internal_count=3062 1561 1501 85 852 212 76 49 640 230 205 410 48 709 631 85 78 546 504 481 76 51 405 64 358 308 275 248 228 208
cat_boundaries=0 1
cat_threshold=4
is_linear=0
shrinkage=0.05


Tree=65
num_leaves=31
num_cat=2
split_feature=0 1 2 2 5 10 1 2 0 0 4 11 3 5 3 1 5 1 11 10 1 7 3 2 10 5 2 0 3 4
split_gain=5.23184 0.801125 0.631155 0.606126 0.853333 0.521257 0.785455 0.509898 0.498405 0.859275 0.425746 0.754715 0.815527 0.507107 0.433045 0.385073 0.383783 1.12457 0.318231 0.818216 0.740969 0.511032 0.414742 0.323719 0.432018 0.23998 0.653333 0.508345 0.356468 0.742982
threshold=189185.49500000002 388154.28000000009 283675.44500000007 255935.42000000004 136534.7931255649 121.50000000000001 1170112.9500000002 157852.88000000003 306470.57000000001 271484.84500000003 291125.76803571434 0 337522.94214285718 18623.262859948682 242178.02500000005 298795.71000000002 80664.657182888579 311341.90000000008 1 212.50000000000003 537380.32500000007 1.5000000000000002 1060734.0692857143 560115.69500000018 194.50000000000003 106658.83706061462 501588.40000000008 625018.81500000006 1060734.0692857143 1007908.373881579
decision_type=2 2 2 2 2 2 2 2 2 2 2 1 2 2 2 2 2 2 1 2 2 2 2 2 2 2 2 2 2 2
left_child=-1 7 3 4 -3 25 8 -2 9 -7 14 12 -12 15 16 -13 17 -9 19 20 -10 -20 23 24 -23 26 -4 -27 29 -29
right_child=1 2 5 -5 -6 6 -8 10 18 -11 11 13 -14 -15 -16 -17 -18 -19 21 -21 -22 22 -24 -25 -26 27 -28 28 -30 -31
leaf_value=-2195.0175760101324 -3634.5407868917391 749.08626795483121 740.88749599192431 599.15918491452896 -3573.6405274315607 -320.65560491134033 7683.389678359521 -224.09204582306663 -226.3045653371226 559.22797426640363 2299.7629924521643 -792.23991328333216 -16.129670200580399 -631.51493229435425 1073.9924636115561 56.046567812039612 -1582.9601264012776 510.02074588814031 -1395.1869258999666 -499.13243003100007 260.07656962936255 600.66274178182903 3478.0419892329846 -1955.9923329934238 -903.68115620783192 -939.21889118251784 -598.70032751828819 -364.28502813664625 -2088.8309488985801 3515.3037274958619
leaf_weight=1336 90 20 30 24 30 25 48 121 28 23 24 24 169 376 37 28 33 21 63 45 30 26 21 47 44 122 20 84 42 30
leaf_count=1336 90 20 30 24 30 25 48 121 28 23 24 24 169 376 37 28 33 21 63 45 30 26 21 47 44 122 20 84 42 30
internal_value=-0.00223947 -0.000420291 0.00073566 0.00513513 0.002 0.00028846 0.0015 -0.0014247 0.000681817 0.00541667 -0.00103842 -0.00169887 0.000911329 -0.00283105 0.000896225 0.00173077 -0.000142858 0.000985914 -6.57907e-05 0.00207964 0.0062069 -0.00120853 0.000434781 -0.000726497 0.00142857 -0.00118903 0.002 -0.00176259 0.000128204 0.00157895
internal_weight=3061 1725 802 74 50 728 400 923 352 48 833 621 193 428 212 52 175 142 304 103 58 201 138 117 70 328 50 278 156 114
internal_count=3061 1725 802 74 50 728 400 923 352 48 833 621 193 428 212 52 175 142 304 103 58 201 138 117 70 328 50 278 156 114
cat_boundaries=0 1 2
cat_threshold=4 1
is_linear=0
shrinkage=0.05


Tree=66
num_leaves=31
num_cat=0
split_feature=1 6 6 2 10 2 4 2 2 2 5 1 0 1 5 6 10 10 0 2 2 10 10 4 1 4 5 7 3 10
split_gain=5.19915 0.665299 0.734942 0.540185 0.43171 0.468954 0.762698 1.23648 0.465362 0.377036 1.24749 0.494281 0.464038 0.596397 1.08624 0.560094 0.808573 0.719087 0.72 0.405182 0.432586 0.463427 0.442188 0.356301 0.788475 0.52878 0.340562 0.332468 0.514262 0.785753
threshold=220791.11500000002 54082.356308984665 20094.521032280951 204398.89000000004 21.500000000000004 214222.48500000002 399269.9537500001 190915.16000000003 246961.92500000002 290950.18000000005 149492.29939356982 313503.2950000001 306470.57000000001 1340411.5150000004 355492.42104653973 107906.13446047829 134.50000000000003 176.50000000000003 246158.66500000001 400207.65500000009 570289.31000000017 50.500000000000007 83.500000000000014 1007908.373881579 699785.88500000013 399269.9537500001 160148.23591941161 5.5000000000000009 384851.28857142857 177.50000000000003
decision_type=2 2 2 2 2 2 2 2 2 2 2 2 2 2 2 2 2 2 2 2 2 2 2 2 2 2 2 2 2 2
left_child=3 2 -2 -1 -3 6 7 -6 -7 10 11 -10 15 19 -15 16 -11 26 -19 -14 21 -21 -23 25 -25 -22 -17 28 29 -24
right_child=1 4 -4 -5 5 8 -8 -9 9 12 -12 -13 13 14 -16 17 -18 18 -20 20 23 22 27 24 -26 -27 -28 -29 -30 -31
leaf_value=-2173.0598784749573 238.71549805356233 -249.44300649015588 -424.63227543249491 -370.27225896314332 -2842.9507094271867 -1251.3964457224424 1400.2450175543429 1596.4075944954554 -836.42250514558623 721.85500893261417 561.10533224057542 632.33785530256614 -738.21683240480979 8752.3801187428689 -1472.7121746785583 -1426.5891133536099 61.46003135141396 -304.62282466577216 572.27090345298507 -1413.9628126318221 247.07274318118641 1651.2237066441562 -110.61755018160748 8205.7506377956106 -303.02232001159092 -658.31564661751554 23.411046596035973 173.23750083774095 -299.73868432481976 285.26909619447838
leaf_weight=1357 24 38 181 157 43 75 20 27 40 38 25 45 184 22 29 53 37 25 25 26 20 32 21 26 96 176 30 45 118 26
leaf_count=1357 24 38 181 157 43 75 20 27 40 38 25 45 184 22 29 53 37 25 25 26 20 32 21 26 96 176 30 45 118 26
internal_value=-0.00219046 -0.000151908 -0.00280488 -0.00427345 0.000253352 0.000406441 0.00388889 0.00142857 0.000148269 0.000399472 0.00318182 0.000294116 0.00010204 -0.000432401 0.00480392 0.00221154 0.00566667 0.000263157 0.005 -0.000779222 -0.00013652 0.00134328 0.00202479 -0.00138365 0.000737704 -0.00270408 -0.00259036 0.00119047 0.000151514 0.00457447
internal_weight=3061 1547 205 1514 1342 1304 90 70 1214 1139 110 85 1029 821 51 208 75 133 50 770 586 268 242 318 122 196 83 210 165 47
internal_count=3061 1547 205 1514 1342 1304 90 70 1214 1139 110 85 1029 821 51 208 75 133 50 770 586 268 242 318 122 196 83 210 165 47
is_linear=0
shrinkage=0.05


Tree=67
num_leaves=31
num_cat=0
split_feature=4 0 1 6 5 0 0 0 2 4 6 0 2 7 0 1 5 6 5 5 5 3 7 2 0 1 2 1 1 4
split_gain=4.95879 0.725824 0.720335 0.881606 0.801837 0.700304 0.914107 0.677583 0.666337 0.643486 0.651882 0.469146 0.811419 0.381656 0.388235 0.370798 0.874744 0.342857 0.352015 0.332896 0.488225 0.462645 0.308919 0.582967 0.413885 0.293146 0.287811 0.391111 0.494728 0.528302
threshold=223645.53125000003 200374.95000000004 388154.28000000009 127006.17951327014 202391.29609061941 299583.55000000005 473850.27500000008 542636.96000000008 579120.67000000004 229007.83250000005 20094.521032280951 577566.06000000017 305767.98500000004 4.5000000000000009 473850.27500000008 1340411.5150000004 328924.07039972878 150392.42913183375 180203.9220039123 127358.78526881667 102828.78558203026 380580.67428571434 4.5000000000000009 261101.73000000001 271484.84500000003 349418.68500000006 159031.20500000002 327504.38500000007 281803.10000000003 155272.47421583853
decision_type=2 2 2 2 2 2 2 2 2 2 2 2 2 2 2 2 2 2 2 2 2 2 2 2 2 2 2 2 2 2
left_child=1 -1 4 5 9 -4 19 -8 -6 -2 -11 13 -13 -5 17 -14 -17 -15 -19 20 21 -7 -12 -24 -25 -26 -3 28 29 -28
right_child=2 26 3 11 8 6 7 -9 -10 10 22 12 15 14 -16 16 -18 18 -20 -21 -22 -23 23 24 25 -27 27 -29 -30 -31
leaf_value=-2040.8569985821596 358.78263940798979 -3379.2667463167672 592.18527126959896 -401.98798854986956 1065.5424871889279 977.29138749468427 312.37501535324174 38.039643868353153 -2489.1704403737954 257.23695375380476 -457.99709987782728 2419.7768372231621 -92.45895734205007 573.26633945367985 -1682.5357170427521 8734.3150727013308 -895.81737496433607 -2780.7071023313251 74.184220570078551 72.235443410331968 -1735.0409353881853 -582.49314486604817 3032.3409368396365 107.40609953634664 -723.08207750400743 15.083262475359113 633.24907897670721 -764.57599932005485 451.87774684304543 -554.11449863628536
leaf_weight=1291 52 52 28 191 21 25 23 21 23 22 520 23 263 24 22 20 27 30 26 24 44 23 20 38 88 21 25 24 22 28
leaf_count=1291 52 52 28 191 21 25 23 21 23 22 520 23 263 24 22 20 27 30 26 24 44 23 20 38 88 21 25 24 22 28
internal_value=-0.00217413 -0.00430652 -0.000274862 0.000773955 -0.0013354 0.00377659 0.0025 0.00863636 0.00522727 -0.00171485 -0.0021086 -0.000127797 0.00115615 -0.00158703 0.000882352 0.00048387 0.00457447 0.0025 0.000357142 0.000172413 -0.00119565 0.00229167 -0.00237991 -0.000508983 -0.00159864 -0.00316514 -0.00102649 0.000555554 0.00233333 -0.00028302
internal_weight=3061 1442 1619 814 805 188 160 44 44 761 709 626 333 293 102 310 47 80 56 116 92 48 687 167 147 109 151 99 75 53
internal_count=3061 1442 1619 814 805 188 160 44 44 761 709 626 333 293 102 310 47 80 56 116 92 48 687 167 147 109 151 99 75 53
is_linear=0
shrinkage=0.05


Tree=68
num_leaves=31
num_cat=1
split_feature=1 1 2 3 5 4 7 5 10 2 4 11 4 3 10 3 3 3 10 1 3 3 2 4 3 4 1 5 2 3
split_gain=5.05981 0.495516 0.463637 0.494345 1.06522 0.732344 1.73233 0.423462 0.509752 0.402192 1.09946 0.452414 0.421394 0.793651 1.35087 0.363867 0.927306 0.465206 0.362893 0.395604 0.357143 0.341513 0.49 0.303984 0.380438 0.596553 0.344601 0.481094 0.279722 0.677097
threshold=194682.13500000004 295994.90000000008 305767.98500000004 300666.79642857151 71742.172016100943 398491.41375000007 4.5000000000000009 111688.74158179871 104.50000000000001 300053.88000000006 298233.88178571436 0 223645.53125000003 352271.63285714295 81.500000000000014 293411.12142857147 275888.70142857148 328123.72285714292 214.50000000000003 241666.32000000004 444401.80285714293 384851.28857142857 263193.62500000006 1061388.8887500002 1043417.1457142859 1007908.373881579 1340411.5150000004 407298.74586677196 672052.88000000012 750621.0357142858
decision_type=2 2 2 2 2 2 2 2 2 2 2 1 2 2 2 2 2 2 2 2 2 2 2 2 2 2 2 2 2 2
left_child=7 9 3 4 -3 21 20 -1 -9 11 -11 12 -2 14 -14 16 -4 -17 19 -12 -7 -5 -23 24 25 28 27 -25 29 -19
right_child=1 2 15 5 -6 6 -8 8 -10 10 18 -13 13 -15 -16 17 -18 23 -20 -21 -22 22 -24 26 -26 -27 -28 -29 -30 -31
leaf_value=-2016.8914009112254 -442.79875657090827 259.24903009873179 -515.78160282763656 -418.56042891300541 -804.46459093808005 -875.38824513753741 2880.7238899976574 1174.1926325811946 -2607.7556736978408 992.36987589443561 16.005201280292781 -870.42388651060139 -772.65082752088858 -3397.5391702076495 2624.7346532251267 -198.17481012055632 304.04929431631678 -18.811462547343382 27.894144224146501 -627.33964544322282 296.57540538207445 -3976.3458649565132 378.63144272620696 -385.65720379868731 -2092.1083348276275 3792.9943913965903 7703.5915681255974 3311.5855653830399 -561.83373714388142 7759.7582270289631
leaf_weight=1327 53 23 51 58 23 20 20 24 23 22 28 228 20 21 22 106 30 441 29 63 36 25 20 52 43 36 29 27 139 22
leaf_count=1327 53 23 51 58 23 20 20 24 23 22 28 228 20 21 22 106 30 441 29 63 36 25 20 52 43 36 29 27 139 22
internal_value=-0.00209245 -0.000257855 0.000287259 0.00233333 0.00695652 0.00114525 0.00486842 -0.00434498 0.000319148 -0.00160494 0.000633802 -0.00252907 0.000158729 0.00293651 0.00690476 -0.000184427 0.00302469 -0.000474862 -0.00125 -0.0028022 0.000357142 -0.00160194 0.00166667 -5.70354e-05 -0.000447872 -0.000141067 0.00240741 0.000696201 -0.000514951 7.55928e-05
internal_weight=3061 1687 1201 225 46 179 76 1374 47 486 142 344 116 63 42 976 81 895 120 91 56 103 45 789 681 638 108 79 602 463
internal_count=3061 1687 1201 225 46 179 76 1374 47 486 142 344 116 63 42 976 81 895 120 91 56 103 45 789 681 638 108 79 602 463
cat_boundaries=0 1
cat_threshold=5
is_linear=0
shrinkage=0.05


Tree=69
num_leaves=31
num_cat=1
split_feature=0 7 11 4 4 4 0 3 5 3 10 5 2 2 4 3 4 9 6 6 3 0 7 6 10 5 5 2 5 4
split_gain=4.7524 0.578909 0.67803 0.502172 0.510227 0.491236 0.914047 1.01857 0.431332 0.611751 0.674977 1.17442 0.571429 0.469677 0.328378 0.256899 0.541458 0.317346 0.325482 0.286877 0.259415 0.875214 0.502924 0.236538 0.222639 0.248098 0.599263 0.537202 0.332901 0.261506
threshold=189185.49500000002 4.5000000000000009 0 222408.70160714287 229007.83250000005 1053184.051964286 1253947.2600000002 1009431.5150000001 60221.238444549301 380580.67428571434 153.50000000000003 140885.12103858995 479878.03000000009 326119.78000000009 391963.17375000002 1043417.1457142859 903807.27875000006 1.0000000180025095e-35 286953.74001711066 265376.84609726974 293411.12142857147 262709.99500000005 1.5000000000000002 21928.124730430602 50.500000000000007 55704.832022349023 97608.568508544835 475497.74000000005 18623.262859948682 385148.46392857149
decision_type=2 2 1 2 2 2 2 2 2 2 2 2 2 2 2 2 2 2 2 2 2 2 2 2 2 2 2 2 2 2
left_child=3 2 -2 -1 -5 15 7 -7 23 -10 13 -12 -13 -11 -6 16 17 18 19 20 21 22 -4 -3 -22 28 27 -27 -26 -28
right_child=1 8 5 4 14 6 -8 -9 9 10 11 12 -14 -15 -16 -17 -18 -19 -20 -21 24 -23 -24 -25 25 26 29 -29 -30 -31
leaf_value=-1911.9991067649958 -877.87379055274823 -189.60868872385481 297.35776135386698 615.4721084333512 -1015.4423055118662 -543.52486971162148 -3645.7738962484859 7912.4194597394371 331.9365690602155 950.15981582730967 -651.82317102216177 642.59987650722258 1536.7381645895646 -1572.954508704142 12.204744968394344 -2841.8629206862765 3603.3449303213392 -905.32989613343841 -3772.7043359543222 2444.6546655662164 -259.84793301176165 489.71333564671431 -2085.8716991987999 -756.334003090225 11.71982494426948 948.32345541641143 53.888735614095289 -31.843846581325444 -272.3285635112972 -243.79861453662306
leaf_weight=1238 215 24 38 24 54 23 32 30 159 21 57 28 36 110 20 34 26 81 38 32 69 39 43 41 29 32 53 24 79 332
leaf_count=1238 215 24 38 24 54 23 32 30 159 21 57 28 36 110 20 34 26 81 38 32 69 39 43 41 29 32 53 24 79 332
internal_value=-0.00212512 -0.000391306 -0.000956767 -0.00436377 -0.000918369 -0.0004023 0.00323529 0.00726415 0.00109244 0.001691 0.000158729 0.00285124 0.0075 -0.00232825 -0.00297297 -0.000732351 -0.000573772 -0.000781778 -0.000482674 -0.000259741 -0.000460706 0.00166667 -0.0012963 -0.00269231 -0.000873788 -0.000537342 -1.13391e-05 0.00482143 -0.00268519 -0.000714287
internal_weight=3061 1725 1249 1336 98 1034 85 53 476 411 252 121 64 131 74 949 915 889 808 770 738 120 81 65 618 549 441 56 108 385
internal_count=3061 1725 1249 1336 98 1034 85 53 476 411 252 121 64 131 74 949 915 889 808 770 738 120 81 65 618 549 441 56 108 385
cat_boundaries=0 1
cat_threshold=2
is_linear=0
shrinkage=0.05


Tree=70
num_leaves=31
num_cat=0
split_feature=2 6 5 10 5 6 4 0 1 10 5 6 4 3 10 4 4 1 10 10 5 5 5 0 6 5 10 0 0 5
split_gain=5.97128 0.558291 0.511661 0.668605 0.510351 0.400093 0.73498 0.334955 1.48669 0.475398 0.436754 0.551785 1.01153 0.565549 0.309434 0.308767 1.21162 0.539102 0.446932 0.427653 0.734783 0.456981 0.653992 0.448148 0.340208 0.562542 0.316598 0.512928 0.918808 0.95907
threshold=192197.14500000005 40486.246300593797 115916.17200422524 90.500000000000014 42350.848692379157 21382.929823183124 299015.84875000006 902965.40000000014 537380.32500000007 260.50000000000006 423354.85599922697 284870.39884652669 1031562.4142857144 1082063.2450000001 41.500000000000007 286684.47232142865 230689.30196428575 424970.04000000004 53.500000000000007 226.50000000000003 95124.444919640286 180203.9220039123 213030.78251489895 295188.25000000006 75076.72303092682 80664.657182888579 115.50000000000001 405023.70000000007 372629.17500000005 163323.57170830676
decision_type=2 2 2 2 2 2 2 2 2 2 2 2 2 2 2 2 2 2 2 2 2 2 2 2 2 2 2 2 2 2
left_child=2 5 -1 -4 -3 6 -2 9 -9 14 11 -10 -13 -14 -6 16 24 19 -19 21 -21 -17 -23 -22 -16 -26 -20 28 29 -28
right_child=1 4 3 -5 7 -7 -8 8 10 -11 -12 12 13 -15 15 17 -18 18 26 20 23 22 -24 -25 25 -27 27 -29 -30 -31
leaf_value=-1926.1779589515238 209.78836932996089 473.6247881856782 3451.1833642771053 -2583.577111454465 -690.55408658190368 -371.97932857811571 -852.57303873039336 15973.659908474141 -4751.6122323898617 146.02000504549468 -4258.7563233762048 2678.9129099857246 3784.3652313771936 -1174.6896881588623 -168.66841977609482 -909.52552716824687 1575.0872612978856 1257.4525240869787 -192.59598539482201 509.86066997295148 29.23082680717836 887.80617424610796 -4195.574718527615 -3226.7694521723588 233.21827760858392 -108.25271879548444 -69.878900915260388 -4.2191276099889778 1222.6519602292833 715.92302644750453
leaf_weight=1296 23 24 20 23 126 159 34 20 25 20 29 27 32 57 100 337 27 24 131 20 27 22 26 45 20 26 68 189 22 27
leaf_count=1296 23 24 20 23 126 159 34 20 25 20 29 27 32 57 100 337 27 24 131 20 27 22 26 45 20 26 68 189 22 27
internal_value=-0.00205882 -8.00249e-05 -0.00455191 0.000813952 0.000268524 -0.0024537 0.00114035 0.000148582 0.00210526 -0.000147177 0.000588234 0.00173759 0.00318965 0.000617976 -0.000270818 -4.50164e-06 0.00193641 -0.000362475 0.000856832 -0.00154088 0.00152174 -0.00227273 0.00229167 -0.000833335 0.000136985 0.00369565 0.00049199 0.00137255 0.00397436 0.0018421
internal_weight=3026 1687 1339 43 1471 216 57 1447 190 1257 170 141 116 89 1237 1111 173 938 461 477 92 385 48 72 146 46 437 306 117 95
internal_count=3026 1687 1339 43 1471 216 57 1447 190 1257 170 141 116 89 1237 1111 173 938 461 477 92 385 48 72 146 46 437 306 117 95
is_linear=0
shrinkage=0.05


Tree=71
num_leaves=31
num_cat=0
split_feature=0 5 0 7 4 0 4 1 6 1 10 6 6 7 4 1 7 1 6 1 10 10 4 4 5 1 4 5 1 3
split_gain=4.45852 0.816544 1.06712 0.406501 0.706794 0.864095 0.867594 0.625119 0.665296 0.69862 0.364454 0.361012 0.333353 0.480552 0.401408 0.379274 0.323077 0.722838 0.36 0.316604 0.309338 0.885163 0.493626 0.484789 0.295935 0.713273 0.946753 0.246528 0.607792 0.244553
threshold=186595.16000000003 57483.940158256606 191853.80500000002 4.5000000000000009 292670.81812169316 229852.89000000004 224455.03446428574 432365.23500000004 388326.90521691699 1270417.1000000003 253.50000000000003 382296.36668734596 118969.01629422152 1.0000000180025095e-35 414646.92553571431 924534.84500000009 1.0000000180025095e-35 317754.87000000005 79916.668306420775 199820.78500000003 124.50000000000001 82.500000000000014 515721.64607142861 867306.46678571438 22392.386967851773 288947.88000000006 299799.25750000012 115916.17200422524 189859.16500000001 1009431.5150000001
decision_type=2 2 2 2 2 2 2 2 2 2 2 2 2 2 2 2 2 2 2 2 2 2 2 2 2 2 2 2 2 2
left_child=19 24 -3 7 5 -5 -7 10 9 12 16 29 13 -9 -14 20 17 18 -4 -1 21 23 -22 -16 25 -2 -27 -18 -29 -6
right_child=1 2 3 4 11 6 -8 8 -10 -11 -12 -13 14 -15 15 -17 27 -19 -20 -21 22 -23 -24 -25 -26 26 -28 28 -30 -31
leaf_value=-1832.091616696348 -1092.9322557700461 992.67906637909255 -10.546285916438912 -383.33060731809388 -1.3837667056169143 42.053935230418105 2597.5881250038365 -12.744929932956166 -1432.9955129363855 6877.4255280398474 60.968490406121106 1600.4072587198589 -1310.9462170210486 220.54453528803921 -556.14656415633101 -1309.6024474271162 -1800.5886702608143 -722.83431764337649 1659.8705306905374 -294.84766502926021 58.248683924010521 4167.1473388068807 -1893.1742140471329 3508.0278746991589 -678.90352950242072 205.48258930353524 -117.88940732584327 1392.8600433557124 -784.4571275393198 -4614.6206893626868
leaf_weight=1169 64 22 20 27 276 20 23 31 63 29 21 35 64 29 34 60 227 46 25 112 74 36 32 23 179 22 55 22 160 26
leaf_count=1169 64 22 20 27 276 20 23 31 63 29 21 35 64 29 34 60 227 46 25 112 74 36 32 23 179 22 55 22 160 26
internal_value=-0.00217449 -0.000530087 -1.75451e-05 -0.000188882 0.0011425 0.00571428 0.0101163 -0.000732933 0.000578946 0.00131068 -0.00192898 0.000192877 0.000744124 0.00416667 0.000108358 0.000984555 -0.0022 0.000494504 0.005 -0.00441452 0.00203517 0.00413978 0.000188678 0.000263157 -0.0028125 -0.00109929 0.00214286 -0.00279951 -0.00142857 -0.00036424
internal_weight=3026 1745 1425 1403 407 70 43 996 475 412 521 337 383 60 323 259 500 91 45 1281 199 93 106 57 320 141 77 409 182 302
internal_count=3026 1745 1425 1403 407 70 43 996 475 412 521 337 383 60 323 259 500 91 45 1281 199 93 106 57 320 141 77 409 182 302
is_linear=0
shrinkage=0.05


Tree=72
num_leaves=31
num_cat=0
split_feature=2 5 10 6 5 5 2 3 10 0 4 7 2 3 2 7 3 3 4 0 0 6 0 0 6 7 2 6 6 2
split_gain=5.33538 0.504564 0.668605 0.464962 0.544487 0.385127 0.548515 0.716009 0.336984 0.394629 0.571939 1.60254 0.403882 0.37594 0.343377 0.504278 0.370305 0.466402 0.324813 0.303684 0.474348 0.625 0.615416 1.34489 0.557483 0.942308 0.571479 0.360298 0.58451 0.364511
threshold=192197.14500000005 115916.17200422524 90.500000000000014 40486.246300593797 42350.848692379157 22392.386967851773 285888.22500000003 295731.55642857146 25.500000000000004 229852.89000000004 291125.76803571434 4.5000000000000009 516985.39500000008 221093.87285714291 400207.65500000009 3.5000000000000004 464564.0450000001 373623.22571428574 300836.95071428578 268668.97500000003 306470.57000000001 138723.34230673066 369617.96500000003 395669.96500000003 118969.01629422152 1.0000000180025095e-35 524753.90000000014 398738.94413311017 382296.36668734596 560115.69500000018
decision_type=2 2 2 2 2 2 2 2 2 2 2 2 2 2 2 2 2 2 2 2 2 2 2 2 2 2 2 2 2 2
left_child=1 -1 -3 5 -5 6 -2 -8 -6 12 11 13 -10 -11 15 -12 17 18 -17 -16 21 -21 -22 -24 25 -25 -26 28 29 -28
right_child=3 2 -4 4 8 -7 7 -9 9 10 14 -13 -14 -15 19 16 -18 -19 -20 20 22 -23 23 24 26 -27 27 -29 -30 -31
leaf_value=-1743.0983055609395 -978.57395940943536 3196.9657159176718 -2378.1661548794232 541.54812961121263 -973.26188581478209 -544.49529002256304 434.57945107876139 -70.675512652590555 -272.25100763462859 -667.3796123060315 -1122.6529123886364 1371.5846294623952 691.38932234666049 259.90090529585626 -354.34536076439218 -542.96321371920192 442.99137755577971 -932.06643473162467 714.14137817298524 16.837120561292185 -384.33904312294339 286.1322116850244 1023.953891700571 -1034.4821624336776 -1063.1770566075236 124.48993461764256 3694.9716839287717 -892.3310816542122 6729.1518761235684 69.810964834053848
leaf_weight=1296 47 20 23 24 68 88 20 61 214 25 190 29 20 38 22 22 33 93 23 20 74 20 26 26 106 26 31 60 20 261
leaf_count=1296 47 20 23 24 68 88 20 61 214 25 190 29 20 38 22 22 33 93 23 20 74 20 26 26 106 26 31 60 20 261
internal_value=-0.00215797 -0.00451456 0.000813952 -0.000287494 3.05902e-05 -0.0024537 -0.000703126 0.00179012 -9.32977e-05 7.61409e-05 0.000458514 0.00423913 -0.00179487 -0.000238096 0.000128204 -0.00112188 0.000847952 -0.000289856 0.00388889 0.000780346 0.000970148 0.00625 0.000634919 0.00120503 0.000660376 0.00557692 0.000125522 0.00104839 0.00173077 0.00116438
internal_weight=3026 1339 43 1687 1471 216 128 81 1447 1379 1145 92 234 63 1053 361 171 138 45 692 670 40 630 556 530 52 478 372 312 292
internal_count=3026 1339 43 1687 1471 216 128 81 1447 1379 1145 92 234 63 1053 361 171 138 45 692 670 40 630 556 530 52 478 372 312 292
is_linear=0
shrinkage=0.05


Tree=73
num_leaves=31
num_cat=0
split_feature=2 6 6 5 5 4 5 0 2 0 0 4 7 2 2 2 7 7 10 4 10 6 4 2 0 6 5 4 10 5
split_gain=5.11329 0.639399 0.498956 0.424884 0.657607 0.583351 0.411192 0.436352 0.844162 0.640514 0.68848 0.37823 0.374128 0.379528 0.31343 0.448088 0.305786 0.294471 0.568843 0.432102 0.407763 0.642794 0.451801 1.12572 0.316394 0.315202 0.316588 0.270773 0.399671 0.257812
threshold=192197.14500000005 40486.246300593797 45901.726176719465 136534.7931255649 105035.48597331518 385148.46392857149 60221.238444549301 449186.14500000008 369476.97500000003 378119.72000000003 305119.35500000004 389411.87053571432 5.5000000000000009 524753.90000000014 427250.85500000004 400207.65500000009 4.5000000000000009 1.0000000180025095e-35 240.50000000000003 517126.32982142863 212.50000000000003 415433.35128896585 1007908.373881579 1028137.0450000002 1074964.1100000001 161349.32619857075 213030.78251489895 738330.17464285728 60.500000000000007 22392.386967851773
decision_type=2 2 2 2 2 2 2 2 2 2 2 2 2 2 2 2 2 2 2 2 2 2 2 2 2 2 2 2 2 2
left_child=11 29 -3 4 6 -5 -4 8 -8 10 -10 -1 13 14 15 16 -7 19 20 -15 21 22 25 -24 -25 -19 -27 -28 -29 -2
right_child=1 2 3 5 -6 12 7 -9 9 -11 -12 -13 -14 17 -16 -17 -18 18 -20 -21 -22 -23 23 24 -26 26 27 28 -30 -31
leaf_value=-1652.5912875270442 -55.816924391301932 976.44177338403779 -400.01179559189944 181.33064533102106 -295.42126730327215 -522.45036337981958 -1.8769912948675735 -785.92527899235893 725.94851721056887 834.90844994817837 -261.7302208194223 6.8756130010360472 -998.16414607733793 32.179508229624098 -325.00290009439743 271.82560110077117 405.09572669977103 3961.4416854166834 -3763.7866572841049 -1734.479817682429 4004.4221957802774 -6918.7892281764616 7173.6793625943483 5857.1661933162941 -1334.4757518482895 -2268.437193317016 3167.5895230951551 3198.8577908336306 -1429.180107537296 -517.27052552143425
leaf_weight=1318 128 25 63 50 333 94 238 55 30 30 34 21 86 20 69 20 20 20 22 44 24 24 28 23 21 20 21 25 32 88
leaf_count=1318 128 25 63 50 333 94 238 55 30 30 34 21 86 20 69 20 20 20 22 44 24 24 28 23 21 20 21 25 32 88
internal_value=-0.00220754 -0.000376409 -3.40024e-06 -0.000124483 -0.000913156 0.000806937 0.000333332 0.000943151 0.0016265 0.0056383 0.0028125 -0.00451456 0.000383359 0.000882352 -0.000812809 0.000597014 -0.000614036 0.00194444 0.00269231 -0.00109375 0.00340336 0.00271028 0.00368421 0.00680555 0.00181818 0.00177966 0.000612244 0.00205128 0.000263157 -0.00291667
internal_weight=3026 1687 1471 1446 783 663 450 387 332 94 64 1339 613 527 203 134 114 324 260 64 238 214 190 72 44 118 98 78 57 216
internal_count=3026 1687 1471 1446 783 663 450 387 332 94 64 1339 613 527 203 134 114 324 260 64 238 214 190 72 44 118 98 78 57 216
is_linear=0
shrinkage=0.05


Tree=74
num_leaves=31
num_cat=0
split_feature=2 6 5 3 4 5 10 4 7 4 4 1 1 9 10 3 4 4 10 7 4 6 1 6 1 2 1 3 4 4
split_gain=5.61888 0.764333 0.510351 0.405637 0.754971 0.577361 0.398931 0.628105 0.383355 0.373999 0.373483 0.382539 0.593554 0.389292 0.427321 0.555994 1.03167 0.360028 0.579879 0.458497 0.70481 0.643599 0.53868 1.59546 0.566498 0.436364 0.429501 0.396505 0.829361 0.311111
threshold=192197.14500000005 40486.246300593797 42350.848692379157 464564.0450000001 482272.33030219784 138146.13288717566 191.50000000000003 501511.33589285723 4.5000000000000009 389411.87053571432 510112.9064285715 591945.27000000014 479155.55500000005 1.0000000180025095e-35 163.50000000000003 1029794.1664285715 1007908.373881579 385792.8457142858 174.50000000000003 4.5000000000000009 345289.2882142858 127006.17951327014 288947.88000000006 77161.368069860269 388154.28000000009 230193.30500000002 440523.68500000006 390804.81071428576 400155.21071428579 378911.09035714291
decision_type=2 2 2 2 2 2 2 2 2 2 2 2 2 2 2 2 2 2 2 2 2 2 2 2 2 2 2 2 2 2
left_child=9 -2 -3 17 5 -5 7 -6 -8 -1 -9 12 -12 14 15 16 -13 19 -19 20 -4 29 23 25 -24 -21 -26 28 -20 -22
right_child=1 2 3 4 6 -7 8 10 -10 -11 11 13 -14 -15 -16 -17 -18 18 27 22 21 -23 24 -25 26 -27 -28 -29 -30 -31
leaf_value=-1569.9617231506913 -186.29189232851894 465.64863446145085 -351.43013491942668 -2178.1218821759785 4057.6746674911806 759.01446442505357 -912.74827560199049 -507.70841888967726 330.78015259637169 6.5318323509831062 40.484312557164571 -862.01939708856116 3596.3086325533145 1792.2821188419321 6436.4144177886192 -1178.8330214554094 3132.2972324923512 -1130.3517496615652 -161.33416545121995 -408.58001493286929 1379.0037276176276 -1855.7712409544624 -188.00617079008492 1317.6823237401134 689.65114742697301 250.97382113605323 -65.177810214027076 -339.66371877574323 1098.0725136779329 71.768523626180638
leaf_weight=1318 216 24 237 21 20 40 83 25 33 21 46 101 21 27 22 76 22 201 47 24 21 24 66 31 20 20 21 148 26 24
leaf_count=1318 216 24 237 21 20 40 83 25 33 21 46 101 21 27 22 76 22 201 47 24 21 24 66 31 20 20 21 148 26 24
internal_value=-0.00205882 -0.000139302 0.000268524 0.000148582 0.00123836 0.00647541 0.000567226 0.00138889 -0.00198276 -0.00447722 0.000882352 0.00134921 0.00470149 0.000443547 -0.00024887 -0.000979901 0.00109756 -0.000494507 -0.00156398 0.000430327 -0.000751635 0.00369565 0.00241758 0.00566667 0.000140186 -0.000454547 0.0047561 0.000203619 0.00321918 0.00722222
internal_weight=3026 1687 1471 1447 537 61 476 360 116 1339 340 315 67 248 221 199 123 910 422 488 306 69 182 75 107 44 41 221 73 45
internal_count=3026 1687 1471 1447 537 61 476 360 116 1339 340 315 67 248 221 199 123 910 422 488 306 69 182 75 107 44 41 221 73 45
is_linear=0
shrinkage=0.05


Tree=75
num_leaves=31
num_cat=0
split_feature=2 5 10 6 0 4 10 5 3 4 4 0 5 6 1 5 5 5 5 4 5 2 1 3 3 2 2 0 5 5
split_gain=4.70725 0.801127 0.871474 0.408997 0.406175 1.02656 0.968451 1.72609 0.98353 0.503414 0.474699 0.473503 0.457434 0.339815 0.70492 0.330303 0.324439 0.977066 0.676948 0.651923 0.35855 0.501136 0.279934 0.307095 0.276418 0.453727 0.982651 0.34212 0.361849 0.368761
threshold=186863.08000000005 105035.48597331518 92.500000000000014 29746.380849907193 175875.62500000003 291125.76803571434 132.50000000000003 91341.761379179065 224232.83928571432 296472.4780357143 299799.25750000012 301331.57500000007 64480.660948386096 21382.929823183124 295994.90000000008 16695.964744711473 79901.07296397032 99666.096979378126 113855.66576723999 390239.97857142863 124216.35452310253 356720.39500000008 181311.70500000002 140919.02571428573 608100.7571428573 292926.15500000009 255935.42000000004 500171.74000000005 439966.3942250454 407298.74586677196
decision_type=2 2 2 2 2 2 2 2 2 2 2 2 2 2 2 2 2 2 2 2 2 2 2 2 2 2 2 2 2 2
left_child=1 22 -3 13 -5 6 7 8 12 -7 -11 -8 -6 14 -2 -15 -12 19 -19 -18 21 -20 -1 -24 25 26 -22 -26 29 -29
right_child=3 2 -4 4 5 9 11 -9 -10 10 16 -13 -14 15 -16 -17 17 18 20 -21 24 -23 23 -25 27 -27 -28 28 -30 -31
leaf_value=-1888.6391867002942 -742.9721423629835 3182.0653516692691 -2416.3230852268707 -223.58466067039191 971.78449532965772 -529.10399646421251 -246.05786042397915 2402.0024514655206 -627.88581503937985 179.9392582920153 -925.97539763116242 362.38529018781878 247.89430222206397 168.32384224174587 354.71927782389071 -425.66297533059782 553.97839114326302 -725.00308846994415 1290.5593299100976 94.034294137638199 -2946.772041865227 -996.14104625275615 3.1713479231816395 -902.91708250120871 229.78687979645835 -159.43555255781891 542.71835898628262 127.75104075296709 -3782.2198345742713 3396.5872752671407
leaf_weight=1140 49 20 31 117 22 92 72 23 32 32 53 29 29 21 24 130 37 116 36 68 30 44 27 105 27 356 27 213 45 20
leaf_count=1140 49 20 31 117 22 92 72 23 32 32 53 29 29 21 24 130 37 116 36 68 30 44 27 105 27 356 27 213 45 20
internal_value=-0.00203293 -0.00428194 0.00186274 -0.000326836 -3.28959e-05 0.000203135 0.00345411 0.00679245 0.00343373 -0.000359533 -6.3407e-05 -4.95061e-05 0.0077451 -0.00232143 0.000479451 -0.0036755 -0.000242539 -4.41621e-05 -0.000568929 0.00452381 -5.01265e-05 0.003125 -0.0045283 -0.00234849 -0.000403901 -0.00124697 0.00289474 0.000737704 0.000215826 0.00100858
internal_weight=3067 1323 51 1744 1520 1403 207 106 83 1196 1104 101 51 224 73 151 1072 1019 914 105 798 80 1272 132 718 413 57 305 278 233
internal_count=3067 1323 51 1744 1520 1403 207 106 83 1196 1104 101 51 224 73 151 1072 1019 914 105 798 80 1272 132 718 413 57 305 278 233
is_linear=0
shrinkage=0.05


Tree=76
num_leaves=31
num_cat=1
split_feature=1 5 11 1 1 0 1 1 7 6 1 4 4 1 7 1 6 0 6 0 1 3 0 7 4 3 0 5 4 3
split_gain=4.66015 0.943543 0.58095 0.59557 0.392997 0.778803 0.681767 0.551471 0.360384 0.439279 0.207072 0.288905 0.666719 0.438668 0.370991 0.334924 0.85119 0.822723 0.343896 0.482021 0.360381 0.347001 0.480698 0.40361 0.314881 0.380952 0.287375 0.272832 0.236884 0.271345
threshold=173938.28500000003 116729.40733952666 0 178686.035 311341.90000000008 308451.37500000006 330995.43000000011 371602.00500000006 4.5000000000000009 75076.72303092682 187290.01500000004 314879.24570488726 230689.30196428575 332668.01500000007 3.5000000000000004 367511.24500000005 114019.63656086488 324396.56000000006 120478.11991451381 479004.31000000006 515226.29500000004 608100.7571428573 1170112.9500000002 5.5000000000000009 152628.5092857143 222386.66500000001 390224.83000000002 193358.77887970794 1091314.2683928574 1043417.1457142859
decision_type=2 2 1 2 2 2 2 2 2 2 2 2 2 2 2 2 2 2 2 2 2 2 2 2 2 2 2 2 2 2
left_child=1 -1 3 -2 8 6 -6 -8 -4 -10 -5 12 14 27 24 16 -15 -18 19 20 26 -20 23 28 -12 -26 -17 -13 29 -23
right_child=2 -3 4 10 5 -7 7 -9 9 -11 11 13 -14 15 -16 18 17 -19 21 -21 -22 22 -24 -25 25 -27 -28 -29 -30 -31
leaf_value=-2132.559988806745 803.58700234675086 1788.065604413604 -710.95305911438697 -603.40599823012815 503.6100158454131 -334.53071603434046 -361.19798594249181 171.90842570581987 -396.27035259045289 218.65925048792033 -608.89641830647031 -1163.2093484526604 749.908453829564 -583.18663194775309 -809.28072939858976 41.70549253010492 -2884.5150901133866 909.48449042992979 -142.26174642232638 303.13785982147766 -2422.4918098403068 2093.4781383393611 -1627.5948755843619 -972.12758018830982 1336.8637922498583 -284.51276931145634 1019.19008206629 287.91711360463245 2304.3333922554998 -841.86181599389045
leaf_weight=1120 23 25 358 21 36 82 27 24 123 30 24 166 34 22 26 39 23 33 375 26 21 113 92 30 32 24 20 28 29 41
leaf_count=1120 23 25 358 21 36 82 27 24 123 30 24 166 34 22 26 39 23 33 375 26 21 113 92 30 32 24 20 28 29 41
internal_value=-0.00208184 -0.00460699 -0.000577525 7.18838e-05 -0.00173913 0.000325443 0.00362069 -9.80404e-05 -0.00245597 -0.000424838 -7.79339e-05 8.34605e-06 0.00214286 -0.000274103 0.000188678 0.000208332 0.00333333 0.00660714 -0.000101782 0.00254717 0.000624999 -0.000514707 0.000737704 0.00204225 0.001875 0.00392857 0.00262712 -0.00242268 0.0029235 0.00214286
internal_weight=3067 1145 1922 1242 680 169 87 51 511 153 1219 1198 140 1058 106 864 78 56 786 106 80 680 305 213 80 56 59 194 183 154
internal_count=3067 1145 1922 1242 680 169 87 51 511 153 1219 1198 140 1058 106 864 78 56 786 106 80 680 305 213 80 56 59 194 183 154
cat_boundaries=0 1
cat_threshold=5
is_linear=0
shrinkage=0.05


Tree=77
num_leaves=31
num_cat=0
split_feature=2 5 0 3 10 6 7 6 5 5 5 6 6 10 10 2 10 1 2 2 3 7 3 1 0 7 2 1 2 5
split_gain=4.72899 0.521605 0.328657 0.494911 1.03516 0.446944 1.01338 0.371249 0.516586 0.373853 0.343993 0.663633 0.865801 0.400286 0.608322 1.70794 0.818182 0.399236 0.420769 0.429501 0.375092 0.31826 0.299468 0.27061 0.668671 0.253655 0.261829 0.541936 0.514838 0.506349
threshold=186863.08000000005 125344.4409958035 175875.62500000003 225722.15785714288 142.50000000000003 68673.682968589244 4.5000000000000009 20094.521032280951 79901.07296397032 16695.964744711473 99666.096979378126 114019.63656086488 120478.11991451381 41.500000000000007 107.50000000000001 311015.33000000002 77.500000000000014 359202.95500000002 283675.44500000007 251981.21500000003 406457.7028571429 3.5000000000000004 968199.37000000011 171624.54500000001 135054.09000000005 5.5000000000000009 471632.68500000011 332668.01500000007 570289.31000000017 213030.78251489895
decision_type=2 2 2 2 2 2 2 2 2 2 2 2 2 2 2 2 2 2 2 2 2 2 2 2 2 2 2 2 2 2
left_child=1 23 -2 4 5 -4 -7 -5 9 -9 11 21 -13 22 15 16 -15 -16 19 -19 -14 -10 -12 -1 -25 26 27 -17 -28 -30
right_child=2 -3 3 7 -6 6 -8 8 10 -11 13 12 20 14 17 25 -18 18 -20 -21 -22 -23 -24 24 -26 -27 28 -29 29 -31
leaf_value=-2155.3241726199276 -213.62766570061277 2992.4841321930367 752.98917730862161 211.64173512885068 -283.69119790069647 -616.86587448803903 498.58501614575817 131.24884437621446 -214.76382243150772 -316.07815945301923 -813.99582831360851 472.41438419893888 229.42830716911678 260.86598540057901 -508.35326798075823 221.33290811551615 4489.2921094575513 -1953.0817238176671 -73.859669926655101 792.1205853902452 -381.11414105948438 177.60821765885893 -137.08771340233594 307.32137280452469 -777.95640680271958 -1969.8952501606641 4363.2521098503739 -218.08519928618918 -3665.342806945865 1918.9071950396192
leaf_weight=1051 133 26 23 23 66 26 29 24 45 226 75 21 26 22 216 20 22 21 416 20 30 33 23 26 220 37 26 42 29 70
leaf_count=1051 133 26 23 23 66 26 29 24 45 226 75 21 26 22 216 20 22 21 416 20 30 33 23 26 220 37 26 42 29 70
internal_value=-0.00206554 -0.00431973 -0.000355506 -0.000158288 0.00263889 0.00653846 0.00409091 -0.000432857 -0.000533242 -0.0026 -0.000100504 0.00209677 0.00538961 -0.000428298 -0.000111585 0.00190298 0.0109091 -0.00091382 -7.65876e-05 0.0047561 0.00214286 -0.00115385 -0.00346939 -0.00446029 -0.00296748 0.000133927 0.000882352 -0.00177419 0.0022 0.000555554
internal_weight=3067 1323 1744 1611 144 78 55 1467 1444 250 1194 155 77 1039 941 268 44 673 457 41 56 78 98 1297 246 224 187 62 125 99
internal_count=3067 1323 1744 1611 144 78 55 1467 1444 250 1194 155 77 1039 941 268 44 673 457 41 56 78 98 1297 246 224 187 62 125 99
is_linear=0
shrinkage=0.05


Tree=78
num_leaves=31
num_cat=1
split_feature=1 5 11 1 6 6 6 5 5 5 1 1 5 0 1 10 7 5 6 7 0 5 7 5 10 5 6 10 0 3
split_gain=4.63868 1.68022 0.33142 0.541422 0.643382 0.458947 0.909131 0.535562 0.830382 0.507455 0.407207 0.510495 0.9 0.311689 0.519031 0.353975 0.307328 0.716697 0.30515 0.280424 0.673158 0.4 0.274803 0.339394 0.387879 0.238816 0.545455 0.314302 0.252798 0.649434
threshold=173938.28500000003 101932.19163966666 0 286404.10000000003 21382.929823183124 95994.331784380498 73711.586295707573 79901.07296397032 99666.096979378126 113855.66576723999 443407.32000000007 340694.82000000007 91341.761379179065 303410.32000000007 371602.00500000006 140.50000000000003 3.5000000000000004 77047.152409744202 12475.199315669719 1.5000000000000002 187901.05500000002 58432.983415189221 4.5000000000000009 42715.319169421877 126.50000000000001 125344.4409958035 152176.35042145304 177.50000000000003 798871.29500000004 944443.11500000011
decision_type=2 2 1 2 2 2 2 2 2 2 2 2 2 2 2 2 2 2 2 2 2 2 2 2 2 2 2 2 2 2
left_child=1 -1 5 18 -5 6 19 -7 10 -10 11 -9 -13 14 15 -6 17 -15 -4 20 -2 -22 -20 -24 -25 26 27 -11 -27 -30
right_child=2 -3 3 4 13 7 -8 8 9 25 -12 12 -14 16 -16 -17 -18 -19 22 -21 21 -23 23 24 -26 28 -28 -29 29 -31
leaf_value=-1943.2382846349706 -147.62299700341657 231.8191356754061 158.82968279574175 200.80196627541869 90.397420381423544 -1275.4900607729689 4775.2409201130049 12.10605808108755 -650.85598800467187 882.90834207704506 -93.446581588530648 594.63587998554829 310.02491895201388 222.44875243542094 236.81542315443394 -261.71778633118049 -370.18863589836582 -569.66253432005556 -795.10176607779204 -590.97920343582587 892.89350638948076 113.99603563577999 -1106.2024753451947 610.14860496675033 -295.54263930082874 -95.222663505956604 -2367.2544490112805 437.38570983235695 5566.0863196741439 -204.60352402635203
leaf_weight=1109 43 36 26 34 46 59 20 31 98 41 33 20 20 26 23 41 57 45 294 49 20 20 28 27 33 512 21 36 57 162
leaf_count=1109 43 36 26 34 46 59 20 31 98 41 33 20 20 26 23 41 57 45 294 49 20 20 28 27 33 512 21 36 57 162
internal_value=-0.00200033 -0.00451965 -0.000499481 -0.00137681 0.000330881 -7.9884e-06 0.00256579 -0.000366974 -0.000101844 -0.000577132 0.00413461 0.0062676 0.01 -0.000588236 0.00136364 -0.0004023 -0.00226563 -7.04237e-05 -0.00254902 0.0010606 0.00283132 0.0075 -0.00290576 -0.000454547 0.00166667 -0.000174911 0.00214286 0.00409091 -0.000485637 0.000936072
internal_weight=3067 1145 1922 680 272 1242 152 1090 1031 927 104 71 40 238 110 87 128 71 408 132 83 40 382 88 60 829 98 77 731 219
internal_count=3067 1145 1922 680 272 1242 152 1090 1031 927 104 71 40 238 110 87 128 71 408 132 83 40 382 88 60 829 98 77 731 219
cat_boundaries=0 1
cat_threshold=5
is_linear=0
shrinkage=0.05


Tree=79
num_leaves=31
num_cat=1
split_feature=2 5 10 1 4 11 2 4 5 1 5 1 2 4 5 4 2 5 10 3 1 1 5 7 1 1 4 7 7 5
split_gain=4.3752 0.711902 0.41957 0.351423 0.420499 0.241214 1.02699 0.425405 1.28255 1.14168 0.63824 0.570111 0.697489 0.469356 0.605013 0.811647 0.418594 0.521534 0.557724 0.276498 0.438312 0.2592 0.336379 0.389812 0.214077 0.72338 0.602935 0.202899 0.200694 0.288458
threshold=186863.08000000005 115916.17200422524 107.50000000000001 167458.51500000004 121971.94464285717 0 352487.06500000006 383706.95732142864 96117.070071128575 322891.38500000007 92947.605091194229 174612.23000000001 216459.97500000001 398491.41375000007 118470.56287015569 464517.94517857145 365105.98000000004 105035.48597331518 106.50000000000001 214445.65142857147 272494.94500000007 1340411.5150000004 324285.28731276351 2.5000000000000004 330995.43000000011 313503.2950000001 299689.54392857145 3.5000000000000004 2.5000000000000004 16695.964744711473
decision_type=2 2 2 2 2 1 2 2 2 2 2 2 2 2 2 2 2 2 2 2 2 2 2 2 2 2 2 2 2 2
left_child=1 3 -3 -1 -5 6 7 8 11 -10 -9 -2 -13 -12 -15 27 24 18 -18 -14 -21 -8 -23 -24 25 28 -27 -16 29 -7
right_child=5 2 -4 4 -6 16 21 10 9 -11 13 12 19 14 15 -17 17 -19 -20 20 -22 22 23 -25 -26 26 -28 -29 -30 -31
leaf_value=-2116.9710212879395 -1082.5368451817528 2772.3436404717031 -1687.7935666621433 30.014219133432494 -687.2268288491772 239.73855482077192 -89.462612783807629 316.34597498743267 4927.8845383906173 22.341278451137168 -1656.0660280597747 671.03255906467962 -739.40598379141329 -2734.4688854458768 679.26725027820612 -362.44639882955812 -119.56432605504982 -51.540248870779571 585.8141000113369 162.03149906089808 -644.42595776468568 4728.4427195935614 5518.86531608109 -3893.7968548282065 -574.86466620790088 688.31441609799901 -69.917156442614512 948.57661890736188 -122.1894061778595 -920.94706679539161
leaf_weight=1013 28 20 21 23 246 23 762 22 20 31 57 37 20 28 25 43 20 26 21 20 22 20 21 22 46 23 25 21 240 121
leaf_count=1013 28 20 21 23 246 23 762 22 20 31 57 37 20 28 25 43 20 26 21 20 22 20 21 22 46 23 25 21 240 121
internal_value=-0.00200033 -0.00416856 0.00231707 -0.00437598 -0.00276952 -0.000355506 4.5491e-05 0.00221925 0.00398876 0.0106863 0.000612244 0.00129921 0.00308081 -0.0004023 0.00141026 0.00342697 -0.00121622 0.00246269 0.00597561 -0.000161292 0.00214286 -0.000939395 0.00214286 -0.000348838 -0.00175732 -0.00141204 0.004375 0.00804348 -0.00213542 -0.00361111
internal_weight=3067 1323 41 1282 269 1744 1199 374 178 51 196 127 99 174 117 89 545 67 41 62 42 825 63 43 478 432 48 46 384 144
internal_count=3067 1323 41 1282 269 1744 1199 374 178 51 196 127 99 174 117 89 545 67 41 62 42 825 63 43 478 432 48 46 384 144
cat_boundaries=0 1
cat_threshold=5
is_linear=0
shrinkage=0.05


Tree=80
num_leaves=31
num_cat=0
split_feature=2 4 1 10 10 0 1 2 0 6 6 10 10 0 10 6 6 6 0 1 2 10 6 10 0 2 0 4 3 2
split_gain=3.78142 0.637174 1.02932 0.306607 1.3002 1.65537 0.343492 0.562542 0.51025 0.547211 0.793781 0.548629 0.40782 0.518251 1.06667 0.596617 0.399801 1.19623 0.50729 0.333622 0.536508 0.274529 0.270407 0.301645 0.438312 0.253405 0.384912 0.709684 0.824142 0.414079
threshold=185465.33000000005 224455.03446428574 176448.62500000003 121.50000000000001 132.50000000000003 339188.5500000001 1170112.9500000002 1122558.9650000001 494389.05500000005 115555.99780710715 121145.85760887423 246.50000000000003 215.50000000000003 278159.82000000007 159.50000000000003 143520.64543863767 70050.344100335016 54082.356308984665 154313.99500000002 291138.22500000003 305767.98500000004 247.50000000000003 102342.11368464198 228.50000000000003 305119.35500000004 192197.14500000005 244100.54000000004 297747.56482142868 285860.59500000009 313429.03000000009
decision_type=2 2 2 2 2 2 2 2 2 2 2 2 2 2 2 2 2 2 2 2 2 2 2 2 2 2 2 2 2 2
left_child=1 -1 -3 25 5 -5 8 -8 9 16 -11 12 13 -12 -15 -16 17 18 -6 -20 -21 -10 -18 -24 -25 -2 -27 28 29 -28
right_child=3 2 -4 4 6 -7 7 -9 21 10 11 -13 -14 14 15 -17 22 -19 19 20 -22 -23 23 24 -26 26 27 -29 -30 -31
leaf_value=-1266.1453352233432 763.65089208371739 2015.190503284427 -505.8284292330078 1027.5186941251486 977.85019901264195 -713.17664912600583 7887.513094719372 -373.90431068222779 -551.79563614922643 464.48417986608888 -1709.2169151291794 200.60774987051886 -391.98321103960325 -1645.3169314486631 54.019919045024757 638.86431385988158 -517.62634007953875 370.94084793246066 -643.20168076857351 62.71396758995342 -100.89173371992297 8.2516220367720265 -355.20717775871094 489.64677951124008 -1674.9423893748922 -592.39143413131899 336.07008214925077 -202.63973764386492 482.70307774836294 -220.36116410630498
leaf_weight=1199 31 20 56 29 23 40 20 26 196 32 39 23 64 40 42 38 82 21 77 28 35 30 79 20 22 158 21 491 30 25
leaf_count=1199 31 20 56 29 23 40 20 26 196 32 39 23 64 40 42 38 82 21 77 28 35 30 79 20 22 158 21 491 30 25
internal_value=-0.0021024 -0.00417647 0.000263157 -0.00060159 -2.98223e-05 0.0065942 -0.000517611 0.00369565 -0.00073513 -3.75952e-05 0.00165468 0.000691056 -6.72658e-05 0.00128931 0.00291667 0.00625 -0.00125323 0.000434781 -0.00101227 -0.00214286 0.000555554 -0.00278761 -0.00278325 -0.00128099 0.00214286 -0.00136244 -0.00155173 -0.000943564 0.00355263 -0.000652175
internal_weight=3037 1275 76 1762 1006 69 937 46 891 665 278 246 223 159 120 80 387 184 163 140 63 226 203 121 42 756 725 567 76 46
internal_count=3037 1275 76 1762 1006 69 937 46 891 665 278 246 223 159 120 80 387 184 163 140 63 226 203 121 42 756 725 567 76 46
is_linear=0
shrinkage=0.05


Tree=81
num_leaves=31
num_cat=1
split_feature=2 0 4 4 6 11 6 4 0 4 6 0 0 4 0 0 10 10 2 2 10 4 6 10 5 4 5 7 6 0
split_gain=3.78142 0.551799 0.377014 1.16784 2.17391 0.334362 1.31661 1.65537 0.476732 0.45927 0.730588 0.446097 0.710145 0.514855 0.625 0.440471 0.409647 1.36364 0.506692 0.64191 0.4 0.328184 0.388431 0.250753 0.241238 0.235094 0.342062 0.23446 0.494838 0.31351
threshold=185465.33000000005 405023.70000000007 173329.87660714288 147858.02321428576 46217.53984996587 0 118969.01629422152 391241.97714285721 229852.89000000004 299799.25750000012 21382.929823183124 297294.37000000005 268668.97500000003 400155.21071428579 219196.43500000003 582636.63500000013 136.50000000000003 103.50000000000001 313429.03000000009 269068.82000000007 217.50000000000003 224455.03446428574 79916.668306420775 185.50000000000003 18623.262859948682 292670.81812169316 79901.07296397032 1.0000000180025095e-35 122962.54071743919 271484.84500000003
decision_type=2 2 2 2 2 1 2 2 2 2 2 2 2 2 2 2 2 2 2 2 2 2 2 2 2 2 2 2 2 2
left_child=1 21 3 -2 -5 6 7 -4 -7 10 -10 12 13 -8 -15 24 17 18 19 -12 -9 -1 -23 -17 -11 26 -18 28 -26 -29
right_child=2 -3 5 4 -6 8 11 20 9 15 16 -13 -14 14 -16 23 25 -19 -20 -21 -22 22 -24 -25 27 -27 -28 29 -30 -31
leaf_value=-1210.919729519313 -128.84233546070209 96.072649933571029 1167.4338108932045 1192.942307404903 -743.69704345764376 -610.86939892452244 -1764.0299400445383 448.93004460150507 127.99062579166417 81.938903454032044 -689.02705354799002 -147.12157946933499 684.44324857841843 465.73834725072084 -200.84970048619016 2669.8349611427866 161.64053211085366 398.19939810674305 -92.535151965643706 641.12318596018099 -2971.2182995150424 913.31100761817549 -286.93150845662683 -125.16859244100677 -564.48725668305178 -402.61843181556321 -491.49602489128159 463.9584067607347 119.67397558772684 -557.90682688344532
leaf_weight=1194 39 24 29 23 23 206 29 20 25 39 26 619 23 20 20 21 20 22 52 32 20 20 37 23 35 47 31 31 23 264
leaf_count=1194 39 24 29 23 23 206 29 20 25 39 26 619 23 20 20 21 20 22 52 32 20 20 37 23 35 47 31 31 23 264
internal_value=-0.0021024 -0.00417647 -0.00060159 0.00264706 0.00804348 -0.00076625 -1.177e-09 0.0065942 -0.00141676 -0.000803185 0.000882352 -0.000639945 0.00260869 7.24626e-05 0.00375 -0.00178899 -1.19209e-09 0.00181818 -0.000454547 0.00275862 -1.19209e-09 -0.00432054 -0.000614036 0.00295454 -0.00232143 -0.00244898 -9.80404e-05 -0.00273371 0.000172413 -0.00330509
internal_weight=3037 1275 1762 85 46 1677 780 69 897 691 255 711 92 69 40 436 230 132 110 58 40 1251 57 44 392 98 51 353 58 295
internal_count=3037 1275 1762 85 46 1677 780 69 897 691 255 711 92 69 40 436 230 132 110 58 40 1251 57 44 392 98 51 353 58 295
cat_boundaries=0 1
cat_threshold=4
is_linear=0
shrinkage=0.05


Tree=82
num_leaves=31
num_cat=1
split_feature=2 5 10 10 1 11 4 5 2 10 1 4 8 2 10 6 6 5 1 2 2 4 3 6 1 1 9 4 2 1
split_gain=3.78142 0.502263 0.306607 1.05568 0.647801 0.456468 0.985831 0.710226 0.684928 0.388901 0.701581 0.692532 0.361328 0.436297 0.352277 0.330835 0.582453 0.263269 0.254945 0.253405 0.277507 0.327955 0.963991 0.373334 0.254778 0.388558 0.43399 0.247426 0.225641 0.224658
threshold=185465.33000000005 115916.17200422524 121.50000000000001 131.50000000000003 330995.43000000011 0 385148.46392857149 140885.12103858995 216459.97500000001 217.50000000000003 1170112.9500000002 515721.64607142861 1.0000000180025095e-35 318555.50500000006 246.50000000000003 152176.35042145304 118969.01629422152 124216.35452310253 420491.74500000005 192197.14500000005 214222.48500000002 297747.56482142868 295109.18428571435 71855.134435943764 443407.32000000007 483238.4150000001 1.0000000180025095e-35 224455.03446428574 272157.78500000009 215002.05500000002
decision_type=2 2 2 2 2 1 2 2 2 2 2 2 2 2 2 2 2 2 2 2 2 2 2 2 2 2 2 2 2 2
left_child=1 27 19 4 -4 6 7 8 -5 10 11 12 13 -8 -11 16 -16 -15 -14 -2 -21 22 23 -22 29 -26 -27 -1 -10 -23
right_child=2 -3 3 5 -6 -7 9 -9 28 14 -12 -13 18 17 15 -17 -18 -19 -20 20 21 24 -24 -25 25 26 -28 -29 -30 -31
leaf_value=-1152.4812442144048 665.82129661862007 36.974320853101219 921.5719609693665 1242.8264208439364 410.85991859632873 -146.56489642215291 -2140.75826524581 266.91743970478126 -853.62932993846175 -655.02853960825814 5891.4731305800206 -1254.5766179706543 363.19485185439692 304.99480660393732 -1341.0419665688453 -4989.9386876018143 139.68767359027362 -28.626310918560428 -5.2061536242955286 -624.20130426876995 411.97118254729389 68.872333237125943 549.81937843033404 -99.53096260183132 2419.3464751353426 -271.04331790545996 1196.4313623956896 -4.7319994172348263 7.8658760923689357 -560.67802517104394
leaf_weight=1188 31 39 22 30 40 282 37 27 22 131 32 78 38 50 25 20 28 80 34 54 27 22 23 96 32 216 26 48 30 229
leaf_count=1188 31 39 22 30 40 282 37 27 22 131 32 78 38 50 25 20 28 80 34 54 27 22 23 96 32 216 26 48 30 229
internal_value=-0.0021024 -0.00417647 -0.00060159 -2.98223e-05 0.00629032 -0.000444916 0.000282737 0.00463303 0.00231707 -0.000569621 0.000444125 -0.00026814 0.00106694 -0.000209582 -0.00230392 0.000479451 0.00254717 0.00115384 0.00402778 -0.00136244 -0.00155173 -0.00127422 0.000821917 -0.000934961 -0.00185714 -0.000802921 -0.0014876 -0.00435275 -0.00115385 -0.00300797
internal_weight=3037 1275 1762 1006 62 944 662 109 82 553 349 317 239 167 204 73 53 130 72 756 725 671 146 123 525 274 242 1236 52 251
internal_count=3037 1275 1762 1006 62 944 662 109 82 553 349 317 239 167 204 73 53 130 72 756 725 671 146 123 525 274 242 1236 52 251
cat_boundaries=0 1
cat_threshold=5
is_linear=0
shrinkage=0.05


Tree=83
num_leaves=31
num_cat=1
split_feature=1 5 11 1 1 6 6 10 3 0 0 4 0 0 4 1 10 5 10 5 4 3 6 0 4 5 3 1 3 7
split_gain=3.30931 1.24611 0.356607 1.14215 0.970634 0.908512 0.757816 0.695733 0.612632 0.557184 0.498701 0.478303 0.550074 0.924203 0.643735 0.726636 0.444604 0.432056 0.72803 0.397239 0.507498 0.397059 0.449198 1.18555 0.396976 0.518718 0.48 0.382637 0.624026 0.274046
threshold=171624.54500000001 115916.17200422524 0 453839.63000000006 537380.32500000007 118969.01629422152 168585.86737647827 123.50000000000001 460756.10428571433 494389.05500000005 372629.17500000005 301093.1116071429 244100.54000000004 257982.52000000005 173329.87660714288 176448.62500000003 243.50000000000003 42995.228707665905 170.50000000000003 116729.40733952666 398491.41375000007 301883.79785714293 23339.215177672169 301331.57500000007 293537.9621428572 78113.717897721697 283542.07142857148 453839.63000000006 426113.06142857141 3.5000000000000004
decision_type=2 2 1 2 2 2 2 2 2 2 2 2 2 2 2 2 2 2 2 2 2 2 2 2 2 2 2 2 2 2
left_child=1 -1 3 5 11 10 9 -7 16 -6 -2 12 14 -14 15 -4 19 18 -17 -9 -21 22 23 -15 25 -24 -27 -13 -29 -5
right_child=2 -3 4 29 6 7 -8 8 -10 -11 -12 27 13 21 -16 17 -18 -19 -20 20 -22 -23 24 -25 -26 26 -28 28 -30 -31
leaf_value=-1580.3763852059944 1134.5674701214946 1351.7083530488544 508.01765242177282 -41.248428140758953 499.87893785553325 -577.58962281014271 -1370.7765328488092 -596.6272094352031 912.47221282476846 11.017370853402324 250.3969443676605 -710.73626406916605 320.80139767978858 -35.250741424533921 -515.33467721480554 686.67292307117953 351.32464054649182 -380.04687093845706 -596.74384743538076 -2989.2269674321237 284.97609697716729 -329.36194331043157 369.25164439796004 352.13146458251663 -491.82530199075472 -543.93100390085056 244.0644324634755 -387.22383390312655 735.86805304844268 -815.34063071272931
leaf_weight=1083 20 26 21 302 21 80 24 49 31 25 22 280 23 29 315 20 23 65 24 23 39 68 28 21 76 30 20 35 20 194
leaf_count=1083 20 26 21 302 21 80 24 49 31 25 22 280 23 29 315 20 23 65 24 23 39 68 28 21 76 30 20 35 20 194
internal_value=-0.0021024 -0.00427863 -0.000850624 -1.89167e-05 -0.00140693 0.00249129 0.00428571 0.00132653 0.00318182 0.00804348 0.00928571 -0.0017907 -0.00108108 0.000593219 -0.00219101 0.00076923 0.00171642 -0.000871561 0.00295454 0.000405404 0.00306451 -0.000220589 0.000882352 0.005 -0.000454547 0.00205128 -0.001 -0.00335821 0.000454544 -0.00147178
internal_weight=3037 1109 1928 783 1145 287 70 245 165 46 42 1075 740 295 445 130 134 109 44 111 62 272 204 50 154 78 50 335 55 496
internal_count=3037 1109 1928 783 1145 287 70 245 165 46 42 1075 740 295 445 130 134 109 44 111 62 272 204 50 154 78 50 335 55 496
cat_boundaries=0 1
cat_threshold=4
is_linear=0
shrinkage=0.05


Tree=84
num_leaves=31
num_cat=1
split_feature=2 11 4 0 3 10 3 4 6 6 7 0 6 2 2 4 7 7 2 6 6 7 4 0 5 5 2 2 6 0
split_gain=3.27404 0.534145 0.553975 0.677826 0.812077 1.00136 0.433588 0.36696 0.358713 0.763227 0.631417 0.753667 0.356072 0.505401 0.537133 0.524307 0.41383 0.375593 0.522986 0.492308 0.359528 0.729167 0.326394 0.640749 0.521387 0.7 0.342415 1.09823 1.00087 0.32102
threshold=152143.40500000003 0 385792.8457142858 244100.54000000004 313286.5400000001 72.500000000000014 423273.4285714287 250432.3978571429 114825.00221141933 71047.26365873059 1.0000000180025095e-35 141486.30000000002 11355.406770350948 244732.56000000003 258572.09500000003 122659.70982142859 1.5000000000000002 3.5000000000000004 288753.74000000005 23339.215177672169 102342.11368464198 2.5000000000000004 397348.8176785715 219196.43500000003 98595.506214861714 81537.84758301494 440523.68500000006 409340.1650000001 170736.09711433004 1561492.3400000001
decision_type=2 1 2 2 2 2 2 2 2 2 2 2 2 2 2 2 2 2 2 2 2 2 2 2 2 2 2 2 2 2
left_child=7 2 3 8 5 -5 -6 -1 9 10 11 -2 -3 15 -15 -14 -16 19 -19 -18 -17 -22 24 -24 25 -4 27 -25 -29 -28
right_child=1 12 22 4 6 -7 -8 -9 -10 -11 -12 -13 13 14 16 20 17 18 -20 -21 21 -23 23 26 -26 -27 29 28 -30 -31
leaf_value=-2304.9700738101542 -138.3750067712119 228.29335010658608 -464.19624493950943 32.095941473868486 -1.3204412372283407 2424.7887581789519 273.97287035140971 19.747038273231766 -2970.8423494278732 1704.986060728721 -513.00956110742175 967.80465333094571 22.244182761529871 415.10958013926648 -535.11102351296904 -696.07003249762522 320.0979713779958 24.976365822118364 -161.86128159912491 -142.82467172918223 -2302.7716055200954 300.56617348956968 327.6215256243089 -64.339498384417865 -1444.8250342547565 443.10884735764904 -131.96879071084774 480.58356771201062 -322.61832849041872 6837.3756582117776
leaf_weight=889 22 30 21 22 91 23 24 22 38 21 91 23 22 21 118 341 32 31 140 20 28 20 24 212 126 24 498 22 20 21
leaf_count=889 22 30 21 22 91 23 24 22 38 21 91 23 22 21 118 341 32 31 140 20 28 20 24 212 126 24 498 22 20 21
internal_value=-0.00205301 -0.000978364 -0.000348838 0.00133803 0.00375 0.00944444 0.00152174 -0.00456092 -0.000641027 0.000414012 -0.000955884 0.00388889 -0.00198647 -0.00221863 -0.000856355 -0.00341849 -0.00133431 -6.72658e-05 -0.00119883 0.00365384 -0.00384319 0.000208332 -0.000971076 -0.000545798 -0.00295322 0.00166667 -0.000795603 0.00070866 0.00809524 -0.00153179
internal_weight=3037 2126 1323 355 160 45 115 911 195 157 136 45 803 773 362 411 341 223 171 52 389 48 968 797 171 45 773 254 42 519
internal_count=3037 2126 1323 355 160 45 115 911 195 157 136 45 803 773 362 411 341 223 171 52 389 48 968 797 171 45 773 254 42 519
cat_boundaries=0 1
cat_threshold=5
is_linear=0
shrinkage=0.05


Tree=85
num_leaves=31
num_cat=0
split_feature=2 0 4 1 4 10 6 1 4 6 7 6 4 6 10 10 10 2 3 6 1 3 4 4 4 10 0 0 4 1
split_gain=3.97765 0.60934 0.742681 0.364057 0.518519 0.793651 0.324921 0.311142 0.370513 0.670482 0.843746 0.374627 1.2594 0.539797 0.476012 0.786942 0.38512 0.366519 0.294066 0.60804 0.75503 1.05143 0.312422 0.49 0.291918 0.253406 0.471277 0.606313 0.833333 0.384662
threshold=190915.16000000003 200374.95000000004 174196.98446428575 173938.28500000003 173068.33892857147 113.50000000000001 420523.54045574507 156580.00000000003 291125.76803571434 79916.668306420775 4.5000000000000009 21382.929823183124 299498.07750000007 98684.841549004734 241.50000000000003 248.50000000000003 203.50000000000003 672052.88000000012 210628.16285714289 40486.246300593797 189859.16500000001 200219.99071428573 224455.03446428574 229007.83250000005 380747.99178571434 168.50000000000003 278159.82000000007 453330.6750000001 394689.6166071429 436247.71500000003
decision_type=2 2 2 2 2 2 2 2 2 2 2 2 2 2 2 2 2 2 2 2 2 2 2 2 2 2 2 2 2 2
left_child=1 3 -3 -1 5 -5 7 -2 9 18 -11 12 -10 -13 16 -16 25 -18 19 -9 -21 -22 -20 -24 -4 -15 -27 28 -28 -29
right_child=6 2 24 4 -6 -7 -8 8 11 10 -12 13 -14 14 15 -17 17 -19 22 20 21 -23 23 -25 -26 26 27 29 -30 -31
leaf_value=-1504.8261238747393 -1387.0144935969768 169.66023284671735 -1800.1351643095204 549.80650848009259 -617.25200508426371 -379.71251120837826 -5130.8177646762197 -941.90334977907332 263.59278934743293 2.6714326556427896 1055.9564002551365 -154.23347238787903 -545.6036179655074 -49.466401048261531 421.95422218054728 -5.707299256465495 -513.33595911595307 1373.3031597207228 -403.76365462583408 419.39714770080957 -682.48534025063941 352.46812805687756 315.57612782369296 -243.11640516815643 24.277599929568961 -741.5016362043757 1121.3768261324828 -2276.7007124173724 22.321741254562987 1759.481122067649
leaf_weight=994 34 41 87 21 126 42 37 24 23 41 29 189 29 669 36 88 166 25 73 20 39 24 20 25 21 35 20 26 40 46
leaf_count=994 34 41 87 21 126 42 37 24 23 41 29 189 29 669 36 88 166 25 73 20 39 24 20 25 21 35 20 26 40 46
internal_value=-0.00192557 -0.00398649 -0.000973156 -0.00436602 -0.0023545 0.00134921 -0.000364051 -0.000264382 -0.00016894 0.00144068 0.00571428 -0.000510059 0.00365384 -0.000671643 -0.000264988 0.00266129 -0.000618307 -0.00264398 0.00011111 0.00200934 0.00403614 0.00134921 -0.00161017 0.00166667 -0.00314815 -0.000155504 0.00158683 0.00295454 0.00666667 -0.00013889
internal_weight=3090 1332 149 1183 189 63 1758 1721 1687 295 70 1392 52 1340 1151 124 1027 191 225 107 83 63 118 45 108 836 167 132 60 72
internal_count=3090 1332 149 1183 189 63 1758 1721 1687 295 70 1392 52 1340 1151 124 1027 191 225 107 83 63 118 45 108 836 167 132 60 72
is_linear=0
shrinkage=0.05


Tree=86
num_leaves=31
num_cat=0
split_feature=2 0 10 0 1 4 6 1 4 4 1 1 7 1 10 10 2 6 4 2 1 1 6 1 2 1 0 0 0 10
split_gain=3.89104 0.669369 0.776612 0.305332 0.235375 0.478976 0.284765 0.22317 0.19878 0.696277 0.443025 0.48 0.432931 0.67413 0.256201 0.621337 0.700358 0.33816 0.419396 0.263269 0.254348 0.236978 0.677255 0.572139 1.03268 0.68495 0.400742 0.365939 0.521521 0.376105
threshold=186863.08000000005 200374.95000000004 86.500000000000014 222265.33500000005 166583.71000000002 122945.75500000002 12475.199315669719 144390.91500000001 291125.76803571434 238141.32821428575 313503.2950000001 332668.01500000007 1.0000000180025095e-35 209714.22000000003 241.50000000000003 248.50000000000003 417986.48000000004 104908.1793161301 414646.92553571431 251981.21500000003 537380.32500000007 249520.31500000003 121803.69412352426 293250.66000000009 288753.74000000005 364003.37000000005 436138.15500000009 301331.57500000007 246158.66500000001 194.50000000000003
decision_type=2 2 2 2 2 2 2 2 2 2 2 2 2 2 2 2 2 2 2 2 2 2 2 2 2 2 2 2 2 2
left_child=1 4 -3 -4 -1 -6 -7 -2 9 10 12 -12 13 -9 19 16 -16 -17 -19 -10 -20 22 -21 -23 25 -25 -24 28 -26 -29
right_child=7 2 3 -5 5 6 -8 8 14 -11 11 -13 -14 -15 15 17 -18 18 20 21 -22 23 26 24 27 -27 -28 29 -30 -31
leaf_value=-1637.9721096189751 -1185.3887646961437 153.78439102099276 305.14070442425179 -2236.8726406518404 175.20346527908669 150.04789521861628 -514.57216887404854 572.38407603018561 -879.77479902869584 422.21856142553997 289.33423708211006 -121.71044544007935 -94.88269870831121 -45.518628882284112 461.58850240846152 -287.82208201038583 -5.3076747688504371 352.28763067225486 -2626.3026833414633 299.94225578112054 21.196042313834358 -541.07819742358345 -3409.602714573979 -549.4849430564027 -424.42449139119429 708.32923251222871 7178.1167899880866 -41.706320467453239 30.46545312478122 -450.53616524722048
leaf_weight=941 26 39 20 82 22 23 169 20 109 55 20 30 173 31 23 32 21 27 26 20 20 132 27 20 59 26 22 606 114 155
leaf_count=941 26 39 20 82 22 23 169 20 109 55 20 30 173 31 23 32 21 27 26 20 20 132 27 20 59 26 22 606 114 155
internal_value=-0.00190939 -0.00399691 -0.000744682 -0.00303922 -0.00439394 -0.0028972 -0.00369792 -0.000401339 -0.000333712 0.000775075 -0.000255476 0.004 -0.00120536 0.00284314 -0.000587215 0.00137584 0.00636364 -0.000714287 0.00116438 -0.000813955 -0.00173913 -0.000596953 0.00224638 -0.000773382 -0.000357144 0.00695652 -0.000918369 -0.000717346 0.00135838 -0.00118923
internal_weight=3090 1296 141 102 1155 214 192 1794 1768 329 274 50 224 51 1439 149 44 105 73 1290 46 1181 69 1112 980 46 49 934 173 761
internal_count=3090 1296 141 102 1155 214 192 1794 1768 329 274 50 224 51 1439 149 44 105 73 1290 46 1181 69 1112 980 46 49 934 173 761
is_linear=0
shrinkage=0.05


Tree=87
num_leaves=31
num_cat=1
split_feature=2 0 4 4 5 4 3 5 0 5 2 0 5 2 2 4 10 0 4 4 10 5 11 4 10 0 4 2 0 4
split_gain=3.83407 0.594253 0.742681 0.291918 0.277106 0.313409 0.449603 0.448989 0.32116 0.612813 0.252846 0.309688 0.298674 0.231808 0.23017 0.452241 0.659866 0.62069 0.451167 0.823362 0.600535 0.355383 0.288635 0.45933 0.72017 0.410469 0.377232 0.29512 0.243901 0.52988
threshold=190915.16000000003 200374.95000000004 174196.98446428575 380747.99178571434 371384.67775465845 867306.46678571438 1009431.5150000001 258615.33492402805 1121804.6600000001 301338.93343541614 715226.3600000001 798871.29500000004 213030.78251489895 729229.20000000007 400207.65500000009 383706.95732142864 102.50000000000001 353977.08500000008 440513.60017857148 482272.33030219784 84.500000000000014 163323.57170830676 0 418029.89910714288 121.50000000000001 337547.21500000003 396645.29946428578 365105.98000000004 222265.33500000005 297287.50267857144
decision_type=2 2 2 2 2 2 2 2 2 2 2 2 2 2 2 2 2 2 2 2 2 2 1 2 2 2 2 2 2 2
left_child=1 -1 -3 -4 5 10 7 -7 -8 -10 11 12 14 -6 21 16 -16 -18 -17 -20 -21 22 23 24 -2 27 -26 28 -24 -30
right_child=4 2 3 -5 13 6 8 -9 9 -11 -12 -13 -14 -15 15 18 17 -19 19 20 -22 -23 25 -25 26 -27 -28 -29 29 -31
leaf_value=-907.44941933693758 -55.566222907248338 153.48800165332995 -1659.6962621562457 15.374557379743928 1819.3365527724357 1034.5075071903527 -876.21872880114847 3062.2115378869998 -1317.110195328552 10417.504698200026 -551.56924902534195 3831.4557778314725 -341.27734539532014 -5437.6138867403433 -826.47522073459299 -260.11141989748484 9.0183497488394444 382.92185012152464 280.67073385333936 153.28735338116687 -105.52297281358187 -854.08045762050244 -166.02537295187767 -333.11034219617432 131.17794546631012 -650.27576899217593 751.79817242848003 420.12675098986023 137.1276548029756 -138.66849080572885
leaf_weight=1183 44 41 87 21 22 25 37 26 24 22 96 31 53 91 32 174 29 29 27 25 92 45 222 44 36 128 28 25 119 232
leaf_count=1183 44 41 87 21 22 25 37 26 24 22 96 31 53 91 32 174 29 29 27 25 92 45 222 44 36 128 28 25 119 232
internal_value=-0.00192557 -0.00394895 -0.000973156 -0.00314815 -0.000392493 -0.000227965 0.00208955 0.00578431 -0.000180724 0.00260869 -0.000433489 -0.000265019 -0.000375724 -0.00278761 -0.000229152 0.000759803 0.00388889 0.00706896 -0.000125787 0.00194444 0.000128204 -0.000666307 -0.000444193 0.00148148 0.00333333 -0.000855979 0.00671875 -0.000317727 -0.000549739 0.000270654
internal_weight=3090 1332 149 108 1758 1645 134 51 83 46 1511 1415 1384 113 1331 408 90 58 318 144 117 923 878 152 108 726 64 598 573 351
internal_count=3090 1332 149 108 1758 1645 134 51 83 46 1511 1415 1384 113 1331 408 90 58 318 144 117 923 878 152 108 726 64 598 573 351
cat_boundaries=0 1
cat_threshold=4
is_linear=0
shrinkage=0.05


Tree=88
num_leaves=31
num_cat=0
split_feature=2 0 10 1 4 6 0 4 0 7 6 7 10 3 1 6 4 1 10 10 4 1 6 6 10 0 10 2 3 1
split_gain=4.15048 0.788449 0.687542 0.299052 0.799282 0.284765 0.253682 0.243551 0.574622 0.910476 0.591539 0.65326 0.547086 1.16525 0.459022 0.510301 0.666337 0.44971 0.420976 1.09666 0.522683 0.380952 0.247091 0.29078 0.313495 0.348038 0.242883 0.294888 0.358857 0.839007
threshold=186863.08000000005 200374.95000000004 86.500000000000014 166583.71000000002 122945.75500000002 12475.199315669719 222265.33500000005 291125.76803571434 180691.23000000001 1.0000000180025095e-35 79916.668306420775 4.5000000000000009 126.50000000000001 223240.32214285719 286404.10000000003 21653.030173840481 299689.54392857145 226543.77500000002 255.50000000000003 241.50000000000003 397348.8176785715 544882.56500000006 102342.11368464198 176048.9093020412 193.50000000000003 295188.25000000006 206.50000000000003 1122558.9650000001 798706.82857142866 682681.61500000011
decision_type=2 2 2 2 2 2 2 2 2 2 2 2 2 2 2 2 2 2 2 2 2 2 2 2 2 2 2 2 2 2
left_child=1 3 -3 -1 -5 -6 -4 8 9 -2 12 -12 13 17 22 16 -16 -10 19 26 -21 -22 -9 24 25 -24 27 28 -17 -30
right_child=7 2 6 4 5 -7 -8 14 10 -11 11 -13 -14 -15 15 18 -18 -19 -20 20 21 -23 23 -25 -26 -27 -28 -29 29 -31
leaf_value=-1510.701033171179 227.09424108268524 138.44718522008131 282.20926912037135 211.81576298198024 187.9179714245324 -443.47108946349829 -2045.9391626936731 -756.08460894085226 535.00976390462017 -528.46708873182592 10.408282476881126 1228.6808726541356 -77.626024847220094 -590.38130900909925 262.09493038997516 -17.296665012938043 -29.533233652247517 372.3666469941756 -622.63679845958109 472.2757512264958 -539.42219188207116 99.511934040919982 -86.367252595510323 -2374.5610465497921 -424.10717264793152 1008.3081366972125 -383.69636528044617 -870.30260587450402 10802.096839077163 49.291447792162245
leaf_weight=941 25 39 20 22 23 169 82 91 21 107 34 25 80 30 21 613 23 20 45 32 21 21 41 41 67 39 164 92 21 120
leaf_count=941 25 39 20 22 23 169 82 91 21 107 34 25 80 30 21 613 23 20 45 32 21 21 41 41 67 39 164 92 21 120
internal_value=-0.00176376 -0.00391975 -0.000390072 -0.00435065 -0.00266355 -0.00369792 -0.00254902 -0.000206244 0.000994151 -0.00159091 0.00261905 0.00686441 0.000960264 0.00415493 -0.000488982 -5.54147e-05 0.00522727 0.00963415 -0.000261294 -6.45768e-05 0.00581081 0.00214286 -0.00231183 -0.0012766 -0.000238096 0.001875 -0.000495051 -0.000153665 0.000172413 0.00244681
internal_weight=3090 1296 141 1155 214 192 102 1794 342 132 210 59 151 71 1452 1173 44 41 1129 1084 74 42 279 188 147 80 1010 846 754 141
internal_count=3090 1296 141 1155 214 192 102 1794 342 132 210 59 151 71 1452 1173 44 41 1129 1084 74 42 279 188 147 80 1010 846 754 141
is_linear=0
shrinkage=0.05


Tree=89
num_leaves=31
num_cat=0
split_feature=0 1 4 3 10 10 7 0 10 3 1 0 10 1 0 10 3 3 7 0 5 10 7 6 5 6 5 10 10 1
split_gain=3.80465 1.09918 0.633259 0.460503 0.512942 0.369466 0.466516 0.442212 0.314881 0.258511 0.237706 0.523598 0.478947 1.24783 0.726923 0.535277 0.78725 0.505561 0.333321 0.36066 0.585776 0.445455 0.586295 0.336944 0.322421 0.476687 0.434238 0.335988 0.39097 0.289286
threshold=200374.95000000004 165720.92000000001 122945.75500000002 209372.7328571429 142.50000000000003 63.500000000000007 4.5000000000000009 120687.06000000001 218.50000000000003 175525.07428571428 286404.10000000003 303410.32000000007 92.500000000000014 371602.00500000006 240016.58500000005 174.50000000000003 299678.88571428577 294656.28928571433 3.5000000000000004 582636.63500000013 371384.67775465845 188.50000000000003 4.5000000000000009 23662.505942467422 80664.657182888579 92715.057187837127 98595.506214861714 135.50000000000003 97.500000000000014 197760.97500000001
decision_type=2 2 2 2 2 2 2 2 2 2 2 2 2 2 2 2 2 2 2 2 2 2 2 2 2 2 2 2 2 2
left_child=1 -1 -3 4 -2 6 9 -7 -6 -4 24 12 13 17 -14 16 -16 -12 23 -20 21 22 -21 -13 -5 -26 -27 28 29 -28
right_child=3 2 5 10 8 7 -8 -9 -10 -11 11 18 14 -15 15 -17 -18 -19 19 20 -22 -23 -24 -25 25 26 27 -29 -30 -31
leaf_value=-1441.576608521036 148.46899652737596 134.07964285387723 368.95733955905843 -465.87540969298379 -375.62351495238363 303.6078702878786 236.54137224016651 -389.03672303028281 167.15012533049594 -483.27164463960571 147.21676868683508 180.01036214988588 -1124.0232655986858 205.27435253412574 22.35019316563627 174.0797022016485 -934.01030383333045 -511.78414716334396 -382.0265062985398 671.69353702228284 -3354.3418019500555 4177.0995629193958 -1033.3133074339253 -1.1840236773016051 789.76859139066721 188.7400277316957 1005.897631830514 -1200.4644384676049 212.77178139251333 -1130.313693237254
leaf_weight=964 34 28 20 112 28 22 26 313 20 27 23 22 42 22 21 78 41 20 274 39 37 22 49 554 28 33 20 104 31 36
leaf_count=964 34 28 20 112 28 22 26 313 20 27 23 22 42 22 21 78 41 20 274 39 37 22 49 554 28 33 20 104 31 36
internal_value=-0.00171521 -0.00364286 -0.00155963 -0.000118344 0.00353658 -0.00205882 0.00116438 -0.0027612 0.000208332 -0.00180851 -0.000304728 2.41146e-05 0.00208502 0.00576923 0.00076923 0.0025 -0.000967743 0.000813952 -0.000486461 -0.00155582 0.000442176 0.00227273 0.000681817 0.000295138 -0.00142857 -0.000436509 -0.00120536 -0.00212042 0.000172413 -0.00232143
internal_weight=3090 1400 436 1690 82 408 73 335 48 47 1608 1244 247 65 182 140 62 43 997 421 147 110 88 576 364 252 224 191 87 56
internal_count=3090 1400 436 1690 82 408 73 335 48 47 1608 1244 247 65 182 140 62 43 997 421 147 110 88 576 364 252 224 191 87 56
is_linear=0
shrinkage=0.05


Tree=90
num_leaves=31
num_cat=0
split_feature=2 1 5 3 1 10 7 1 10 6 2 5 1 5 3 2 6 6 7 5 2 2 5 7 2 2 10 10 2 2
split_gain=5.57555 0.529615 0.497284 0.478192 0.625 0.476146 0.416275 1.17027 0.583081 0.485541 0.427263 0.373063 0.367254 0.750089 0.449172 0.672549 0.438312 0.367649 0.333388 0.489374 0.647313 1.13455 0.419166 0.587763 0.405755 0.935569 0.551042 0.366594 0.353163 0.558922
threshold=188404.78000000003 309067.88500000007 20431.333941662022 223240.32214285719 332668.01500000007 35.500000000000007 1.0000000180025095e-35 270358.84000000003 243.50000000000003 104009.62978997744 225604.16500000001 79901.07296397032 166583.71000000002 80664.657182888579 137484.64928571429 173950.72500000003 78230.717870149907 12475.199315669719 1.0000000180025095e-35 99666.096979378126 491074.49500000005 337313.51000000007 309695.27276718622 5.5000000000000009 687025.37000000011 906157.57000000018 137.50000000000003 211.50000000000003 281386.79500000004 246961.92500000002
decision_type=2 2 2 2 2 2 2 2 2 2 2 2 2 2 2 2 2 2 2 2 2 2 2 2 2 2 2 2 2 2
left_child=12 6 -3 4 -4 -5 7 10 -8 -10 -2 -7 13 -1 15 -14 -15 -16 27 20 21 -20 28 24 -24 -26 -27 -13 29 -21
right_child=1 2 3 5 -6 11 8 -9 9 -11 -12 18 14 16 17 -17 -18 -19 19 22 -22 -23 23 -25 25 26 -28 -29 -30 -31
leaf_value=-1348.8188149527452 1046.4477416897801 310.01764821159253 254.47347868571933 -186.61637017256078 -186.99459592738623 -108.48117158236576 -149.84863012729951 -567.86033118391924 -132.6123453139929 390.79772641446056 12.244357643606504 -428.52232927186236 236.53928838703797 231.07522295451818 173.55907089106518 -520.47452708521507 -868.30706018287901 -439.43927029002037 -1103.3382265568623 -621.41168329597576 -240.13004273447143 686.17796514261022 -1564.1862673513247 -1730.3418576983281 8205.4048544935122 -123.74328612211127 3793.556518217847 110.65278809574953 5.3369811904514579 713.74463093182885
leaf_weight=952 23 33 20 78 20 76 495 43 23 20 30 111 30 20 28 21 22 232 22 25 26 34 23 26 25 40 24 35 440 28
leaf_count=952 23 33 20 78 20 76 495 43 23 20 30 111 30 20 28 21 22 232 22 25 26 34 23 26 25 40 24 35 440 28
internal_value=-0.00146281 0.000406976 0.00107735 0.000887938 0.00625 0.000676208 -0.000741326 0.00229167 -0.00128253 0.00430232 0.00726415 0.000989304 -0.0039272 -0.00439638 -0.00242765 0.00186274 0.00214286 -0.00326923 0.00128638 0.00173212 0.00536585 0.00839286 0.0012599 0.00369565 0.00526786 0.00679775 0.00359375 -0.000890412 0.000578092 0.00443396
internal_weight=3025 1720 1086 1053 40 1013 634 96 538 43 53 935 1305 994 311 51 42 260 859 713 82 56 631 138 112 89 64 146 493 53
internal_count=3025 1720 1086 1053 40 1013 634 96 538 43 53 935 1305 994 311 51 42 260 859 713 82 56 631 138 112 89 64 146 493 53
is_linear=0
shrinkage=0.05


Tree=91
num_leaves=31
num_cat=0
split_feature=2 0 10 1 3 10 10 1 6 6 6 6 0 3 5 3 5 1 1 3 0 1 0 10 6 5 6 10 5 1
split_gain=5.28374 0.58809 0.791786 0.441553 0.459433 0.405812 0.396812 0.287745 0.776706 0.514045 0.455199 0.653224 0.573709 0.706484 0.788005 0.416069 0.854477 0.692308 0.63 0.50647 0.288288 0.483488 0.68784 0.434314 0.403418 0.391842 0.368735 0.349251 0.523844 0.357938
threshold=188404.78000000003 200374.95000000004 83.500000000000014 166583.71000000002 146037.66285714289 35.500000000000007 142.50000000000003 286404.10000000003 21382.929823183124 35613.574765394944 154249.21202559429 131447.28535472744 190720.65500000003 221093.87285714291 48174.393479078251 294656.28928571433 80664.657182888579 313503.2950000001 411838.23500000004 298209.21500000008 922493.13000000012 584401.12000000011 1074964.1100000001 241.50000000000003 107906.13446047829 126584.91272437781 409503.07349757577 212.50000000000003 237310.62769588534 584401.12000000011
decision_type=2 2 2 2 2 2 2 2 2 2 2 2 2 2 2 2 2 2 2 2 2 2 2 2 2 2 2 2 2 2
left_child=1 3 -3 -1 6 -2 -5 9 -9 -7 11 12 13 14 -11 16 17 -10 -18 -17 23 -22 -23 27 -25 -26 -24 28 -21 -29
right_child=5 2 -4 4 -6 7 -8 8 15 10 -12 -13 -14 -15 -16 19 18 -19 -20 20 21 22 26 24 25 -27 -28 29 -30 -31
leaf_value=-1241.6500856533748 -180.24989758699709 121.5598278413248 -794.18105362522795 126.73958495499829 -392.06080797479484 -688.88322293809051 -198.28485668551798 144.74680590150851 9.631508206817962 224.94313114657709 -1949.8886829556225 702.34841282360321 -99.839788420525366 128.09475231018538 -596.06009261796282 -277.25518813898924 -373.21419666224364 414.33630757400925 26.533930551240026 57.249029564117087 10293.124665840935 2017.2471362845583 -1391.1756972178166 -42.690597031155868 733.7161312504287 24.013625158461814 4781.2591743775583 -852.58433585681257 -253.92370573022615 26.851244241384695
leaf_weight=926 141 31 111 27 187 72 23 28 26 36 52 31 183 31 44 40 50 26 20 490 20 36 65 20 26 40 27 94 96 26
leaf_count=926 141 31 111 27 187 72 23 28 26 36 52 31 183 31 44 40 50 26 20 490 20 36 65 20 26 40 27 94 96 26
internal_value=-0.00141322 -0.00381226 -0.000774649 -0.00418315 -0.00225739 0.000406976 0.002 0.000636478 0.00106195 -0.0004343 0.000305039 0.000999999 0.000272108 0.00310811 0.000624999 0.000852993 0.00360656 0.00846154 -1.19209e-09 0.000510203 0.00074468 0.00277027 0.00164062 0.00036616 0.00372093 0.00560606 -0.000652175 -4.24941e-05 0.00046075 -0.0025
internal_weight=3025 1305 142 1163 237 1720 50 1579 1130 449 377 325 294 111 80 1102 122 52 70 980 940 148 128 792 86 66 92 706 586 120
internal_count=3025 1305 142 1163 237 1720 50 1579 1130 449 377 325 294 111 80 1102 122 52 70 980 940 148 128 792 86 66 92 706 586 120
is_linear=0
shrinkage=0.05


Tree=92
num_leaves=31
num_cat=0
split_feature=2 4 10 10 0 10 5 5 0 2 10 4 0 4 4 4 0 7 10 4 7 6 10 0 4 0 0 10 10 6
split_gain=4.94835 0.662153 0.694565 0.428538 0.82878 0.626402 0.625071 0.453271 0.446619 0.391659 0.438339 1.01042 0.738613 0.44924 0.678994 0.502056 0.624148 0.645448 0.61229 0.385009 0.970274 0.372429 0.36478 0.315582 0.449393 0.312282 0.279534 0.563265 0.842491 0.365932
threshold=188404.78000000003 223645.53125000003 86.500000000000014 121.50000000000001 152310.35000000003 132.50000000000003 151344.0809054276 60221.238444549301 180691.23000000001 210554.06000000003 183.50000000000003 1099443.6676785718 617625.81000000017 292670.81812169316 393615.5246428572 482272.33030219784 361639.60500000004 2.5000000000000004 213.50000000000003 291125.76803571434 4.5000000000000009 135100.44332905117 217.50000000000003 200374.95000000004 173764.83482142861 262709.99500000005 542636.96000000008 97.500000000000014 85.500000000000014 21653.030173840481
decision_type=2 2 2 2 2 2 2 2 2 2 2 2 2 2 2 2 2 2 2 2 2 2 2 2 2 2 2 2 2 2
left_child=1 23 -3 8 -5 6 -6 -7 -2 -9 -11 12 13 -12 25 16 17 -16 -18 20 -10 -20 -17 -1 -25 -15 29 28 -28 -21
right_child=3 2 -4 4 5 7 -8 9 19 10 11 -13 -14 14 15 22 18 -19 21 26 -22 -23 -24 24 -26 -27 27 -29 -30 -31
leaf_value=-761.45383884745183 -206.20768637302359 2020.3915647293754 -746.62869766174072 638.14250188474671 659.31884978290418 -120.9184701082163 -95.677114314724292 121.69003078507262 -259.90179173190631 -95.124243469421231 90.854632061838473 10248.797028103698 -414.56276587588485 294.54219982585272 140.73292325003408 49.003694186501818 1276.4739916221542 -1853.0742440398164 36.674642069078757 144.14366275170946 258.54546879937908 737.16101531105562 -2469.6978731248673 114.16520501417486 -1746.4729474558328 -245.10194025513417 21.210540335054077 -851.0149951921602 3139.406233409316 -168.38258978059798
leaf_weight=1131 75 31 67 38 38 146 24 31 55 266 37 20 72 26 20 24 35 37 41 20 35 21 29 39 37 75 135 49 26 345
leaf_count=1131 75 31 67 38 38 146 24 31 55 266 37 20 72 26 20 24 35 37 41 20 35 21 29 39 37 75 135 49 26 345
internal_value=-0.00152893 -0.00385058 0.00010204 0.000232557 0.000918366 0.000626326 0.00548387 0.00028409 -0.000675677 0.00079019 0.000547652 0.00152174 0.000995203 0.00195652 0.00133117 0.00297101 0.00441558 0.000263157 0.00685567 -0.000263159 0.00277778 0.00387097 -0.00122642 -0.0041715 -0.00105263 -0.0020297 -0.000739132 0.000714285 0.00214286 -0.00157534
internal_weight=3025 1305 98 1720 980 942 62 880 740 734 703 437 417 345 308 207 154 57 97 665 90 62 53 1207 76 101 575 210 161 365
internal_count=3025 1305 98 1720 980 942 62 880 740 734 703 437 417 345 308 207 154 57 97 665 90 62 53 1207 76 101 575 210 161 365
is_linear=0
shrinkage=0.05


Tree=93
num_leaves=31
num_cat=0
split_feature=1 5 4 2 6 6 6 1 6 0 4 2 4 3 7 6 1 5 4 0 5 5 5 6 2 2 6 7 6 3
split_gain=4.83186 0.476644 0.4668 0.675 0.403181 0.515261 0.253082 0.656086 0.403688 0.254917 0.231123 0.407508 0.357684 0.579773 1.16806 0.846552 0.819493 0.478058 0.433993 0.465359 0.671922 0.478139 0.426837 0.404137 0.403751 0.304332 0.29113 0.408358 0.454691 0.284432
threshold=165720.92000000001 10959.642039079643 223645.53125000003 177520.34500000003 12475.199315669719 14676.719014205233 21382.929823183124 288947.88000000006 24934.738109092988 310110.58500000002 122659.70982142859 188404.78000000003 292670.81812169316 221093.87285714291 4.5000000000000009 45901.726176719465 300308.26000000007 78113.717897721697 296472.4780357143 273357.30500000005 107301.43079407841 90564.208972458073 188291.0587314321 102342.11368464198 334676.59500000003 128401.895 118969.01629422152 1.5000000000000002 110373.15389610942 429899.63785714289
decision_type=2 2 2 2 2 2 2 2 2 2 2 2 2 2 2 2 2 2 2 2 2 2 2 2 2 2 2 2 2 2
left_child=2 -2 -1 -4 -3 -6 7 -7 9 -8 -10 25 13 15 17 -13 -16 -15 -14 20 21 -20 -22 -21 -17 -12 27 -25 -29 -28
right_child=1 4 3 -5 5 6 8 -9 10 -11 11 12 18 14 16 24 -18 -19 19 23 22 -23 -24 26 -26 -27 29 28 -30 -31
leaf_value=-1196.9725035516137 -536.91436640615598 220.06233415552356 1161.2870030566123 -1205.9861277404179 -451.56364138345452 -315.1707165168977 -266.48644722205017 141.73071023053441 214.42971428430639 14.566854196118051 12.76219847419101 470.27559810185085 -766.47071327621904 224.29433366708105 1282.1108582836555 -211.86586491118715 122.2129357504657 -305.93292972608509 77.766743696691208 -201.99892699079572 -133.87264798102839 670.12541473061333 127.91053717868556 409.92873276465161 70.373468087038489 -452.96432772861567 -212.65961080700686 -975.04917670792747 292.2992224030645 20.384754856279176
leaf_weight=984 48 27 20 40 51 33 64 35 32 39 26 27 60 21 22 104 26 51 20 77 103 22 26 45 21 139 220 28 58 556
leaf_count=984 48 27 20 40 51 33 64 35 32 39 26 27 60 21 22 104 26 51 20 77 103 22 26 45 21 139 220 28 58 556
internal_value=-0.00152893 -7.82445e-05 -0.00428161 -1.19209e-09 4.39719e-05 -4.19739e-05 9.43384e-05 0.00308823 -1.95871e-05 -0.00305825 0.00016627 8.47446e-05 0.000346334 0.00198529 0.00458333 -6.57907e-05 0.010625 0.000555554 -2.05773e-05 0.000194804 0.00260234 0.00809524 0.000813952 -0.000223578 -0.0018 -0.00227273 7.16636e-05 0.00225191 0.000232557 -0.000296393
internal_weight=3025 1981 1044 60 1933 1906 1855 68 1787 103 1684 1652 1487 272 120 152 48 72 1215 1155 171 42 129 984 125 165 907 131 86 776
internal_count=3025 1981 1044 60 1933 1906 1855 68 1787 103 1684 1652 1487 272 120 152 48 72 1215 1155 171 42 129 984 125 165 907 131 86 776
is_linear=0
shrinkage=0.05


Tree=94
num_leaves=31
num_cat=1
split_feature=1 5 1 10 7 6 5 4 5 1 1 1 6 7 2 11 5 7 1 2 4 6 1 1 10 2 5 5 10 5
split_gain=4.18895 0.612936 0.53805 0.572093 0.790924 0.476374 0.467722 0.445903 0.360783 0.314155 0.456414 0.39253 0.586157 0.541131 0.53765 0.644261 0.774796 0.614391 0.381854 0.372821 0.359202 0.477733 0.718506 0.879765 0.365109 0.474191 0.344956 0.400353 0.339782 0.331653
threshold=163701.77000000005 80664.657182888579 309067.88500000007 243.50000000000003 3.5000000000000004 78230.717870149907 19376.400143079536 122659.70982142859 193358.77887970794 591945.27000000014 869690.97500000021 537380.32500000007 325639.83969477838 1.5000000000000002 593943.68000000005 0 80664.657182888579 1.0000000180025095e-35 924534.84500000009 516985.39500000008 501511.33589285723 120478.11991451381 371602.00500000006 440523.68500000006 188.50000000000003 356720.39500000008 160148.23591941161 102828.78558203026 170.50000000000003 72743.067711366704
decision_type=2 2 2 2 2 2 2 2 2 2 2 2 2 2 2 1 2 2 2 2 2 2 2 2 2 2 2 2 2 2
left_child=1 -1 3 7 -5 -3 -4 -2 -9 11 -11 12 14 -13 15 16 -8 -18 -12 -15 21 22 -19 -24 -23 -26 27 29 -20 -17
right_child=2 5 6 4 -6 -7 9 8 -10 10 18 13 -14 19 -16 26 17 20 28 -21 -22 24 23 -25 25 -27 -28 -29 -30 -31
leaf_value=-1260.7213102964583 203.70822857009074 167.97637359186149 286.10246455728094 -298.1157113448009 151.93082004549794 -1220.6419567421394 202.67578156298569 -204.39002639889452 517.53042056354525 -98.094379720747952 4738.0148626948494 401.82188860942307 7591.5140003107126 -767.98674169244839 -305.88290580014836 -52.165155299750637 -379.12768189654435 -143.87147246878837 -761.2959400657611 122.37110201711842 818.30086130735197 -395.75275812517526 622.23602854077706 32.772802702667278 1035.0985472449695 -794.39795799200169 1239.1504816790618 -1502.6722804415758 2750.7792020327911 489.62265691369623
leaf_weight=961 32 21 24 33 32 39 35 762 28 170 26 36 22 27 60 64 57 31 123 24 27 56 33 31 23 38 20 105 46 39
leaf_count=961 32 21 24 33 32 39 35 762 28 170 26 36 22 27 60 64 57 31 123 24 27 56 33 31 23 38 20 105 46 39
internal_value=-0.00146281 -0.00406954 -0.000134732 -0.00105412 0.00346154 0.000833332 0.000595343 -0.00141119 -0.00164557 0.000443732 -0.000753426 0.00104395 0.000616223 0.0041954 0.000331178 0.000813952 0.00218475 0.00141892 0.000897435 0.000882352 0.00253138 0.00183962 0.00447368 0.0075 -0.000299146 0.00237705 -0.00121849 -0.001875 2.95846e-05 0.000339805
internal_weight=3025 1021 2004 887 65 60 1117 822 790 1093 365 728 641 87 619 559 331 296 195 51 239 212 95 64 117 61 228 208 169 103
internal_count=3025 1021 2004 887 65 60 1117 822 790 1093 365 728 641 87 619 559 331 296 195 51 239 212 95 64 117 61 228 208 169 103
cat_boundaries=0 1
cat_threshold=6
is_linear=0
shrinkage=0.05


Tree=95
num_leaves=31
num_cat=0
split_feature=2 0 6 6 2 9 6 0 0 10 7 10 10 5 4 6 10 2 10 5 6 0 5 6 6 3 2 2 5 2
split_gain=3.50056 0.860838 0.659109 0.918768 0.616908 0.402083 0.359329 0.347877 1.37269 0.731724 1.04229 0.5997 0.53945 0.566185 0.516648 0.534408 0.510694 0.5522 0.504597 0.476334 0.540058 0.476246 0.360571 0.673673 1.42747 0.564654 0.46178 0.535888 0.67413 0.395878
threshold=155175.46000000002 329972.81500000006 21382.929823183124 11355.406770350948 160427.07000000004 1.0000000180025095e-35 122962.54071743919 273357.30500000005 244100.54000000004 64.500000000000014 3.5000000000000004 23.500000000000004 219.50000000000003 18623.262859948682 396645.29946428578 110373.15389610942 82.500000000000014 427250.85500000004 87.500000000000014 34194.460926803331 105784.53289528572 386153.45500000002 213030.78251489895 143520.64543863767 155481.2509383517 393750.56428571435 702787.15000000014 524753.90000000014 151344.0809054276 1349801.5700000001
decision_type=2 2 2 2 2 2 2 2 2 2 2 2 2 2 2 2 2 2 2 2 2 2 2 2 2 2 2 2 2 2
left_child=1 6 3 -2 -4 7 -1 8 11 -10 -11 -6 13 -9 15 19 17 -15 -18 -13 -21 -19 23 -20 -25 -26 27 28 -27 -24
right_child=2 -3 4 -5 5 -7 -8 12 9 10 -12 14 -14 16 -16 -17 18 21 22 20 -22 -23 29 24 25 26 -28 -29 -30 -31
leaf_value=-1542.2735108544309 234.71952563232753 142.77516496957648 1459.5703611308497 -399.90617874171352 190.66682227598582 -246.99779957753123 23.059980439004953 294.29878534245785 445.28615174417996 -122.82663203810939 183.32782435309903 186.55346806338517 -183.53416582084654 -529.32195055703767 244.83374668262525 -2336.7780159758181 3718.5039949064521 455.01301584819612 -18.691195954473802 -41.867697432065057 156.92338011368045 -35.820305178826949 -635.71523663147775 691.11131807719221 -901.55423665353783 851.43633829235898 -157.04045758203276 4435.9181874647657 -1302.7416584671078 2510.984295900138
leaf_weight=898 27 33 28 223 23 180 20 23 23 39 31 20 218 122 39 63 28 20 257 299 20 141 124 25 24 20 22 20 31 20
leaf_count=898 27 33 28 223 23 180 20 23 23 39 31 20 218 122 39 63 28 20 257 299 20 141 124 25 24 20 22 20 31 20
internal_value=-0.00132473 -0.00384332 -0.000189575 -0.0026 0.000134407 2.18329e-05 -0.00412854 0.000266343 0.00128366 0.00682796 0.00428571 0.000172413 -0.000251143 0.000302165 -0.000238096 -0.000771145 9.36756e-05 -0.00164311 0.000954465 1.47481e-05 -0.000454547 0.000279502 0.000616942 0.00139098 0.00415493 0.00183761 0.00360215 0.00556338 0.00284314 -0.00152778
internal_weight=3061 951 2110 250 1860 1832 918 1652 557 93 70 464 1095 877 441 402 854 283 571 339 319 161 543 399 142 117 93 71 51 144
internal_count=3061 951 2110 250 1860 1832 918 1652 557 93 70 464 1095 877 441 402 854 283 571 339 319 161 543 399 142 117 93 71 51 144
is_linear=0
shrinkage=0.05


Tree=96
num_leaves=31
num_cat=1
split_feature=1 11 7 5 0 10 0 1 6 0 5 1 6 0 10 6 0 1 7 0 1 6 6 0 3 6 5 0 0 10
split_gain=3.29723 0.927697 1.58906 1.00001 0.640782 0.452035 1.58476 0.544322 0.655319 0.559654 1.05006 1.05746 0.556439 0.547578 0.571525 0.518103 0.538743 0.448443 0.348141 0.554147 0.321111 0.28376 0.849259 0.518627 0.27 0.258861 0.360119 0.261274 0.585609 0.5259
threshold=165720.92000000001 0 1.5000000000000002 80664.657182888579 120687.06000000001 23.500000000000004 260574.74500000002 304223.69000000006 12475.199315669719 305119.35500000004 121332.18348206226 388154.28000000009 41611.540959174228 282461.83500000002 199.50000000000003 23662.505942467422 335049.23500000004 332668.01500000007 5.5000000000000009 152310.35000000003 144390.91500000001 110373.15389610942 118969.01629422152 405023.70000000007 452915.53785714292 398738.94413311017 407298.74586677196 1208396.8800000001 798871.29500000004 252.50000000000003
decision_type=2 1 2 2 2 2 2 2 2 2 2 2 2 2 2 2 2 2 2 2 2 2 2 2 2 2 2 2 2 2
left_child=1 2 20 -4 -2 6 -6 8 -7 10 11 13 -10 14 17 -11 -17 -9 -14 -20 -1 -18 23 -23 -8 26 27 28 29 -24
right_child=4 -3 3 -5 5 7 24 9 12 15 -12 -13 18 -15 -16 16 21 -19 19 -21 -22 22 25 -25 -26 -27 -28 -29 -30 -31
leaf_value=683.01863724434224 388.37918147226208 -1099.8223600270283 -1381.4026838654181 127.81660904144513 146.90579652546589 234.87551846045378 -412.82457461502958 29.242641411588881 -334.29183203456097 141.11398897600822 -382.86130019526536 532.11994377825977 -99.519865281692034 -524.79940149481092 612.72637278723369 -440.23076919548458 -208.58988577402434 -197.92432101640114 -505.72311263164823 754.88903502816515 112.08334826845061 507.86769130820971 -34.029505695379342 131.32509750691639 350.51563188706905 -1273.6406206339279 5197.4277678150456 -1783.5973936838482 2681.6468172423356 385.99276596981082
leaf_weight=25 35 695 286 34 28 27 30 32 264 26 85 38 456 30 21 65 93 25 22 27 20 20 361 34 20 64 29 47 94 28
leaf_count=25 35 695 286 34 28 27 30 32 264 26 85 38 456 30 21 65 93 25 22 27 20 20 361 34 20 64 29 47 94 28
internal_value=-0.00147174 -0.00372642 -0.00153333 -0.0028125 -0.000277363 -0.000396746 0.00333333 -0.000550849 -0.00154523 0.000173991 0.00235931 0.00493151 -0.00181405 0.00240741 0.00461538 -0.000412312 -0.000628744 0.00201754 -0.000841585 0.00316326 0.00722222 -0.000259741 9.60106e-05 0.00611111 -0.002 -0.000425362 -8.05021e-05 -0.00037736 -3.10571e-05 -0.000886891
internal_weight=3061 1060 365 320 2001 1966 78 1888 796 1092 231 146 769 108 78 861 835 57 505 49 45 770 677 54 50 623 559 530 483 389
internal_count=3061 1060 365 320 2001 1966 78 1888 796 1092 231 146 769 108 78 861 835 57 505 49 45 770 677 54 50 623 559 530 483 389
cat_boundaries=0 1
cat_threshold=5
is_linear=0
shrinkage=0.05


Tree=97
num_leaves=31
num_cat=1
split_feature=2 6 6 6 2 5 1 3 1 3 3 5 4 8 6 3 4 11 3 5 1 10 5 1 1 9 6 1 10 4
split_gain=3.09448 0.849467 0.547251 0.8463 0.747288 0.53152 0.361783 0.419845 0.355407 0.337651 0.932863 0.69159 0.577003 1.01226 0.572439 0.69436 0.489796 0.325892 1.10057 0.966843 0.49262 0.539461 0.476621 0.284723 0.276746 0.272642 0.307119 0.264469 0.346154 0.4
threshold=155175.46000000002 124518.64445812728 22564.928065616288 11355.406770350948 163746.75000000003 19376.400143079536 139946.47000000003 125456.43500000003 144390.91500000001 136543.58142857146 210628.16285714289 89646.028026548258 291125.76803571434 1.0000000180025095e-35 44178.879424911276 200219.99071428573 262126.74732142859 0 369276.96000000002 127358.78526881667 537380.32500000007 202.50000000000003 104116.03570179307 311341.90000000008 321270.94000000006 1.0000000180025095e-35 116787.85359248157 291138.22500000003 139.50000000000003 301093.1116071429
decision_type=2 2 2 2 2 2 2 2 2 2 2 2 2 2 2 2 2 1 2 2 2 2 2 2 2 2 2 2 2 2
left_child=1 6 3 -2 -4 -6 -1 -8 -9 -7 14 23 13 16 -11 -16 -13 18 19 -14 22 -22 -19 -12 -25 26 -20 -5 -29 -30
right_child=2 -3 4 27 5 9 7 8 -10 10 11 12 17 -15 15 -17 -18 20 25 -21 21 -23 -24 24 -26 -27 -28 28 29 -31
leaf_value=-1758.3835269455792 211.2397734276876 284.85321180084003 255.50778385026774 -372.59536736705445 274.43786358097952 -288.06540285440462 215.53609422156848 29.14281409218529 -765.29204730242463 876.92425711694978 -461.87896238520057 -361.53711498656259 1764.5037815121345 1085.6502422478404 -108.04854058227279 264.29171098363082 59.193590943283453 20.887190325435586 618.28689508191746 -21.608856496414337 -14.629144658500724 112.39526063889639 -1010.5427035468382 13.071367628449227 -48.784240212033446 -1375.7462879035475 -0.34565097608628381 -449.53851633019815 247.03935345461525 -165.84451029115277
leaf_weight=725 27 33 50 208 31 89 21 41 131 21 195 24 26 26 53 40 25 78 23 32 44 21 277 21 121 60 553 25 20 20
leaf_count=725 27 33 50 208 31 89 21 41 131 21 195 24 26 26 53 40 25 78 23 32 44 21 277 21 121 60 553 25 20 20
internal_value=-0.00142274 -0.00379075 -0.000355451 -0.00233333 -2.76255e-05 -0.000198865 -0.00407408 -0.00215026 -0.00296512 -0.000315212 -0.00015244 -0.000478376 8.83083e-05 0.00433333 0.00421053 0.00252688 0.00010204 -0.000197488 0.000468749 0.00706896 -0.00127907 0.00269231 -0.00204225 -0.00247775 -0.000774649 -0.000125787 0.000208332 -0.0031685 -0.000384617 0.0025
internal_weight=3061 951 2110 300 1810 1760 918 193 172 1729 1640 1526 1189 75 114 93 49 1114 694 58 420 65 355 337 142 636 576 273 65 40
internal_count=3061 951 2110 300 1810 1760 918 193 172 1729 1640 1526 1189 75 114 93 49 1114 694 58 420 65 355 337 142 636 576 273 65 40
cat_boundaries=0 1
cat_threshold=4
is_linear=0
shrinkage=0.05


Tree=98
num_leaves=31
num_cat=2
split_feature=1 11 7 0 1 0 11 0 0 3 0 1 4 2 10 1 2 3 0 0 10 3 1 7 0 2 2 2 3 2
split_gain=2.98148 0.844731 1.58906 0.734722 0.73373 0.655188 0.292183 0.58178 0.554268 0.398601 0.381548 0.46794 0.369906 0.527911 0.33215 0.34432 0.438059 0.48967 0.463997 1.26963 0.464015 0.432716 0.41495 0.406156 0.547073 0.966375 0.328105 0.810399 0.309478 0.283181
threshold=165720.92000000001 0 1.5000000000000002 262709.99500000005 139177.33000000005 120687.06000000001 1 678984.24500000023 299583.55000000005 437656.4114285715 482976.86500000005 568239.64000000001 302381.66214285721 454398.42500000005 245.50000000000003 168962.67000000001 186863.08000000005 171262.29071428574 265544.56500000006 244100.54000000004 33.500000000000007 160450.42428571431 191105.64500000005 1.5000000000000002 301331.57500000007 301824.55000000005 479878.03000000009 356720.39500000008 148912.87142857147 206623.57500000004
decision_type=2 1 2 2 2 2 1 2 2 2 2 2 2 2 2 2 2 2 2 2 2 2 2 2 2 2 2 2 2 2
left_child=1 2 4 -4 -1 -2 8 10 9 26 11 12 13 14 15 -8 17 21 19 20 -18 22 -17 -20 -25 -26 27 -7 -22 -10
right_child=5 -3 3 -5 -6 6 7 -9 29 -11 -12 -13 -14 -15 -16 16 18 -19 23 -21 28 -23 -24 24 25 -27 -28 -29 -30 -31
leaf_value=884.92378992363069 370.04066522347034 -1025.06027038548 -1272.634944330498 119.23917621722124 32.658077148989129 916.66083391606105 172.03213237983095 1555.3985100939053 1302.3261196470366 -781.38383004760431 -281.01875257452133 430.444961303318 -455.8627168504529 117.94727470551636 -282.41598203743814 -196.96894217925325 403.27219133110464 -445.67287152445817 -513.13189742210864 301.00977467449678 -504.90203951395017 166.53717262098954 80.924727608418436 -45.825819892676201 248.92886698622752 -128.474065357489 105.74036037342053 -1044.149417866839 2.4083340724616722 -25.293941959404769
leaf_weight=21 35 695 288 32 24 23 31 20 32 27 82 22 227 20 43 34 20 160 113 36 32 21 23 59 35 46 22 24 188 626
leaf_count=21 35 695 288 32 24 23 31 20 32 27 82 22 227 20 43 34 20 160 113 36 32 21 23 59 35 46 22 24 188 626
internal_value=-0.00148808 -0.00363208 -0.00153333 -0.0028125 0.00722222 -0.000352325 -0.000473043 -0.000949265 0.000301046 0.00385417 -0.00109899 -0.000855857 -0.00100184 -0.000528456 -0.000719383 -0.000488723 -0.000697524 -0.00247899 0.000103969 0.00152174 0.000208332 0.00076923 -0.00149123 -0.00144269 0.000357142 0.00302469 0.00586956 0.00351064 -0.000454547 -0.000212767
internal_weight=3061 1060 365 320 45 2001 1966 1212 754 96 1192 1110 1088 861 841 798 767 238 529 276 240 78 57 253 140 81 69 47 220 658
internal_count=3061 1060 365 320 45 2001 1966 1212 754 96 1192 1110 1088 861 841 798 767 238 529 276 240 78 57 253 140 81 69 47 220 658
cat_boundaries=0 1 2
cat_threshold=5 4
is_linear=0
shrinkage=0.05


Tree=99
num_leaves=31
num_cat=0
split_feature=2 0 6 5 3 0 6 0 7 10 1 3 3 5 2 3 1 5 5 5 2 5 10 1 1 1 0 0 0 10
split_gain=3.60203 0.872285 0.637557 0.758337 0.686525 0.484484 0.471873 0.4908 0.38101 0.738561 0.691773 0.667443 0.657913 1.03255 1.40055 0.625417 0.747863 0.785714 0.561602 0.70498 0.442929 0.440236 0.451847 0.445823 0.374568 0.363217 0.622537 0.458675 0.352921 0.330395
threshold=155175.46000000002 329972.81500000006 24934.738109092988 39881.807417089971 294656.28928571433 147310.62000000002 11355.406770350948 301331.57500000007 4.5000000000000009 188.50000000000003 132170.73000000004 345958.77428571432 373623.22571428574 98595.506214861714 338602.64000000007 388157.50714285712 253361.80500000002 109219.79393550634 163323.57170830676 125344.4409958035 311015.33000000002 116729.40733952666 68.500000000000014 529638.04500000004 398065.95000000007 141400.81000000003 130407.67500000002 115802.54500000001 742958.30500000005 109.50000000000001
decision_type=2 2 2 2 2 2 2 2 2 2 2 2 2 2 2 2 2 2 2 2 2 2 2 2 2 2 2 2 2 2
left_child=1 25 6 4 5 -4 -2 -8 10 12 -5 -12 13 20 -15 16 -13 -18 19 -11 -10 -17 23 -23 -19 -1 27 -27 -25 -9
right_child=2 -3 3 8 -6 -7 7 29 9 18 11 15 -14 14 -16 21 17 24 -20 -21 -22 22 -24 28 -26 26 -28 -29 -30 -31
leaf_value=-1583.8505438987434 192.35092612525315 134.78629240854451 21.746851806345983 1375.9382996411234 -222.40618208259858 389.12089165961561 -285.09264641326331 -275.24132297951883 -178.09538047186356 130.74316534292777 -247.18034449363893 -2631.6259286779723 -605.61478400836108 1227.7606379611213 -5.8684527644319786 -325.99959132334794 820.41286988686431 -287.69500404045226 572.665498149629 -949.74991928735335 148.14741815109494 1272.532423874793 -18.105365973770727 -2306.5636712357132 102.53160854356484 -1042.9640261035345 -373.98500572022931 240.60141690573593 2294.9453284730112 115.5065627204184
leaf_weight=744 27 33 27 23 30 37 259 29 82 72 411 21 181 26 29 114 33 31 34 43 32 20 401 26 32 24 119 31 43 47
leaf_count=744 27 33 27 23 30 37 259 29 82 72 411 21 181 26 29 114 33 31 34 43 32 20 401 26 32 24 119 31 43 47
internal_value=-0.00134107 -0.0038959 -0.000189575 0.000205948 0.00457447 0.0075 -0.00209945 -0.00261194 -4.23228e-05 0.00111222 -0.000541127 -0.000715549 -0.000142858 0.00210059 0.00772727 0.000201108 0.00354701 0.00541667 0.0040604 0.0023913 -0.000614036 -0.000447021 0.00020408 0.00342697 0.00214286 -0.00418301 -0.00212644 0.00227273 0.00152174 0.000921051
internal_weight=3061 951 2110 1748 94 64 362 335 1654 499 1155 1132 350 169 55 721 117 96 149 115 114 604 490 89 63 918 174 55 69 76
internal_count=3061 951 2110 1748 94 64 362 335 1654 499 1155 1132 350 169 55 721 117 96 149 115 114 604 490 89 63 918 174 55 69 76
is_linear=0
shrinkage=0.05


Tree=100
num_leaves=31
num_cat=0
split_feature=2 4 6 4 3 6 0 6 4 1 0 3 2 6 1 0 1 5 1 2 6 6 5 4 4 5 4 10 1 0
split_gain=3.53545 0.713466 0.695516 1.0175 0.856621 0.585333 0.518161 0.466708 0.617748 1.00256 0.379794 0.515102 0.345565 0.714515 0.461538 0.387931 0.384209 0.31555 0.637913 0.331889 0.475989 0.446134 0.505764 0.428941 0.402706 0.621245 0.769231 0.328778 0.302913 0.362104
threshold=156663.87500000003 120462.88339285714 12743.038189134628 173329.87660714288 182387.74071428576 124518.64445812728 135054.09000000005 23339.215177672169 299015.84875000006 306049.81500000006 159469.98500000002 210628.16285714289 449917.94000000006 118969.01629422152 436247.71500000003 449186.14500000008 163701.77000000005 154024.64881952255 552618.79500000004 352487.06500000006 100178.02530066804 102807.90043296338 91976.740660490977 299689.54392857145 382512.13750000007 120328.82646153282 397348.8176785715 86.500000000000014 245193.81000000003 299583.55000000005
decision_type=2 2 2 2 2 2 2 2 2 2 2 2 2 2 2 2 2 2 2 2 2 2 2 2 2 2 2 2 2 2
left_child=5 -2 3 -3 -4 -1 -6 8 -8 -10 -9 -12 16 14 -14 -16 -13 18 19 20 -18 -22 -23 -24 -25 -26 -27 -19 -15 -30
right_child=1 2 4 -5 6 -7 7 10 9 -11 11 12 13 28 15 -17 17 27 -20 -21 21 22 23 24 25 26 -28 -29 29 -31
leaf_value=-1171.1701745303544 74.076939522169084 569.97665992448742 -232.73148419925678 -67.146901391819029 760.98444049634963 45.448225951458745 202.19795030887144 -572.45524319758931 -316.10258450858782 185.56990288789081 192.08459854180154 1183.6691859805585 454.11645305307394 -1329.670853470089 -36.216524642089226 23.4173236265739 -161.2064758898816 361.50440975484923 824.75520600770858 -405.53944436663238 418.45086644612076 464.66027802795281 -830.83683662924636 324.303554228243 -1369.5818845699014 -1990.960914982481 166.33180961631763 -1398.254170837331 83.161603539198467 -26.54330133014005
leaf_weight=937 22 26 288 28 25 33 28 45 49 38 32 25 26 31 29 20 267 33 25 160 24 31 43 55 53 20 32 119 35 496
leaf_count=937 22 26 288 28 25 33 28 45 49 38 32 25 26 31 29 20 267 33 25 160 24 31 43 55 53 20 32 119 35 496
internal_value=-0.00147155 -0.000320666 -0.000415268 0.00518518 -0.000564319 -0.00396907 -0.000146469 -0.000250584 0.00282609 0.000747125 -0.000471581 -0.000340618 -0.000472442 0.000416011 0.005 0.00214286 -0.00111049 -0.0012877 -0.000845072 -0.00113139 -0.000523811 0.00100775 0.000341879 -0.000566504 0.000624999 -0.00119048 0.00269231 -0.00335526 -0.000195731 8.47446e-05
internal_weight=3075 2105 2083 54 2029 970 1741 1716 115 87 1601 1556 1524 637 75 49 887 862 710 685 525 258 234 203 160 105 52 152 562 531
internal_count=3075 2105 2083 54 2029 970 1741 1716 115 87 1601 1556 1524 637 75 49 887 862 710 685 525 258 234 203 160 105 52 152 562 531
is_linear=0
shrinkage=0.05


Tree=101
num_leaves=31
num_cat=0
split_feature=1 4 2 6 0 0 10 10 2 0 4 0 10 10 1 1 0 4 10 10 1 6 10 10 6 2 1 2 6 3
split_gain=3.75203 0.849495 0.795065 0.49642 1.08324 0.481254 0.920814 0.666023 0.430243 0.380145 0.541658 1.16924 0.382869 0.720596 0.417795 0.456587 0.462203 0.735309 0.496161 0.483769 0.382564 0.565589 0.65058 0.347649 0.331685 0.286279 0.271333 0.365442 0.631739 0.259928
threshold=143374.48500000002 120462.88339285714 246961.92500000002 12743.038189134628 179016.49000000002 271484.84500000003 216.50000000000003 63.500000000000007 136949.85500000001 287155.59500000003 298233.88178571436 312832.76500000007 215.50000000000003 210.50000000000003 236415.55000000002 294526.96000000008 347663.93000000005 418029.89910714288 165.50000000000003 102.50000000000001 443407.32000000007 128585.338348404 141.50000000000003 114.50000000000001 14593.43041005725 318555.50500000006 132170.73000000004 173950.72500000003 47385.234014279638 380580.67428571434
decision_type=2 2 2 2 2 2 2 2 2 2 2 2 2 2 2 2 2 2 2 2 2 2 2 2 2 2 2 2 2 2
left_child=8 -2 3 4 -3 6 7 25 -1 -7 11 -11 13 14 -12 -16 17 18 19 -17 -18 22 -22 -13 -5 -4 27 28 -10 -9
right_child=1 2 5 24 -6 9 -8 29 26 10 12 23 -14 -15 15 16 20 -19 -20 -21 21 -23 -24 -25 -26 -27 -28 -29 -30 -31
leaf_value=-1743.6943464121005 204.13903730500314 -317.2441888474263 199.23010149982696 -247.57071412878028 332.07194891522829 -273.65814119650037 355.94889008451753 14.291792563780938 -556.72775466689916 266.85717515878298 373.87614376123844 102.88546107562918 -233.7405434218179 3223.2324426934119 -436.95561366551266 -143.18182369898713 -417.79847310655123 225.50225085660725 -347.47867739383139 180.21374716528962 -8.5511310557618252 -35.715184529194353 945.60663845176532 -691.00698264457014 -158.45813679564711 6.1992697898875013 -555.41095081720937 -2652.2765268371409 973.32485778728642 -80.214869849634468
leaf_weight=682 31 62 23 90 26 73 38 105 32 25 27 34 222 26 81 45 134 26 26 37 23 356 25 32 599 21 86 23 21 44
leaf_count=682 31 62 23 90 26 73 38 105 32 25 27 34 222 26 81 45 134 26 26 37 23 356 25 32 599 21 86 23 21 44
internal_value=-0.00139025 -0.000316003 -0.000431819 -0.00171815 0.00181818 0.000270554 0.00235931 0.000958548 -0.00422986 -0.000134229 9.38326e-05 0.00379121 -0.000233464 0.000272952 -1.19209e-09 -0.000219125 0.000208332 0.00283582 0.00101852 0.00292683 -0.000446098 0.000321781 0.00541667 0.000303029 -0.00216981 0.00636364 -0.00191358 0.000263157 0.00254717 -0.000637585
internal_weight=3075 2231 2200 777 88 1423 231 193 844 1192 1119 91 1028 806 780 753 672 134 108 82 538 404 48 66 689 44 162 76 53 149
internal_count=3075 2231 2200 777 88 1423 231 193 844 1192 1119 91 1028 806 780 753 672 134 108 82 538 404 48 66 689 44 162 76 53 149
is_linear=0
shrinkage=0.05


Tree=102
num_leaves=31
num_cat=0
split_feature=1 2 6 3 6 0 7 5 3 5 5 10 1 1 7 0 1 5 3 6 10 3 6 2 5 0 2 2 10 6
split_gain=3.72444 0.466262 0.509019 1.36526 0.463746 0.462937 0.715098 0.46175 0.40522 1.146 1.12527 0.38292 0.431225 0.523067 0.324856 0.526491 1.31688 0.456086 0.304762 0.288532 0.304179 0.746225 0.686653 0.623077 0.368181 0.278829 0.265716 0.856825 0.347246 0.567357
threshold=143374.48500000002 255935.42000000004 12743.038189134628 172034.97214285718 14593.43041005725 343228.20500000007 3.5000000000000004 82515.176084094041 423273.4285714287 160148.23591941161 136534.7931255649 218.50000000000003 1270417.1000000003 393562.90000000008 1.0000000180025095e-35 163833.70500000005 178686.035 54507.39339857109 460756.10428571433 20094.521032280951 83.500000000000014 231203.28857142859 98056.32649148276 361419.82000000001 206974.46227285682 190720.65500000003 491074.49500000005 449917.94000000006 166.50000000000003 23339.215177672169
decision_type=2 2 2 2 2 2 2 2 2 2 2 2 2 2 2 2 2 2 2 2 2 2 2 2 2 2 2 2 2 2
left_child=7 2 3 -2 -4 19 8 -1 -7 10 18 12 13 -11 15 16 -6 -17 -10 -3 21 -21 -23 -24 25 -22 27 28 29 -27
right_child=1 5 4 -5 14 6 -8 -9 9 11 -12 -13 -14 -15 -16 17 -18 -19 -20 20 24 22 23 -25 -26 26 -28 -29 -30 -31
leaf_value=-1329.6018820903194 -366.17942808845532 141.41444987932991 -235.19217842234099 529.94722784092551 398.48435863072564 -61.031945751459254 -511.22149888635477 451.25341882124098 415.78162462952764 8757.6329415220625 3022.5158584242599 -2206.945176317437 4628.6985569872841 -415.61844885905805 -175.07629532516941 -220.29591108550008 -450.76336320600461 42.787272343849139 -396.3686085270744 243.73457114790449 -1341.1486523766071 -97.079638544567743 842.39109883978949 29.879702054264232 35.223364804479644 213.07082404535709 -2445.4439715819863 242.41697494772825 -107.20627713150861 -7.5825141688517395
leaf_weight=816 56 26 90 32 20 203 318 28 21 21 35 34 38 132 552 37 22 22 35 25 25 57 20 32 21 42 36 23 164 92
leaf_count=816 56 26 90 32 20 203 318 28 21 21 35 34 38 132 552 37 22 22 35 25 25 57 20 32 21 42 36 23 164 92
internal_value=-0.00134146 -0.00027118 -0.00120939 0.00238636 -0.00163526 0.000285713 -0.000459977 -0.00417062 0.000684007 0.0018038 0.00653846 -0.000111112 0.000759161 -0.000424838 -0.00117152 0.00143564 0.00571428 -0.00161017 0.00214286 0.00139431 0.00114525 0.00320895 0.00142202 0.00557692 0.000459056 0.000104711 0.000462184 0.000919002 0.000201341 0.00208955
internal_weight=3075 2231 831 88 743 1400 837 844 519 316 91 225 191 153 653 101 42 59 56 563 537 134 109 52 403 382 357 321 298 134
internal_count=3075 2231 831 88 743 1400 837 844 519 316 91 225 191 153 653 101 42 59 56 563 537 134 109 52 403 382 357 321 298 134
is_linear=0
shrinkage=0.05


Tree=103
num_leaves=31
num_cat=0
split_feature=1 4 4 0 6 0 5 6 4 1 2 5 4 2 4 6 0 10 0 2 5 0 10 0 1 4 7 0 6 1
split_gain=3.472 0.563801 0.643438 0.600608 0.571129 1.08324 0.46175 0.361828 0.587488 0.847924 0.356213 0.469248 0.305584 0.91947 0.54001 0.330323 0.337061 1.06597 0.541951 0.569909 0.304043 0.29632 0.279889 0.257895 0.257674 0.588299 0.29793 0.294447 0.358278 0.542309
threshold=143374.48500000002 120462.88339285714 223645.53125000003 135054.09000000005 12743.038189134628 179016.49000000002 82515.176084094041 23339.215177672169 299015.84875000006 304223.69000000006 209254.53500000003 78868.886002430081 291125.76803571434 266317.76000000007 238141.32821428575 100178.02530066804 305119.35500000004 237.50000000000003 293712.02500000008 214222.48500000002 19376.400143079536 287155.59500000003 216.50000000000003 195215.27000000005 508344.71500000008 392618.93571428576 5.5000000000000009 1170112.9500000002 388326.90521691699 1270417.1000000003
decision_type=2 2 2 2 2 2 2 2 2 2 2 2 2 2 2 2 2 2 2 2 2 2 2 2 2 2 2 2 2 2
left_child=6 -2 4 -4 5 -3 -1 8 -5 -10 -6 23 13 14 -9 20 17 18 19 -17 -14 -15 -21 -12 -18 -26 27 28 29 -27
right_child=1 2 3 7 10 -7 -8 12 9 -11 11 -13 15 21 -16 16 24 -19 -20 22 -22 -23 -24 -25 25 26 -28 -29 -30 -31
leaf_value=-1263.1217879858032 174.00788802034458 -323.39864235321477 4713.4966000599834 189.94518904140571 -219.57869847113085 311.37418318231073 428.69074788017844 -342.83068401371293 -303.90175882298234 144.86011599217005 -280.96062234118568 -82.265233402368693 9.7652948721072441 147.24879144646795 90.18311525189192 348.57847478661222 -102.12936042076547 485.27267562290575 488.10337184368547 -129.55903340386479 -327.8876511674182 514.51912412732418 25.015554514172663 171.31289109778362 66.32142213258814 88.200089658107842 -647.61091861494106 -1207.9624051395156 -2236.2930960715016 3999.9641230543234
leaf_weight=816 31 62 23 24 383 26 28 53 46 41 36 50 29 22 33 20 482 20 24 145 124 20 23 40 29 239 64 79 37 26
leaf_count=816 31 62 23 24 383 26 28 53 46 41 36 50 29 22 33 20 482 20 24 145 124 20 23 40 29 239 64 79 37 26
internal_value=-0.00143903 -0.000405649 -0.000500001 2.18329e-05 -0.00190117 0.00181818 -0.00417062 -9.49379e-05 0.00265766 0.000747125 -0.00254421 -0.000238096 -0.000302928 0.00203125 -0.000930234 -0.000525728 -0.000244109 0.00146552 0.000424527 -0.000478725 -0.00271242 0.00809524 -0.00142857 0.00223684 -0.000658997 0.000168775 -0.0002809 0.000249343 0.000960264 0.00160377
internal_weight=3075 2231 2200 1603 597 88 844 1580 111 87 509 126 1469 128 86 1341 1188 232 212 188 153 42 168 76 956 474 445 381 302 265
internal_count=3075 2231 2200 1603 597 88 844 1580 111 87 509 126 1469 128 86 1341 1188 232 212 188 153 42 168 76 956 474 445 381 302 265
is_linear=0
shrinkage=0.05


Tree=104
num_leaves=31
num_cat=0
split_feature=1 3 4 4 4 3 0 1 1 4 10 0 4 1 4 1 1 1 6 1 3 7 7 5 7 10 0 1 5 6
split_gain=3.25691 0.559621 0.448665 0.464885 0.508063 1.78306 0.461446 0.359102 0.45977 1.20205 0.346011 0.313953 0.28102 0.713789 0.341914 0.282588 0.742553 0.425212 0.306856 0.497287 0.320975 0.318453 0.467486 0.336603 0.630208 0.503927 0.324476 0.280825 0.273983 0.273485
threshold=143374.48500000002 146037.66285714289 120614.08482142859 224455.03446428574 173329.87660714288 172034.97214285718 130407.67500000002 159031.20500000002 180396.57500000004 148951.39517857143 87.500000000000014 137770.52500000002 383706.95732142864 500514.67500000005 393615.5246428572 436247.71500000003 398065.95000000007 351953.66000000009 126605.83024862045 188533.93500000003 231203.28857142859 5.5000000000000009 1.5000000000000002 107301.43079407841 3.5000000000000004 74.500000000000014 224927.81500000003 199820.78500000003 99666.096979378126 46217.53984996587
decision_type=2 2 2 2 2 2 2 2 2 2 2 2 2 2 2 2 2 2 2 2 2 2 2 2 2 2 2 2 2 2
left_child=1 -1 -2 4 5 7 -5 -4 9 -9 -3 -12 13 15 28 16 17 18 19 -8 -21 22 -22 24 25 -24 -25 -10 -14 -29
right_child=2 10 3 6 -6 -7 12 8 27 -11 11 -13 14 -15 -16 -17 -18 -19 -20 20 21 -23 23 26 -26 -27 -28 29 -30 -31
leaf_value=-1276.4692129526572 156.29364602512621 483.85330786952682 -827.83558375511029 5586.5239345464852 -185.43912560122692 629.79183273253295 -742.03246649632774 -605.6001141831083 -177.5060195174147 364.26098533913864 17.881202771112122 -684.26787208207043 8.289261996412419 60.394029083816861 -10.38568168096165 -90.475741806533094 440.55780257062952 -850.12793452586084 1119.9863766394253 290.33760739187568 -488.39495911374479 -354.52674953153974 59.385027329271637 -1649.8856524565288 0.2623377418432648 119.21653996007984 265.8820658259985 124.64674224128051 -801.87624098494973 -627.47642119240095
leaf_weight=721 34 37 67 20 369 21 40 30 43 28 32 54 35 20 851 39 30 36 28 27 88 40 23 29 96 73 26 20 94 24
leaf_count=721 34 37 67 20 369 21 40 30 43 28 32 54 35 20 851 39 30 36 28 27 88 40 23 29 96 73 26 20 94 24
internal_value=-0.00140651 -0.00405213 -0.000405649 -0.000493856 -0.00167774 0.000150213 -4.70231e-05 -0.00122642 0.000172413 0.00362069 -0.000934961 -0.00267442 -0.000142858 0.000714285 -0.000663266 0.000391303 0.000690297 0.000237153 0.000638297 0.000316741 0.00084577 0.000466665 0.000970148 0.00208502 0.00307292 0.0059375 -0.00136364 -0.00212644 -0.00306202 0.000681817
internal_weight=3075 844 2231 2197 602 233 1595 212 145 58 123 86 1575 595 980 575 536 506 470 442 402 375 335 247 192 96 55 87 129 44
internal_count=3075 844 2231 2197 602 233 1595 212 145 58 123 86 1575 595 980 575 536 506 470 442 402 375 335 247 192 96 55 87 129 44
is_linear=0
shrinkage=0.05


Tree=105
num_leaves=31
num_cat=0
split_feature=2 0 3 2 4 3 7 2 2 2 1 0 0 7 0 1 0 2 10 5 5 10 10 5 2 2 10 2 4 7
split_gain=3.64951 0.884278 0.688896 0.420727 0.98148 1.45955 0.57606 0.719528 0.406245 0.367647 1.00685 0.295848 0.431158 0.367445 0.831307 0.729529 0.363688 0.500433 0.405201 0.470556 0.845686 0.5464 0.500988 0.246586 0.388367 0.36223 1.1946 0.349434 0.476158 0.42778
threshold=140536.59500000003 329972.81500000006 115961.09571428572 285888.22500000003 173068.33892857147 169933.02428571432 5.5000000000000009 176406.37500000003 290950.18000000005 186863.08000000005 183060.98000000001 174095.48500000002 176555.30000000002 4.5000000000000009 372629.17500000005 211662.92000000001 324396.56000000006 184225.86500000002 57.500000000000007 114762.05410160978 89646.028026548258 152.50000000000003 137.50000000000003 142335.75914286054 819491.67500000016 950324.20000000007 92.500000000000014 635191.79000000015 501511.33589285723 3.5000000000000004
decision_type=2 2 2 2 2 2 2 2 2 2 2 2 2 2 2 2 2 2 2 2 2 2 2 2 2 2 2 2 2 2
left_child=1 -1 -2 4 5 6 9 -8 -5 -4 -11 -6 -13 16 15 -15 17 -14 -19 20 22 -22 -20 27 -25 26 -26 28 29 -10
right_child=2 -3 3 8 11 -7 7 -9 23 10 -12 12 13 14 -16 -17 -18 18 19 -21 21 -23 -24 24 25 -27 -28 -29 -30 -31
leaf_value=-1204.935649466586 261.88282536098762 1076.0557897832803 -324.32764801990697 81.307662107714876 -252.23229516138065 506.39705070584898 772.81663302540426 -7.1732475240363431 46.729899538616266 397.87076064642963 -645.77987252583682 86.110025346210506 -384.35092360030103 139.76880147547203 2151.4582842485252 -845.92436150979438 -1951.0721728758281 -1233.4633258807244 171.57475967454187 -1430.4835999492343 240.72340121820758 408.10699312881383 -564.61647041047388 -139.94014628567007 -1259.4540917946417 -18.117085594852192 6006.0379872795347 -650.55149725941862 179.71858149514594 -34.346618052225061
leaf_weight=811 22 24 153 26 193 25 20 29 301 22 29 25 66 39 20 54 131 31 25 24 20 21 44 339 25 152 26 52 39 282
leaf_count=811 22 24 153 26 193 25 20 29 301 22 29 25 66 39 20 54 131 31 25 24 20 21 44 339 25 152 26 52 39 282
internal_value=-0.0012215 -0.00404192 -0.000167786 -0.000255311 -0.00103502 0.00147482 0.000335967 0.00520408 0.000354266 -0.000833335 0.00284314 -0.00204185 -0.0014 -0.00173684 0.000752211 -0.00123656 -0.00251381 -0.00132035 0.000151514 0.00134328 0.00272727 0.00841463 -0.000652175 0.000222038 -0.000571957 0.00115763 0.00480392 0.000860533 0.00118971 0.000831903
internal_weight=3070 835 2235 2213 971 278 253 49 1242 204 51 693 500 475 113 93 362 231 165 134 110 41 69 1216 542 203 51 674 622 583
internal_count=3070 835 2235 2213 971 278 253 49 1242 204 51 693 500 475 113 93 362 231 165 134 110 41 69 1216 542 203 51 674 622 583
is_linear=0
shrinkage=0.05


Tree=106
num_leaves=31
num_cat=1
split_feature=2 4 3 6 0 6 10 10 0 0 2 7 3 7 1 1 3 11 3 6 6 2 0 2 7 10 10 3 4 4
split_gain=3.39978 1.14766 0.681912 0.415012 1.59741 0.770195 0.381085 0.449979 0.475689 0.876587 0.382653 0.332468 0.322638 0.323656 0.376344 0.312217 0.695513 0.387563 0.814037 0.676379 0.615041 1.29616 0.563528 0.557941 0.649529 0.519481 0.488308 0.447421 0.474449 0.62181
threshold=140536.59500000003 223645.53125000003 115961.09571428572 12743.038189134628 172947.27000000005 14593.43041005725 57.500000000000007 69.500000000000014 332528.43500000006 206522.35000000003 491074.49500000005 2.5000000000000004 144306.32428571431 2.5000000000000004 144390.91500000001 712211.72500000021 779153.05857142864 0 388157.50714285712 128585.338348404 127006.17951327014 427250.85500000004 299583.55000000005 415228.49000000005 5.5000000000000009 189.50000000000003 167.50000000000003 296264.86571428581 224455.03446428574 289760.17017857148
decision_type=2 2 2 2 2 2 2 2 2 2 2 2 2 2 2 2 2 1 2 2 2 2 2 2 2 2 2 2 2 2
left_child=1 12 -2 4 11 -5 -7 8 9 -8 -10 -4 -1 -14 -15 16 17 18 19 -9 21 27 -20 24 26 -23 -24 28 -19 -30
right_child=2 -3 3 5 -6 6 7 15 10 -11 -12 -13 13 14 -16 -17 -18 20 22 -21 -22 25 23 -25 -26 -27 -28 -29 29 -31
leaf_value=-1258.312402185642 248.78868409293847 919.59761864916857 107.81507001148948 -258.56462560932789 194.3650767341459 -257.60582127251695 -117.14794807705037 1034.9411141262781 -1604.3106670475727 127.50824072716023 4439.4737157727313 -971.21118511846294 -1719.2628899983699 204.4685308418409 -1001.8974491741901 -336.35229951504328 3435.4011190867286 -29.79269727265687 99.445196035076847 74.614078613075208 -1052.2012861073426 547.56148044526969 65.824308580490992 -367.03675529885072 703.70674281631796 46.731536830896047 -315.16414244084575 -165.20207766822699 142.23105047428328 6.3250785381968164
leaf_weight=695 22 35 45 86 32 358 21 39 21 24 28 32 43 42 20 195 32 367 44 64 140 30 30 144 20 33 51 243 43 91
leaf_count=695 22 35 45 86 32 358 21 39 21 24 28 32 43 42 20 195 32 367 44 64 140 30 30 144 20 33 51 243 43 91
internal_value=-0.00114007 -0.00386228 -0.000123044 -0.000210123 0.00279816 -0.000365971 -0.000168485 0.000150601 0.00351064 0.00722222 0.00010204 -0.0011039 -0.00425 -0.00166667 0.00064516 -5.10868e-05 0.00021517 4.10742e-05 0.00134328 0.00519417 -0.000506793 1.85862e-05 1.72998e-05 -0.000918369 0.00193069 0.00690476 -6.17296e-05 -0.000564517 0.00028942 0.00283582
internal_weight=3070 835 2235 2213 109 2104 2018 1660 94 45 49 77 800 105 62 1566 1371 1339 392 103 947 807 289 245 101 63 81 744 501 134
internal_count=3070 835 2235 2213 109 2104 2018 1660 94 45 49 77 800 105 62 1566 1371 1339 392 103 947 807 289 245 101 63 81 744 501 134
cat_boundaries=0 1
cat_threshold=4
is_linear=0
shrinkage=0.05


Tree=107
num_leaves=31
num_cat=1
split_feature=1 4 5 10 10 10 11 1 3 5 10 3 4 0 5 3 4 4 0 0 6 1 0 6 5 5 1 1 0 1
split_gain=2.82099 0.754515 0.505387 0.452091 0.379006 0.547189 0.605711 0.671237 1.19913 1.00102 1.28888 0.497333 0.488528 0.581762 0.482909 0.59358 0.433929 0.36295 0.592987 0.550241 0.398864 0.543478 0.354883 1.92717 0.366766 0.634545 0.525003 0.605903 1.09714 0.521073
threshold=139946.47000000003 144211.53589285715 44978.661696059258 87.500000000000014 121.50000000000001 124.50000000000001 0 453839.63000000006 476012.27071428573 152455.22732590305 241.50000000000003 120660.18285714286 1099443.6676785718 273357.30500000005 116729.40733952666 409974.92000000004 1130176.5851785715 174196.98446428575 206522.35000000003 131455.58500000002 42210.887596326334 162530.45500000005 172947.27000000005 12743.038189134628 52209.070545177608 128357.81606349666 479155.55500000005 217492.16500000004 234668.66000000003 291138.22500000003
decision_type=2 2 2 2 2 2 1 2 2 2 2 2 2 2 2 2 2 2 2 2 2 2 2 2 2 2 2 2 2 2
left_child=1 -1 -3 -4 17 -6 7 8 9 10 14 -8 13 -9 -7 -16 -14 19 -19 -2 21 -21 -13 -24 29 26 27 28 -26 -25
right_child=4 2 3 -5 5 6 11 12 -10 -11 -12 22 16 -15 15 -17 -18 18 -20 20 -22 -23 23 24 25 -27 -28 -29 -30 -31
leaf_value=-1204.7272117465634 -720.38109037196466 364.45454706685587 780.59206556583968 -1156.1383354099958 427.41493520275384 -31.503781652733682 115.41804140132022 182.6427537343435 703.99306077851702 -262.53302360413892 892.45708869167231 -256.34322715899111 3346.5719146176075 -912.68398377569429 33.202717523495636 580.32209421198957 1040.8455105050446 -237.51047224841443 -82.5233329671467 -84.968377838638403 -89.503926484841145 458.86646105169149 143.47720105719233 -252.00993894336153 121.83979668947637 -213.98923560021004 527.61978076310413 -78.49849164200954 -1053.4877561597168 0.95351340326174572
leaf_weight=678 35 36 32 73 29 60 21 22 23 36 22 212 20 166 31 20 28 201 668 23 32 23 20 102 35 109 27 189 25 72
leaf_count=678 35 36 32 73 29 60 21 22 23 36 22 212 20 166 31 20 28 201 668 23 32 23 20 102 35 109 27 189 25 72
internal_value=-0.00120521 -0.00371795 -0.000390072 -0.00214286 -0.000290983 0.000279747 0.000120967 0.001621 0.00385417 0.00239645 0.0043985 -0.000681266 -0.00012712 -0.0012766 0.00220721 0.00578431 0.004375 -0.00102851 -0.00137515 0.00163717 0.00397436 0.00695652 -0.000891278 -0.000250433 -0.000796066 6.49339e-05 0.00134058 0.000622489 0.005 -0.00270115
internal_weight=3070 819 141 105 2251 1269 1240 428 192 169 133 812 236 188 111 51 48 982 869 113 78 46 791 579 559 385 276 249 60 174
internal_count=3070 819 141 105 2251 1269 1240 428 192 169 133 812 236 188 111 51 48 982 869 113 78 46 791 579 559 385 276 249 60 174
cat_boundaries=0 1
cat_threshold=4
is_linear=0
shrinkage=0.05


Tree=108
num_leaves=31
num_cat=1
split_feature=2 5 4 4 5 6 2 6 10 0 2 4 4 5 2 5 11 10 10 6 7 4 2 2 6 2 10 5 10 7
split_gain=3.34118 1.03535 0.397059 0.305316 0.87526 0.271468 1.72422 0.460501 0.298317 0.388054 0.329431 0.500056 0.742456 0.709211 0.314286 0.29392 0.483499 0.395778 0.783824 0.359568 0.730598 0.435409 0.358974 1.40497 0.414474 0.468234 0.429501 0.357216 0.284717 0.607411
threshold=119288.73000000003 10184.561905624718 134887.97152142858 120462.88339285714 34741.368890882528 12475.199315669719 157852.88000000003 14593.43041005725 259.50000000000006 339188.5500000001 269068.82000000007 293537.9621428572 289036.66803571436 80664.657182888579 314722.19000000006 126584.91272437781 0 63.500000000000007 107.50000000000001 98684.841549004734 2.5000000000000004 122945.75500000002 222890.37000000002 192197.14500000005 50603.374305268706 147200.40000000002 203.50000000000003 16695.964744711473 126.50000000000001 3.5000000000000004
decision_type=2 2 2 2 2 2 2 2 2 2 2 2 2 2 2 2 1 2 2 2 2 2 2 2 2 2 2 2 2 2
left_child=-1 2 -2 4 -3 6 -5 -7 10 -10 15 12 13 14 -12 16 17 -9 -19 21 -21 -18 23 24 25 26 -20 -23 29 -13
right_child=1 3 -4 5 -6 7 -8 8 9 -11 11 28 -14 -15 -16 -17 19 18 22 20 -22 27 -24 -25 -26 -27 -28 -29 -30 -31
leaf_value=-1892.0220694730608 152.91466876153493 291.7875566396952 -649.55743634556484 -389.91368234061179 -49.706125587037327 -233.93476830563952 226.42323121236507 -390.20237528080224 950.18208391954204 -229.48642794823328 278.35205149774373 17.14930353847647 327.51833434001219 -458.02534623401357 34.976255013831171 -1741.4640102613112 86.488343696826135 730.94379856549995 515.66178157099716 -1639.7524695348759 188.90562786442035 41.133038716919764 -826.46506222133837 914.94481319462466 -794.71462067714583 -327.15432885808724 -199.90826751476226 -340.61654299294162 14.136664750170638 -384.09687644245327
leaf_weight=554 20 21 150 64 38 87 38 75 22 23 20 293 25 40 35 85 22 37 20 37 35 41 39 36 42 31 21 239 636 244
leaf_count=554 20 21 150 64 38 87 38 75 22 23 20 293 25 40 35 85 22 37 20 37 35 41 39 36 42 31 21 239 636 244
internal_value=-0.00112378 -0.000349763 -0.00411765 -7.67275e-05 0.00347458 -0.000168344 0.00235294 -0.000286042 -0.000138228 0.00388889 -0.000226499 0.000259086 0.00333333 0.00131579 0.005 -0.00105263 -0.000703705 0.00078778 0.00185841 -0.001875 0.00125 -0.00268212 0.000555554 0.00166667 -0.00105263 0.00125 0.0047561 -0.00321429 -5.54147e-05 -0.000903167
internal_weight=3070 2516 170 2346 59 2287 102 2185 2098 45 2053 1293 120 95 55 760 675 301 226 374 72 302 189 150 114 72 41 280 1173 537
internal_count=3070 2516 170 2346 59 2287 102 2185 2098 45 2053 1293 120 95 55 760 675 301 226 374 72 302 189 150 114 72 41 280 1173 537
cat_boundaries=0 1
cat_threshold=5
is_linear=0
shrinkage=0.05


Tree=109
num_leaves=31
num_cat=0
split_feature=3 1 3 0 1 6 5 5 7 6 3 10 7 1 7 10 0 3 0 5 5 10 1 3 1 1 7 0 0 7
split_gain=2.75706 0.770775 0.523126 0.666337 0.527682 0.689282 0.644239 0.623129 0.634163 0.607235 0.668025 0.598335 0.543642 0.535628 0.51979 0.460481 0.437781 0.351611 0.550726 0.471239 0.831676 0.629667 0.367381 0.44456 0.44423 0.384701 0.344332 0.322048 0.577318 0.31931
threshold=144306.32428571431 166583.71000000002 150239.20714285717 144522.85000000003 304223.69000000006 12743.038189134628 82515.176084094041 77047.152409744202 3.5000000000000004 68069.032986903228 209372.7328571429 243.50000000000003 3.5000000000000004 317754.87000000005 3.5000000000000004 126.50000000000001 135054.09000000005 429899.63785714289 582636.63500000013 151344.0809054276 301338.93343541614 186.50000000000003 388154.28000000009 400956.68571428576 420491.74500000005 474212.97000000003 5.5000000000000009 260574.74500000002 299583.55000000005 1.0000000180025095e-35
decision_type=2 2 2 2 2 2 2 2 2 2 2 2 2 2 2 2 2 2 2 2 2 2 2 2 2 2 2 2 2 2
left_child=1 -1 3 -2 5 12 7 8 13 -7 14 29 -4 -6 -11 27 -3 22 26 -20 -21 -22 23 -17 -24 -26 -19 -8 -29 -12
right_child=2 16 4 -5 6 9 15 -9 -10 10 11 -13 -14 -15 -16 17 -18 18 19 20 21 -23 24 -25 25 -27 -28 28 -30 -31
leaf_value=-964.2116698010467 786.38377140473312 245.98286259834208 -4.6758763780370085 -97.878972073939735 223.00017902604151 -224.30557926616194 -636.25512873084858 113.19885498866343 -268.34486171095989 -47.728039326077635 199.15548343809675 70.390129353361061 177.49517515694242 18.275124266478166 499.1668293749139 -401.07177194523001 -34.011510860556299 -1220.6481804735947 2782.5089807026452 -367.88643053718852 -86.310419468872951 4002.7893470404911 332.47237343437882 104.6003042232567 -344.95414880534599 103.10164358444329 356.68109992224015 98.994795122210292 -324.66232380630464 -274.80916888052968
leaf_weight=805 21 33 30 23 30 389 51 26 55 27 37 33 23 65 22 70 48 114 22 62 31 30 32 23 42 79 26 20 358 443
leaf_count=805 21 33 30 23 30 389 51 26 55 27 37 33 23 65 22 70 48 114 22 62 31 30 32 23 42 79 26 20 358 443
internal_value=-0.00112378 -0.0034763 -0.000169415 0.00522727 -0.000280375 -0.00111554 0.000457745 0.00323864 0.002 -0.00142482 -0.000373667 -0.000906434 0.00443396 0.00447368 0.00520408 -5.20845e-05 0.00117284 0.000932202 -0.000263159 0.00189655 0.000691056 0.00483606 0.00231707 -0.000161292 0.00382353 0.00243802 -0.0025 -0.0012704 -0.000767197 -0.00135417
internal_weight=3070 886 2184 44 2140 1004 1136 176 150 951 562 513 53 95 49 960 81 531 285 145 123 61 246 93 153 121 140 429 378 480
internal_count=3070 886 2184 44 2140 1004 1136 176 150 951 562 513 53 95 49 960 81 531 285 145 123 61 246 93 153 121 140 429 378 480
is_linear=0
shrinkage=0.05


Tree=110
num_leaves=31
num_cat=0
split_feature=1 6 4 0 3 5 1 5 0 0 1 7 1 1 5 0 6 3 3 3 4 6 6 4 4 1 6 1 1 1
split_gain=3.40183 1.3249 0.379905 0.346362 0.554398 0.470115 0.508645 0.451635 0.469137 0.439614 0.371918 0.814446 0.404102 0.337604 0.335636 0.334186 0.929363 0.301955 0.815439 0.347616 0.263504 0.560675 0.855436 0.285545 0.401148 0.283532 0.265152 0.258426 0.242713 0.557308
threshold=120546.27000000002 16341.253995278885 134887.97152142858 339188.5500000001 519856.9671428572 164836.42297550617 398065.95000000007 121332.18348206226 301331.57500000007 326744.49500000005 133808.64500000005 2.5000000000000004 165720.92000000001 364003.37000000005 42350.848692379157 174095.48500000002 12743.038189134628 382961.56142857147 309686.23357142863 305341.66285714292 286684.47232142865 110373.15389610942 118969.01629422152 383706.95732142864 398491.41375000007 249520.31500000003 136501.98635866327 457749.13000000006 330995.43000000011 306049.81500000006
decision_type=2 2 2 2 2 2 2 2 2 2 2 2 2 2 2 2 2 2 2 2 2 2 2 2 2 2 2 2 2 2
left_child=-1 2 -2 4 5 6 9 8 -8 10 11 -3 14 17 -12 -4 -17 18 19 28 -5 -22 -23 26 -25 -26 -24 -9 29 -14
right_child=1 3 15 20 -6 -7 7 27 -10 -11 12 -13 13 -15 -16 16 -18 -19 -20 -21 21 22 23 24 25 -27 -28 -29 -30 -31
leaf_value=-1827.6604157992822 105.74519615060917 380.51414104257367 -436.61664755214935 76.046961170170576 95.987810026412902 -176.41304467727161 217.88194625309677 44.963168259526618 9.8949254363453587 213.24903163286731 8.629729568637714 -160.25864194107623 8.5046303365618616 -373.17496336795807 -406.75556442356879 170.16969875413497 -259.50187159159117 60.72919177843292 -410.26036973673104 305.97707652696153 -729.11811570637883 250.97008011844392 -674.84894880665399 -1826.0836375129898 290.14545305230467 -95.668116239316703 1045.1390242046371 -1494.0682003724094 -248.55459186500059 193.68475830173037
leaf_weight=549 25 25 272 34 22 36 35 21 23 37 62 43 482 27 102 31 65 34 62 20 124 69 22 76 26 607 20 25 32 81
leaf_count=549 25 25 272 34 22 36 35 21 23 37 62 43 482 27 102 31 65 34 62 20 124 69 22 76 26 607 20 25 32 81
internal_value=-0.00106669 -0.000295277 -0.00296438 0.000193292 0.000774165 0.000623364 0.000805579 0.00413461 0.00706896 0.000461766 0.000257731 0.00382353 -1.10877e-05 0.000487804 -0.0022561 -0.00336957 -0.000833335 0.000696201 0.000465287 0.00101626 -0.000501024 -0.000656781 -0.000182928 -0.000672438 -0.000909733 -0.000497632 0.00333333 0.000434781 0.000798318 0.00103908
internal_weight=3089 2540 393 2147 1169 1147 1111 104 58 1007 970 68 902 738 164 368 96 711 677 615 978 944 820 751 709 633 42 46 595 563
internal_count=3089 2540 393 2147 1169 1147 1111 104 58 1007 970 68 902 738 164 368 96 711 677 615 978 944 820 751 709 633 42 46 595 563
is_linear=0
shrinkage=0.05


Tree=111
num_leaves=31
num_cat=0
split_feature=2 0 6 0 3 6 1 1 2 6 3 6 6 2 3 0 3 1 7 6 0 2 5 5 2 3 6 5 5 0
split_gain=3.74267 1.11724 0.400912 0.62835 0.55395 0.60798 0.625208 1.18262 0.67669 0.396593 0.376009 0.504496 0.64314 0.492388 0.475312 0.373972 0.318411 0.301859 0.447267 0.367711 1.03691 0.298397 0.517022 1.0099 1.18555 0.561039 0.498701 0.329025 1.19267 1.09459
threshold=140536.59500000003 317020.21500000003 17496.426208720415 317020.21500000003 514419.54785714293 157393.97457162139 136842.61500000002 124051.74000000001 449917.94000000006 20961.702775947928 291639.24071428576 110373.15389610942 118969.01629422152 436138.15500000009 369276.96000000002 412361.76000000007 400956.68571428576 181311.70500000002 2.5000000000000004 12743.038189134628 172947.27000000005 307077.25000000006 79901.07296397032 116729.40733952666 361419.82000000001 294656.28928571433 71855.134435943764 89646.028026548258 108516.60207817449 210298.58000000002
decision_type=2 2 2 2 2 2 2 2 2 2 2 2 2 2 2 2 2 2 2 2 2 2 2 2 2 2 2 2 2 2
left_child=1 -1 17 4 5 6 7 -4 9 -8 -5 -12 13 15 -14 -13 -16 19 -19 20 -2 27 25 -24 -25 26 -23 -11 29 -29
right_child=2 -3 3 10 -6 -7 8 -9 -10 21 11 12 14 -15 16 -17 -18 18 -20 -21 -22 22 23 24 -26 -27 -28 28 -30 -31
leaf_value=-990.35615147961016 -716.32806996077318 393.40023853988032 -330.97870524930579 78.17608636365928 96.848195832678783 -1549.860748551909 170.26033879320062 941.77718913885292 68.217789325961917 -39.083119239361103 -375.60697366858 417.20500138019889 613.84226981561972 322.22779186573081 -963.98392156194973 -1517.862331381054 -75.072546423033984 481.79470197440401 -95.039787389482285 -212.77017301431235 157.01336305752889 453.66501515008042 -86.742213194495577 538.19877934771148 -7.3732797508771446 4.7091915113325404 61.931054700762331 140.41021830927608 -475.44728438689856 -8.4140718012248055
leaf_weight=783 70 27 25 60 21 54 31 26 35 414 154 29 35 23 103 25 652 27 26 113 27 20 51 21 29 35 22 37 77 37
leaf_count=783 70 27 25 60 21 54 31 26 35 414 154 29 35 23 103 25 652 27 26 113 27 20 51 21 29 35 22 37 77 37
internal_value=-0.000969571 -0.00388889 6.80111e-05 0.000307538 0.00125668 0.00107221 0.00139535 0.0067647 0.00105686 0.000749353 -0.000513415 -0.000739472 -0.000271051 0.00409091 -0.000696204 0.00148148 -0.000960266 -0.00176806 0.00160377 -0.00261905 -0.000360826 0.000518168 0.00230337 -4.95061e-05 0.005 0.00538961 0.00928571 -4.4249e-05 0.00195364 0.00648649
internal_weight=3089 810 2279 2016 935 914 860 51 809 774 1081 1021 867 77 790 54 755 263 53 210 97 743 178 101 50 77 42 565 151 74
internal_count=3089 810 2279 2016 935 914 860 51 809 774 1081 1021 867 77 790 54 755 263 53 210 97 743 178 101 50 77 42 565 151 74
is_linear=0
shrinkage=0.05


Tree=112
num_leaves=31
num_cat=1
split_feature=1 6 10 6 4 4 0 6 11 6 1 4 3 0 10 3 3 0 0 5 10 5 5 6 4 1 6 1 1 4
split_gain=3.25131 1.24195 0.580873 0.45248 0.659357 0.450529 0.420183 0.500516 0.567552 0.944822 0.92368 0.791213 0.996633 0.755277 0.947978 0.683969 0.75515 0.420732 0.89346 0.592416 0.387014 0.343392 0.6 0.785087 0.438563 0.338126 0.527817 0.330937 0.404281 0.327969
threshold=124051.74000000001 16341.253995278885 260.50000000000006 47385.234014279638 152628.5092857143 134887.97152142858 482976.86500000005 224006.89608060307 0 121803.69412352426 568239.64000000001 398491.41375000007 392349.10428571439 308451.37500000006 139.50000000000003 299678.88571428577 298717.88285714289 278159.82000000007 350831.96500000008 180203.9220039123 131.50000000000003 133133.95262291358 301338.93343541614 275537.99546421139 487485.96125000005 307569.87000000005 101890.9396738996 568239.64000000001 772552.72500000009 1099443.6676785718
decision_type=2 2 2 2 2 2 2 2 1 2 2 2 2 2 2 2 2 2 2 2 2 2 2 2 2 2 2 2 2 2
left_child=3 5 6 -1 -5 -2 7 8 9 13 15 -11 -13 -3 -15 16 -10 -14 -19 -20 21 -8 23 24 -23 -17 -27 -26 -29 -22
right_child=1 2 -4 4 -6 -7 20 -9 10 11 -12 12 17 14 -16 25 -18 18 19 -21 29 22 -24 -25 27 26 -28 28 -30 -31
leaf_value=-1618.6442557891066 149.52711332904042 29.827124763973092 140.82103689677032 363.96936910079148 -1343.5671817310183 -204.52080078124118 -814.34818743527956 -1434.9499154340147 16.663014950043905 -996.54153861979705 553.11754404263354 770.38804267547846 -1781.6838301530279 -182.47615100389024 396.34475131119001 -593.88827566335999 183.1806052611052 511.28871837494637 -559.69557358781321 519.14073945820371 -294.89645553588923 4109.9080019607973 -1202.0378539480066 2265.792480490612 -1075.2603705983199 65.461990466078817 -201.6359234656835 1629.354916920706 -685.59572433345147 1128.4344894616511
leaf_weight=522 22 22 34 21 44 350 43 69 806 65 23 31 23 24 29 112 24 21 59 20 221 26 100 39 31 61 135 21 33 58
leaf_count=522 22 22 34 21 44 350 43 69 806 65 23 31 23 24 29 112 24 21 59 20 221 26 100 39 31 61 135 21 33 58
internal_value=-0.000969571 -0.000183854 0.000281689 -0.00431857 -0.000384617 -0.00284946 0.000176526 0.000610235 0.000807559 0.00273026 0.000294619 0.00116438 0.00311688 0.00766667 0.00443396 9.66596e-05 0.000843372 0.00109756 0.0025 6.32899e-05 -0.000979022 0.000290101 0.000999999 0.003 0.000855855 -0.00191559 -0.000663266 -0.000882354 0.00148148 -0.00231183
internal_weight=3089 2502 2130 587 65 372 2096 1524 1455 294 1161 219 154 75 53 1138 830 123 100 79 572 293 250 150 111 308 196 85 54 279
internal_count=3089 2502 2130 587 65 372 2096 1524 1455 294 1161 219 154 75 53 1138 830 123 100 79 572 293 250 150 111 308 196 85 54 279
cat_boundaries=0 1
cat_threshold=4
is_linear=0
shrinkage=0.05


Tree=113
num_leaves=31
num_cat=1
split_feature=2 0 6 0 11 6 1 6 1 1 1 2 4 5 5 5 2 6 0 2 1 5 6 1 0 4 0 2 4 6
split_gain=3.59365 1.08983 0.607513 0.660505 0.477676 0.724857 0.623375 0.710155 0.657775 1.37078 0.548591 0.673852 1.02028 0.889012 1.01852 0.824857 0.454668 1.35976 0.454939 1.12097 0.600364 0.474212 0.896335 0.46118 0.41957 0.413291 0.415781 0.382626 0.374594 0.681951
threshold=140536.59500000003 317020.21500000003 17496.426208720415 482976.86500000005 0 112715.55988619714 568239.64000000001 115555.99780710715 136842.61500000002 124051.74000000001 604275.45000000007 593943.68000000005 397348.8176785715 180203.9220039123 154024.64881952255 105817.25042322236 443407.32000000007 101890.9396738996 265544.56500000006 308673.01500000007 321270.94000000006 111688.74158179871 98684.841549004734 236415.55000000002 381765.96500000003 229007.83250000005 219196.43500000003 149373.40000000005 286684.47232142865 23339.215177672169
decision_type=2 2 2 2 1 2 2 2 2 2 2 2 2 2 2 2 2 2 2 2 2 2 2 2 2 2 2 2 2 2
left_child=1 -1 -2 4 5 -4 7 8 9 -6 11 12 -7 14 15 24 18 -18 19 21 -21 22 25 -24 -14 26 27 -10 -20 -30
right_child=2 -3 3 -5 6 10 -8 -9 16 -11 -12 -13 13 -15 -16 -17 17 -19 28 20 -22 -23 23 -25 -26 -27 -28 -29 29 -31
leaf_value=-936.53396701275494 -79.826436131014319 362.47787447630265 517.95403589092791 -90.382646248729415 -342.58723685748004 0.57632808285049053 489.69773444825154 -991.00093024918374 249.82537783616755 893.85517893440817 -654.21584171319569 -820.77590716811721 64.556445070362827 682.0287399099534 -807.94289104981442 584.18204500349771 73.917047506815109 -264.85253077120632 83.622681948998832 260.4629817224797 8.3080118598658128 -1398.5541916778673 222.8901168516185 15.340534934409199 -574.83582153964949 -219.60551804155887 201.97275084040558 -14.550116407691238 77.390482613358188 -260.00529761409763
leaf_weight=783 263 27 21 578 22 89 27 134 22 26 57 43 20 21 20 47 20 23 70 32 33 39 23 21 21 38 20 256 102 191
leaf_count=783 263 27 21 578 22 89 27 134 22 26 57 43 20 21 20 47 20 23 70 32 33 39 23 21 21 38 20 256 102 191
internal_value=-0.000904825 -0.00376543 0.00011189 0.000406745 0.000980527 0.00259312 0.000455364 0.000270521 0.000756928 0.00645833 0.00207547 0.00304598 0.00417431 0.0070155 0.00518518 0.0075 0.000449437 0.00546512 0.000194804 0.00119835 0.00730769 0.000250595 0.000789472 0.0075 0.00231707 -8.92869e-05 0.000536912 3.597e-05 -0.00114325 -0.00192833
internal_weight=3089 810 2279 2016 1438 339 1099 1072 938 48 318 261 218 129 108 88 890 43 847 484 65 419 380 44 41 336 298 278 363 293
internal_count=3089 810 2279 2016 1438 339 1099 1072 938 48 318 261 218 129 108 88 890 43 847 484 65 419 380 44 41 336 298 278 363 293
cat_boundaries=0 1
cat_threshold=4
is_linear=0
shrinkage=0.05


Tree=114
num_leaves=31
num_cat=0
split_feature=2 5 4 2 2 0 7 0 3 3 3 0 3 3 0 3 3 10 4 0 4 5 10 3 10 10 5 1 7 2
split_gain=3.02014 1.22449 0.427815 0.833478 0.5483 0.465885 0.628635 0.459974 1.05577 0.422558 1.18914 0.40977 0.369039 0.330837 0.377098 0.320694 0.660153 0.507498 0.327956 0.315964 0.757899 1.66978 0.321451 0.444614 0.31543 0.620558 0.398488 0.289127 0.299717 0.347269
threshold=116554.55500000001 10184.561905624718 122945.75500000002 172731.66000000003 144508.52500000005 156764.76500000004 1.0000000180025095e-35 339188.5500000001 503643.45642857143 200219.99071428573 210628.16285714289 246158.66500000001 172522.22285714289 213533.60642857142 167935.79000000004 309686.23357142863 305341.66285714292 241.50000000000003 464517.94517857145 305119.35500000004 299799.25750000012 74429.597521369942 93.500000000000014 228495.40642857147 153.50000000000003 206.50000000000003 103256.24612878035 154096.62000000002 5.5000000000000009 133277.28500000003
decision_type=2 2 2 2 2 2 2 2 2 2 2 2 2 2 2 2 2 2 2 2 2 2 2 2 2 2 2 2 2 2
left_child=11 -2 3 4 -3 6 -4 8 9 12 -11 -1 -7 -12 -15 16 19 18 -17 22 21 -21 23 -16 26 -26 -24 28 29 -8
right_child=1 2 5 -5 -6 7 27 -9 -10 10 13 -13 -14 14 15 17 -18 -19 -20 20 -22 -23 24 -25 25 -27 -28 -29 -30 -31
leaf_value=-1869.5262105171944 -465.11366191529942 29.640726809747157 342.6698307496697 -154.58439073377889 305.61063570369441 5.3072591896159338 79.084264220786949 -45.042533521585213 487.65447692322482 206.58245165449785 -730.94929551155246 331.82382250422785 -67.953026744353608 58.24211125014282 127.03736661237758 -68.835081517694974 194.96911015548793 94.546821459337721 60.691556394118017 237.64194449627195 -55.934786928285668 -240.23342388538623 15.795150853753988 -184.87843310108124 -596.90226888508766 108.76285698162265 240.12900137138828 -309.54753040303729 602.00113728146869 -466.63263389984542
leaf_weight=498 189 41 31 33 31 148 38 981 25 32 24 20 101 25 30 163 24 22 31 29 43 28 68 82 55 53 25 124 22 73
leaf_count=498 189 41 31 33 31 148 38 981 25 32 24 20 101 25 30 163 24 22 31 29 43 28 68 82 55 53 25 124 22 73
internal_value=-0.00103432 -0.000332557 -2.51901e-05 0.00309524 0.00611111 -0.000169083 -0.00204861 0.000103066 0.000853173 0.000595116 0.00119891 -0.00451738 -0.00118474 0.00076923 0.00097345 0.000742725 0.00152174 -0.000833335 -0.00164949 0.00105327 0.0035 0.0072807 0.000271564 -0.001875 0.00146766 -0.000370372 0.00360215 -0.00285992 -0.0012406 -0.0022973
internal_weight=3089 2571 2382 105 72 2277 288 1989 1008 983 734 518 249 702 678 653 437 216 194 413 100 57 313 112 201 108 93 257 133 111
internal_count=3089 2571 2382 105 72 2277 288 1989 1008 983 734 518 249 702 678 653 437 216 194 413 100 57 313 112 201 108 93 257 133 111
is_linear=0
shrinkage=0.05


Tree=115
num_leaves=31
num_cat=1
split_feature=2 5 4 1 0 7 4 2 0 5 7 0 2 5 1 1 2 1 5 3 5 2 0 11 4 2 2 7 0 3
split_gain=3.24661 1.19185 0.403101 0.831663 0.585078 0.479771 0.800775 1.03188 0.40416 0.71292 0.368313 0.368456 0.345513 0.533333 0.334128 0.350906 1.03712 0.327005 0.431144 0.331579 0.316563 0.423698 0.563902 0.40764 0.834994 0.536775 0.533605 0.510402 0.528189 0.498047
threshold=119288.73000000003 12123.681795991719 173329.87660714288 187290.01500000004 453330.6750000001 1.0000000180025095e-35 150629.87678571432 161367.42000000004 436138.15500000009 132039.35559258223 3.5000000000000004 152310.35000000003 146454.20500000005 33096.056138908629 416123.95000000001 463342.72500000003 383049.25000000006 164631.90500000003 65584.703715809868 231203.28857142859 125344.4409958035 491074.49500000005 308451.37500000006 0 375439.2678571429 443407.32000000007 495609.40000000008 1.0000000180025095e-35 337547.21500000003 415664.4707142858
decision_type=2 2 2 2 2 2 2 2 2 2 2 2 2 2 2 2 2 2 2 2 2 2 2 1 2 2 2 2 2 2
left_child=-1 -2 5 17 8 6 7 -3 20 -10 12 -12 -7 -14 -6 16 -16 18 -4 -20 23 -22 -23 24 -5 27 -27 -25 -29 -26
right_child=1 2 3 4 14 10 -8 -9 9 -11 11 -13 13 -15 15 -17 -18 -19 19 -21 21 22 -24 25 29 26 -28 28 -30 -31
leaf_value=-1574.1935985432256 -292.15377391845777 422.77637565742992 114.61334327356188 1389.7195635396638 -617.61437274535103 -829.46074762553496 703.66454275236674 -144.37512528479493 527.77489960647301 -77.05916503403671 36.882604829028985 175.00786745558119 203.40593501928629 -292.04634402579745 1221.8453757944287 -69.614917604269849 -222.18897527381657 -280.03872518285317 -819.34296088399026 14.170250952122309 -90.238754712270776 134.6174812784968 -289.25643969161496 -325.60718690892207 -397.51228941954173 397.47499335945088 -0.92240968240403043 21.015912526334649 -872.01159754971764 271.99482647127115
leaf_weight=549 264 26 43 22 160 44 22 49 24 23 137 23 20 40 20 399 24 120 63 32 170 32 50 83 50 25 26 419 60 39
leaf_count=549 264 26 43 22 160 44 22 49 24 23 137 23 20 40 20 399 24 120 63 32 170 32 50 83 50 25 26 419 60 39
internal_value=-0.000879661 -0.000117578 0.000256124 -3.71562e-05 0.000381303 0.0017867 0.00479381 0.00233333 0.00110948 0.0056383 0.000681817 0.0021875 -0.00163462 0.000833332 -0.000854064 -0.000146728 0.00409091 -0.00267442 -0.00101449 -0.00289474 0.000891392 -0.000634922 0.00231707 0.00142265 0.00409091 0.000858747 0.00578431 0.000427045 0.00105428 0.00230337
internal_weight=3058 2509 2245 1884 1626 361 97 75 1023 47 264 160 104 60 603 443 44 258 138 95 976 252 82 724 111 613 51 562 479 89
internal_count=3058 2509 2245 1884 1626 361 97 75 1023 47 264 160 104 60 603 443 44 258 138 95 976 252 82 724 111 613 51 562 479 89
cat_boundaries=0 1
cat_threshold=4
is_linear=0
shrinkage=0.05


Tree=116
num_leaves=31
num_cat=0
split_feature=1 6 4 10 3 1 6 4 0 9 0 1 7 0 7 10 10 3 6 6 0 6 6 6 1 1 4 4 0 6
split_gain=2.85973 0.78142 0.794019 0.411375 0.370545 0.643502 0.469032 0.762011 0.461878 0.460311 0.460798 0.892625 0.936631 1.0741 0.412818 0.429435 0.812247 0.424033 0.514429 0.507757 0.473417 0.484848 0.368665 0.667244 0.352685 0.42605 0.318405 0.30303 0.278104 0.385611
threshold=123051.55500000001 16341.253995278885 134887.97152142858 261.50000000000006 150239.20714285717 185828.83500000002 120478.11991451381 405819.34464285715 405023.70000000007 1.0000000180025095e-35 111428.32500000001 172583.96000000005 1.5000000000000002 160729.05000000002 1.0000000180025095e-35 27.500000000000004 38.500000000000007 210628.16285714289 21382.929823183124 107906.13446047829 275240.94500000007 111103.17560738053 47385.234014279638 50603.374305268706 262282.68500000006 416123.95000000001 123614.00625000002 390239.97857142863 147310.62000000002 11947.207803772782
decision_type=2 2 2 2 2 2 2 2 2 2 2 2 2 2 2 2 2 2 2 2 2 2 2 2 2 2 2 2 2 2
left_child=22 2 -2 4 9 8 7 14 -6 10 -3 12 13 -12 24 -16 -17 -18 -19 -20 -21 -22 -1 -24 -7 -26 -13 -23 -4 -30
right_child=1 3 28 -5 5 6 -8 -9 -10 -11 11 26 -14 -15 15 16 17 18 19 20 21 27 23 -25 25 -27 -28 -29 29 -31
leaf_value=-1474.9128658781199 258.38700043580531 -217.11603092464031 -731.24470173551356 484.04522957917328 -286.21450033252262 419.27201679447955 -28.076286598364419 65.123688460659977 33.213432776770269 -498.41476210699875 696.1712458721986 -42.966653533260931 185.88000523468261 26.097227776532424 -208.60017277217418 133.43909542641595 155.70981508148321 126.30362918846438 -10.106315164729182 233.8226788203238 -345.51978609201956 606.13600121817751 630.69346211590982 -1844.2116468666218 -442.49451200838888 5.8981102212581575 62.981075059799139 109.12677995465272 56.554873177640403 -119.31133401423062
leaf_weight=519 20 51 153 26 202 21 899 23 21 20 21 31 30 20 37 35 23 33 348 28 20 22 21 45 85 35 35 33 47 154
leaf_count=519 20 51 153 26 202 21 899 23 21 20 21 31 30 20 37 35 23 33 348 28 20 22 21 45 85 35 35 33 47 154
internal_value=-0.000830609 -8.69401e-05 -0.00219251 0.000288231 0.00020984 -1.3406e-05 0.000328866 0.00125841 -0.00253363 0.00221154 0.00297872 0.00448905 0.00838028 0.0132927 0.000972221 0.00156304 0.00191882 0.00141026 0.00109504 0.000654101 0.00373786 0.00166667 -0.00397436 -0.000454547 -0.0014539 -0.0025 0.000303029 0.00409091 -0.00274011 -0.00151741
internal_weight=3058 2473 374 2099 2073 1865 1642 743 223 208 188 137 71 41 720 579 542 507 484 451 103 75 585 66 141 120 66 55 354 201
internal_count=3058 2473 374 2099 2073 1865 1642 743 223 208 188 137 71 41 720 579 542 507 484 451 103 75 585 66 141 120 66 55 354 201
is_linear=0
shrinkage=0.05


Tree=117
num_leaves=31
num_cat=0
split_feature=2 4 4 2 2 2 4 0 1 10 6 2 4 3 1 10 1 2 2 10 7 1 10 10 2 6 0 3 3 0
split_gain=2.99166 0.836888 0.79464 2.16075 1.0741 0.83865 0.98299 0.841558 0.659559 0.520483 0.369087 0.644808 0.461277 0.361414 0.33764 0.404281 0.316946 0.304762 0.343153 0.292463 0.65928 0.592072 0.406347 0.570103 0.384504 0.33505 0.262083 0.394448 0.364907 0.519184
threshold=140536.59500000003 227308.70053571431 135167.34089285717 161367.42000000004 146454.20500000005 184225.86500000002 174196.98446428575 154313.99500000002 132170.73000000004 21.500000000000004 34958.101065373776 119288.73000000003 123614.00625000002 115961.09571428572 144390.91500000001 144.50000000000003 156580.00000000003 192197.14500000005 177520.34500000003 42.500000000000007 5.5000000000000009 712211.72500000021 50.500000000000007 53.500000000000007 1122558.9650000001 68673.682968589244 163833.70500000005 210628.16285714289 222386.66500000001 196679.58000000005
decision_type=2 2 2 2 2 2 2 2 2 2 2 2 2 2 2 2 2 2 2 2 2 2 2 2 2 2 2 2 2 2
left_child=1 10 3 4 -2 8 7 -7 -4 -8 -1 13 -13 -12 15 -14 -11 18 -5 20 21 25 -21 -24 26 -18 -25 -28 -29 -30
right_child=2 -3 5 17 -6 6 9 -9 -10 16 11 12 14 -15 -16 -17 19 -19 -20 22 -22 -23 23 24 -26 -27 27 28 29 -31
leaf_value=-865.39940408489929 245.46765041401443 953.50802443734256 562.43022028000939 -200.03924094388111 402.89956496773647 686.58633130770329 -223.68436412913198 4.6124089116695393 -152.96971743770243 -1752.8982614346053 162.15322616023187 180.87164934172222 303.49334375094776 -1371.0734500299536 -597.80062901368592 -199.14724564719734 179.27787690145581 -382.09792149643954 54.976072873424506 -595.20710049572926 80.996439861204124 1648.7776089414965 555.31295160384252 -326.4831053277573 -2659.0996699092225 -478.26107959969181 173.02909310547415 -278.33669724119892 74.871438442287101 6.5257561886723954
leaf_weight=440 20 23 31 34 21 20 50 35 361 29 35 20 21 214 32 33 21 27 29 56 23 23 23 39 83 66 26 48 47 1128
leaf_count=440 20 23 31 34 21 20 50 35 361 29 35 20 21 214 32 33 21 27 29 56 23 23 23 39 83 66 26 48 47 1128
internal_value=-0.000945063 -0.00353301 -1.19209e-09 0.00377862 0.0132927 -0.00023471 0.000241699 0.00681818 -0.00232143 2.40662e-05 -0.00380503 -0.00260563 0.000660376 -0.00399599 -0.000930234 0.00148148 0.0001799 -0.000555557 0.00134921 0.000274794 0.0025188 0.00090909 6.89643e-05 0.000236728 0.000105761 -0.000977013 0.000318322 0.000444354 0.000314798 0.000489361
internal_weight=3058 818 2240 131 41 2109 1717 55 392 1662 795 355 106 249 86 54 1612 90 63 1583 133 110 1450 1394 1371 87 1288 1249 1223 1175
internal_count=3058 818 2240 131 41 2109 1717 55 392 1662 795 355 106 249 86 54 1612 90 63 1583 133 110 1450 1394 1371 87 1288 1249 1223 1175
is_linear=0
shrinkage=0.05


Tree=118
num_leaves=31
num_cat=0
split_feature=2 1 5 3 4 2 5 10 3 2 2 2 10 10 10 1 4 5 7 1 5 7 10 0 0 0 7 10 3 4
split_gain=2.99617 0.993709 0.829065 0.705066 0.536412 0.472896 0.452454 0.707834 0.430868 0.544995 0.624676 1.97418 0.835626 0.414101 0.509064 0.4 0.297628 1.25011 0.618519 0.402731 1.3193 0.65877 0.629604 0.308942 0.256549 0.23711 0.235714 0.233706 0.214834 0.211628
threshold=123160.62000000001 166583.71000000002 12123.681795991719 150239.20714285717 135293.88071428574 204398.89000000004 18623.262859948682 130.50000000000003 144306.32428571431 195687.98500000002 144508.52500000005 161367.42000000004 184.50000000000003 175.50000000000003 106.50000000000001 136164.27500000005 297747.56482142868 46739.233436995681 2.5000000000000004 228639.60500000001 83376.933967288132 5.5000000000000009 112.50000000000001 196679.58000000005 237839.24000000002 335049.23500000004 3.5000000000000004 26.500000000000004 122582.9635714286 298707.88071428583
decision_type=2 2 2 2 2 2 2 2 2 2 2 2 2 2 2 2 2 2 2 2 2 2 2 2 2 2 2 2 2 2
left_child=1 -1 4 8 15 6 7 -5 9 10 13 -12 28 14 -4 -2 17 -7 25 20 -20 24 -23 -18 -21 -19 -9 -25 -13 -29
right_child=2 -3 3 5 -6 16 -8 26 -10 -11 11 12 -14 -15 -16 -17 23 18 19 21 -22 22 -24 27 -26 -27 -28 29 -30 -31
leaf_value=-1305.4829366679576 -541.63741179686212 353.43588960496572 -626.6872767831444 303.66084143504435 -275.4867583682958 199.59000586345226 -275.62395159730607 -59.777797057868838 491.54735229524124 -362.99303039917709 433.87517607030225 -238.41779527739564 62.802288218678257 -478.04509885935744 186.02868840509814 298.08854050295105 43.611569709581858 -277.46715608799178 -292.49853452082783 -1335.1291311097211 517.92958691140802 69.744750249571936 16.882162054757387 -267.69992867866193 -5.2026595258746795 -28.111736440532543 1.5853232888422781 -133.06520638229586 32.48204686119437 1.2094571481447485
leaf_weight=564 20 22 31 20 211 22 327 22 35 37 27 28 20 29 23 20 37 60 21 37 26 25 29 58 22 56 20 21 23 1165
leaf_count=564 20 22 31 20 211 22 327 22 35 37 27 28 20 29 23 20 37 60 21 37 26 25 29 58 22 56 20 21 23 1165
internal_value=-0.00084696 -0.00406143 -8.49526e-05 0.000222871 -0.00280877 -9.65459e-05 -0.0016581 0.00225806 0.00270751 0.00188073 0.00301105 0.00571428 0.00133803 -0.000180724 0.00240741 0.0025 0.000288156 0.00171141 0.0007971 0.0028125 0.00670213 0.00119469 0.00518518 -4.29364e-05 -0.00245763 -0.00198276 -0.00142857 -0.00017685 -0.00205882 -2.52963e-05
internal_weight=3058 586 2472 2221 251 1968 389 62 253 218 181 98 71 83 54 40 1579 298 276 160 47 113 54 1281 59 116 42 1244 51 1186
internal_count=3058 586 2472 2221 251 1968 389 62 253 218 181 98 71 83 54 40 1579 298 276 160 47 113 54 1281 59 116 42 1244 51 1186
is_linear=0
shrinkage=0.05


Tree=119
num_leaves=31
num_cat=1
split_feature=2 4 4 1 11 6 6 2 6 0 4 2 0 6 4 0 0 2 0 2 0 4 6 6 1 1 6 0 2 6
split_gain=3.07904 0.881794 1.10554 0.892033 0.60171 0.459587 0.642967 0.452153 0.459025 0.468822 0.815533 0.5464 0.410042 1.36638 0.657027 0.402056 0.239195 0.431786 0.763752 0.697102 0.475338 0.661011 0.438172 0.622993 0.437777 0.771519 0.433932 0.334014 0.359716 0.318871
threshold=119288.73000000003 134558.59517857144 125534.11964285716 187290.01500000004 0 49149.38181282374 45113.758009726582 195687.98500000002 44178.879424911276 111428.32500000001 120614.08482142859 160427.07000000004 157985.75000000003 12743.038189134628 173634.15517857144 262709.99500000005 494389.05500000005 471632.68500000011 227601.43500000003 755449.18500000017 420963.16000000009 487485.96125000005 152176.35042145304 143520.64543863767 544882.56500000006 440523.68500000006 127006.17951327014 557495.57500000007 292926.15500000009 216769.50933962673
decision_type=2 2 2 2 1 2 2 2 2 2 2 2 2 2 2 2 2 2 2 2 2 2 2 2 2 2 2 2 2 2
left_child=-1 2 7 4 12 6 -6 8 9 -2 11 -11 -3 14 -14 -7 17 22 -19 20 24 -22 23 26 25 -20 -5 -18 -29 -30
right_child=1 3 -4 16 5 15 -8 -9 -10 10 -12 -13 13 -15 -16 -17 27 18 19 -21 21 -23 -24 -25 -26 -27 -28 28 29 -31
leaf_value=-1321.8851588527077 -693.78733656535837 -502.68923185572595 329.42011425215924 9.5093718055467953 -18.245841811735978 -217.50042934729822 401.72074064730657 -353.19440573004727 63.430442998981107 351.53077287437156 -134.92240055773036 8.1106385521257955 149.22157901394516 -145.02415066903527 -9.7649798998892674 37.946526288358363 -417.37548057868628 166.36751254401324 -113.45539529624119 -2874.8537202774764 471.06138074498853 -16.290034954984201 -940.17054880243381 457.3244440426368 -2310.584861753613 1068.3649834208641 -536.69147250514402 1531.3196106717098 -186.05579669439228 151.60287188678475
leaf_weight=549 33 239 21 751 41 72 27 21 25 21 34 20 23 196 20 39 108 21 46 33 39 22 86 27 24 39 69 29 122 261
leaf_count=549 33 239 21 751 41 72 27 21 25 21 34 20 23 196 20 39 108 21 46 33 39 22 86 27 24 39 69 29 122 261
internal_value=-0.000879661 -0.000137506 0.00328571 -0.000394174 -0.00195586 0.000555554 0.00382353 0.00181818 0.00289474 0.00148148 0.00366667 0.00841463 -0.00284836 -0.00144352 0.00662791 -0.0013964 0.000217649 0.000617976 0.00258928 0.00165025 0.00294118 0.00647541 0.000144693 0.000489963 0.000963302 0.00264706 0.000243901 -0.000673078 -2.4273e-05 -0.000430811
internal_weight=3058 2509 175 2334 657 179 68 154 133 108 75 41 478 239 43 111 1677 1157 224 203 170 61 933 847 109 85 820 520 412 383
internal_count=3058 2509 175 2334 657 179 68 154 133 108 75 41 478 239 43 111 1677 1157 224 203 170 61 933 847 109 85 820 520 412 383
cat_boundaries=0 1
cat_threshold=10
is_linear=0
shrinkage=0.05


Tree=120
num_leaves=31
num_cat=0
split_feature=2 5 0 4 2 1 6 10 10 4 10 5 10 10 6 6 1 0 0 4 4 1 1 1 4 1 10 8 0 1
split_gain=2.54286 1.01133 0.673769 0.655311 0.596342 0.640717 0.554147 0.409604 0.385425 0.488716 0.325423 0.603077 0.511304 0.444851 0.327807 0.326609 0.376003 0.472787 0.847118 0.545274 0.527665 0.512188 0.592034 0.408425 0.390625 0.381429 0.347451 0.576309 0.427039 0.73561
threshold=115167.00500000002 10184.561905624718 229852.89000000004 123252.52321428573 172731.66000000003 149068.74500000002 36254.742854633783 50.500000000000007 42.500000000000007 903807.27875000006 64.500000000000014 74429.597521369942 57.500000000000007 54.500000000000007 14593.43041005725 168585.86737647827 699785.88500000013 453330.6750000001 390224.83000000002 394689.6166071429 357759.90303571435 537380.32500000007 436247.71500000003 398065.95000000007 418029.89910714288 364003.37000000005 210.50000000000003 1.0000000180025095e-35 591652.38000000012 647897.77500000002
decision_type=2 2 2 2 2 2 2 2 2 2 2 2 2 2 2 2 2 2 2 2 2 2 2 2 2 2 2 2 2 2
left_child=2 -2 -1 4 5 6 -3 8 9 -5 11 12 -9 -13 -12 16 17 18 21 20 -20 22 23 25 -21 -16 28 -28 -17 -30
right_child=1 3 -4 7 -6 -7 -8 10 -10 -11 14 13 -14 -15 15 26 -18 -19 19 24 -22 -23 -24 -25 -26 -27 27 -29 29 -31
leaf_value=-1488.8095526492564 -293.13580004964359 -614.53340922595066 649.37887580255165 -55.678246750600692 -120.44833509340476 356.90476217520416 250.01917096211776 33.216875488418118 -639.07386752714831 1628.5197714439537 -87.062850425581715 511.79322027624568 319.74469211541782 -391.27480021695345 11.998770011441763 -847.17693162336025 676.88770511618998 -205.23525758931703 365.8115426969195 -787.58297130799201 297.37971164563783 113.40971975523973 -377.42187802785884 118.17583642031218 430.5419597826529 -696.92726732168148 -114.54567581139618 826.93831303805985 4031.0133520680924 -478.46060356734989
leaf_weight=475 169 22 20 225 31 25 27 23 68 22 155 23 27 57 787 148 20 206 27 32 23 29 66 37 32 31 60 27 49 132
leaf_count=475 169 22 20 225 31 25 27 23 68 22 155 23 27 57 787 148 20 206 27 32 23 29 66 37 32 31 60 27 49 132
internal_value=-0.000707318 -7.75206e-05 -0.0039899 0.00018457 0.00404762 0.00648649 0.00316326 8.67183e-06 -0.00166667 -0.000748989 0.000273731 0.00269231 0.007 -1.19209e-09 0.000104781 0.000304805 0.000697673 0.00059055 0.00101504 0.00508772 0.009 0.000526315 0.000320303 0.000672513 0.00203125 0.000440097 -0.000913463 0.00189655 -0.00165654 -2.76255e-05
internal_weight=3075 2580 495 2411 105 74 49 2306 315 247 1991 130 50 80 1861 1706 1290 1270 1064 114 50 950 921 855 64 818 416 87 329 181
internal_count=3075 2580 495 2411 105 74 49 2306 315 247 1991 130 50 80 1861 1706 1290 1270 1064 114 50 950 921 855 64 818 416 87 329 181
is_linear=0
shrinkage=0.05


Tree=121
num_leaves=31
num_cat=0
split_feature=2 5 0 3 2 7 0 10 3 3 2 1 6 6 3 10 3 3 3 7 2 2 6 0 10 0 0 1 10 1
split_gain=2.41846 0.853107 0.673769 0.466522 0.499334 0.686992 0.628241 0.853164 0.390458 0.509654 0.424328 0.548457 0.545742 0.302313 0.28541 0.417708 0.279194 0.373438 1.03067 0.720588 0.472296 0.434419 0.411695 0.316845 0.265068 0.257827 0.393004 0.429501 0.248164 0.24969
threshold=115167.00500000002 9994.8153390886564 229852.89000000004 138913.3585714286 195687.98500000002 5.5000000000000009 143496.31500000003 152.50000000000003 144306.32428571431 148912.87142857147 124164.94500000002 162530.45500000005 12743.038189134628 14282.094253043097 155094.74571428573 20.500000000000004 169933.02428571432 210628.16285714289 203666.02714285717 3.5000000000000004 190915.16000000003 196971.24000000002 20961.702775947928 147310.62000000002 29.500000000000004 163833.70500000005 189185.49500000002 230817.63500000004 64.500000000000014 160427.07000000004
decision_type=2 2 2 2 2 2 2 2 2 2 2 2 2 2 2 2 2 2 2 2 2 2 2 2 2 2 2 2 2 2
left_child=2 -2 -1 4 5 6 28 -8 -5 -10 -11 -12 -13 -14 -15 -16 -17 18 19 -18 23 -22 -23 -19 -24 -26 27 -27 -3 -30
right_child=1 3 -4 8 -6 -7 7 -9 9 10 11 12 13 14 15 16 17 20 -20 -21 21 22 24 -25 25 26 -28 -29 29 -31
leaf_value=-1414.369075016793 -337.82885645229891 262.86706791424871 616.90993201242361 -680.53579937136578 -372.34746458719951 94.946186716584137 -47.859554885699943 142.80955528395745 83.477535180735913 244.22891428226214 -266.05884759040163 223.45711503051245 -69.878356629384697 386.49156218927288 -253.1106135810891 -592.7552386884671 79.15801832262747 576.76084902307377 156.22227691291658 -142.85493467540863 368.45007235272487 96.297427391004135 91.256366233509439 -624.53943508763189 -790.4145532109801 65.050103851520518 -4.9477691205621639 -163.79537663988782 -549.8896007444572 319.93413360879458
leaf_weight=475 158 23 20 41 33 39 31 30 31 21 185 36 49 24 42 27 34 20 23 34 20 33 46 91 27 20 1368 21 53 20
leaf_count=475 158 23 20 41 33 39 31 30 31 21 185 36 49 24 42 27 34 20 23 34 20 33 46 91 27 20 1368 21 53 20
internal_value=-0.000788619 -0.00017442 -0.0039899 5.78023e-05 0.00220524 0.00316326 0.0016879 0.00565574 -0.00016644 -7.43506e-05 -0.000167375 -0.000238096 1.30536e-05 -0.00010378 -1.19209e-09 -7.19835e-05 4.53503e-05 0.000123775 0.00324176 0.000147058 -4.86039e-05 0.000179152 8.25071e-05 -0.0031982 -4.0487e-05 -0.000160168 -6.74249e-05 0.0047561 -0.000833335 -0.00226028
internal_weight=3075 2580 495 2422 229 196 157 61 2193 2152 2121 2100 1915 1879 1830 1806 1764 1737 91 68 1646 1535 1515 111 1482 1436 1409 41 96 73
internal_count=3075 2580 495 2422 229 196 157 61 2193 2152 2121 2100 1915 1879 1830 1806 1764 1737 91 68 1646 1535 1515 111 1482 1436 1409 41 96 73
is_linear=0
shrinkage=0.05


Tree=122
num_leaves=31
num_cat=1
split_feature=2 5 4 2 2 3 4 2 7 4 5 2 4 6 5 0 11 2 6 4 0 6 6 6 5 5 2 5 2 7
split_gain=2.47311 0.825468 0.561287 0.502777 0.522683 0.403993 0.334605 0.235358 0.194034 0.615093 0.893561 0.48459 0.991612 0.439817 0.352005 0.408333 0.340977 0.539398 0.39581 0.411224 0.384016 0.734118 0.329744 0.311054 0.333028 0.343519 0.46256 0.49587 0.340659 0.290292
threshold=115167.00500000002 9994.8153390886564 123252.52321428573 172731.66000000003 139139.16 141820.02428571432 134887.97152142858 92382.135000000024 4.5000000000000009 294276.57428571436 91341.761379179065 263193.62500000006 173329.87660714288 47385.234014279638 45327.026397994567 133994.83500000005 0 210554.06000000003 111647.54902496944 391963.17375000002 542636.96000000008 142629.21340348822 382296.36668734596 120478.11991451381 104116.03570179307 152455.22732590305 365105.98000000004 136534.7931255649 400207.65500000009 1.0000000180025095e-35
decision_type=2 2 2 2 2 2 2 2 2 2 2 2 2 2 2 2 1 2 2 2 2 2 2 2 2 2 2 2 2 2
left_child=5 6 3 4 -3 -1 -2 -7 16 10 11 12 13 14 15 -10 17 -4 19 -18 -20 -22 -11 -19 -25 26 -26 -28 -27 -30
right_child=1 2 8 -5 -6 7 -8 -9 9 22 -12 -13 -14 -15 -16 -17 18 23 20 -21 21 -23 -24 24 25 28 27 -29 29 -31
leaf_value=-1500.4558041890809 54.662440887229494 30.146055348772236 1566.9303793186123 -119.17322938629043 457.0035839796933 -248.47594623611809 -349.29665666354975 269.0565399971922 333.19258019286917 -103.83559296113657 493.06417746160906 116.62820442124401 -106.8481703588114 604.87944516966411 -389.94288883191462 21.806039770233831 -21.20813960704934 199.48689488590958 -843.00203568392396 160.54403849185843 -565.0460879645168 1623.6161355891638 308.41281633525591 -779.67552975573608 112.60272180550021 -571.92298854769479 -499.86995374103685 436.42153103933828 -762.5942797394714 64.171288659999206
leaf_weight=448 21 42 23 31 32 25 137 22 20 374 38 40 86 20 35 40 828 43 164 29 26 25 33 50 31 55 59 20 53 225
leaf_count=448 21 42 23 31 32 25 137 22 20 374 38 40 86 20 35 40 828 43 164 29 26 25 33 50 31 55 59 20 53 225
internal_value=-0.00085366 -0.000232559 -4.13001e-06 0.00357143 0.00581081 -0.00409091 -0.00373418 0.000319148 -0.000166164 0.000539357 0.00234767 0.00122407 0.000223879 0.00326087 0.0018421 0.00416667 -0.000462907 0.000536027 -0.000979668 -0.000507586 -0.00290698 0.000882352 -0.000700247 0.000223879 -0.000131847 0.000304739 0.00272727 0.000696201 -0.000495497 0.000215826
internal_weight=3075 2580 2422 105 74 495 158 47 2317 686 279 241 201 115 95 60 1631 559 1072 857 215 51 407 536 493 443 110 79 333 278
internal_count=3075 2580 2422 105 74 495 158 47 2317 686 279 241 201 115 95 60 1631 559 1072 857 215 51 407 536 493 443 110 79 333 278
cat_boundaries=0 1
cat_threshold=4
is_linear=0
shrinkage=0.05


Tree=123
num_leaves=31
num_cat=0
split_feature=1 2 4 5 6 5 7 6 3 3 4 6 3 6 6 10 10 1 3 7 1 6 1 1 9 3 1 6 5 5
split_gain=2.68339 0.672491 0.583333 0.626484 0.597758 0.589139 0.733982 0.972091 0.636497 0.768008 0.514215 0.66328 0.647509 0.417307 0.386847 0.380212 0.37037 0.287703 0.416306 0.46875 0.735 0.531492 0.4 0.310513 0.287699 0.254065 0.24514 0.227895 0.313045 0.744929
threshold=161367.42000000004 115167.00500000002 134558.59517857144 30721.231188236601 40861.826307014046 15051.138914269783 2.5000000000000004 74596.889212536436 162504.30000000005 148912.87142857147 173634.15517857144 12743.038189134628 155094.74571428573 46217.53984996587 44578.192004132761 21.500000000000004 98.500000000000014 209714.22000000003 281161.68142857146 5.5000000000000009 228639.60500000001 70050.344100335016 317754.87000000005 164631.90500000003 1.0000000180025095e-35 141820.02428571432 220791.11500000002 20961.702775947928 78868.886002430081 83996.429739810948
decision_type=2 2 2 2 2 2 2 2 2 2 2 2 2 2 2 2 2 2 2 2 2 2 2 2 2 2 2 2 2 2
left_child=1 25 3 -3 -5 -4 -7 8 9 -8 11 -2 13 14 16 -12 -13 23 19 20 -19 -22 -21 -17 -25 -1 -20 -28 -29 -30
right_child=10 2 5 4 -6 6 7 -9 -10 -11 15 12 -14 -15 -16 17 -18 18 26 22 21 -23 -24 24 -26 -27 27 28 29 -31
leaf_value=-1424.4818470184839 465.29348727045476 184.58424621394974 -502.11274177379568 -324.92713428839693 133.09087030200189 -429.72926166478248 280.15402877312664 -748.01122508710068 1035.921110168518 -281.26340372081648 -202.75308003882776 -34.316278664861429 -158.26031473155339 -61.155640427297925 131.91860835545705 17.164034171251021 301.6321939826683 191.60571652718468 -1243.1787138696743 305.60866676348871 434.711524501339 -146.41219541761504 41.454659633364599 -125.43590218074419 25.075209390814997 -34.75550975150108 99.463591059548008 -35.561674331999619 605.73302099947591 15.242322652688546
leaf_weight=447 22 32 197 40 33 98 30 37 20 38 55 27 41 30 22 21 45 20 23 20 22 78 20 232 33 28 32 210 20 1102
leaf_count=447 22 32 197 40 33 98 30 37 20 38 55 27 41 30 22 21 45 20 23 20 22 78 20 232 33 28 32 210 20 1102
internal_value=-0.000772359 -0.0029 -0.00166667 0.00166667 -0.000890412 -0.0025 -0.000739912 0.0018 0.00465909 0.00235294 0.000253011 0.00275401 0.00166667 0.00346774 0.00510638 5.29542e-06 0.00333333 0.000128204 0.000397542 0.0028125 0.00125 -0.000500001 0.0075 -0.00132867 -0.00179245 -0.00426316 0.000118961 0.000205277 0.000105104 0.000436719
internal_weight=3075 1000 525 105 73 420 223 125 88 68 2075 187 165 124 94 1888 72 1833 1547 160 120 100 40 286 265 475 1387 1364 1332 1122
internal_count=3075 1000 525 105 73 420 223 125 88 68 2075 187 165 124 94 1888 72 1833 1547 160 120 100 40 286 265 475 1387 1364 1332 1122
is_linear=0
shrinkage=0.05


Tree=124
num_leaves=31
num_cat=0
split_feature=2 6 2 6 3 3 0 6 9 7 2 7 2 0 6 2 2 2 7 3 0 10 3 0 10 3 10 10 0 5
split_gain=2.43213 0.877448 0.673406 0.654953 0.636293 0.75188 0.843702 0.685943 0.652675 0.737719 0.886699 0.604009 1.15869 0.688715 0.503245 0.538576 0.469318 0.424409 0.978744 0.400647 0.350679 0.312056 0.298707 0.266892 0.536068 0.385381 0.292302 0.474875 0.610994 0.454545
threshold=112400.12000000001 14676.719014205233 175638.30000000002 12743.038189134628 209372.7328571429 182387.74071428576 224927.81500000003 49149.38181282374 1.0000000180025095e-35 5.5000000000000009 165776.74000000002 1.5000000000000002 152143.40500000003 157985.75000000003 43283.204674816698 133277.28500000003 190915.16000000003 162563.47000000003 2.5000000000000004 141820.02428571432 189185.49500000002 21.500000000000004 132400.2035714286 191853.80500000002 176.50000000000003 226609.01785714287 254.50000000000003 241.50000000000003 306470.57000000001 110182.05823445389
decision_type=2 2 2 2 2 2 2 2 2 2 2 2 2 2 2 2 2 2 2 2 2 2 2 2 2 2 2 2 2 2
left_child=19 2 22 -4 5 7 -7 8 9 11 -11 12 -3 -14 -13 -16 17 18 -6 -1 -15 -18 -2 24 25 -23 27 -25 -29 -30
right_child=1 4 3 -5 16 6 -8 -9 -10 10 -12 14 13 20 15 -17 21 -19 -20 -21 -22 23 -24 26 -26 -27 -28 28 29 -31
leaf_value=-1395.1328966007766 42.700095839827235 334.77456084335091 315.08442758213658 -56.779153861101136 -1210.3348509347013 498.55610233999323 -17.608289141888143 -615.81016952269044 -361.56480479453046 485.49767948305748 21.831404525066834 -237.38677920474285 262.35946596451032 -138.15559454211231 174.28929329363208 -248.617821828318 -195.7053610040598 -526.77836016206436 1909.4218434072432 63.744253322556212 42.833120460369273 82.26756200544888 -225.51728294742904 -4.709476443080356 38.948653299091546 -147.22451792473311 -61.85400569871738 119.19450481454028 476.19038643659491 -444.36240327109886
leaf_weight=435 21 20 27 47 53 31 21 67 30 29 35 73 31 31 28 23 48 94 28 47 34 24 264 1320 25 41 62 22 20 44
leaf_count=435 21 20 27 47 53 31 21 67 30 29 35 73 31 31 28 23 48 94 28 47 34 24 264 1320 25 41 62 22 20 44
internal_value=-0.000804879 -0.000198613 -0.00249304 0.00175676 0.000170097 0.00184327 0.0075 0.00110972 0.00203593 0.00273026 0.0075 0.00145833 0.00405172 0.00177083 -0.000967743 0.00284314 -0.000255476 -0.00271429 -6.17296e-05 -0.00406639 -0.00115385 1.24521e-05 -0.00359649 0.000134787 0.00277778 0.000384614 -2.72491e-05 0.000120909 0.00372093 0.00125
internal_weight=3075 2593 359 74 2234 453 52 401 334 304 64 240 116 96 124 51 1781 175 81 482 65 1606 285 1558 90 65 1468 1406 86 64
internal_count=3075 2593 359 74 2234 453 52 401 334 304 64 240 116 96 124 51 1781 175 81 482 65 1606 285 1558 90 65 1468 1406 86 64
is_linear=0
shrinkage=0.05


Tree=125
num_leaves=31
num_cat=1
split_feature=2 4 4 5 5 2 6 4 6 1 0 11 5 7 7 0 6 6 5 4 5 0 6 6 0 4 0 10 2 10
split_gain=2.55984 0.828123 0.757158 2.7235 0.620322 0.461904 0.364865 0.623701 0.261752 0.87291 0.256614 0.234357 1.2261 0.734332 0.590591 0.821868 0.856697 0.488071 0.463786 0.661879 0.447606 0.423582 0.415327 0.770506 0.913763 0.98 0.622214 0.489088 0.456203 0.374324
threshold=131490.65000000002 144211.53589285715 134887.97152142858 30721.231188236601 10818.991693354854 181105.11500000002 48508.886321881648 223645.53125000003 43082.655796491301 164631.90500000003 170810.44500000004 0 42350.848692379157 1.5000000000000002 1.5000000000000002 152310.35000000003 12475.199315669719 14282.094253043097 57483.940158256606 385792.8457142858 15596.358183056995 195215.27000000005 69296.256444369094 108598.62113886322 198731.98000000001 232971.18785714291 278159.82000000007 84.500000000000014 356720.39500000008 227.50000000000003
decision_type=2 2 2 2 2 2 2 2 2 2 2 1 2 2 2 2 2 2 2 2 2 2 2 2 2 2 2 2 2 2
left_child=1 -1 3 -2 10 8 -3 -8 9 -5 -4 12 13 -6 -13 -16 -17 -18 -14 22 -19 -21 -20 24 -24 -26 -25 -28 -29 -22
right_child=2 6 4 5 11 -7 7 -9 -10 -11 -12 14 18 -15 15 16 17 20 19 21 29 -23 23 26 25 -27 27 28 -30 -31
leaf_value=-952.18007351149686 394.59512675848282 189.21847686160038 -421.18910140794173 -550.83022125155856 769.24977292841572 -306.71669298356477 -691.48867287441794 754.00305388126776 17.696222428278219 256.96664655776277 -49.261304585088055 -305.66763377437331 -372.49087329228541 484.59511479697426 -323.17067237800262 264.83819004861442 -239.66113319189873 183.76232873735285 -362.8074125821247 48.805770615698208 -2.3428769099896352 -24.096383035960336 1387.4146413442204 -77.370107941599912 -179.70801684176919 1045.6425297321307 -177.94116578996977 221.30532201279385 245.4193824797249 133.15162234587214
leaf_weight=579 26 37 115 29 23 44 48 26 20 23 39 207 78 27 70 28 40 36 37 28 324 906 21 42 25 25 23 46 25 55
leaf_count=579 26 37 115 29 23 44 48 26 20 23 39 207 78 27 70 28 40 36 37 28 324 906 21 42 25 25 23 46 25 55
internal_value=-0.000871561 -0.00355073 -8.89089e-05 0.0034507 -0.000315317 0.000172413 0.000405404 -0.00162162 0.00263889 0.00076923 -0.00337662 -8.71261e-05 0.000319148 0.008 -0.000779222 6.32899e-05 0.0007971 0.000274724 1.59224e-05 0.000263157 0.000783131 -0.000342614 0.00258197 0.00345411 0.00767606 0.004 0.00125 0.00351064 0.00556338 0.000277044
internal_weight=3052 690 2362 142 2220 116 111 74 72 52 154 2066 1306 50 760 553 483 455 1256 1178 415 934 244 207 71 50 136 94 71 379
internal_count=3052 690 2362 142 2220 116 111 74 72 52 154 2066 1306 50 760 553 483 455 1256 1178 415 934 244 207 71 50 136 94 71 379
cat_boundaries=0 1
cat_threshold=5
is_linear=0
shrinkage=0.05


Tree=126
num_leaves=31
num_cat=2
split_feature=2 5 10 4 0 0 4 4 4 0 0 11 1 4 0 5 10 1 0 2 0 10 10 4 1 4 2 1 2 11
split_gain=2.4765 0.7913 0.732589 0.729402 0.603787 0.636185 0.427314 0.353944 0.332278 0.287216 0.258484 0.513445 0.595166 0.556835 0.50431 0.476902 0.770197 0.620975 0.557397 0.390534 0.374748 0.40042 0.951117 0.357294 0.396825 0.347576 0.630404 0.546104 0.343636 0.297906
threshold=112400.12000000001 10818.991693354854 260.50000000000006 123252.52321428573 162742.00000000003 130407.67500000002 144211.53589285715 135068.69160714289 119907.76926948053 170810.44500000004 500171.74000000005 0 568239.64000000001 387813.85142857145 468425.10000000003 127358.78526881667 173.50000000000003 407176.96500000003 195215.27000000005 369476.97500000003 582636.63500000013 87.500000000000014 79.500000000000014 301775.62375000009 440523.68500000006 418029.89910714288 586239.86000000022 604275.45000000007 415228.49000000005 1
decision_type=2 2 2 2 2 2 2 2 2 2 2 1 2 2 2 2 2 2 2 2 2 2 2 2 2 2 2 2 2 1
left_child=6 7 3 4 5 8 -1 -2 -3 -9 11 14 13 19 15 16 28 -18 -17 29 -12 22 -22 24 -21 -20 27 -27 -5 -13
right_child=1 2 -4 10 -6 -7 -8 9 -10 -11 20 12 -14 -15 -16 18 17 -19 25 23 21 -23 -24 -25 -26 26 -28 -29 -30 -31
leaf_value=-1298.8682999303676 92.74240317459703 -63.673858627814241 858.19603788606059 73.657353251733596 -234.21939347341538 58.623163251631297 -79.796416191676116 -445.7188066452261 149.31878475710187 -46.79823935583363 -254.75541680960418 56.792666198784175 417.42464226402302 -943.91660299976365 193.152562475369 30.468395940722203 1229.7044106812839 121.79771170094813 -838.80942850978829 222.1522219635184 -7.3839926668716833 -201.28584573375821 5034.2795371395814 369.29740964905346 -247.89182212724745 2089.3120892947541 -1383.9953915225246 -1399.9358959372328 -1776.8103938144322 -32.899855020834458
leaf_weight=448 27 38 37 42 25 22 59 154 33 39 129 291 30 134 36 20 27 26 64 36 109 256 21 22 28 35 45 20 33 766
leaf_count=448 27 38 37 42 25 22 59 154 33 39 129 291 30 134 36 20 27 26 64 36 109 256 21 22 28 35 45 20 33 766
internal_value=-0.000724117 -8.84098e-05 0.000182795 6.99289e-05 0.0038983 0.00575269 -0.00391519 -0.00295455 0.0034507 -0.00370466 -0.00013825 0.000166162 -0.000292332 -0.000458106 0.00184357 0.00125 0.00359375 0.00820755 -0.000380436 -0.000100614 -0.00111651 -0.000336789 0.00192308 0.00313953 0.00125 -0.00134146 0.000499999 0.00409091 0.000333332 -0.00036424
internal_weight=3052 2545 2325 2288 118 93 507 220 71 193 2170 1655 1307 1277 348 312 128 53 184 1143 515 386 130 86 64 164 100 55 75 1057
internal_count=3052 2545 2325 2288 118 93 507 220 71 193 2170 1655 1307 1277 348 312 128 53 184 1143 515 386 130 86 64 164 100 55 75 1057
cat_boundaries=0 1 2
cat_threshold=4 1
is_linear=0
shrinkage=0.05


Tree=127
num_leaves=31
num_cat=1
split_feature=2 6 3 3 4 2 6 3 3 4 5 4 0 2 1 2 6 2 0 0 1 3 4 0 4 11 0 6 1 1
split_gain=2.4008 0.762006 0.664043 1.02113 0.556152 0.593644 0.659823 0.516528 0.508594 0.49565 0.963596 0.594834 0.380952 0.374895 0.653086 0.670085 0.310613 0.295997 0.28258 0.269993 0.443958 0.748308 0.468822 0.611863 0.551471 0.346572 0.637508 0.587656 0.583101 0.568182
threshold=112400.12000000001 14282.094253043097 210628.16285714289 200219.99071428573 134887.97152142858 164780.69500000004 12475.199315669719 218478.17785714287 141820.02428571432 153154.89785714287 30721.231188236601 150629.87678571432 192849.65000000002 195687.98500000002 156580.00000000003 161367.42000000004 14781.389963740332 149373.40000000005 157985.75000000003 500171.74000000005 508344.71500000008 503643.45642857143 428947.87321428576 324396.56000000006 393615.5246428572 0 432248.34500000003 121803.69412352426 315261.07500000001 367511.24500000005
decision_type=2 2 2 2 2 2 2 2 2 2 2 2 2 2 2 2 2 2 2 2 2 2 2 2 2 1 2 2 2 2
left_child=8 4 3 9 -2 -6 -7 -4 -1 10 -3 13 -5 14 -12 -16 -11 -18 -17 20 25 22 23 -22 -25 26 27 29 -28 -9
right_child=1 2 7 12 5 6 -8 19 -10 16 11 -13 -14 -15 15 18 17 -19 -20 -21 21 -23 -24 24 -26 -27 28 -29 -30 -31
leaf_value=-1239.4786416600994 186.67891637889556 394.21542152415651 -236.96975753747907 485.83552115770908 -453.94045947370324 230.88672986604735 -208.80360350299335 101.92199169677444 102.66175361436636 30.804393302015882 -155.13222536789144 346.73250832441369 130.47636497298757 -258.43548898001552 157.51271795329794 52.945104326741969 187.01034042592119 -155.51597926301042 -291.03348088642798 -90.174921916422463 93.660194385494492 -201.86732853718169 992.74559042648798 239.956652672372 -646.49681133587046 -26.556918039634201 1638.7529882621357 -147.61041659986915 91.858455100101565 -13.78450553418986
leaf_weight=455 26 32 92 21 206 39 56 22 52 37 90 37 21 29 20 23 37 99 29 525 24 52 33 24 27 725 23 139 35 22
leaf_count=455 26 32 92 21 206 39 56 22 52 37 90 37 21 29 20 23 37 99 29 525 24 52 33 24 27 725 23 139 35 22
internal_value=-0.000773265 -0.000147349 0.00018485 0.0018421 -0.00240061 -0.00300665 0.000263157 -0.000266783 -0.00391519 0.00112009 0.0025 0.00135965 0.00928571 0.000235601 0.00117284 0.00472222 -0.000953758 -0.00205882 0.00173077 -6.3599e-05 0.000373001 0.0028125 0.00518518 0.003 -9.80404e-05 -3.10571e-05 0.0015737 0.000191256 0.0062069 0.00522727
internal_weight=3052 2545 2218 475 327 301 95 1743 507 433 260 228 42 191 162 72 173 136 52 1651 1126 160 108 75 51 966 241 183 58 44
internal_count=3052 2545 2218 475 327 301 95 1743 507 433 260 228 42 191 162 72 173 136 52 1651 1126 160 108 75 51 966 241 183 58 44
cat_boundaries=0 1
cat_threshold=4
is_linear=0
shrinkage=0.05


Tree=128
num_leaves=31
num_cat=0
split_feature=2 5 4 0 3 3 3 10 4 1 0 5 10 0 1 5 0 10 3 10 2 2 5 5 0 3 10 5 10 10
split_gain=2.15649 0.706894 0.540523 0.532676 0.625997 0.642286 0.487405 0.412091 0.353944 0.349299 0.287216 0.232692 0.22537 0.216115 0.380969 0.639315 0.364729 0.319342 0.436254 0.9496 0.278892 0.409003 0.389771 0.420823 0.31687 0.421055 0.476375 0.672587 0.451224 0.617748
threshold=112400.12000000001 10818.991693354854 123252.52321428573 162742.00000000003 114128.79285714288 123419.90785714287 141820.02428571432 260.50000000000006 135068.69160714289 132956.40500000003 170810.44500000004 49641.373843985166 254.50000000000003 500171.74000000005 508344.71500000008 125344.4409958035 582636.63500000013 115.50000000000001 503643.45642857143 180.50000000000003 593943.68000000005 553620.76000000013 180203.9220039123 154024.64881952255 155484.37000000002 173439.43928571432 199.50000000000003 31441.735362379535 227.50000000000003 234.50000000000003
decision_type=2 2 2 2 2 2 2 2 2 2 2 2 2 2 2 2 2 2 2 2 2 2 2 2 2 2 2 2 2 2
left_child=6 8 3 4 -3 9 -1 12 -2 -6 -10 -8 13 14 20 -16 -15 -17 19 -19 21 22 23 24 -4 26 27 -26 -27 -30
right_child=1 2 7 -5 5 -7 11 -9 10 -11 -12 -13 -14 16 15 17 -18 18 -20 -21 -22 -23 -24 -25 25 28 -28 -29 29 -31
leaf_value=-1177.5047095770944 78.771337196921422 -188.39506772213599 -153.42967956618105 -225.27694053286154 25.06720505142486 -546.50046561606769 156.68368842696546 823.62772065053923 -404.06450068760205 96.060860624204452 -34.55102104138912 -954.57353068974339 -207.46399773417895 -234.13259447137546 413.79628313876174 -422.30757154789438 -49.225644265845396 460.38849873592801 -549.23375186854093 -14.618971402442384 -1912.6402551409692 704.26582733069324 430.33001442965536 -758.06660478388619 158.67564996722129 -19.636363748371849 -85.937563438281927 45.714422629924513 188.09281951632912 12.870343204517447
leaf_weight=455 27 21 255 26 27 21 20 34 154 26 39 32 43 126 33 43 384 22 24 32 47 21 28 45 46 804 44 58 28 87
leaf_count=455 27 21 255 26 27 21 20 34 154 26 39 32 43 126 33 43 384 22 24 32 47 21 28 45 46 804 44 58 28 87
internal_value=-0.000838795 -0.000245581 1.07515e-05 0.00326446 0.005 0.00716216 -0.00381657 -0.000167878 -0.00295455 0.0100943 -0.00370466 0.00076923 -0.000253457 -0.000181007 0.00010204 0.00246753 -0.00107843 0.000785123 0.00269231 0.00518518 -0.000146959 -2.11876e-05 -0.000125449 -0.000245063 -8.32085e-05 0.000295219 0.00277027 0.00461538 -0.000103374 0.00282609
internal_weight=3052 2545 2325 121 95 74 507 2204 220 53 193 52 2170 2127 1617 154 510 121 78 54 1463 1416 1395 1367 1322 1067 148 104 919 115
internal_count=3052 2545 2325 121 95 74 507 2204 220 53 193 52 2170 2127 1617 154 510 121 78 54 1463 1416 1395 1367 1322 1067 148 104 919 115
is_linear=0
shrinkage=0.05


Tree=129
num_leaves=31
num_cat=0
split_feature=2 5 3 3 7 2 5 3 10 10 10 3 6 0 10 5 6 3 10 3 6 0 5 5 1 10 7 3 6 1
split_gain=2.0859 0.676469 0.487405 0.413127 0.525266 1.01505 0.608116 0.5643 0.489494 1.24958 1.12708 0.468915 0.289215 0.413145 0.29856 0.480306 0.674054 0.500595 0.390805 0.264935 0.250356 0.283323 0.232692 0.232477 0.404441 0.600773 0.380409 0.417024 0.453082 0.355897
threshold=112400.12000000001 10818.991693354854 141820.02428571432 210628.16285714289 1.0000000180025095e-35 153983.22500000003 42350.848692379157 200219.99071428573 77.500000000000014 48.500000000000007 66.500000000000014 218478.17785714287 50603.374305268706 200374.95000000004 184.50000000000003 47208.176563028122 14676.719014205233 126039.56857142858 152.50000000000003 162504.30000000005 8676.8176976926206 170810.44500000004 49641.373843985166 125344.4409958035 508344.71500000008 176.50000000000003 1.5000000000000002 309686.23357142863 107906.13446047829 315261.07500000001
decision_type=2 2 2 2 2 2 2 2 2 2 2 2 2 2 2 2 2 2 2 2 2 2 2 2 2 2 2 2 2 2
left_child=2 20 -1 4 5 -3 -7 8 9 19 -11 -5 13 14 15 16 18 -18 -10 -6 -2 -22 -4 24 26 -26 -13 28 -28 -29
right_child=1 3 22 11 7 6 -8 -9 12 10 -12 23 -14 -15 -16 -17 17 -19 -20 -21 21 -23 -24 -25 25 -27 27 29 -30 -31
leaf_value=-1118.6294740982394 -7.4100639561352368 368.08460847298687 148.84950400561684 -218.11876677534502 -376.59045314927744 49.356112580516836 -283.29111518989805 408.09284113038893 -277.30528906338924 348.08785032849005 -100.81843230958829 -78.129832642823317 -966.33765380756722 215.15560852800343 -181.42790563586328 -319.05509795657389 14.481926404829657 717.89079431935932 15.584714340815603 410.17561085461921 -381.15409848122999 -32.823469989320238 -906.84485415525569 -32.568730151681713 -519.43329146453607 623.01903028326228 9.8019313512891557 -310.49967698728244 216.61774335808238 -2.4281723700954365
leaf_weight=455 33 25 20 92 34 46 51 35 34 23 24 216 42 23 121 31 28 20 24 21 148 39 32 797 32 27 337 63 27 152
leaf_count=455 33 25 20 92 34 46 51 35 34 23 24 216 42 23 121 31 28 20 24 21 148 39 32 797 32 27 337 63 27 152
internal_value=-0.000887944 -0.00030452 -0.00381657 -5.37646e-05 0.00109966 0.00401639 0.00170103 0.000326086 -0.000176472 0.00284314 0.00882979 -0.0004389 -0.00113003 -0.000551603 -0.00112403 0.000474451 0.00207547 0.00645833 -0.00155173 -0.00227273 -0.00295455 -0.0036631 0.00076923 -0.000245307 0.000327868 0.00432203 3.14453e-05 0.000699481 0.00173077 -0.00104651
internal_weight=3052 2545 507 2325 582 122 97 460 425 102 47 1743 323 281 258 137 106 48 58 55 220 187 52 1651 854 59 795 579 364 215
internal_count=3052 2545 507 2325 582 122 97 460 425 102 47 1743 323 281 258 137 106 48 58 55 220 187 52 1651 854 59 795 579 364 215
is_linear=0
shrinkage=0.05


Tree=130
num_leaves=31
num_cat=0
split_feature=1 4 4 3 4 6 3 7 4 3 10 4 1 1 2 6 6 10 2 1 1 2 3 3 7 2 10 6 6 4
split_gain=2.14131 0.916635 0.94297 0.678877 0.484771 0.803854 0.821332 0.483953 0.471579 0.54789 0.873601 0.535714 0.465174 0.4375 0.603571 0.41957 0.402463 0.559334 0.449797 1.27981 0.437046 0.384136 0.331514 0.329062 0.429501 0.402368 0.363606 0.565019 0.447508 0.399155
threshold=110073.395 134558.59517857144 136566.87839285718 137484.64928571429 173634.15517857144 12475.199315669719 151041.34142857147 3.5000000000000004 125534.11964285716 119815.00357142858 160.50000000000003 118687.7460714286 188533.93500000003 159031.20500000002 174612.23000000001 49149.38181282374 121145.85760887423 259.50000000000006 463800.83000000007 453839.63000000006 349418.68500000006 164780.69500000004 173234.00714285718 210628.16285714289 3.5000000000000004 192197.14500000005 31.500000000000004 20961.702775947928 116787.85359248157 291865.03214285721
decision_type=2 2 2 2 2 2 2 2 2 2 2 2 2 2 2 2 2 2 2 2 2 2 2 2 2 2 2 2 2 2
left_child=3 8 -3 -1 5 -4 7 -7 9 10 11 -2 22 -11 -15 -5 18 20 23 -20 -18 -8 -6 24 -14 -25 -27 -28 29 -29
right_child=1 2 4 15 12 6 21 -9 -10 13 -12 -13 16 14 -16 -17 17 -19 19 -21 -22 -23 -24 25 -26 26 27 28 -30 -31
leaf_value=-1177.1268095684231 717.6410138763647 -439.17568301895449 227.7224314492658 929.08524752194865 13.303562743326658 66.458878786511463 -239.39611197961509 238.62006295121125 260.11094819382146 -272.98800189035859 70.319651281597089 -176.31941860879266 -7.1442136784261852 113.39374839204703 -81.732763537572652 -1145.7486296242723 -681.01780322374077 791.99380743421443 201.3843050096992 -92.686143550114849 -26.354211327706526 17.246299227375058 -129.70578621511365 -1048.89022221353 319.64740182211489 -170.28054298658054 152.15151285418111 86.201710478767581 73.027277259524183 -20.267854869581072
leaf_weight=429 28 182 26 20 67 36 62 25 24 56 29 20 21 20 36 21 170 20 28 39 720 53 249 36 20 45 22 133 25 391
leaf_count=429 28 182 26 20 67 36 62 25 24 56 29 20 21 20 36 21 170 20 28 39 720 53 249 36 20 45 22 133 25 391
internal_value=-0.000725517 -0.000160667 -0.000443039 -0.00382979 -0.000155394 0.00217822 0.000965908 0.00565574 0.00298122 0.00214286 0.00538961 0.00125 -0.00039275 -8.92869e-05 0.00303571 0.00231707 -5.98814e-05 -0.000769232 0.000789472 0.00470149 -0.000955057 -0.00152174 -0.0021519 0.000411254 0.0047561 0.000138036 0.00043831 0.000779333 0.00046448 0.000152671
internal_weight=3053 2583 2370 470 2188 202 176 61 213 189 77 48 1986 112 56 41 1670 910 760 67 890 115 316 693 41 652 616 571 549 524
internal_count=3053 2583 2370 470 2188 202 176 61 213 189 77 48 1986 112 56 41 1670 910 760 67 890 115 316 693 41 652 616 571 549 524
is_linear=0
shrinkage=0.05


Tree=131
num_leaves=31
num_cat=1
split_feature=1 4 4 4 6 0 7 7 11 0 2 1 0 1 0 0 0 2 2 2 1 1 10 10 4 6 0 10 1 2
split_gain=2.20963 0.753742 0.842021 0.561978 0.756093 0.681348 0.574882 0.768858 0.52506 0.499512 0.708013 0.756916 0.507937 0.491788 0.45044 0.4 0.337329 0.330923 0.326887 0.249837 0.245246 0.271894 0.635529 0.551714 0.773766 0.44 0.419048 0.325756 0.342061 0.494
threshold=110073.395 134558.59517857144 136566.87839285718 173634.15517857144 12475.199315669719 165035.91500000001 1.0000000180025095e-35 5.5000000000000009 0 111428.32500000001 163746.75000000003 132956.40500000003 88854.420000000013 84004.775000000009 132294.65000000005 146575.25500000003 146575.25500000003 126048.51000000002 99396.960000000006 117631.41500000002 139946.47000000003 668406.84500000009 66.500000000000014 31.500000000000004 791081.76035714301 275537.99546421139 902965.40000000014 36.500000000000007 164631.90500000003 190915.16000000003
decision_type=2 2 2 2 2 2 2 2 1 2 2 2 2 2 2 2 2 2 2 2 2 2 2 2 2 2 2 2 2 2
left_child=8 9 16 4 -4 -5 -6 17 13 12 11 -11 -2 -1 -12 -13 -3 -8 -15 -20 -7 23 25 -22 27 -23 -27 -25 -29 -30
right_child=1 2 3 5 6 20 7 -9 -10 10 14 15 -14 18 -16 -17 -18 -19 19 -21 21 22 -24 24 -26 26 -28 28 29 -31
leaf_value=-1071.4781296255949 31.132476469124221 -442.44054677664974 216.33630987680192 -130.01633260337411 258.02415458063155 -1390.0775851453093 17.060496503160671 15.997033351305655 -1340.744239843109 101.07221700276483 61.987444201663266 310.18202509061308 -579.14561908628241 1038.4558403652024 -162.05303587266749 107.72406097244402 11.559619880278607 -163.95876723382915 -624.97664467091988 142.09056669789052 -187.36851789065037 -2370.7614146977689 -445.21492550983322 137.17660336710478 3323.2158943577579 157.90796174835953 4129.8629119497027 170.18119696785863 -143.20463628865735 8.9265253592545744
leaf_weight=49 25 162 26 146 27 25 33 28 333 34 21 20 45 35 48 20 20 88 24 29 95 25 235 22 35 27 28 48 161 1139
leaf_count=49 25 162 26 146 27 25 33 28 333 34 21 20 45 35 48 20 20 88 24 29 95 25 235 22 35 27 28 48 161 1139
internal_value=-0.000676385 -0.000102595 -0.000358651 -8.68385e-05 0.00242574 -0.000342398 0.00125 3.35559e-05 -0.00382979 0.00274648 0.00444056 0.00783784 -0.000714287 -0.000918368 0.0007971 0.0125 -0.00362637 -0.00169422 0.00125 -0.00122642 -8.15229e-05 -1.37753e-05 -0.00134921 0.000266665 0.000516013 0.0025 0.005 0.000328466 0.000229969 7.69219e-05
internal_weight=3053 2583 2370 2188 202 1986 176 149 470 213 143 74 70 137 69 40 182 121 88 53 1840 1815 315 1500 1405 80 55 1370 1348 1300
internal_count=3053 2583 2370 2188 202 1986 176 149 470 213 143 74 70 137 69 40 182 121 88 53 1840 1815 315 1500 1405 80 55 1370 1348 1300
cat_boundaries=0 1
cat_threshold=1
is_linear=0
shrinkage=0.05


Tree=132
num_leaves=31
num_cat=2
split_feature=1 3 5 7 2 11 2 5 4 3 2 0 7 4 7 1 5 4 5 5 3 0 4 2 2 2 4 3 0 11
split_gain=2.07406 0.678877 0.503809 0.537251 1.66397 1.14625 0.406039 0.4845 0.372794 0.358954 0.406551 0.519402 0.68585 0.414089 0.387315 0.41623 0.554996 0.383544 0.96659 0.377654 0.360646 0.688562 0.551057 0.678733 0.350508 0.536411 0.31351 0.313469 0.305292 0.287538
threshold=110073.395 137484.64928571429 10712.914864627663 5.5000000000000009 167756.79000000001 0 141486.30000000002 8278.0665702847164 136195.94571428574 115243.72857142858 244732.56000000003 196679.58000000005 3.5000000000000004 218155.31303571429 1.0000000180025095e-35 432365.23500000004 106658.83706061462 299275.41908571433 75007.560835817465 11202.065064796345 155094.74571428573 136326.89500000002 122945.75500000002 171969.70000000004 484419.0500000001 443407.32000000007 135293.88071428574 291639.24071428576 234668.66000000003 1
decision_type=2 2 2 2 2 1 2 2 2 2 2 2 2 2 2 2 2 2 2 2 2 2 2 2 2 2 2 2 2 1
left_child=1 -1 6 9 8 24 -2 -8 -5 -4 19 12 -12 -13 15 -15 -17 18 -16 -11 21 -21 -23 26 25 -6 -24 -20 -19 -30
right_child=2 -3 3 4 5 -7 7 -9 -10 10 11 13 -14 14 17 16 -18 28 27 20 -22 22 23 -25 -26 -27 -28 -29 29 -31
leaf_value=-1071.7353006446992 -360.61586852805374 379.49276608703065 541.09478659291779 103.6562008638623 57.427715379845793 -326.93493749643187 253.60974734941146 -126.14640114892907 376.39447277343396 187.73142398711593 40.444420453097564 202.434511606619 -246.74126688755447 -379.13477083970946 194.87887205038479 94.127485677647371 -34.172923385099061 -1692.020883138882 -1096.4993358514473 -240.95609135441074 -92.942438697617774 -34.470671624971104 36.107940713124414 430.2063177043608 -2115.7768539090634 392.03451987840816 -152.22029905376289 39.936894972067869 -68.925605365748439 47.667688603464185
leaf_weight=429 115 41 23 30 113 161 22 70 34 26 25 21 24 98 33 20 103 30 24 121 511 36 22 27 21 21 29 25 296 502
leaf_count=429 115 41 23 30 113 161 22 70 34 26 25 21 24 98 33 20 103 30 24 121 511 36 22 27 21 21 29 25 296 502
internal_value=-0.000774649 -0.00382979 -0.000218739 -1.26275e-05 0.00171053 0.000221518 -0.00258454 -0.000108697 0.0090625 -0.000340683 -0.000413078 0.000162364 0.00520408 -5.20845e-05 -0.000181257 -0.00205882 -0.000121952 0.000274724 0.00353658 -0.00130829 -0.00151475 0.000106382 0.00289474 0.00525641 0.00318182 0.00432836 0.00186274 -0.000918369 -4.83104e-05 0.000137843
internal_weight=3053 470 2583 2376 380 316 207 92 64 1996 1973 1201 49 1152 1131 221 123 910 82 772 746 235 114 78 155 134 51 49 828 798
internal_count=3053 470 2583 2376 380 316 207 92 64 1996 1973 1201 49 1152 1131 221 123 910 82 772 746 235 114 78 155 134 51 49 828 798
cat_boundaries=0 1 2
cat_threshold=3 9
is_linear=0
shrinkage=0.05


Tree=133
num_leaves=31
num_cat=2
split_feature=1 4 0 6 11 6 10 6 3 3 5 1 5 5 1 10 4 2 6 3 0 11 1 6 2 1 5 10 4 0
split_gain=2.19807 0.578378 0.844188 0.852704 0.667543 0.599897 0.598934 0.536818 0.656671 0.455265 0.43461 0.402077 0.262976 0.313416 0.258079 0.448619 0.348974 0.429501 0.345682 0.61179 0.291307 0.276733 0.60111 0.787386 0.538045 0.532256 0.51979 0.506341 0.65058 0.464474
threshold=110073.395 134558.59517857144 156764.76500000004 11355.406770350948 0 36594.729929084751 152.50000000000003 48508.886321881648 150239.20714285717 137484.64928571429 37281.008952082018 139946.47000000003 44728.476151970819 41835.934761459641 668406.84500000009 66.500000000000014 791081.76035714301 950324.20000000007 275537.99546421139 1043417.1457142859 641841.67000000016 1 515226.29500000004 115555.99780710715 463800.83000000007 249520.31500000003 128357.81606349666 241.50000000000003 414646.92553571431 293712.02500000008
decision_type=2 2 2 2 1 2 2 2 2 2 2 2 2 2 2 2 2 2 2 2 2 1 2 2 2 2 2 2 2 2
left_child=9 5 4 -4 -3 6 -2 8 -6 -1 -7 -5 13 -12 16 18 20 -18 -16 -20 21 25 23 24 -23 -13 -24 29 -29 -27
right_child=1 2 3 11 7 10 -8 -9 -10 -11 12 14 -14 -15 15 -17 17 -19 19 -21 -22 22 26 -25 -26 27 -28 28 -30 -31
leaf_value=-1018.1485356124645 127.41450132136347 -315.88684079986251 129.68596963587123 -842.66789274825976 338.66257154671217 -308.40639741968323 112.23851428081547 -14.965646130811098 -148.28281307626543 360.51812778267913 0.29112163131242602 623.24745231342729 -1.7381605702558123 297.34844523360005 -2254.6067283930547 -428.12914836398141 3788.3015395858438 -72.149045017083381 2557.6511659878684 -2532.8915650406975 -569.58191750267338 -3.5769185624102415 438.99539036149031 -958.19057952154947 88.284533453623396 -592.62723912716535 32.023736674331012 541.93808887069554 -207.67624522685861 16.339708904923462
leaf_weight=429 32 249 30 42 22 29 35 74 32 41 25 55 71 21 25 236 20 21 34 21 60 865 22 141 30 58 27 25 23 258
leaf_count=429 32 249 30 42 22 29 35 74 32 41 25 55 71 21 25 236 20 21 34 21 60 865 22 141 30 58 27 25 23 258
internal_value=-0.000791026 -0.000218739 -0.000443039 -3.26153e-05 -0.00261273 0.00227699 0.00619403 0.000434782 0.00425926 -0.00393617 0.000479451 -0.00016047 0.00183761 0.00478261 -5.46602e-05 -0.00136076 0.000202491 0.0047561 0.001875 0.00409091 8.3119e-05 0.000219414 -0.000205481 -0.000463322 8.37977e-05 0.00129371 0.00520408 0.000631867 0.00541667 -9.49379e-05
internal_weight=3053 2583 2370 1993 377 213 67 128 54 470 146 1963 117 46 1921 316 1605 41 80 55 1564 1504 1085 1036 895 419 49 364 48 316
internal_count=3053 2583 2370 1993 377 213 67 128 54 470 146 1963 117 46 1921 316 1605 41 80 55 1564 1504 1085 1036 895 419 49 364 48 316
cat_boundaries=0 1 2
cat_threshold=10 4
is_linear=0
shrinkage=0.05


Tree=134
num_leaves=31
num_cat=0
split_feature=1 3 5 4 1 3 0 0 1 1 0 4 2 1 4 10 2 2 10 3 4 10 5 6 2 1 1 4 2 2
split_gain=2.09636 0.61942 0.473485 0.439341 0.483232 0.568176 0.424682 0.510212 0.600851 0.423654 0.377559 0.40088 0.471509 0.374915 0.370242 0.429501 0.36008 0.387305 0.436364 0.394737 0.449123 0.543233 0.30445 0.270843 0.570656 0.249619 0.322966 0.457987 0.570491 0.331448
threshold=110073.395 131836.65642857147 54507.39339857109 118207.87701298704 159031.20500000002 173234.00714285718 179016.49000000002 190720.65500000003 189859.16500000001 223792.88500000004 326744.49500000005 135293.88071428574 144508.52500000005 174612.23000000001 218155.31303571429 190.50000000000003 192197.14500000005 162563.47000000003 182.50000000000003 124524.91428571429 172670.88410714292 161.50000000000003 47685.674120121177 21653.030173840481 304023.5500000001 241666.32000000004 315261.07500000001 297747.56482142868 300053.88000000006 449917.94000000006
decision_type=2 2 2 2 2 2 2 2 2 2 2 2 2 2 2 2 2 2 2 2 2 2 2 2 2 2 2 2 2 2
left_child=1 -1 -3 -2 10 16 13 8 -8 -9 11 12 -5 -7 15 -11 17 18 -6 -19 -21 -22 -18 24 -16 -25 27 28 -27 -29
right_child=3 2 -4 4 5 6 7 9 -10 14 -12 -13 -14 -15 23 -17 22 19 -20 20 21 -23 -24 25 -26 26 -28 29 -30 -31
leaf_value=-985.3858450820544 258.09201362537669 838.52591211747131 -823.44347570163757 -146.74885976283738 -31.666700255021738 0.78318987825016695 -77.592685194951969 -90.233933622376199 168.04970912565233 321.1437205644329 955.55599015772077 -168.58166195800968 123.61205983171681 -219.51916097770342 -20.067434421055918 -283.20267970169931 86.536095590866552 -8.8280378396883297 111.99382249326163 163.99487317868886 98.838963262735732 -509.91547961242372 -597.50368476993128 456.40074785367489 102.71360036427669 -714.50120123402201 0.87847233529643354 -278.84948657083828 133.64217379198485 28.899676517667018
leaf_weight=426 40 20 24 112 24 50 27 138 37 20 20 307 34 119 36 21 35 30 20 38 36 21 26 48 25 37 1035 190 29 28
leaf_count=426 40 20 24 112 24 50 27 138 37 20 20 307 34 119 36 21 35 30 20 38 36 21 26 48 25 37 1035 190 29 28
internal_value=-0.000758272 -0.00382979 0.00181818 -0.000199382 -0.000281165 4.8308e-05 -0.000244566 -2.99341e-06 0.004375 -0.00017735 -0.00172305 -0.00201987 0.000136985 -0.00263314 7.1476e-05 0.0047561 0.0023913 0.00357988 -0.000454547 0.005 0.00657895 0.00377193 -0.000901641 -6.30264e-05 0.00319672 -0.000208487 -0.000337378 -0.00183099 0.00181818 -0.00293578
internal_weight=3053 470 44 2583 2543 2070 1840 1671 64 1607 473 453 146 169 1469 41 230 169 44 125 95 57 61 1428 61 1367 1319 284 66 218
internal_count=3053 470 44 2583 2543 2070 1840 1671 64 1607 473 453 146 169 1469 41 230 169 44 125 95 57 61 1428 61 1367 1319 284 66 218
is_linear=0
shrinkage=0.05


Tree=135
num_leaves=31
num_cat=1
split_feature=2 11 5 2 1 1 5 3 3 10 10 0 0 5 1 5 2 5 1 10 10 3 0 0 10 10 3 1 4 1
split_gain=2.55206 0.669825 0.807421 0.630289 0.573364 0.506456 0.465902 0.46203 1.75514 0.408666 0.73398 0.896589 0.820743 0.506441 0.626958 0.565714 0.488934 0.470996 0.458009 0.41928 0.591925 0.423566 0.402059 0.397324 0.386984 0.802095 0.619053 0.437802 0.370109 0.710447
threshold=116554.55500000001 0 42350.848692379157 127184.23500000002 171624.54500000001 162530.45500000005 37281.008952082018 299678.88571428577 298717.88285714289 128.50000000000003 215.50000000000003 275240.94500000007 172947.27000000005 164836.42297550617 264311.82000000007 309695.27276718622 672052.88000000012 87290.120040349328 1121804.6600000001 199.50000000000003 143.50000000000003 464564.0450000001 99666.920000000013 157985.75000000003 208.50000000000003 234.50000000000003 250887.78285714288 168962.67000000001 867306.46678571438 924534.84500000009
decision_type=2 1 2 2 2 2 2 2 2 2 2 2 2 2 2 2 2 2 2 2 2 2 2 2 2 2 2 2 2 2
left_child=22 2 6 -4 -5 -3 23 8 24 28 12 -12 -11 14 17 -15 19 -14 -17 20 -16 -22 -1 -2 27 26 -26 -7 -6 -30
right_child=1 5 3 4 9 7 -8 -9 -10 10 11 -13 13 15 16 18 -18 -19 -20 -21 21 -23 -24 -25 25 -27 -28 -29 29 -31
leaf_value=-912.91276642030562 298.94935917756953 -161.11772067906702 257.26014779881694 -136.08991827471414 -93.656221270308748 15.636787568775567 340.3939037499847 -255.62830548848044 191.42945794483325 2230.4915811124283 449.21040721727286 -179.07718648469941 175.79515606199547 -161.05562378260987 302.63345810306168 -507.97886591883139 -668.02594238420306 -459.07449486330262 5515.6486660913206 639.35793601252919 54.132901906361873 355.51562119888143 -333.16018533237201 -126.37050903262444 60.47345799477538 -71.459770305580037 369.05251394335215 -25.804105344711061 1354.3528215250933 -839.71483889488684
leaf_weight=335 55 327 27 97 429 37 34 150 20 20 28 203 21 97 28 22 21 34 20 28 106 30 178 23 39 60 22 410 53 69
leaf_count=335 55 327 27 97 429 37 34 150 20 20 28 203 21 97 28 22 21 34 20 28 106 30 178 23 39 60 22 410 53 69
internal_value=-0.000616938 3.98394e-05 0.00073883 0.000401349 0.000245022 -0.000906978 0.00482143 -0.000189703 0.000442176 0.000541769 0.00138298 -0.000887447 0.00261124 0.00212531 0.00339552 -0.000323742 0.00462441 -0.00136364 0.00452381 0.00541667 0.00445122 0.00308823 -0.00383041 0.00269231 -7.04237e-05 0.00243802 0.00647541 -0.000749442 -0.000462796 0.00196721
internal_weight=3023 2510 1445 1333 1306 1065 112 738 588 1209 658 231 427 407 268 139 213 55 42 192 164 136 513 78 568 121 61 447 551 122
internal_count=3023 2510 1445 1333 1306 1065 112 738 588 1209 658 231 427 407 268 139 213 55 42 192 164 136 513 78 568 121 61 447 551 122
cat_boundaries=0 1
cat_threshold=5
is_linear=0
shrinkage=0.05


Tree=136
num_leaves=31
num_cat=0
split_feature=1 5 7 1 10 10 10 4 4 6 3 6 4 10 7 6 1 4 1 5 7 5 10 10 0 10 5 6 10 10
split_gain=2.00267 0.637487 0.588948 0.498352 0.573961 0.556217 0.777778 0.609541 0.451286 0.88614 0.829699 0.506787 0.718973 0.380477 0.413356 0.501462 0.368097 0.636539 0.816427 0.592416 0.414693 0.381975 0.372879 0.467836 0.850569 0.627909 0.523193 0.694231 0.3979 0.353105
threshold=161367.42000000004 8689.2106798521982 4.5000000000000009 142422.09000000003 195.50000000000003 41.500000000000007 77.500000000000014 123252.52321428573 173329.87660714288 12743.038189134628 157203.80785714291 39684.161699439072 125534.11964285716 255.50000000000003 1.0000000180025095e-35 11947.207803772782 306049.81500000006 297747.56482142868 249520.31500000003 19376.400143079536 1.0000000180025095e-35 78113.717897721697 155.50000000000003 215.50000000000003 265544.56500000006 210.50000000000003 135241.27525234167 143520.64543863767 190.50000000000003 144.50000000000003
decision_type=2 2 2 2 2 2 2 2 2 2 2 2 2 2 2 2 2 2 2 2 2 2 2 2 2 2 2 2 2 2
left_child=1 -1 13 4 5 -4 -7 -8 9 -2 11 -11 -13 14 15 -3 17 18 20 -18 -10 -20 29 25 -25 26 27 -24 -28 -21
right_child=8 2 3 -5 -6 6 7 -9 16 10 -12 12 -14 -15 -16 -17 19 -19 21 22 -22 -23 23 24 -26 -27 28 -29 -30 -31
leaf_value=-515.94087895306757 493.64852542466127 -709.82328201063865 -567.49021068528714 -241.51279164544135 -194.63804906412375 326.33538082928771 191.80719420191312 -208.20792621112582 116.63005042700547 235.77921633793349 -86.604759157691319 -64.638162344350945 183.97807323617081 173.1829411271527 -327.65332247848727 233.55733025550026 193.35201660062046 -137.00058003853525 191.11494153134174 -5.8396266832343802 -21.847819525970351 23.880217302123128 37.110134163454958 681.26564610431319 -72.419471077555883 1919.3069404753767 95.297117474681215 313.44212870684805 -510.21547576298019 -352.01264981970598
leaf_weight=271 20 21 24 31 35 21 25 38 23 28 39 53 38 23 461 36 22 328 31 587 307 36 98 21 202 22 63 32 47 40
leaf_count=271 20 21 24 31 35 21 25 38 23 28 39 53 38 23 461 36 22 328 31 587 307 36 98 21 202 22 63 32 47 40
internal_value=-0.000716177 -0.00256592 -0.00178322 0.000747125 0.00199301 0.0037963 0.00571428 0.00293651 0.000179184 0.00258427 0.00132911 0.00340336 0.00159341 -0.00259704 -0.00287645 0.00114035 -5.11039e-05 -0.000931036 0.000415616 0.000511463 -0.000606062 0.00544776 0.000350718 0.00139175 -0.000291481 0.00282443 0.00208333 0.00423077 -0.000454547 -0.000454547
internal_weight=3023 986 715 174 143 108 84 63 2037 178 158 119 91 541 518 57 1859 725 397 1134 330 67 1112 485 223 262 240 130 110 627
internal_count=3023 986 715 174 143 108 84 63 2037 178 158 119 91 541 518 57 1859 725 397 1134 330 67 1112 485 223 262 240 130 110 627
is_linear=0
shrinkage=0.05


Tree=137
num_leaves=31
num_cat=1
split_feature=2 9 3 11 7 5 7 2 6 6 1 1 0 0 0 6 2 1 1 10 7 2 2 7 3 5 5 2 3 5
split_gain=2.23915 0.534814 0.580228 0.456007 1.03334 2.26646 0.685342 0.631702 0.525974 1.09221 0.468261 0.716376 0.423207 0.380969 0.376124 1.11743 0.520686 0.446154 0.419362 0.340274 0.338882 0.331767 1.40833 0.561728 0.523777 0.664559 1.04685 0.875461 0.650348 0.329013
threshold=115167.00500000002 1.0000000180025095e-35 798706.82857142866 0 1.0000000180025095e-35 113855.66576723999 1.5000000000000002 127184.23500000002 46217.53984996587 108598.62113886322 340694.82000000007 351953.66000000009 99666.920000000013 103849.62000000001 152310.35000000003 11235.215696525898 170725.78500000003 179673.77000000002 180396.57500000004 25.500000000000004 5.5000000000000009 283675.44500000007 251981.21500000003 2.5000000000000004 407787.44214285718 163323.57170830676 120328.82646153282 687025.37000000011 798706.82857142866 292071.28661657387
decision_type=2 2 2 1 2 2 2 2 2 2 2 2 2 2 2 2 2 2 2 2 2 2 2 2 2 2 2 2 2 2
left_child=12 3 -3 4 5 8 -5 -6 -2 -10 20 -12 -1 -14 18 -16 -17 -18 -8 -13 -9 22 -21 24 -23 26 -26 -27 -29 -7
right_child=1 2 -4 6 7 29 14 10 9 -11 11 19 13 -15 15 16 17 -19 -20 21 -22 23 -24 -25 25 27 -28 28 -30 -31
leaf_value=-861.96485685138089 393.02069656413363 -124.23071251037469 1177.8382429948369 -227.28134590178712 204.34341196844218 4.5697044512119929 -177.38581287983891 -112.23913517828205 4.4750790057814394 585.89748423459491 541.34166404269229 -1087.5597333828216 580.98071112058585 -310.82260164618492 135.31907222956659 59.443805061392645 -69.459816346306923 10.866330081167785 43.914288103359603 -6.9473643976401336 341.91163171924381 -550.0720914923204 303.65081348823634 -88.066076501278175 155.88479337650227 -874.78984893696872 2914.8416734020261 3025.2469445667648 1511.81278899058 -2331.1362844793762
leaf_weight=330 33 207 26 291 40 85 192 355 30 33 20 28 21 150 20 42 59 342 27 40 56 40 20 364 27 33 20 20 39 33
leaf_count=330 33 207 26 291 40 85 192 355 30 33 20 28 21 150 20 42 59 342 27 40 56 40 20 364 27 33 20 20 39 33
internal_value=-0.000749257 -0.000142745 -0.00242489 8.95576e-05 0.000693815 0.0038785 -0.000727366 8.16685e-05 0.00958333 0.00690476 -0.00015066 0.000683563 -0.0038024 -0.00178363 0.000131964 0.000939524 0.000417606 -0.000137158 -0.00157534 0.000388271 -0.00147202 0.000638473 0.00416667 0.000248618 0.0025419 0.0039928 0.00882979 0.00152174 0.00516949 -0.000762713
internal_weight=3023 2522 233 2289 1316 214 973 1102 96 63 1062 651 501 171 682 463 443 401 219 631 411 603 60 543 179 139 47 92 59 118
internal_count=3023 2522 233 2289 1316 214 973 1102 96 63 1062 651 501 171 682 463 443 401 219 631 411 603 60 543 179 139 47 92 59 118
cat_boundaries=0 1
cat_threshold=5
is_linear=0
shrinkage=0.05


Tree=138
num_leaves=31
num_cat=1
split_feature=2 4 2 11 4 6 10 4 5 6 4 1 5 0 6 10 10 7 2 4 10 7 5 4 10 1 0 10 6 5
split_gain=1.77803 0.650173 0.858036 0.612628 0.575541 0.545611 0.62069 0.483738 1.11692 0.508278 1.96632 0.422439 0.629324 0.390277 0.601312 0.342313 0.421757 0.334095 0.933719 0.4 0.349055 0.332734 0.481666 1.23275 0.423112 0.330157 0.510921 0.313726 0.297729 0.392261
threshold=115167.00500000002 123252.52321428573 172731.66000000003 0 144211.53589285715 31973.474451421349 140.50000000000003 152089.93303571429 47685.674120121177 12743.038189134628 173329.87660714288 306049.81500000006 19376.400143079536 141486.30000000002 11235.215696525898 21.500000000000004 28.500000000000004 1.0000000180025095e-35 255935.42000000004 174317.8291071429 257.50000000000006 4.5000000000000009 91341.761379179065 300135.99500000005 63.500000000000007 152221.16500000004 150857.66000000003 235.50000000000003 24553.044512361008 78868.886002430081
decision_type=2 2 2 1 2 2 2 2 2 2 2 2 2 2 2 2 2 2 2 2 2 2 2 2 2 2 2 2 2 2
left_child=3 2 5 27 13 -2 -7 8 -6 10 -9 17 -13 -3 -15 -14 -17 18 19 -11 21 25 24 -24 -23 -19 -27 -1 -18 -30
right_child=1 4 -4 -5 7 6 -8 9 -10 11 -12 12 15 14 -16 16 28 20 -20 -21 -22 22 23 -25 -26 26 -28 -29 29 -31
leaf_value=-124.2235059517231 -47.023090921685117 -310.15911252751425 -61.591400819343932 -1060.2876586728053 412.96068136685699 392.47001762211084 17.030734817642664 394.7413108816998 -356.04699819991924 108.39243398738961 -319.02406988868637 183.14109926653069 -139.36805746361114 59.220193526873096 -280.64839097269197 801.14843181796812 27.947562691365047 -526.94177759530419 -36.049237349133399 344.21430810003585 410.41625710808722 70.533842725185337 1017.1314904440522 -111.481555606472 -81.634301577331158 10.383418582288254 -113.26506750919594 119.03643818267444 -208.51954167386199 3.778126730668836
leaf_weight=150 22 182 32 331 27 29 29 21 25 20 31 22 32 34 40 26 30 97 69 20 20 46 22 42 125 41 427 20 72 939
leaf_count=150 22 182 32 331 27 29 29 21 25 20 31 22 32 34 40 26 30 97 69 20 20 46 22 42 125 41 427 20 72 939
internal_value=-0.000782337 -0.000241873 0.00348214 -0.003503 -0.000414939 0.00625 0.0087931 -0.000148562 0.00461538 -0.000266414 0.00461538 -0.000390245 0.000263157 -0.00265625 0.000405404 9.55402e-05 0.000248359 -0.00117869 0.00142202 0.0075 -0.00152439 -0.0016875 -0.000106384 0.00359375 -0.00149123 -0.00234513 -0.00179487 -0.000833334 9.12572e-05 -5.44028e-05
internal_weight=3023 2522 112 501 2410 80 58 2154 52 2102 52 2050 1121 256 74 1099 1067 929 109 40 820 800 235 64 171 565 468 170 1041 1011
internal_count=3023 2522 112 501 2410 80 58 2154 52 2102 52 2050 1121 256 74 1099 1067 929 109 40 820 800 235 64 171 565 468 170 1041 1011
cat_boundaries=0 1
cat_threshold=5
is_linear=0
shrinkage=0.05


Tree=139
num_leaves=31
num_cat=0
split_feature=2 9 0 4 2 4 1 6 1 0 0 2 1 0 6 10 10 10 0 10 10 10 0 2 5 5 7 0 4 4
split_gain=1.82227 0.463061 0.463009 0.462659 0.745544 0.69871 0.606489 0.521523 0.382388 0.362666 0.346466 0.332308 0.555475 0.372601 0.441591 0.351764 0.330665 0.410041 0.30395 0.458545 0.477758 0.736456 0.493036 0.492659 0.345498 0.625959 0.614209 0.833333 0.45761 0.74492
threshold=115167.00500000002 1.0000000180025095e-35 99666.920000000013 123252.52321428573 181105.11500000002 119907.76926948053 161367.42000000004 12475.199315669719 906157.57000000018 111428.32500000001 103849.62000000001 164780.69500000004 102141.07500000001 141486.30000000002 11235.215696525898 80.500000000000014 50.500000000000007 54.500000000000007 489052.80000000005 233.50000000000003 121.50000000000001 125.50000000000001 152310.35000000003 219832.47500000003 105817.25042322236 111688.74158179871 4.5000000000000009 395669.96500000003 482272.33030219784 398491.41375000007
decision_type=2 2 2 2 2 2 2 2 2 2 2 2 2 2 2 2 2 2 2 2 2 2 2 2 2 2 2 2 2 2
left_child=2 3 -1 4 5 9 11 -8 -3 -2 -4 12 -5 -14 -15 -16 -9 -18 19 20 -19 -22 -23 -24 -25 -26 28 -28 29 -27
right_child=1 8 10 6 -6 -7 7 16 -10 -11 -12 -13 13 14 15 -17 17 18 -20 -21 21 22 23 24 25 26 27 -29 -30 -31
leaf_value=-790.03636715315326 -439.85463349632539 -106.2044640924057 558.14285086214272 585.99765158367245 -58.511816749610745 218.41957746079589 227.12176140041748 -49.849296575460237 1382.982955765623 298.92916708977873 -300.01703696061685 -483.21123488604644 -256.68032913337862 70.006869754077286 17.766659770179402 -208.2926091324382 929.21639739432817 -10.841158021500178 -62.046167629502229 -47.771083626673736 614.35688078972089 471.72007612989205 -31.26938011390974 13.384891288983548 139.47405448418931 -604.29509973597294 18.733960249918756 553.34078025373344 -2861.2462276477568 429.72904800183096
leaf_weight=330 24 210 21 22 22 35 36 253 23 23 150 75 179 35 23 66 26 320 408 158 22 37 119 206 21 49 40 20 29 41
leaf_count=330 24 210 21 22 22 35 36 253 23 23 150 75 179 35 23 66 26 320 408 158 22 37 119 206 21 49 40 20 29 41
internal_value=-0.000848496 -0.000301349 -0.0036028 -8.51912e-05 0.00317308 0.00536585 -0.000240276 0.00015406 -0.00242489 0.00138298 -0.00149123 -0.002 -0.00130769 -0.00186469 0.000241934 -0.00162921 3.14453e-05 0.00031417 0.00020408 0.000649716 0.00108407 0.00193493 0.00158363 0.00119047 0.0020197 0.0035 0.0025419 0.00666667 0.000462184 0.00222222
internal_weight=3023 2522 501 2289 104 82 2185 1785 233 47 171 400 325 303 124 89 1749 1496 1470 1062 904 584 562 525 406 200 179 60 119 90
internal_count=3023 2522 501 2289 104 82 2185 1785 233 47 171 400 325 303 124 89 1749 1496 1470 1062 904 584 562 525 406 200 179 60 119 90
is_linear=0
shrinkage=0.05


Tree=140
num_leaves=31
num_cat=1
split_feature=2 11 10 7 10 6 0 4 1 0 1 6 3 6 3 7 4 6 4 10 0 3 6 10 7 2 4 3 3 4
split_gain=1.6059 1.49155 0.550913 0.508509 0.849043 0.487092 2.33664 0.907534 0.444069 0.412722 0.364477 0.537461 0.335285 0.536177 0.399394 0.344632 0.459961 1.26812 0.384886 0.378711 0.534287 0.331135 0.376811 0.339059 0.338468 0.314215 0.306505 0.365793 0.39239 0.728806
threshold=131490.65000000002 0 31.500000000000004 4.5000000000000009 189.50000000000003 11355.406770350948 142611.07500000004 135410.90026785716 161367.42000000004 103849.62000000001 286404.10000000003 21653.030173840481 173439.43928571432 68069.032986903228 209372.7328571429 2.5000000000000004 380747.99178571434 107906.13446047829 218484.67678571431 55.500000000000007 189185.49500000002 172034.97214285718 14676.719014205233 245.50000000000003 3.5000000000000004 204398.89000000004 218155.31303571429 306437.45071428578 392349.10428571439 396645.29946428578
decision_type=2 1 2 2 2 2 2 2 2 2 2 2 2 2 2 2 2 2 2 2 2 2 2 2 2 2 2 2 2 2
left_child=1 3 -2 8 9 6 7 -4 -1 -5 12 -12 21 -14 -15 -16 17 18 -17 -20 -21 22 -7 -24 -23 -13 -27 -28 29 -29
right_child=2 -3 5 4 -6 10 -8 -9 -10 -11 11 25 13 14 15 16 -18 -19 19 20 -22 24 23 -25 -26 26 27 28 -30 -31
leaf_value=-124.32976360421013 -165.41561238932525 -744.83486021208546 363.00991405148204 735.54986868535957 -82.993893765176665 -151.78616830936065 167.35301913313958 -282.38593466735449 105.56730551299563 27.318072071664432 45.266120269477206 -2584.7095370490774 -126.13008130595819 49.061905308261622 -345.93432685211422 -271.36631794088493 -751.57983906520212 262.33843309099086 -107.55916728982302 87.913195382913941 -31.782458644715849 59.366077424587914 -9.4694229228403142 98.313861116295755 -7.5140242202679053 56.780769609447205 -18.652049857037188 1.9133524103671189 -2.9819776308551127 90.380979503965307
leaf_weight=140 176 434 20 28 21 71 30 53 26 27 35 29 149 24 184 33 65 23 20 37 48 22 235 28 21 29 179 143 692 57
leaf_count=140 176 434 20 28 21 71 30 53 26 27 35 29 149 24 184 33 65 23 20 37 48 22 235 28 21 29 179 143 692 57
internal_value=-0.000924002 -0.00307692 -0.000318353 0.000158729 0.00355263 -0.000105524 0.00325243 -0.00157534 -0.00138554 0.00681818 -0.000268363 0.000326459 -0.000989585 -0.001741 -0.000852536 -0.00121951 8.84944e-05 0.00152174 -0.000289856 0.00119047 0.00264706 0.000172413 -0.000359283 0.000513307 0.00430232 0.000137288 0.000272726 0.000135386 0.000549326 0.0025
internal_weight=3079 676 2403 242 76 2227 103 73 166 55 2124 1164 960 583 434 410 226 161 138 105 85 377 334 263 43 1129 1100 1071 892 200
internal_count=3079 676 2403 242 76 2227 103 73 166 55 2124 1164 960 583 434 410 226 161 138 105 85 377 334 263 43 1129 1100 1071 892 200
cat_boundaries=0 1
cat_threshold=5
is_linear=0
shrinkage=0.05


Tree=141
num_leaves=31
num_cat=1
split_feature=2 11 10 5 10 6 4 0 2 3 5 5 10 6 10 2 10 3 3 10 10 10 0 4 4 10 2 4 3 6
split_gain=1.52094 1.42441 0.550913 0.519596 0.912258 0.297438 1.16313 0.77381 0.260685 0.247036 0.245991 0.19743 0.71879 0.626087 0.250373 0.235818 0.586143 1.1655 0.558863 0.413341 0.650538 0.951896 0.318231 0.364439 0.592717 0.294591 0.365667 0.414474 0.519697 0.281743
threshold=131490.65000000002 0 31.500000000000004 37281.008952082018 83.500000000000014 10936.394521872739 135293.88071428574 140564.71500000003 99396.960000000006 124817.04571428572 10818.991693354854 15596.358183056995 184.50000000000003 14676.719014205233 260.50000000000006 475497.74000000005 162.50000000000003 392349.10428571439 464564.0450000001 190.50000000000003 212.50000000000003 228.50000000000003 449186.14500000008 464517.94517857145 508332.40803571435 97.500000000000014 570289.31000000017 1007908.373881579 1060734.0692857143 152176.35042145304
decision_type=2 1 2 2 2 2 2 2 2 2 2 2 2 2 2 2 2 2 2 2 2 2 2 2 2 2 2 2 2 2
left_child=1 3 -2 -1 8 6 -4 -8 -5 -6 -7 12 13 -12 15 22 25 -18 -19 -20 -21 -22 23 29 -25 26 -17 -28 -29 -13
right_child=2 -3 5 4 9 10 7 -9 -10 -11 11 14 -14 -15 -16 16 17 18 19 20 21 -23 -24 24 -26 -27 27 28 -30 -31
leaf_value=-169.81492186260846 -157.14483176985857 -707.59311720148139 322.31052596582663 2013.9548084045709 121.49771204548607 -113.42411804033918 -253.60185386888844 60.709674037658743 226.97675468977593 -73.904869370702258 11.04776974958123 -2.8513759750612895 -90.879258229152342 234.99894188494989 496.60333680406677 4144.2458614896104 282.75066958196174 -431.17266290827229 3392.3225261232474 -1931.1258350096775 3006.1396654651148 -1289.6670790132921 -155.68681158039453 210.15564472011326 -117.61610148268494 -173.92755506554636 -1568.2067435498495 2428.7056388579736 -5452.8737755133552 -817.90344371451465
leaf_weight=102 176 434 23 20 30 90 39 21 21 69 45 1047 47 24 33 34 39 57 37 31 24 38 227 30 21 153 72 22 20 53
leaf_count=102 176 434 23 20 30 90 39 21 21 69 45 1047 47 24 33 34 39 57 37 31 24 38 227 30 21 153 72 22 20 53
internal_value=-0.000907763 -0.00300296 -0.000318353 0.000158729 0.00214286 -0.000105524 0.00283132 -0.000833335 0.00841463 -0.000454547 -0.000219218 -0.000107109 0.00189655 0.00514493 -0.000227039 -0.000301838 0.000597722 0.00252212 0.000882352 0.00269231 0.000913977 0.00387097 -0.000645865 -0.000308429 0.00382353 -0.000847177 0.000743242 -0.000614036 0.00333333 -0.000500001
internal_weight=3079 676 2403 242 140 2227 83 60 41 99 2144 2054 116 69 1938 1905 527 226 187 130 93 62 1378 1151 51 301 148 114 42 1100
internal_count=3079 676 2403 242 140 2227 83 60 41 99 2144 2054 116 69 1938 1905 527 226 187 130 93 62 1378 1151 51 301 148 114 42 1100
cat_boundaries=0 1
cat_threshold=5
is_linear=0
shrinkage=0.05


Tree=142
num_leaves=31
num_cat=2
split_feature=2 11 0 3 6 6 2 9 11 3 2 2 6 10 2 0 5 10 10 3 2 0 2 6 0 1 1 1 1 1
split_gain=1.63022 1.30043 0.443364 0.439134 0.628085 0.536508 0.384615 0.3452 0.256493 0.662127 0.524964 0.779538 0.514989 0.429602 0.841532 1.225 0.410406 0.378151 0.76696 0.541735 0.676451 0.688048 0.531958 0.456921 0.787897 0.664997 0.512253 0.450825 0.385965 0.78954
threshold=131490.65000000002 0 82858.37000000001 115961.09571428572 47385.234014279638 78230.717870149907 112400.12000000001 1.0000000180025095e-35 1 389106.43214285723 283675.44500000007 255935.42000000004 127006.17951327014 102.50000000000001 409340.1650000001 343228.20500000007 119512.71187824332 163.50000000000003 152.50000000000003 123419.90785714287 308673.01500000007 275240.94500000007 475497.74000000005 24553.044512361008 292011.27500000008 133808.64500000005 120546.27000000002 166583.71000000002 137707.87000000002 167458.51500000004
decision_type=2 1 2 2 2 2 2 2 1 2 2 2 2 2 2 2 2 2 2 2 2 2 2 2 2 2 2 2 2 2
left_child=1 2 -1 -4 6 -6 -5 8 9 13 11 -11 17 -2 16 -16 -15 18 23 -19 -21 -22 -23 24 28 26 -25 -27 -10 -30
right_child=7 -3 3 4 5 -7 -8 -9 12 10 -12 -13 -14 14 15 -17 -18 19 -20 20 21 22 -24 25 -26 27 -28 -29 29 -31
leaf_value=-182.0028271897657 -9.0295352493337404 -672.21346134140776 407.75353179604895 -378.92564475407119 501.54981019389209 -695.83378344551795 78.063282672283279 -110.2107139733842 -278.41265866428273 -106.89499774543179 -10.175145911023549 240.20457455738847 -527.89044777375182 695.27531803965974 28.374808480131573 627.38840181857108 -1622.3862748124211 42.850251220304337 132.39696598911215 -59.503372207536792 174.92513581118672 -133.3767409241228 63.297212773951188 -85.172124041798696 150.69620141897619 -457.38825086699421 344.59065778013269 -18.494338962599791 74.907784948036777 -25.843734623793623
leaf_weight=38 42 434 37 64 35 28 40 215 27 31 534 20 162 22 20 20 25 36 59 369 25 67 29 22 42 72 23 370 72 99
leaf_count=38 42 434 37 64 35 28 40 215 27 31 534 20 162 22 20 20 25 36 59 369 25 67 29 22 42 72 23 370 72 99
internal_value=-0.000907763 -0.00307692 -3.96837e-05 0.000882352 -0.000209582 0.00373016 -0.00259616 -0.000297546 -0.00010969 0.000662982 -4.27362e-05 0.00480392 -0.000485176 0.00391473 0.00591954 0.01125 0.00138298 -0.000160062 0.00053435 -0.00119772 -0.00163265 0.00161157 -0.000312501 8.94073e-05 0.001875 -0.000790556 0.005 -0.00138009 0.000555554 0.00143275
internal_weight=3079 676 242 204 167 63 104 2403 2188 714 585 51 1474 129 87 40 47 1312 786 526 490 121 96 727 240 487 45 442 198 171
internal_count=3079 676 242 204 167 63 104 2403 2188 714 585 51 1474 129 87 40 47 1312 786 526 490 121 96 727 240 487 45 442 198 171
cat_boundaries=0 1 2
cat_threshold=5 4
is_linear=0
shrinkage=0.05


Tree=143
num_leaves=31
num_cat=0
split_feature=2 3 10 10 7 4 2 2 2 4 6 7 0 3 5 7 3 10 10 10 10 5 2 10 9 3 2 4 7 2
split_gain=1.6794 0.525313 0.591849 0.363416 0.693619 0.367299 1.02646 0.949812 0.751111 0.478744 1.08191 0.392952 0.198969 0.309113 0.862818 0.195588 0.225 0.18947 0.810662 0.240327 0.358904 0.384266 0.342682 0.219139 0.21175 0.347222 0.535714 0.245217 1.35813 0.381882
threshold=131490.65000000002 146037.66285714289 83.500000000000014 31.500000000000004 1.0000000180025095e-35 135293.88071428574 155175.46000000002 143330.095 137770.52500000002 136195.94571428574 11355.406770350948 5.5000000000000009 95836.580000000016 115961.09571428572 19029.594003647424 5.5000000000000009 91388.61500000002 39.500000000000007 35.500000000000007 50.500000000000007 64.500000000000014 72743.067711366704 263193.62500000006 56.500000000000007 1.0000000180025095e-35 288923.5221428572 178656.47000000003 154388.71630952385 1.5000000000000002 304023.5500000001
decision_type=2 2 2 2 2 2 2 2 2 2 2 2 2 2 2 2 2 2 2 2 2 2 2 2 2 2 2 2 2 2
left_child=1 12 -3 4 -2 6 7 8 -5 -7 -11 -8 15 14 -14 -1 -17 18 -12 -19 21 -21 -23 -24 27 26 -26 28 -22 -29
right_child=3 2 -4 5 -6 9 11 -9 -10 10 17 -13 13 -15 -16 16 -18 19 -20 20 24 22 23 -25 25 -27 -28 29 -30 -31
leaf_value=-663.20490115766518 36.669004889779522 4060.0570829051708 -93.564882073891113 186.8972383380665 -392.04284699101299 -251.47374715027291 -158.21271899664526 282.44237679451527 -139.33294663328249 114.46954405155542 -243.88294516383476 39.051556481034204 -908.29485185939848 -357.01177454487907 496.54360857299429 -1155.8365386808946 126.6027181330594 -181.30682801089483 81.307021000738473 137.60830653337803 1567.6968475325796 -694.39670899834618 207.68272787765014 -8.2869663559911828 -91.500121540928006 -323.26629619526693 93.654305501054253 -15.233952739129364 -425.27175610858205 2.6518907738444195
leaf_weight=266 33 25 67 20 143 71 63 22 25 22 32 29 51 197 30 20 20 92 36 39 28 21 22 31 20 96 28 632 36 862
leaf_count=266 33 25 67 20 143 71 63 22 25 22 32 29 51 197 30 20 20 92 36 39 28 21 22 31 20 96 28 632 36 862
internal_value=-0.000875285 -0.00307692 0.000434781 -0.000255931 -0.00244318 -8.30726e-05 0.0022327 0.0069403 0.00277778 -0.000261123 -0.000117678 -0.00119565 -0.00363014 -0.00266187 -6.17296e-05 -0.00450981 -0.00125 -0.000240508 0.00235294 -0.000332985 -0.000206613 0.00252212 0.000405404 0.00254717 -0.00038778 -0.00222222 0.00125 -0.00021823 0.0028125 -0.00034806
internal_weight=3079 676 92 2403 176 2227 159 67 45 2068 1997 92 584 278 81 306 40 1975 68 1907 1815 113 74 53 1702 144 48 1558 64 1494
internal_count=3079 676 92 2403 176 2227 159 67 45 2068 1997 92 584 278 81 306 40 1975 68 1907 1815 113 74 53 1702 144 48 1558 64 1494
is_linear=0
shrinkage=0.05


Tree=144
num_leaves=31
num_cat=2
split_feature=1 11 5 6 4 1 4 0 3 0 0 9 11 0 7 6 4 4 1 5 6 1 6 5 3 0 0 1 5 6
split_gain=1.54579 0.750094 0.879301 0.704464 0.674572 0.374617 0.812534 1.09716 0.36984 0.457047 0.314947 0.276751 0.390671 0.788883 0.851921 0.734166 0.859733 0.812856 0.691884 0.538646 0.393171 0.606794 0.442933 0.337506 0.431692 0.334091 0.309308 0.530445 0.444626 0.904639
threshold=152221.16500000004 0 80664.657182888579 12475.199315669719 173634.15517857144 116704.96500000001 134558.59517857144 111428.32500000001 115961.09571428572 87111.185000000012 87111.185000000012 1.0000000180025095e-35 1 405023.70000000007 5.5000000000000009 117836.1444139721 398491.41375000007 517126.32982142863 515226.29500000004 138146.13288717566 168585.86737647827 537380.32500000007 122962.54071743919 133133.95262291358 390804.81071428576 468425.10000000003 154313.99500000002 286404.10000000003 94078.567190292888 98056.32649148276
decision_type=2 1 2 2 2 2 2 2 2 2 2 2 1 2 2 2 2 2 2 2 2 2 2 2 2 2 2 2 2 2
left_child=1 5 8 4 -2 -1 7 -7 9 -3 -10 12 13 14 15 -5 -17 18 19 -18 21 22 26 -15 -25 -23 -14 -28 29 -29
right_child=3 2 -4 11 -6 6 -8 -9 10 -11 -12 -13 20 23 -16 16 17 -19 -20 -21 -22 25 -24 24 -26 -27 27 28 -30 -31
leaf_value=-766.82558953018975 221.77131557624909 -131.50388060455776 1032.8588274114852 508.46766730363527 -22.887089071237909 -121.11451813610734 -234.58655466085497 320.26584997720266 69.767374683685745 489.16337526964389 -201.13461488969887 -96.739420607998781 45.219537140192983 -53.145621864712837 -1933.3558119410425 -289.90144330090624 562.06953919287537 -474.87077154961219 583.76364546279535 64.288052707617254 -1188.4182917422522 171.23226453002127 -821.5568911103278 939.34035147807924 -15.138307340860752 12.854337631102815 -55.312065867474075 5.7597631616462133 -22.460597160439722 421.28247685192986
leaf_weight=337 24 26 21 30 22 26 242 20 25 38 196 195 133 112 27 52 22 22 33 25 73 20 79 20 373 24 509 195 133 25
leaf_count=337 24 26 21 30 22 26 242 20 25 38 196 195 133 112 27 52 22 22 33 25 73 20 79 20 373 24 509 195 133 25
internal_value=-0.000988959 -0.00269066 -0.000569621 -0.000251398 0.00586956 -0.00366142 -0.00239583 0.00369565 -0.00131579 0.00203125 -0.00228507 -0.000385348 -0.000201889 0.000716252 0.00329384 0.00451087 0.00311688 0.00578431 0.008125 0.0120213 -0.00075354 -0.000527729 -0.000763502 -0.000346536 0.00034351 0.00522727 -0.000477388 -0.000823667 0.000665721 0.00204545
internal_weight=3079 931 306 2148 46 625 288 46 285 64 221 2102 1907 716 211 184 154 102 80 47 1191 1118 1074 505 393 44 995 862 353 220
internal_count=3079 931 306 2148 46 625 288 46 285 64 221 2102 1907 716 211 184 154 102 80 47 1191 1118 1074 505 393 44 995 862 353 220
cat_boundaries=0 1 2
cat_threshold=10 4
is_linear=0
shrinkage=0.05


Tree=145
num_leaves=31
num_cat=1
split_feature=3 3 1 0 11 3 10 7 6 6 6 10 10 0 4 6 6 10 10 6 6 7 10 3 10 4 5 4 10 10
split_gain=1.82388 0.953646 0.893734 0.547932 0.467103 0.52596 0.530733 0.547673 0.357667 0.287492 0.427838 0.309328 0.358601 0.385111 0.317169 0.370256 0.285512 0.594237 0.502811 0.363168 0.952624 1.19553 0.476288 1.28453 0.4626 0.750492 0.394434 0.386715 0.559152 0.55483
threshold=104367.94928571432 114128.79285714288 152221.16500000004 449186.14500000008 0 182387.74071428576 235.50000000000003 5.5000000000000009 8676.8176976926206 150392.42913183375 157393.97457162139 102.50000000000001 92.500000000000014 868810.3400000002 1020232.4850000002 314635.54880529764 13477.038953115489 185.50000000000003 93.500000000000014 76385.712391747584 92715.057187837127 4.5000000000000009 172.50000000000003 286942.57000000012 68.500000000000014 464517.94517857145 78113.717897721697 300836.95071428578 184.50000000000003 241.50000000000003
decision_type=2 2 2 2 1 2 2 2 2 2 2 2 2 2 2 2 2 2 2 2 2 2 2 2 2 2 2 2 2 2
left_child=-1 -2 4 16 5 6 7 -3 -6 -5 -11 12 13 -12 15 -15 17 18 -4 26 21 -21 24 -24 25 -22 -18 -25 -29 -30
right_child=1 2 3 9 8 -7 -8 -9 -10 10 11 -13 -14 14 -16 -17 19 -19 -20 20 22 -23 23 27 -26 -27 -28 28 29 -31
leaf_value=-874.2645946690011 648.54719075112882 -183.42252672875014 0.40045245615936625 -95.481126181158729 52.502316437408425 686.01776940659101 215.17618784232354 252.78091773222505 -259.02244224144391 387.200234962021 -903.5015077117904 -170.97742232446888 489.90585142722159 -531.68500704265659 -2347.0829109785582 2190.1938849544008 -1.2476498401280069 -33.723170805131886 226.15831476336999 13.81555426623683 -12.494681957143591 752.23146380861021 270.67258531531451 -435.30872142147791 -98.460950703158829 1258.4734987574293 -203.8174216992696 472.91962650521486 -15.252979283721883 126.31662596291046
leaf_weight=272 35 169 22 215 27 20 29 25 379 22 69 220 21 27 31 25 606 31 23 38 83 24 21 36 280 28 63 30 142 73
leaf_count=272 35 169 22 215 27 20 29 25 379 22 69 220 21 27 31 25 606 31 23 38 83 24 21 36 280 28 63 30 142 73
internal_value=-0.000722619 -0.000344706 -0.000448004 4.69472e-05 -0.00207242 -0.000256918 -0.000964127 -0.00190722 -0.00307692 -0.00119048 -0.000421688 -0.000801528 0.000780346 -6.57907e-05 0.00222891 0.00461538 0.000566665 0.00355263 0.00722222 0.000407302 0.00115894 0.00709677 0.000627704 0.0021192 -0.000524298 0.00220721 -0.000440958 0.00122776 0.00193877 0.00104651
internal_weight=3086 2814 2779 2130 649 243 223 194 406 630 415 393 173 152 83 52 1500 76 45 1424 755 62 693 302 391 111 669 281 245 215
internal_count=3086 2814 2779 2130 649 243 223 194 406 630 415 393 173 152 83 52 1500 76 45 1424 755 62 693 302 391 111 669 281 245 215
cat_boundaries=0 1
cat_threshold=1
is_linear=0
shrinkage=0.05


Tree=146
num_leaves=31
num_cat=1
split_feature=3 3 1 1 0 2 3 11 10 10 2 4 9 2 2 0 2 0 0 0 6 10 2 10 1 0 6 3 0 3
split_gain=1.80879 0.718231 0.723338 0.443336 0.704294 0.439181 0.43424 0.33869 0.462333 0.332016 0.318086 1.25215 0.315992 0.488181 0.379581 0.405807 0.43251 0.397585 0.3 0.285452 0.351687 0.275492 0.234626 0.259769 0.307652 0.245345 0.500925 0.294828 0.227566 0.46649
threshold=104367.94928571432 112785.08571428571 161367.42000000004 174612.23000000001 183355.71000000005 176850.83500000005 174251.78214285718 0 42.500000000000007 139.50000000000003 129389.77 134558.59517857144 1.0000000180025095e-35 128401.895 180361.31500000003 449186.14500000008 1349801.5700000001 162742.00000000003 1170112.9500000002 427699.05000000005 136501.98635866327 226.50000000000003 80961.35000000002 242.50000000000003 120546.27000000002 130407.67500000002 45901.726176719465 203666.02714285717 147310.62000000002 171654.91
decision_type=2 2 2 2 2 2 2 1 2 2 2 2 2 2 2 2 2 2 2 2 2 2 2 2 2 2 2 2 2 2
left_child=-1 -2 7 4 5 6 9 8 -3 -4 -9 -12 13 -5 17 19 21 -15 -18 -16 -21 -17 -10 24 -24 26 -26 -27 -13 -30
right_child=1 2 3 12 -6 -7 -8 10 22 -11 11 28 -14 14 15 16 18 -19 -20 20 -22 -23 23 -25 25 27 -28 -29 29 -31
leaf_value=-830.55136493555096 526.2676431669928 625.29502565527628 -108.81078289102075 622.44135030059761 -124.85064029151418 165.91458602329865 16.098744723174164 -438.95384279617559 209.43017341374386 114.63172190001677 139.81496467493244 -230.45198382175727 -99.976792080967812 148.79181576893131 8.3944301591185795 -56.14064270262125 1769.8416179578519 -272.00087218880634 -1624.4311063322994 1121.2316701858206 -71.314500284437329 -218.82929336889376 -519.71067357179425 213.66277498154952 299.37696601745 -26.410652926385765 -81.455255689264604 1385.6761873512942 42.440655554615894 -105.8312759197366
leaf_weight=272 22 35 21 25 34 26 38 191 23 23 31 147 189 25 967 427 30 103 24 26 21 70 106 24 24 38 23 20 25 56
leaf_count=272 22 35 21 25 34 26 38 191 23 23 31 147 189 25 967 427 30 103 24 26 21 70 106 24 24 38 23 20 25 56
internal_value=-0.000738822 -0.000362475 -0.000433382 5.12433e-05 0.00274648 0.00472222 0.00292683 -0.00176985 -0.000379539 -0.000454547 -0.0026087 -0.0015251 -0.000149451 6.40267e-05 -3.83946e-05 0.000175718 -0.000916517 -0.00265625 0.00333333 0.00076923 0.00457447 -0.00137827 -0.00112403 -0.00159575 -0.0021564 -0.000238096 0.00244681 -0.00241379 -0.00280702 -0.000679014
internal_weight=3086 2814 2792 2049 142 108 82 743 293 44 450 259 1907 1718 1693 1565 551 128 54 1014 47 497 258 235 211 105 47 58 228 81
internal_count=3086 2814 2792 2049 142 108 82 743 293 44 450 259 1907 1718 1693 1565 551 128 54 1014 47 497 258 235 211 105 47 58 228 81
cat_boundaries=0 1
cat_threshold=5
is_linear=0
shrinkage=0.05


Tree=147
num_leaves=31
num_cat=0
split_feature=3 3 2 0 4 2 3 1 1 6 10 5 6 2 10 10 6 1 7 0 1 10 1 3 5 10 2 3 4 5
split_gain=1.86951 0.94129 0.714375 0.596832 0.512976 0.457768 0.429436 0.705709 0.720945 0.636965 0.358407 0.793162 0.286244 0.49571 0.465647 0.436013 0.679067 0.611111 0.628205 0.38276 0.878367 0.562914 0.464088 0.427112 0.772032 0.349986 0.674667 0.880244 0.879286 1.2115
threshold=104367.94928571432 114128.79285714288 144508.52500000005 449186.14500000008 223645.53125000003 147200.40000000002 124524.91428571429 132170.73000000004 152221.16500000004 11488.061042573747 235.50000000000003 31441.735362379535 157393.97457162139 586239.86000000022 211.50000000000003 234.50000000000003 103576.81067173934 449695.39500000008 3.5000000000000004 390224.83000000002 515226.29500000004 106.50000000000001 174612.23000000001 209372.7328571429 12916.928695511595 106.50000000000001 263193.62500000006 155094.74571428573 297747.56482142868 74429.597521369942
decision_type=2 2 2 2 2 2 2 2 2 2 2 2 2 2 2 2 2 2 2 2 2 2 2 2 2 2 2 2 2 2
left_child=-1 -2 4 5 10 -4 -7 -8 -9 -10 -3 -12 13 15 -14 19 -17 18 -18 22 21 -21 23 24 -11 26 27 -24 29 -28
right_child=1 2 3 -5 -6 6 7 8 9 12 11 -13 14 -15 -16 16 17 -19 -20 20 -22 -23 25 -25 -26 -27 28 -29 -30 -31
leaf_value=-789.02379668877302 586.8356315942691 -176.96483695340839 62.609546637436907 -67.908920814782292 706.43361912228147 -46.892769454964238 415.1020171877924 -301.24680638840141 82.75024723503094 9.9664213108570081 -277.83513500169971 169.4798576355829 -169.41373536752653 96.954230232252428 96.596790619874923 -126.31871278196228 -25.566517100229092 -2267.9585990193791 292.94809777310667 2.1509147516529721 -641.63972680635015 1042.3788486057792 60.398168982956065 -128.67800622463525 162.03024368576084 -8.1713821544139176 271.5030054954704 -151.50830721192048 1.8718642160530334 12.95511602637472
leaf_weight=272 35 478 36 632 33 67 36 59 21 48 29 36 131 23 26 96 24 22 26 25 20 42 23 29 38 474 22 125 111 47
leaf_count=272 35 478 36 632 33 67 36 59 21 48 29 36 131 23 26 96 24 22 26 25 20 42 23 29 38 474 22 125 111 47
internal_value=-0.000674013 -0.000291401 -0.000394028 1.58862e-05 -0.00196181 0.000537873 0.000407165 0.00058583 0.00041201 0.000644573 -0.00232965 0.00115384 0.000510354 0.000774057 -0.00149682 0.000631398 -0.00172619 0.00194444 0.005 0.0010259 0.0041954 0.0069403 0.00072519 0.00369565 0.00546512 0.000299251 0.00155488 -0.000945947 0.00361111 0.00804348
internal_weight=3086 2814 2779 2203 576 1571 1535 1468 1432 1373 543 65 1352 1195 157 1172 168 72 50 1004 87 67 917 115 86 802 328 148 180 69
internal_count=3086 2814 2779 2203 576 1571 1535 1468 1432 1373 543 65 1352 1195 157 1172 168 72 50 1004 87 67 917 115 86 802 328 148 180 69
is_linear=0
shrinkage=0.05


Tree=148
num_leaves=31
num_cat=1
split_feature=3 1 6 3 4 11 3 10 7 6 9 0 1 4 1 7 3 1 4 3 1 1 0 10 7 0 3 4 1 1
split_gain=1.66138 0.513139 0.623637 0.589902 0.557724 0.307371 0.324396 0.48672 0.485775 0.289175 0.246707 0.271345 0.433515 0.407073 0.58472 0.337819 0.418 0.707807 0.409091 0.386379 0.30338 0.442019 0.31548 0.321047 0.299447 0.251564 0.618467 0.243434 0.326065 0.339018
threshold=104367.94928571432 161367.42000000004 12743.038189134628 114128.79285714288 173634.15517857144 0 224232.83928571432 235.50000000000003 5.5000000000000009 8676.8176976926206 1.0000000180025095e-35 339188.5500000001 537380.32500000007 289760.17017857148 383950.27000000008 3.5000000000000004 423273.4285714287 474212.97000000003 385792.8457142858 429899.63785714289 682681.61500000011 1340411.5150000004 494389.05500000005 109.50000000000001 2.5000000000000004 798871.29500000004 944443.11500000011 476945.73303571431 449695.39500000008 403110.97000000003
decision_type=2 2 2 2 2 1 2 2 2 2 2 2 2 2 2 2 2 2 2 2 2 2 2 2 2 2 2 2 2 2
left_child=-1 3 4 -2 -3 6 7 8 -5 -7 11 12 27 -13 -15 16 18 -18 -16 -17 22 24 -19 -24 -22 -21 -27 28 29 -4
right_child=1 2 10 5 -6 9 -8 -9 -10 -11 -12 13 -14 14 15 19 17 20 -20 25 21 -23 23 -25 -26 26 -28 -29 -30 -31
leaf_value=-749.57260685433403 689.69197370265545 121.14003499323599 0.68909118909029454 -94.694813109186498 -20.021042807008705 39.02241532610519 1100.2679462411468 180.98324869969622 215.43289660972138 -208.23928364335049 -73.495661122375196 235.113050682715 158.06067308210979 -220.17465336636965 16.705299044439855 58.357322746868419 2099.4785262118685 149.75039760375907 -45.663553237422271 -643.77692774817319 -664.9995473686165 2851.3116818778853 1203.073619952751 -65.128273786456248 9.9063095771083045 2014.4752704411869 -2720.6043021408996 207.5194205258415 -42.903515276263136 108.57902012809855
leaf_weight=272 29 21 830 191 20 28 33 31 27 422 196 30 37 217 33 47 23 27 66 113 97 36 23 32 33 21 55 38 30 28
leaf_count=272 29 21 830 191 20 28 33 31 27 422 196 30 37 217 33 47 23 27 66 113 97 36 23 32 33 21 55 38 30 28
internal_value=-0.000900844 -0.000540158 -0.000129081 -0.00164915 0.00597561 -0.00192623 -0.000547946 -0.00118474 -0.00201835 -0.00271739 -0.00025348 -7.15871e-05 0.000503633 -0.000720986 -0.000929527 -0.000132014 0.00081081 0.00182657 -0.0019697 -0.00161017 0.00104839 -0.000180724 0.00353658 0.00136364 -0.00153846 -0.00261905 -0.000394738 0.000291575 0.000123873 0.000303029
internal_weight=3086 2814 2053 761 41 732 282 249 218 450 2012 1816 963 853 823 606 370 271 99 236 248 166 82 55 130 189 76 926 888 858
internal_count=3086 2814 2053 761 41 732 282 249 218 450 2012 1816 963 853 823 606 370 271 99 236 248 166 82 55 130 189 76 926 888 858
cat_boundaries=0 1
cat_threshold=5
is_linear=0
shrinkage=0.05


Tree=149
num_leaves=31
num_cat=2
split_feature=1 11 10 2 5 10 10 10 10 3 6 10 11 6 1 3 5 5 5 2 6 6 3 6 5 10 2 10 5 3
split_gain=1.62855 0.690132 0.57951 0.294553 0.501876 0.252088 0.304727 0.232009 0.739247 1.03044 0.670452 0.270817 0.261978 0.601714 0.383621 0.243768 0.371318 0.2625 0.225239 0.301948 0.192992 0.555659 0.423413 0.453744 0.542108 0.669643 0.502478 0.87343 0.321595 0.31367
threshold=116704.96500000001 0 227.50000000000003 98692.750000000015 34741.368890882528 21.500000000000004 23.500000000000004 219.50000000000003 213.50000000000003 303409.37785714294 26256.308644036351 223.50000000000003 1 70537.735082849089 220791.11500000002 448650.97928571433 151344.0809054276 292071.28661657387 138146.13288717566 155175.46000000002 45901.726176719465 44395.902811311913 215496.73571428575 102807.90043296338 105817.25042322236 83.500000000000014 244732.56000000003 63.500000000000007 79901.07296397032 148912.87142857147
decision_type=2 1 2 2 2 2 2 2 2 2 2 2 1 2 2 2 2 2 2 2 2 2 2 2 2 2 2 2 2 2
left_child=1 2 3 4 -1 -2 -7 8 20 -10 -9 -12 18 -14 -15 16 -16 -17 19 -13 21 29 -22 24 26 -26 -24 -28 -29 -8
right_child=5 -3 -4 -5 -6 6 7 10 9 -11 11 12 13 14 15 17 -18 -19 -20 -21 22 -23 23 -25 25 -27 27 28 -30 -31
leaf_value=-318.06177891745142 -66.850801635537337 -658.80371436141502 237.16401061574697 -319.24409569785223 1041.1094879052387 403.71573962347702 -57.521274702948851 -133.31222460694275 529.07603848361998 -562.51799947670622 -644.30218263683457 109.1585434263734 57.626727681765715 -55.461692415649992 91.195800758749328 -1640.599844097138 69.580691779397753 251.60236324126109 11.478851182072979 -67.34320559611001 -88.575440975614157 166.08139726168821 -37.935010345002297 -31.430306619445926 -474.13830929088903 1128.9770970766067 414.90539558395494 215.50665998279226 -81.66193876829054 13.461729514157774
leaf_weight=34 78 368 20 77 35 24 257 95 29 34 28 22 32 31 85 28 23 20 29 62 180 34 118 886 21 27 34 20 43 312
leaf_count=34 78 368 20 77 35 24 257 95 29 34 28 22 32 31 85 28 23 20 29 62 180 34 118 886 21 27 34 20 43 312
internal_value=-0.00080363 -0.00331461 -0.000454547 -0.00157534 0.0007971 -0.000278214 -0.000189977 -0.000244899 -1.25325e-05 0.00531746 -0.00126374 -0.000277779 0.000120481 0.00111354 8.02127e-05 0.00108974 0.00240741 -0.001875 -0.00174797 -0.00321429 -0.000186337 0.000555554 -0.000522951 -0.000169714 0.00165399 0.00645833 0.000581394 0.00324742 -0.000238096 0.000184533
internal_weight=3086 534 166 146 69 2552 2474 2450 1995 63 455 360 332 219 187 156 108 48 113 84 1932 603 1329 1149 263 48 215 97 63 569
internal_count=3086 534 166 146 69 2552 2474 2450 1995 63 455 360 332 219 187 156 108 48 113 84 1932 603 1329 1149 263 48 215 97 63 569
cat_boundaries=0 1 2
cat_threshold=1 1
is_linear=0
shrinkage=0.05


Tree=150
num_leaves=31
num_cat=1
split_feature=2 5 10 10 11 10 10 2 3 10 2 1 2 4 5 4 2 10 9 7 6 3 5 7 6 10 4 2 2 10
split_gain=1.53164 0.502103 0.386309 0.382204 0.37429 0.376859 0.324675 0.27972 0.302506 0.302584 0.834426 0.267045 0.668324 0.59358 0.267774 0.68557 0.657027 0.396978 0.497045 0.775512 0.514286 0.41204 0.762785 0.40149 0.804762 0.335188 0.348739 0.502564 0.305455 0.347451
threshold=135223.47000000003 7644.1984385971373 50.500000000000007 52.500000000000007 0 235.50000000000003 42.500000000000007 804593.59000000008 373623.22571428574 27.500000000000004 263193.62500000006 132170.73000000004 173950.72500000003 152628.5092857143 140885.12103858995 385148.46392857149 288753.74000000005 170.50000000000003 1.0000000180025095e-35 4.5000000000000009 203900.31071073347 479529.04714285722 163323.57170830676 1.5000000000000002 157393.97457162139 67.500000000000014 738330.17464285728 546466.46000000008 672052.88000000012 232.50000000000003
decision_type=2 2 2 2 1 2 2 2 2 2 2 2 2 2 2 2 2 2 2 2 2 2 2 2 2 2 2 2 2 2
left_child=4 -2 6 -4 -1 -6 7 8 9 -3 -11 12 13 -5 28 16 -16 21 19 23 -21 -17 -23 24 -19 -24 27 -27 29 -13
right_child=1 2 3 11 5 -7 -8 -9 -10 10 -12 14 -14 -15 15 17 -18 18 -20 20 -22 22 25 -25 -26 26 -28 -29 -30 -31
leaf_value=-392.20527185814171 136.773053950887 -21.276640430392803 191.79152077093559 215.41311744047863 -80.753758187039011 149.05602455579046 -349.03342020481881 877.42967743450663 -1105.7621233177185 -60.927794703643251 133.3429644265062 -4.589841779843133 -1487.5979804485023 1209.2147249515947 -9.1213087599689668 -1541.1302212531161 198.41406555696145 73.241952083880165 -1466.453864912949 292.43221121738566 3096.1705163379593 2643.7430446157114 6400.8327860865766 -1545.133106882329 -94.140787145672107 -113.8459434220664 -465.24901183433451 5120.1010468175555 -560.0144977767751 -88.77102320689022
leaf_weight=469 20 91 22 31 217 27 72 30 56 56 31 1110 20 20 20 56 23 21 24 24 21 22 20 75 35 39 123 26 41 202
leaf_count=469 20 91 22 31 217 27 72 30 56 56 31 1110 20 20 20 56 23 21 24 24 21 22 20 75 35 39 123 26 41 202
internal_value=-0.00100854 -0.000388247 -0.000456514 -0.000189875 -0.00303647 -0.00125984 -0.00202381 -0.00121212 -0.00179487 -0.000786518 0.00132184 -0.000263698 0.00274648 0.00578431 -0.000377259 0.000576558 0.00662791 4.11511e-05 0.00175 0.00267045 0.00833333 -0.00115385 -0.000217392 0.00072519 0.00392857 -0.00115385 -0.00180851 0.00115384 -0.000750186 -0.000617379
internal_weight=3044 2331 2311 1975 713 244 336 264 234 178 87 1953 71 51 1882 529 43 486 200 176 45 286 230 131 56 208 188 65 1353 1312
internal_count=3044 2331 2311 1975 713 244 336 264 234 178 87 1953 71 51 1882 529 43 486 200 176 45 286 230 131 56 208 188 65 1353 1312
cat_boundaries=0 1
cat_threshold=10
is_linear=0
shrinkage=0.05


Tree=151
num_leaves=31
num_cat=0
split_feature=1 3 10 0 4 4 6 3 4 7 3 0 10 3 10 0 10 6 3 10 0 3 7 4 4 1 0 6 4 0
split_gain=1.37406 0.657382 0.337112 0.269811 0.251357 0.317404 0.960626 0.371123 0.331558 1.0206 0.281354 0.288163 0.610652 0.518865 0.648508 0.370984 0.301959 0.506374 0.741951 0.517187 0.430801 0.402332 0.49625 0.543726 0.478808 0.4 0.248 0.309509 0.247365 0.333631
threshold=97422.390000000014 151041.34142857147 22.500000000000004 1326924.3800000001 92051.925357142871 148951.39517857143 11778.350834494229 134956.56000000003 154388.71630952385 1.5000000000000002 164697.03357142859 332528.43500000006 28.500000000000004 384851.28857142857 216.50000000000003 293712.02500000008 163.50000000000003 110373.15389610942 305341.66285714292 56.500000000000007 305119.35500000004 173234.00714285718 2.5000000000000004 224455.03446428574 291865.03214285721 307569.87000000005 369617.96500000003 98684.841549004734 116940.82678571431 131455.58500000002
decision_type=2 2 2 2 2 2 2 2 2 2 2 2 2 2 2 2 2 2 2 2 2 2 2 2 2 2 2 2 2 2
left_child=1 -1 -2 4 -4 7 -7 28 9 -8 -10 13 -13 16 15 -15 17 18 19 -12 21 -21 -23 -24 -25 -20 -14 -28 -6 -30
right_child=2 -3 3 -5 5 6 8 -9 10 -11 11 12 26 14 -16 -17 -18 -19 25 20 -22 22 23 24 -26 -27 27 -29 29 -31
leaf_value=-638.63672879483534 -64.215504928135374 511.70535803942278 378.59230311299416 2481.6081618718795 -308.70245073201704 201.48036109852916 1352.2431888278763 -172.98515603478234 -156.41581157081998 -20.042373468608783 -64.677775137158889 849.44692377677256 -483.38270813748932 -130.50829568476294 94.409290387809989 441.29263808815494 -26.669965444134352 -542.27089038015026 8.0702159920559584 156.85268556814623 270.08652262951927 -197.04323219872239 -26.876204318861632 1020.7890506461399 56.042212654238611 116.44114172466146 74.838069755792731 -56.035332323316737 45.109692536430629 -54.035959987457709
leaf_weight=363 99 20 20 49 34 24 30 122 56 56 106 20 125 62 22 39 308 70 20 32 40 82 86 26 38 20 27 748 167 133
leaf_count=363 99 20 20 49 34 24 30 122 56 56 106 20 125 62 22 39 308 70 20 32 40 82 86 26 38 20 27 748 167 133
internal_value=-0.00102497 -0.00382507 -0.000621948 -0.00051132 -0.00058297 -0.000627759 -0.000360826 -0.00182018 -0.000479385 0.00255814 -0.000614947 -0.000510423 -0.00114131 9.98937e-05 0.00313008 0.00143564 -0.000350243 0.000384614 0.000999999 0.000365852 0.00141447 0.000681817 -4.31046e-05 0.00166667 0.00515625 0.0075 -0.00133333 -0.001 -0.000958085 -0.000500001
internal_weight=3044 383 2661 2562 2513 2493 2037 456 2013 86 1927 1871 920 951 123 101 828 520 450 410 304 264 232 150 64 40 900 775 334 300
internal_count=3044 383 2661 2562 2513 2493 2037 456 2013 86 1927 1871 920 951 123 101 828 520 450 410 304 264 232 150 64 40 900 775 334 300
is_linear=0
shrinkage=0.05


Tree=152
num_leaves=31
num_cat=0
split_feature=2 5 1 10 10 0 3 6 6 6 10 6 1 2 10 10 1 1 2 5 5 6 6 0 3 4 3 0 0 10
split_gain=1.56329 0.50758 0.352491 0.275364 0.2921 0.308048 0.85507 0.756926 1.15346 0.561449 0.45933 0.44221 0.637141 0.392386 0.369824 0.565191 0.950618 0.586268 0.791369 0.460253 0.504297 0.46938 0.313346 0.297643 0.350664 0.728934 0.316582 0.289955 0.273794 0.284243
threshold=135223.47000000003 7644.1984385971373 161367.42000000004 25.500000000000004 28.500000000000004 332528.43500000006 355577.36071428575 161349.32619857075 137435.86740872913 112715.55988619714 175.50000000000003 125968.22431192714 398065.95000000007 251981.21500000003 164.50000000000003 56.500000000000007 132170.73000000004 295994.90000000008 314722.19000000006 13491.805258870227 10959.642039079643 101163.62310457297 23953.404157472276 1384987.7350000001 377005.93500000011 357759.90303571435 358632.83642857143 190720.65500000003 179915.96500000005 152.50000000000003
decision_type=2 2 2 2 2 2 2 2 2 2 2 2 2 2 2 2 2 2 2 2 2 2 2 2 2 2 2 2 2 2
left_child=2 -2 -1 -3 -5 6 11 8 9 -8 -11 12 14 -7 15 -6 -17 19 22 20 -18 27 -19 24 25 -15 -27 28 29 -21
right_child=1 3 -4 4 5 13 7 -9 -10 10 -12 -13 -14 23 -16 16 17 18 -20 21 -22 -23 -24 -25 -26 26 -28 -29 -30 -31
leaf_value=-265.34453473499917 137.49318975202274 -24.398862270642109 88.385666475290463 468.75301656071838 -59.485821178142082 -1541.8664477511993 444.86584928233827 -202.78446413453952 424.21173562763988 -1132.3223973635015 27.623303017437891 -1330.5640391233073 16.910536434888662 -450.07489635869518 -18.519858410174916 861.34216261668053 -67.639246343875925 138.33192265756199 -49.870016767270073 -117.61403421036965 162.49520015642884 189.27071302426825 362.82455998300043 6949.027074172207 -70.867554343129129 723.54761067726486 31.968611590945962 -124.11052925948786 25.651844834195142 8.3092389575022292
leaf_weight=675 20 117 38 25 135 103 20 46 28 24 33 50 23 67 416 21 49 22 37 99 30 31 25 34 680 23 33 97 20 23
leaf_count=675 20 117 38 25 135 103 20 46 28 24 33 50 23 67 416 21 49 22 37 99 30 31 25 34 680 23 33 97 20 23
internal_value=-0.00105782 -0.000431147 -0.00310659 -0.000499785 -0.000373748 -0.000435686 8.54341e-05 0.00360927 0.00595238 0.00279221 0.000263157 -0.000408164 -0.000184826 -0.00111702 -0.000373136 0.000432936 0.00127753 0.000773671 0.00452381 -0.000128941 0.00322785 -0.00111111 0.00882979 -0.000758663 -0.000952679 0.00150406 0.00571428 -0.00186193 -0.000422536 -0.00131148
internal_weight=3044 2331 713 2311 2194 2169 1229 151 105 77 57 1078 1028 940 1005 589 454 433 84 349 79 270 47 837 803 123 56 239 142 122
internal_count=3044 2331 713 2311 2194 2169 1229 151 105 77 57 1078 1028 940 1005 589 454 433 84 349 79 270 47 837 803 123 56 239 142 122
is_linear=0
shrinkage=0.05


Tree=153
num_leaves=31
num_cat=1
split_feature=1 6 10 2 0 2 2 10 2 0 0 1 6 1 10 10 11 6 1 10 0 0 10 10 3 2 3 7 7 6
split_gain=1.39503 0.464139 0.383822 0.246006 0.538815 0.435293 0.37425 0.237863 0.236616 0.41169 0.420965 0.421341 0.977931 0.820352 0.855022 0.568356 0.394216 0.608745 0.446219 0.521713 0.393193 0.363636 0.33199 1.16405 0.5464 0.481742 0.712372 0.475338 0.853333 0.72
threshold=96982.175000000003 46507.085542017601 25.500000000000004 1122558.9650000001 922493.13000000012 804593.59000000008 950324.20000000007 135.50000000000003 715226.3600000001 771630.27000000014 641841.67000000016 388154.28000000009 118969.01629422152 440523.68500000006 73.500000000000014 247.50000000000003 0 102807.90043296338 259784.71000000002 199.50000000000003 357901.85000000003 420963.16000000009 128.50000000000003 121.50000000000001 170582.22500000003 314722.19000000006 221093.87285714291 2.5000000000000004 3.5000000000000004 78230.717870149907
decision_type=2 2 2 2 2 2 2 2 2 2 2 2 2 2 2 2 1 2 2 2 2 2 2 2 2 2 2 2 2 2
left_child=1 -1 -2 4 8 -6 -7 -3 9 10 11 16 13 20 -15 -14 18 22 -4 -20 -13 -21 23 25 -25 26 -18 -28 -29 -30
right_child=2 7 3 -5 5 6 -8 -9 -10 -11 -12 12 15 14 -16 -17 17 -19 19 21 -22 -23 -24 24 -26 -27 27 28 29 -31
leaf_value=-611.12176701302985 -59.784803458402934 479.84198943961957 332.73847011126827 -225.17379423022899 60.675699068214819 7636.1864396413503 560.46784539772318 -739.32709124538428 -414.35667780722997 5697.8991639985215 -522.98829590701223 397.58602083541365 -18.850243323545524 31.519143375183827 -50.257418254722417 173.85151677676618 -57.819900761160397 -486.81209451369688 -408.5235833374411 259.30766282700159 261.52980929050648 -34.794294461932829 -15.387603399547906 262.06429614064973 1059.8750317691745 -178.17789120051225 -172.41109062979896 762.56397713638955 -33.222111063992799 213.45109872925323
leaf_weight=329 139 20 53 98 50 21 26 21 113 22 51 23 288 24 59 26 327 223 70 22 24 22 744 21 20 50 58 25 45 30
leaf_count=329 139 20 53 98 50 21 26 21 113 22 51 23 288 24 59 26 327 223 70 22 24 22 744 21 20 50 58 25 45 30
internal_value=-0.00104139 -0.00391892 -0.000643232 -0.00050296 -0.000404187 0.00324742 0.00670213 0.00109756 -0.000555557 -0.0004423 -0.000510205 -0.000403901 0.000968467 0.00461538 0.0016265 -0.000541402 -0.000760235 -0.00100773 0.00149717 -0.00017544 0.00989362 0.00409091 -0.000606062 0.000295138 0.00841463 -0.000327104 0.000154638 0.00291139 0.005 0.00233333
internal_weight=3044 370 2674 2535 2437 97 47 41 2340 2227 2205 2154 444 130 83 314 1710 1543 167 114 47 44 1320 576 41 535 485 158 100 75
internal_count=3044 370 2674 2535 2437 97 47 41 2340 2227 2205 2154 444 130 83 314 1710 1543 167 114 47 44 1320 576 41 535 485 158 100 75
cat_boundaries=0 1
cat_threshold=4
is_linear=0
shrinkage=0.05


Tree=154
num_leaves=31
num_cat=0
split_feature=2 6 6 7 6 4 2 2 0 2 5 5 0 4 2 7 3 0 0 4 0 2 2 2 3 0 3 0 6 0
split_gain=0.976501 0.807704 0.48 0.325805 0.466263 0.252364 0.393939 0.249449 0.490441 0.431282 0.523716 0.317213 0.252286 0.582841 0.550353 0.3 0.262601 0.462016 0.30648 0.932401 0.248016 0.239098 0.394935 0.229451 0.223029 0.212679 0.340357 0.251934 0.315977 0.222618
threshold=144508.52500000005 11355.406770350948 9839.8124710019456 5.5000000000000009 34958.101065373776 91465.769285714297 88960.73000000001 1122558.9650000001 922493.13000000012 804593.59000000008 371384.67775465845 237310.62769588534 130407.67500000002 224455.03446428574 156663.87500000003 5.5000000000000009 750621.0357142858 641841.67000000016 582636.63500000013 476945.73303571431 152310.35000000003 715226.3600000001 651454.24500000023 586239.86000000022 121438.68285714288 84908.630000000019 112785.08571428571 96982.175000000003 43550.39716654404 326744.49500000005
decision_type=2 2 2 2 2 2 2 2 2 2 2 2 2 2 2 2 2 2 2 2 2 2 2 2 2 2 2 2 2 2
left_child=2 20 5 25 -5 6 -1 8 11 23 -11 12 13 14 -3 -16 17 18 21 -20 -2 22 24 -10 -14 -4 -27 28 -28 -29
right_child=1 7 3 4 -6 -7 -8 -9 9 10 -12 -13 16 -15 15 -17 -18 -19 19 -21 -22 -23 -24 -25 -26 26 27 29 -30 -31
leaf_value=-1089.693225287672 93.219840895479635 202.30745407597874 -340.36360007305586 -215.8131864597209 468.2291365460253 -445.16206660549869 40.553593997769205 -331.20453510661559 2061.5367480774721 6358.6523946485659 -300.0503626695849 -284.51426691137789 -33.32400821311893 821.16588205330288 -365.22520841936063 4.0877922166639786 3560.1261227333252 -364.20291959883713 -1403.7198500619852 2697.4519374142451 197.04281477501465 -2240.1818079257 9.8978504341037024 -3720.4354920513451 -7.0151708008052358 332.7379452657529 -265.06397375787697 -154.18361967709333 52.732508702738372 474.50818581717323
leaf_weight=26 21 21 82 26 32 246 22 103 24 29 20 115 30 21 40 20 20 62 26 22 24 32 23 29 1516 29 38 293 32 20
leaf_count=26 21 21 82 26 32 246 22 103 24 29 20 115 30 21 40 20 20 62 26 22 24 32 23 29 1516 29 38 293 32 20
internal_value=-0.00107425 -0.000518655 -0.00251773 -0.00164855 0.00189655 -0.00414966 -0.000833335 -0.000657224 -0.000536587 0.00284314 0.00622449 -0.000713554 -0.000553738 0.00186274 -6.17296e-05 -0.0025 -0.000696131 -0.000762713 -0.000603397 0.00333333 0.00611111 -0.000721425 -0.000634163 -0.00028302 -0.00073092 -0.00206478 -0.00160194 -0.00199739 0.000714285 -0.00260384
internal_weight=3044 2198 846 552 58 294 48 2153 2050 102 49 1948 1833 102 81 60 1731 1711 1649 48 45 1601 1569 53 1546 494 412 383 70 313
internal_count=3044 2198 846 552 58 294 48 2153 2050 102 49 1948 1833 102 81 60 1731 1711 1649 48 45 1601 1569 53 1546 494 412 383 70 313
is_linear=0
shrinkage=0.05


Tree=155
num_leaves=31
num_cat=0
split_feature=1 4 1 4 5 0 7 7 0 6 1 5 0 4 3 4 6 4 6 4 0 2 5 1 5 5 5 3 0 3
split_gain=1.30336 0.241415 0.607798 0.561212 0.400693 0.851877 0.384216 0.354868 0.438138 0.79819 0.366342 0.668027 0.35155 0.37753 0.401368 0.512507 0.626812 0.83728 0.31506 0.344048 0.302459 0.412941 0.274219 1.22256 1.02617 0.523653 0.453567 0.602696 0.271368 0.382511
threshold=97422.390000000014 134558.59517857144 136164.27500000005 125534.11964285716 41835.934761459641 91936.055000000008 1.0000000180025095e-35 3.5000000000000004 128401.895 11235.215696525898 304223.69000000006 19376.400143079536 142611.07500000004 414646.92553571431 283542.07142857148 286684.47232142865 71047.26365873059 174474.69571428574 14282.094253043097 175375.88928571434 119653.40500000001 181105.11500000002 164836.42297550617 568239.64000000001 139335.16524784229 407298.74586677196 130881.20134415502 444401.80285714293 453330.6750000001 299948.86500000005
decision_type=2 2 2 2 2 2 2 2 2 2 2 2 2 2 2 2 2 2 2 2 2 2 2 2 2 2 2 2 2 2
left_child=-1 3 -3 4 6 -6 -2 8 -4 -10 12 -12 -11 14 15 16 17 -14 -19 -20 -7 -22 23 26 -25 -24 27 28 29 -13
right_child=1 2 7 -5 5 20 -8 -9 9 10 11 22 13 -15 -16 -17 -18 18 19 -21 21 -23 25 24 -26 -27 -28 -29 -30 -31
leaf_value=-516.68040430213205 172.6812684457974 -150.21942536140153 -150.40474791655376 86.898645738091602 192.19203689641631 -155.6057744371148 -126.56702507178541 -22.376335594898716 204.53584579643575 15.467758196196982 167.56355598594303 -84.328769904988079 -27.942528133274546 272.5288664867079 -356.9669058772696 187.12462178714244 -333.38973471964607 -175.40493064645347 172.29415163514358 241.90329695209812 78.080885126864075 -139.81478222365303 -53.354736813719619 231.99521556964874 3707.8302482368381 4253.8712282229708 -415.28510038028935 512.64084509550264 -162.24573697023772 29.887659144418691
leaf_weight=396 28 182 56 22 21 42 123 954 35 25 20 54 107 33 193 20 66 22 21 35 23 26 206 36 31 42 52 32 51 100
leaf_count=396 28 182 56 22 21 42 123 954 35 25 20 54 107 33 193 20 66 22 21 35 23 26 206 36 31 42 52 32 51 100
internal_value=-0.000808777 -0.000410084 -0.000575222 0.000964911 0.000323193 0.00258928 -0.00135762 -0.000344593 0.000214227 0.000419135 0.000191971 0.00100961 -0.000785442 -0.00107646 -0.00144397 -0.000202953 -0.000816734 0.000675674 0.00461538 0.00660714 0.000494504 0.00316326 0.000711919 0.00160112 0.00768657 -0.000564517 0.00019031 0.00111814 0.00012195 0.00116883
internal_weight=3054 2658 2373 285 263 112 151 2191 1237 1181 1146 624 522 497 464 271 251 185 78 56 91 49 604 356 67 248 289 237 205 154
internal_count=3054 2658 2373 285 263 112 151 2191 1237 1181 1146 624 522 497 464 271 251 185 78 56 91 49 604 356 67 248 289 237 205 154
is_linear=0
shrinkage=0.05


Tree=156
num_leaves=31
num_cat=0
split_feature=1 6 4 6 1 0 2 1 10 1 7 1 5 10 0 6 2 10 5 2 5 5 5 10 5 2 1 7 2 10
split_gain=1.0847 0.4345 0.534181 0.437673 0.603835 0.352734 0.289286 0.263941 0.430086 0.751111 0.377066 0.372638 0.310532 0.474787 0.432329 0.934618 0.905356 0.534195 0.357979 0.647401 0.9 0.524584 0.499424 0.406342 0.344421 0.309198 0.622446 0.715688 0.902127 0.295319
threshold=92318.240000000005 9839.8124710019456 117809.06250000001 10936.394521872739 136164.27500000005 142611.07500000004 120477.31000000001 149068.74500000002 235.50000000000003 121612.50000000001 4.5000000000000009 125838.80000000002 64480.660948386096 161.50000000000003 742958.30500000005 364628.79054146173 570289.31000000017 54.500000000000007 125344.4409958035 516985.39500000008 108516.60207817449 149492.29939356982 120328.82646153282 172.50000000000003 60221.238444549301 195687.98500000002 304223.69000000006 3.5000000000000004 314722.19000000006 238.50000000000003
decision_type=2 2 2 2 2 2 2 2 2 2 2 2 2 2 2 2 2 2 2 2 2 2 2 2 2 2 2 2 2 2
left_child=-1 5 6 4 -4 -2 -3 8 10 -10 -5 -12 24 14 -14 16 -16 -18 19 22 -21 -20 23 -15 25 -9 -27 28 -28 -23
right_child=1 2 3 7 -6 -7 -8 12 9 -11 11 -13 13 18 15 -17 17 -19 21 20 -22 29 -24 -25 -26 26 27 -29 -30 -31
leaf_value=-593.00715326566353 -215.60439131763425 878.2494353991824 -142.9559469684917 -181.87480117952873 180.60921524837755 16.149906090253442 0.57060112058409229 21.262055129274081 200.45542084284841 -82.359766473566566 70.955072970077097 -69.301098495547379 -65.289652642219068 318.25476069439424 6877.4421857283269 -1874.8900156218815 601.7430452108382 -353.72540057401875 -75.941597821487903 603.76934656792798 -14.170904028544641 89.030060565189785 342.80825981515392 -16.5643372937331 54.937447563070947 -108.9562043866044 106.16584063344929 -230.72185004682069 1.3820091404496173 -46.242341782269847
leaf_weight=289 162 21 20 235 29 27 24 294 20 25 39 57 699 22 23 75 30 58 124 20 20 164 24 202 27 184 21 33 40 46
leaf_count=289 162 21 20 235 29 27 24 294 20 25 39 57 699 22 23 75 30 58 124 20 20 164 24 202 27 184 21 33 40 46
internal_value=-0.000874264 -0.000569621 -0.000399846 -0.000495853 0.00418367 -0.0028836 0.005 -0.000588236 -0.00180851 0.00277778 -0.00243203 0.000208332 -0.000370372 -0.000753153 -0.00149718 0.00064516 0.00355856 0.00125 0.000305465 0.00159722 0.0075 -0.000808384 0.00064516 -8.92869e-05 0.000592653 0.000332167 -0.000863311 0.00244681 0.00565574 0.000714285
internal_weight=3054 2765 2576 2531 49 189 45 2482 376 45 331 96 2106 1507 885 186 111 88 622 288 40 334 248 224 599 572 278 94 61 210
internal_count=3054 2765 2576 2531 49 189 45 2482 376 45 331 96 2106 1507 885 186 111 88 622 288 40 334 248 224 599 572 278 94 61 210
is_linear=0
shrinkage=0.05


Tree=157
num_leaves=31
num_cat=0
split_feature=3 3 1 10 0 3 6 6 7 0 1 10 10 1 10 10 10 3 1 6 3 7 10 3 5 0 1 10 6 10
split_gain=1.20145 0.301551 0.497148 0.343459 0.307044 0.665957 0.605224 0.750994 0.857909 0.742252 0.559877 0.465439 0.740957 0.458624 0.454641 0.29283 1.66573 0.682527 0.70167 0.412146 0.631227 0.390265 0.482773 0.418296 0.52951 0.654493 0.433282 0.472614 0.361051 0.307583
threshold=96095.821428571435 115243.72857142858 92318.240000000005 21.500000000000004 742958.30500000005 1109623.6864285718 161349.32619857075 150392.42913183375 3.5000000000000004 449186.14500000008 869690.97500000021 60.500000000000007 130.50000000000003 726605.24000000011 86.500000000000014 124.50000000000001 121.50000000000001 123419.90785714287 165720.92000000001 99544.252073323514 293963.87714285718 5.5000000000000009 70.500000000000014 158581.32642857145 62203.770036301787 166863.00000000003 298795.71000000002 93.500000000000014 36254.742854633783 69.500000000000014
decision_type=2 2 2 2 2 2 2 2 2 2 2 2 2 2 2 2 2 2 2 2 2 2 2 2 2 2 2 2 2 2
left_child=-1 -2 -3 -4 6 10 7 9 -9 15 13 -12 -13 14 -6 16 21 18 28 -19 -21 23 -23 -5 25 -25 27 -27 -17 -28
right_child=1 2 3 4 5 -7 -8 8 -10 -11 11 12 -14 -15 -16 17 -18 19 -20 20 -22 22 -24 24 -26 26 29 -29 -30 -31
leaf_value=-551.58571813694198 43.669930289606221 -553.77421507479016 -201.49564162758543 -112.32252364561947 5758.2554992619298 -1514.6689232663525 -104.24295684575846 1126.5538792512518 -2.403611630676274 -164.34296665241735 5065.9906617927491 -1382.4083021748747 3789.4718567105601 -1437.5063122806564 -509.66282890984706 207.48780893246513 713.54459496511265 -44.650131758889096 54.338660548442924 222.72221823832137 -10.116230631014183 82.730905977446028 -17.810803985343547 27.76566126708461 -50.640403674261279 -164.69615950987077 131.93767929620765 71.579391700088152 -48.759732259056371 -2.7228535420415234
leaf_weight=239 71 118 77 177 22 87 307 31 33 199 23 23 28 26 34 22 20 654 21 33 271 58 46 31 235 57 20 25 43 23
leaf_count=239 71 118 77 177 22 87 307 31 33 199 23 23 28 26 34 22 20 654 21 33 271 58 46 31 235 57 20 25 43 23
internal_value=-0.000759661 -0.000470694 -0.000553937 -0.000411273 -0.000311888 0.0013786 -0.000490027 -0.000172587 0.00515625 -0.000348838 0.00333333 0.00648649 0.00382353 0.000487804 0.00303571 -1.72823e-05 0.000780346 -0.000545978 0.00372093 -0.00092902 0.000592104 0.000357142 0.00317308 -0.000158452 0.000754475 0.00301282 0.0014 -0.000731709 0.00115384 0.00546512
internal_weight=3054 2815 2744 2626 2549 243 2306 1999 64 1935 156 74 51 82 56 1736 692 1044 86 958 304 672 104 568 391 156 125 82 65 43
internal_count=3054 2815 2744 2626 2549 243 2306 1999 64 1935 156 74 51 82 56 1736 692 1044 86 958 304 672 104 568 391 156 125 82 65 43
is_linear=0
shrinkage=0.05


Tree=158
num_leaves=31
num_cat=0
split_feature=3 3 1 10 10 7 3 1 6 1 5 10 10 6 0 10 1 6 1 0 0 0 5 10 6 5 1 1 0 10
split_gain=1.14435 0.31843 0.348986 0.304505 0.677779 0.4904 0.39994 0.571712 0.493857 0.317794 0.663402 0.280621 0.252082 0.241824 1.01022 0.256716 0.240298 0.519393 0.284861 0.720366 0.404271 0.488207 0.389607 0.365054 0.3772 0.499396 0.345933 0.706403 0.634921 0.312374
threshold=96095.821428571435 115243.72857142858 92318.240000000005 35.500000000000007 42.500000000000007 3.5000000000000004 123419.90785714287 173938.28500000003 36254.742854633783 187290.01500000004 40204.572716459974 48.500000000000007 246.50000000000003 10936.394521872739 142611.07500000004 125.50000000000001 1340411.5150000004 388326.90521691699 726605.24000000011 902965.40000000014 489052.80000000005 463300.02500000008 132039.35559258223 242.50000000000003 172782.68422723815 180203.9220039123 161367.42000000004 168962.67000000001 172947.27000000005 65.500000000000014
decision_type=2 2 2 2 2 2 2 2 2 2 2 2 2 2 2 2 2 2 2 2 2 2 2 2 2 2 2 2 2 2
left_child=-1 -2 -3 9 5 -5 7 8 -6 -4 -11 -8 13 14 15 -13 18 -18 19 20 21 23 -23 24 25 26 29 28 -28 -15
right_child=1 2 3 4 6 -7 11 -9 -10 10 -12 12 -14 16 -16 -17 17 -19 -20 -21 -22 22 -24 -25 -26 -27 27 -29 -30 -31
leaf_value=-524.00643223009524 41.486433775126159 -526.08550432105096 -192.18712241254028 -15.08671982119353 155.52274471556746 344.15114033992472 -180.33949357471761 58.886721840607414 -65.5812385042085 300.1284829913206 -229.20460959846361 58.839593776052801 -52.055471179653516 48.146233923223036 154.33354230241949 -141.38620092810797 3371.2934284723679 -2577.4049949712389 -273.25674713402691 6886.9870853765751 -122.31994448481167 -1.2540124625021485 518.89415267134837 131.49344529332805 -817.74934784197023 152.27018069394316 21.166821214093993 -7.7727062940985467 -4.6613357079672166 -188.77055308365334
leaf_weight=239 71 118 73 36 32 32 57 20 72 20 129 36 173 33 31 42 22 29 167 34 211 21 25 30 101 20 24 885 21 250
leaf_count=239 71 118 73 36 32 32 57 20 72 20 129 36 173 33 31 42 22 29 167 34 211 21 25 30 101 20 24 885 21 250
internal_value=-0.000841521 -0.000559504 -0.000645045 -0.000525515 -0.000361898 0.00455882 -0.000505138 0.00225806 0.00076923 -0.0022973 -0.000973156 -0.000660037 -0.000568447 -0.000408679 0.00188073 -0.00115385 -0.000541913 0.00284314 -0.000636664 -0.000438068 -0.000589144 -0.000283689 0.00478261 -0.000454547 -0.000577213 -0.000336579 -0.000465788 -1.19209e-09 0.00611111 -0.00199647
internal_weight=3054 2815 2744 2626 2404 68 2336 124 104 222 149 2212 2155 1982 109 78 1873 51 1822 1655 1621 1410 46 1364 1334 1233 1213 930 45 283
internal_count=3054 2815 2744 2626 2404 68 2336 124 104 222 149 2212 2155 1982 109 78 1873 51 1822 1655 1621 1410 46 1364 1334 1233 1213 930 45 283
is_linear=0
shrinkage=0.05


Tree=159
num_leaves=31
num_cat=1
split_feature=1 4 0 5 1 11 5 6 6 0 6 6 1 1 1 7 5 5 1 1 2 5 6 0 0 6 0 1 7 0
split_gain=1.09607 0.633901 0.865101 0.716029 0.483338 0.476395 0.368519 0.515992 1.5638 0.34832 0.707355 1.1723 0.356162 1.02081 0.98873 0.494066 0.345388 0.519943 0.856637 0.332826 0.424298 0.367882 0.468983 0.303282 0.367967 0.293101 0.398101 0.603835 0.412698 0.279841
threshold=110073.395 134558.59517857144 87731.375000000015 24706.05323373757 136164.27500000005 0 64480.660948386096 68069.032986903228 89262.492570594928 138480.01000000004 11355.406770350948 10002.938648931124 152221.16500000004 166583.71000000002 161367.42000000004 4.5000000000000009 87869.833572332165 91976.740660490977 327504.38500000007 298795.71000000002 272157.78500000009 19376.400143079536 24553.044512361008 137770.52500000002 287155.59500000003 31973.474451421349 108341.98500000002 97422.390000000014 3.5000000000000004 108341.98500000002
decision_type=2 2 2 2 2 1 2 2 2 2 2 2 2 2 2 2 2 2 2 2 2 2 2 2 2 2 2 2 2 2
left_child=5 2 -2 -4 -3 25 7 9 -9 -6 11 -11 -12 14 -14 19 23 18 -18 20 -15 -21 -23 -8 -25 -1 27 -27 -28 -5
right_child=1 4 3 29 6 -7 16 8 -10 10 12 -13 13 15 -16 -17 17 -19 -20 21 -22 22 -24 24 -26 26 28 -29 -30 -31
leaf_value=-829.19008485469465 124.04484611288572 -129.43548077375027 194.00382972198918 -142.47442522494853 -142.51815805834445 -444.59597117265997 12.416569083903461 656.94297939162925 -178.01021526884733 2.6385204204441797 -256.24129821942455 258.56905839603826 5.9155611564034256 10.507277576350177 119.12463798830552 -87.966716343183748 -18.167971731601906 -28.539371371876747 283.75575531198518 214.1707024815768 -430.2744889469368 8.4481145600668892 -241.05548123583856 -321.35215618059385 -3.8955083937790342 367.32760767761863 -506.70668198821517 -174.97840539041374 192.81022194464688 17.755830524091401
leaf_weight=27 25 167 20 39 76 351 26 26 34 38 34 23 33 141 23 104 41 1202 20 27 43 31 21 142 106 29 39 20 24 122
leaf_count=27 25 167 20 39 76 351 26 26 34 38 34 23 33 141 23 104 41 1202 20 27 43 31 21 142 106 29 39 20 24 122
internal_value=-0.000792405 -0.000378316 0.00228155 0.00107735 -0.000610688 -0.00295918 -0.000413055 0.000581039 0.005 0.000134679 0.000598454 0.00565574 -7.65876e-05 0.000319148 0.00660714 -0.000640328 -0.000836045 -0.000486937 0.00401639 0.000513307 -0.000652175 0.00322785 0.00076923 -0.00244526 -0.00298387 -0.000302015 0.00080357 0.00418367 -0.0018254 -3.10571e-05
internal_weight=3054 2564 206 181 2358 490 2191 654 60 594 518 61 457 423 56 367 1537 1263 61 263 184 79 52 274 248 139 112 49 63 161
internal_count=3054 2564 206 181 2358 490 2191 654 60 594 518 61 457 423 56 367 1537 1263 61 263 184 79 52 274 248 139 112 49 63 161
cat_boundaries=0 1
cat_threshold=1
is_linear=0
shrinkage=0.05


Tree=160
num_leaves=31
num_cat=0
split_feature=4 4 2 7 4 4 1 6 0 10 0 6 0 2 1 2 10 6 0 6 2 0 6 6 3 10 1 0 0 0
split_gain=1.40064 0.486178 0.4274 0.859993 0.67498 1.74985 0.635338 0.526003 0.489211 0.469641 0.48285 0.440423 0.297641 0.310082 0.29447 0.351572 0.716613 0.461337 0.396601 0.388635 0.351179 0.382379 0.465262 0.544283 0.387916 0.653427 0.45839 0.610663 1.51231 0.424469
threshold=119907.76926948053 385792.8457142858 129389.77 2.5000000000000004 134558.59517857144 125017.97535714287 86154.595000000016 9839.8124710019456 136326.89500000002 180.50000000000003 95836.580000000016 43550.39716654404 176555.30000000002 163746.75000000003 115232.09500000002 285888.22500000003 41.500000000000007 21382.929823183124 473850.27500000008 10541.311884115556 145611.20000000004 436138.15500000009 107906.13446047829 125262.425585351 174948.72214285718 225.50000000000003 203052.28000000003 159469.98500000002 139266.34500000003 299583.55000000005
decision_type=2 2 2 2 2 2 2 2 2 2 2 2 2 2 2 2 2 2 2 2 2 2 2 2 2 2 2 2 2 2
left_child=-1 2 3 -2 5 8 -5 -6 -4 10 -8 -11 -3 -14 -9 19 -17 -18 -19 -16 -21 22 24 -24 25 26 27 28 -22 -26
right_child=1 12 4 6 7 -7 9 14 -10 11 -12 -13 13 -15 15 16 17 18 -20 20 21 -23 23 -25 29 -27 -28 -29 -30 -31
leaf_value=-366.18079549518768 -528.09930119664546 27.816348486843594 53.392398918113273 399.54191030200286 -115.42012927862946 194.72752947954723 22.222238367091588 557.13136688247039 -57.151723082182187 -52.906767953515853 -378.56598455103813 60.828234605883125 2958.5239897072433 -51.262973528413653 83.543553366428952 76.071735758822655 70.805632498927991 -6.6317854244342174 214.2134399605207 -141.00276912116439 -46.198452538111326 -1157.566725202327 218.79188519723562 -587.14768434801272 -49.534909367264937 -87.489810183765414 -542.71207440751721 18.672455530204552 431.19426672857384 123.26224551231415
leaf_weight=360 153 20 38 21 75 23 33 28 50 38 58 21 20 957 28 65 24 293 27 87 26 35 27 23 348 43 26 101 21 47
leaf_count=360 153 20 38 21 75 23 33 28 50 38 58 21 20 957 28 65 24 293 27 87 26 35 27 23 348 43 26 101 21 47
internal_value=-0.000539154 -0.000156024 0.000343944 -0.0012963 0.000714285 0.00445946 0.00114035 0.000400301 0.00125 -1.19209e-09 -0.00225275 0.00347458 -0.00103812 -0.00116172 0.000644514 0.000528254 0.00172372 0.000813952 0.000312499 -7.38928e-05 -0.000280613 9.32556e-05 0.000362537 0.005 -1.63411e-05 0.00168203 0.00304598 0.00412162 0.00882979 -0.000949368
internal_weight=3116 2756 1759 324 1435 111 171 1324 88 150 91 59 997 977 1249 1221 409 344 320 812 784 697 662 50 612 217 174 148 47 395
internal_count=3116 2756 1759 324 1435 111 171 1324 88 150 91 59 997 977 1249 1221 409 344 320 812 784 697 662 50 612 217 174 148 47 395
is_linear=0
shrinkage=0.05


Tree=161
num_leaves=31
num_cat=1
split_feature=2 4 4 3 0 2 2 10 10 1 2 2 0 10 3 1 10 10 0 4 3 4 3 10 11 10 10 3 2 3
split_gain=1.16062 0.437806 0.365379 0.454716 0.34797 0.652497 0.391296 0.404017 0.435135 0.370686 0.457934 0.616664 0.605697 0.588216 0.350401 0.504012 0.345098 0.66 0.298653 0.298097 1.00023 0.617967 0.423533 1.02344 0.44549 0.638831 0.621227 0.660802 0.527675 0.459988
threshold=95836.580000000016 387813.85142857145 91271.17357142859 104367.94928571432 222265.33500000005 475497.74000000005 195687.98500000002 213.50000000000003 159.50000000000003 407176.96500000003 1028137.0450000002 687025.37000000011 489052.80000000005 189.50000000000003 498526.83071428578 604275.45000000007 103.50000000000001 76.500000000000014 1170112.9500000002 134558.59517857144 131836.65642857147 144211.53589285715 151041.34142857147 210.50000000000003 0 123.50000000000001 93.500000000000014 297238.75642857148 214222.48500000002 298209.21500000008
decision_type=2 2 2 2 2 2 2 2 2 2 2 2 2 2 2 2 2 2 2 2 2 2 2 2 1 2 2 2 2 2
left_child=-1 2 -2 -4 5 -3 -6 8 14 -10 11 12 13 -11 -8 16 17 -16 -17 20 -5 -21 23 -23 25 26 29 -28 -26 -24
right_child=1 4 3 19 6 -7 7 -9 9 10 -12 -13 -14 -15 15 18 -18 -19 -20 21 -22 22 24 -25 28 -27 27 -29 -30 -31
leaf_value=-392.46980382310426 283.51003934652061 -43.164384196097757 -424.51567222432408 13.473906996976325 1809.9334421971578 126.87438130766137 -385.71889094252111 -198.56216923599993 -42.642428285930549 434.2508365617494 -3478.4423632399444 6878.0495836582559 -69.66411701437994 -19.140971829986039 -17.603713831734733 -67.37759213775297 -260.54631383199234 1883.8801612017346 -3282.5666440465097 -122.26265847604925 272.57570321776802 9.6565219680068903 -11.691947955666079 406.62763468580636 -95.736664267190179 -3.1546447408834126 592.49131397119174 26.084807974946997 10.616239100786709 60.020797909890113
leaf_weight=353 21 21 40 243 25 20 165 205 77 29 28 21 40 28 30 167 30 25 57 186 24 69 113 22 311 265 31 33 379 58
leaf_count=353 21 21 40 243 25 20 165 205 77 29 28 21 40 28 30 167 30 25 57 186 24 69 113 22 311 265 31 33 379 58
internal_value=-0.000458923 -0.000114008 0.000348188 0.000270574 -0.000971076 0.00353658 -0.00117044 -0.00134146 -0.000767577 0.00105381 0.00253425 0.0038983 0.00221649 0.00552631 -0.00162447 -0.000631069 0.00264706 0.005 -0.001875 0.000392156 0.00192884 0.000112473 0.000503512 0.00379121 0.0002521 0.00137255 0.00329787 0.0075 -0.00057143 0.00172515
internal_weight=3116 2763 1795 1774 968 41 927 902 697 223 146 118 97 57 474 309 85 55 224 1734 267 1467 1281 91 1190 500 235 64 690 171
internal_count=3116 2763 1795 1774 968 41 927 902 697 223 146 118 97 57 474 309 85 55 224 1734 267 1467 1281 91 1190 500 235 64 690 171
cat_boundaries=0 1
cat_threshold=12
is_linear=0
shrinkage=0.05


Tree=162
num_leaves=31
num_cat=0
split_feature=2 5 2 2 10 4 4 2 4 5 4 3 7 3 2 5 4 3 3 7 1 1 1 1 1 1 4 7 4 2
split_gain=1.01604 0.44339 0.405975 0.373279 0.422249 0.362726 1.19258 0.439432 0.381511 0.625199 0.37185 0.273278 0.662939 0.259381 0.823052 0.629762 0.326579 0.262945 1.09509 0.342324 0.622246 0.613084 0.512548 0.490978 0.61802 0.489439 0.52625 0.368271 0.83317 0.56808
threshold=95836.580000000016 110182.05823445389 160427.07000000004 131490.65000000002 242.50000000000003 134558.59517857144 125017.97535714287 181105.11500000002 123252.52321428573 42715.319169421877 136195.94571428574 132812.61642857143 1.5000000000000002 150239.20714285717 202780.73000000001 27943.878949590802 157346.85642857145 386413.44285714289 366562.88500000007 1.5000000000000002 145473.21000000002 398065.95000000007 332668.01500000007 162530.45500000005 166583.71000000002 311341.90000000008 299275.41908571433 4.5000000000000009 293537.9621428572 188404.78000000003
decision_type=2 2 2 2 2 2 2 2 2 2 2 2 2 2 2 2 2 2 2 2 2 2 2 2 2 2 2 2 2 2
left_child=-1 3 -3 4 11 6 7 8 9 -5 -7 12 -2 14 15 -12 -15 18 19 -18 -21 22 23 -22 -25 27 -27 28 29 -26
right_child=1 2 -4 5 -6 10 -8 -9 -10 -11 13 -13 -14 16 -16 -17 17 -19 -20 20 21 -23 -24 24 25 26 -28 -29 -30 -31
leaf_value=-372.84631363194927 127.35283507654343 2320.8212996726647 -53.296000122870446 9.6088168813560628 205.65472708935536 -100.3455245224398 175.81278736051661 -74.016595330311475 -351.16806866776227 133.39347397763598 -143.80476988224535 -113.90500765958721 -100.89770433609313 -159.64733263036854 -265.26937348487826 465.39675469525201 -56.011637101896611 -29.535341180734431 398.88996500417284 428.61186912614721 -139.64287458704669 188.7695117053604 -512.3327534046141 62.236923376400718 23.449349807097622 97.939435363151532 6.2088703250798467 -58.230509553741143 173.58840815111284 -187.13330711031259
leaf_weight=353 25 24 978 33 25 101 21 45 20 24 21 114 155 57 21 35 256 149 29 25 32 26 38 20 125 21 37 176 71 59
leaf_count=353 25 24 978 33 25 101 21 45 20 24 21 114 155 57 21 35 256 149 29 25 32 26 38 20 125 21 37 176 71 59
internal_value=-0.000491015 -0.000168297 -0.00100799 0.000309482 -0.00123825 0.000651871 0.00304196 0.00114754 0.00344156 0.00552631 0.000388759 -0.00176871 -0.000555557 0.000634389 0.00344156 0.00660714 0.000441569 0.000639097 0.000956283 0.00064334 0.00126984 0.000950412 0.000613125 0.00100739 0.00138507 0.00103272 0.00534483 0.000452435 0.00166667 -0.000108697
internal_weight=3116 2763 1002 1761 319 1442 143 122 77 57 1299 294 180 1198 77 56 1121 1064 915 886 630 605 579 541 509 489 58 431 255 184
internal_count=3116 2763 1002 1761 319 1442 143 122 77 57 1299 294 180 1198 77 56 1121 1064 915 886 630 605 579 541 509 489 58 431 255 184
is_linear=0
shrinkage=0.05


Tree=163
num_leaves=31
num_cat=0
split_feature=2 4 3 4 1 2 1 0 2 0 0 2 2 1 0 0 7 2 10 6 3 6 1 1 3 6 1 6 6 2
split_gain=0.825095 0.47462 0.416292 0.457362 0.364511 0.422244 0.404412 0.35599 0.652497 0.445126 0.525429 0.606657 0.342677 0.555922 0.775543 0.765344 0.804103 0.405193 0.415114 0.71096 0.38479 0.36608 0.328116 0.389547 0.306752 0.324609 0.527772 0.36401 0.317937 0.310832
threshold=95495.160000000018 91146.005535714314 94025.472857142871 387813.85142857145 92318.240000000005 92939.950000000026 94954.195000000022 222265.33500000005 475497.74000000005 287155.59500000003 305119.35500000004 196971.24000000002 144508.52500000005 100706.99000000001 87731.375000000015 92436.835000000006 3.5000000000000004 149373.40000000005 23.500000000000004 36254.742854633783 121438.68285714288 49149.38181282374 134834.28000000003 144390.91500000001 423273.4285714287 152176.35042145304 132170.73000000004 133698.11710930648 125262.425585351 156663.87500000003
decision_type=2 2 2 2 2 2 2 2 2 2 2 2 2 2 2 2 2 2 2 2 2 2 2 2 2 2 2 2 2 2
left_child=4 -2 -3 12 -1 6 -6 8 -5 -9 -11 -12 13 15 -15 -4 -17 21 19 -19 -20 -14 -16 -24 25 26 -22 28 29 -28
right_child=1 2 3 7 5 -7 -8 9 -10 10 11 -13 17 14 22 16 -18 18 20 -21 24 -23 23 -25 -26 -27 27 -29 -30 -31
leaf_value=-572.40849208313455 297.25920663449841 -407.03104245077282 -328.73592654530836 -38.34136498015004 129.99814172557387 -376.99493870333993 -80.67740945264238 -938.37319407509642 120.93454266468528 380.65420064581463 2604.0600531283885 -65.122915461460167 180.41603244333245 29.243204167016177 -199.12422847969754 -10.291769308700106 221.44519581302058 -157.56228783110598 -52.180885560285063 84.314960049714912 717.3706256524506 -5.7428737564713943 46.140198856988292 -97.201572166513614 109.06394377585173 -704.13773484659373 -174.50732579215912 172.69170990743416 -778.38503088150901 7.3668405019532761
leaf_weight=212 20 45 31 21 20 39 68 72 20 21 20 814 29 33 179 27 25 22 49 41 23 20 72 80 28 27 42 21 28 967
leaf_count=212 20 45 31 21 20 39 68 72 20 21 20 814 29 33 179 27 25 22 49 41 23 20 72 80 28 27 42 21 28 967
internal_value=-0.000458923 -0.00017465 -0.000230324 -0.000151181 -0.00278761 -0.000669293 0.00125 -0.00102273 0.00353658 -0.00122438 -0.000906434 -0.00110312 0.000332568 -0.000861299 -0.0017033 0.00283132 0.00653846 0.000744023 0.000568909 0.00452381 0.000358649 0.00520408 -0.00243203 -0.000723685 0.000545773 0.000415161 0.000550415 0.000387522 0.000255544 0.000401386
internal_weight=3116 2777 2757 2712 339 127 88 968 41 927 855 834 1744 447 364 83 52 1297 1248 63 1185 49 331 152 1136 1108 1081 1058 1037 1009
internal_count=3116 2777 2757 2712 339 127 88 968 41 927 855 834 1744 447 364 83 52 1297 1248 63 1185 49 331 152 1136 1108 1081 1058 1037 1009
is_linear=0
shrinkage=0.05


Tree=164
num_leaves=31
num_cat=1
split_feature=3 7 4 10 10 1 1 6 10 0 1 4 6 4 7 1 10 1 1 0 3 4 1 0 11 6 4 0 0 6
split_gain=0.890774 0.47608 0.714894 0.871111 0.434721 0.400758 0.388641 0.461248 0.755586 0.565269 0.331239 0.526043 1.5024 0.423077 0.387157 1.01809 0.434028 0.317117 0.312375 0.371661 0.309626 0.291039 0.77381 0.287719 0.65694 1.24523 0.544038 0.497045 0.467826 0.38915
threshold=92084.120714285731 5.5000000000000009 121971.94464285717 126.50000000000001 42.500000000000007 306049.81500000006 449695.39500000008 27377.126534717117 140.50000000000003 287155.59500000003 128088.22000000002 134558.59517857144 36888.230992773686 122659.70982142859 2.5000000000000004 86154.595000000016 236.50000000000003 164631.90500000003 181311.70500000002 224927.81500000003 221093.87285714291 91146.005535714314 90460.950000000026 343228.20500000007 0 121803.69412352426 301093.1116071429 299583.55000000005 227601.43500000003 72657.237655223566
decision_type=2 2 2 2 2 2 2 2 2 2 2 2 2 2 2 2 2 2 2 2 2 2 2 2 1 2 2 2 2 2
left_child=21 10 3 -3 5 -4 7 17 20 18 14 12 -12 -14 -2 -16 -17 -6 -10 -20 -9 22 -1 24 25 -13 27 -26 -27 -29
right_child=1 2 4 -5 6 -7 -8 8 9 -11 11 23 13 -15 15 16 -18 -19 19 -21 -22 -23 -24 -25 26 28 -28 29 -30 -31
leaf_value=-949.93252432124143 -399.28529696727583 535.33920612732311 -80.856974337227541 -5.6808598405222295 16.835651944349436 118.64800346487537 -337.77939961938506 26.806980272080622 484.47767691381478 460.61233966147847 163.30582575352597 269.73682458577576 -71.172129430433003 33.389363437034795 376.64430613614593 -94.346548767574035 178.17508977220351 -268.74657031970611 -220.25640213943035 12.871325977308823 -74.070537540989008 -440.41383292112806 429.00918744027069 -34.97624679932099 -10.092919805813491 40.014173651962004 -242.81184590667945 137.44634481423552 -6.4791275854452355 -252.46046607506324
leaf_weight=39 195 20 20 25 30 24 92 25 20 36 32 28 33 39 37 160 20 44 20 21 46 139 21 860 752 32 143 66 69 28
leaf_count=39 195 20 20 25 30 24 92 25 20 36 32 28 33 39 37 160 20 44 20 21 46 139 21 860 752 32 143 66 69 28
internal_value=-0.000507062 -0.000286254 0.00126477 0.00722222 0.000555554 0.00522727 -5.98814e-05 0.000991734 0.00244047 0.00530928 -0.00054932 -0.000292989 0.00317308 -0.000833335 -0.00184466 -0.000391706 -0.00194445 -0.0022973 0.00237705 -0.000121952 -0.00147887 -0.00374372 -0.000833335 -0.000475229 5.36661e-05 0.00327338 -0.000395397 8.27411e-05 0.000940593 0.00351064
internal_weight=3116 2917 423 45 378 44 334 242 168 97 2494 2082 104 72 412 217 180 74 61 41 71 199 60 1978 1118 129 989 846 101 94
internal_count=3116 2917 423 45 378 44 334 242 168 97 2494 2082 104 72 412 217 180 74 61 41 71 199 60 1978 1118 129 989 846 101 94
cat_boundaries=0 1
cat_threshold=4
is_linear=0
shrinkage=0.05


Tree=165
num_leaves=31
num_cat=1
split_feature=3 4 0 5 3 10 5 5 4 0 0 7 7 3 7 1 5 10 0 0 4 1 3 1 1 7 3 3 10 11
split_gain=0.961509 0.409378 0.475773 0.338286 0.326258 0.283386 0.783864 1.57036 0.394801 1.24284 0.389838 0.259094 0.26505 0.659726 0.338224 0.346963 0.289243 0.322955 0.224372 0.357155 0.213174 0.64029 0.32127 0.461262 0.951481 1.28419 0.359298 0.262019 0.337625 0.311855
threshold=92084.120714285731 498242.98232142866 81031.200000000026 6540.6358262441636 1157977.4778571432 242.50000000000003 31441.735362379535 42995.228707665905 300836.95071428578 339188.5500000001 489052.80000000005 2.5000000000000004 3.5000000000000004 920924.44071428583 4.5000000000000009 950324.20000000007 180203.9220039123 126.50000000000001 710436.27000000014 591652.38000000012 440513.60017857148 411838.23500000004 384851.28857142857 388154.28000000009 457749.13000000006 3.5000000000000004 362402.9671428572 310743.97214285721 210.50000000000003 0
decision_type=2 2 2 2 2 2 2 2 2 2 2 2 2 2 2 2 2 2 2 2 2 2 2 2 2 2 2 2 2 1
left_child=-1 2 -2 -4 11 18 -7 -8 -9 -10 -11 -3 13 -13 -14 16 -16 -18 19 20 22 -22 23 27 25 -25 -26 29 -29 -5
right_child=1 4 3 5 -6 6 7 8 9 10 -12 12 14 -15 15 -17 17 -19 -20 -21 21 -23 -24 24 26 -27 -28 28 -30 -31
leaf_value=-372.93139136237312 -440.40929810302481 -566.97739302355046 26.851397773372334 -9.5188700221876523 1919.5154274804631 -92.221997878085574 210.35907911268029 -252.28355491611521 346.69227934406922 -71.767211959962793 219.69161583496989 -464.83728836436512 -474.43274378591798 1171.8170177615648 -77.752260428015575 -2904.5188467433541 -201.75341366627487 461.55728062205003 2145.140887451445 -2332.1128010981533 609.68199199321896 -1.7180815227922008 -193.79691684124967 15.426172085871954 -376.59892048498102 195.86535890683885 17.422603811073696 -370.00597966278889 24.848935799994639 12.574450938912918
leaf_weight=200 68 182 29 1019 59 59 29 34 22 49 26 37 65 22 40 34 39 24 20 40 20 38 262 32 32 23 25 94 27 440
leaf_count=200 68 182 29 1019 59 59 29 34 22 49 26 37 65 22 40 34 39 24 20 40 20 38 262 32 32 23 25 94 27 440
internal_value=-0.00064725 -0.000415226 -0.00014238 -2.15529e-05 -0.00171315 -8.94818e-05 0.001621 0.0034375 0.00110687 0.00273196 -0.000333335 -0.00217833 -0.00116858 0.00177966 -0.0020297 -0.000620439 0.000825242 0.00293651 -0.000270271 -0.000321639 -0.000228629 0.00275862 -0.000317299 -6.5013e-05 0.00303571 0.00772727 -0.00149123 -0.000284811 -0.00252066 -9.93843e-05
internal_weight=3090 2890 2388 2320 502 2291 219 160 131 97 75 443 261 59 202 137 103 63 2072 2052 2012 58 1954 1692 112 55 57 1580 121 1459
internal_count=3090 2890 2388 2320 502 2291 219 160 131 97 75 443 261 59 202 137 103 63 2072 2052 2012 58 1954 1692 112 55 57 1580 121 1459
cat_boundaries=0 1
cat_threshold=10
is_linear=0
shrinkage=0.05


Tree=166
num_leaves=31
num_cat=0
split_feature=3 7 5 2 2 2 1 1 0 2 1 7 2 1 5 10 7 0 1 3 0 2 5 4 10 5 3 1 5 5
split_gain=1.04685 0.473872 0.420789 0.322097 0.304354 0.683598 0.303431 0.422047 0.38757 0.36187 0.357389 0.368408 0.346457 0.362623 0.5 0.359337 0.79926 0.294935 0.28204 0.463583 0.402993 0.53064 0.454156 0.611875 0.416843 0.271729 0.26604 0.805364 0.456086 0.257037
threshold=92084.120714285731 5.5000000000000009 6448.5537910596022 108071.99500000001 136949.85500000001 167756.79000000001 604275.45000000007 529638.04500000004 390224.83000000002 755449.18500000017 1340411.5150000004 2.5000000000000004 96982.175000000003 93625.795000000027 46739.233436995681 193.50000000000003 2.5000000000000004 542636.96000000008 183060.98000000001 209372.7328571429 229852.89000000004 288753.74000000005 79901.07296397032 385792.8457142858 147.50000000000003 407298.74586677196 444401.80285714293 474212.97000000003 324285.28731276351 237310.62769588534
decision_type=2 2 2 2 2 2 2 2 2 2 2 2 2 2 2 2 2 2 2 2 2 2 2 2 2 2 2 2 2 2
left_child=-1 2 -2 -3 -5 -6 7 9 -9 12 25 -12 15 14 -14 -4 -17 -10 -7 -20 -21 -22 -23 24 -24 -8 -25 -28 -29 -15
right_child=1 3 6 4 5 18 10 8 17 -11 11 -13 13 29 -16 16 -18 -19 19 20 21 22 23 26 -26 -27 27 28 -30 -31
leaf_value=-354.28482179425424 27.307220304108696 948.33172769319378 -436.9658325944248 -122.62332461347169 285.48500942036134 -75.72759979135364 -192.65756980470951 731.56287348186015 -82.183039871452763 -1921.9762526988195 4242.3947207003093 -2136.7276789790953 226.81240289751923 -5.9403796237581661 -167.97458812056965 -604.31246246647117 242.94187822872473 878.35829573789033 45.240088060925004 -74.22490498502053 53.68843869030875 -362.33041408809709 -2.8756295020402258 -416.71354929230841 68.535875148346676 297.2940527615628 542.7733627248781 -1168.0516016533049 88.55200941600873 3999.7574031004669
leaf_weight=200 22 20 147 46 34 34 252 27 36 44 28 23 25 1715 25 24 23 32 34 29 22 32 22 39 21 29 20 37 22 26
leaf_count=200 22 20 147 46 34 34 252 27 36 44 28 23 25 1715 25 24 23 32 34 29 22 32 22 39 21 29 20 37 22 26
internal_value=-0.000501619 -0.000259517 -0.000520582 0.00131068 0.000994897 0.00150289 -0.000582249 -0.000362525 0.00289474 -0.000515033 -0.00198795 0.00186274 -0.000415618 -0.000198214 0.004 -0.00242268 0.00138298 0.000882352 0.00076923 0.00129496 0.000532786 0.00127907 0.000440413 0.00152174 0.00662791 -0.00268683 -0.000338984 0.00132911 -0.00161017 -0.000318784
internal_weight=3090 2890 2478 412 392 346 2456 2124 95 2029 332 51 1985 1791 50 194 47 68 312 278 244 215 193 161 43 281 118 79 59 1741
internal_count=3090 2890 2478 412 392 346 2456 2124 95 2029 332 51 1985 1791 50 194 47 68 312 278 244 215 193 161 43 281 118 79 59 1741
is_linear=0
shrinkage=0.05


Tree=167
num_leaves=31
num_cat=0
split_feature=2 4 7 6 2 2 2 6 0 0 1 6 2 6 0 2 1 7 5 7 2 5 1 4 6 6 4 4 1 4
split_gain=1.01902 1.18083 0.574024 0.540002 1.42778 0.463511 0.811575 0.474478 0.569206 0.4488 0.446684 0.421467 0.902045 0.77739 0.704464 0.440326 0.481757 0.433501 0.525289 0.427792 0.432572 0.498547 0.488526 0.431263 1.04185 1.07963 0.496124 0.357529 1.13404 0.354552
threshold=95836.580000000016 91271.17357142859 5.5000000000000009 38761.893008739375 165776.74000000002 479878.03000000009 449917.94000000006 158938.06409719549 390224.83000000002 157985.75000000003 172583.96000000005 112715.55988619714 156663.87500000003 107906.13446047829 405023.70000000007 300053.88000000006 300308.26000000007 2.5000000000000004 23015.223570820945 3.5000000000000004 121612.50000000001 8689.2106798521982 136842.61500000002 135293.88071428574 44178.879424911276 36594.729929084751 148951.39517857143 218484.67678571431 199820.78500000003 119228.47000000002
decision_type=2 2 2 2 2 2 2 2 2 2 2 2 2 2 2 2 2 2 2 2 2 2 2 2 2 2 2 2 2 2
left_child=29 -2 11 9 -5 6 7 8 27 -4 -11 13 -13 15 -15 19 -17 18 -18 20 -3 22 -22 24 25 -21 -25 28 -6 -1
right_child=1 2 3 4 5 -7 -8 -9 -10 10 -12 12 -14 14 -16 16 17 -19 -20 23 21 -23 -24 26 -26 -27 -28 -29 -30 -31
leaf_value=-476.26293126741029 229.99493807101004 -256.53457383372768 -259.09062948240347 811.8011232267072 -147.51003175593902 -588.14547515976017 252.26190095571366 -2252.8698073497144 328.97007179984018 65.429694776660128 -193.34260741119806 326.80985454063364 -68.002129988708774 294.96539208348617 -16.615507238626535 156.11546569725931 91.300647600431375 -206.44165312410894 1.6275950234963625 82.335392802972152 -327.03109024634188 -26.608416601906278 67.976787769301694 -124.11081980021139 119.10843323067451 -331.70199645346054 7.7152799743963136 -46.050632030358344 40.006634991706619 -114.04318180137534
leaf_weight=212 21 115 50 23 34 85 20 22 28 20 33 22 900 37 25 43 20 62 69 38 27 585 31 46 22 39 238 57 27 139
leaf_count=212 21 115 50 23 34 85 20 22 28 20 33 22 900 37 25 43 20 62 69 38 27 585 31 46 22 39 238 57 27 139
internal_value=-0.000469257 -0.000144214 -0.000235468 0.00151629 0.00260135 0.00159341 0.00297872 0.00184524 0.00287671 -0.00160194 0.00160377 -0.000536871 -0.0013666 1.07361e-05 0.00548387 -0.000243447 0.00195876 0.000629138 0.00286517 -0.00061788 -0.00130607 -0.000800934 0.00362069 0.000744124 0.00358586 0.000844155 -0.00024648 0.00135593 0.00401639 -0.0030057
internal_weight=3090 2739 2718 399 296 273 188 168 146 103 53 2319 922 1397 62 1335 194 151 89 1141 758 643 58 383 99 77 284 118 61 351
internal_count=3090 2739 2718 399 296 273 188 168 146 103 53 2319 922 1397 62 1335 194 151 89 1141 758 643 58 383 99 77 284 118 61 351
is_linear=0
shrinkage=0.05


Tree=168
num_leaves=31
num_cat=0
split_feature=3 6 2 2 7 5 4 1 6 7 6 1 2 1 10 10 4 4 1 2 2 10 7 2 10 1 5 6 5 6
split_gain=0.840731 0.400768 0.635463 0.903848 0.740358 0.533293 0.491497 0.476574 0.744821 0.562917 0.54717 0.638033 0.5464 0.490093 0.436886 0.551759 0.430429 0.705458 0.387469 0.771637 0.379009 0.35199 0.333333 0.330056 0.316437 0.626528 0.289286 0.406983 0.33373 0.283605
threshold=92084.120714285731 118969.01629422152 304023.5500000001 314722.19000000006 3.5000000000000004 7318.200877185036 299015.84875000006 115232.09500000002 44395.902811311913 4.5000000000000009 75939.08489602503 241666.32000000004 225604.16500000001 93625.795000000027 74.500000000000014 86.500000000000014 135293.88071428574 120462.88339285714 457749.13000000006 463800.83000000007 321865.21000000002 38.500000000000007 4.5000000000000009 156663.87500000003 196.50000000000003 136842.61500000002 82515.176084094041 68069.032986903228 122700.24752052366 71047.26365873059
decision_type=2 2 2 2 2 2 2 2 2 2 2 2 2 2 2 2 2 2 2 2 2 2 2 2 2 2 2 2 2 2
left_child=-1 2 4 6 5 -2 -4 8 9 -6 16 12 -12 -11 21 -16 17 -9 19 20 -5 -7 -13 -3 25 -19 27 -22 -28 -17
right_child=1 23 3 18 7 14 -8 10 -10 13 11 22 -14 -15 15 29 -18 24 -20 -21 26 -23 -24 -25 -26 -27 28 -29 -30 -31
leaf_value=-322.64526235107269 65.433169579788085 255.0274264554873 173.78533681764532 -28.594643288169454 -307.93860416298003 -75.91941863298436 34.741070690089053 -76.958289966392428 386.14948210591189 -23.351909391105472 136.72233751356848 -1168.6138957312862 342.00563834384297 184.32111925734512 498.07512331674081 -11.741968880483753 -34.995961853542909 113.15301156914131 -57.157741096402098 67.649370195121847 -6.1588007195434313 -235.48887934007598 15.991764758863196 -62.723963048250823 -0.65075857032417561 25.076094280124813 -52.968723764931411 355.68705876392454 76.093725953104439 -351.8247356154381
leaf_weight=200 29 35 21 38 41 86 28 26 24 26 20 20 21 22 27 479 320 22 62 27 29 139 30 978 29 34 81 34 24 138
leaf_count=200 29 35 21 38 41 86 28 26 24 26 20 20 21 22 27 479 320 22 62 27 29 139 30 978 29 34 81 34 24 138
internal_value=-0.000614888 -0.000397925 3.46285e-05 0.00197674 -0.000401175 -0.00132517 0.0082653 0.000905511 0.00384956 0.00174157 0.000268198 0.00379121 0.00841463 0.00541667 -0.00154776 -0.000885094 -0.000475639 0.00220721 0.000932202 0.00186695 0.000825242 -0.00344445 -1.19209e-09 -0.00119941 0.00441176 0.00660714 0.00184524 0.00452381 0.000238094 -0.00119125
internal_weight=3090 2890 1877 344 1533 898 49 635 113 89 522 91 41 48 869 644 431 111 295 233 206 225 50 1013 85 56 168 63 105 617
internal_count=3090 2890 1877 344 1533 898 49 635 113 89 522 91 41 48 869 644 431 111 295 233 206 225 50 1013 85 56 168 63 105 617
is_linear=0
shrinkage=0.05


Tree=169
num_leaves=31
num_cat=0
split_feature=2 4 1 1 10 2 4 4 3 6 6 10 6 1 6 6 2 10 1 10 5 4 1 4 1 1 4 6 3 4
split_gain=0.847797 0.861505 0.392145 0.439744 0.290667 0.506264 0.268693 0.562999 0.975707 0.494819 0.938312 0.543518 0.428102 0.284717 0.25565 0.517932 0.317777 0.435511 0.303009 0.692063 0.269066 0.386571 0.451133 0.31933 0.262821 0.408835 0.4605 0.26585 0.510652 0.942308
threshold=96982.175000000003 91271.17357142859 106673.93000000001 142422.09000000003 259.50000000000006 202780.73000000001 119907.76926948053 134558.59517857144 131836.65642857147 44178.879424911276 45752.271801755422 233.50000000000003 9343.580700110957 175650.39500000005 126605.83024862045 143520.64543863767 136949.85500000001 223.50000000000003 132170.73000000004 115.50000000000001 154024.64881952255 396645.29946428578 367511.24500000005 409704.43375000008 388154.28000000009 440523.68500000006 385148.46392857149 13065.475100524882 168574.70428571431 173634.15517857144
decision_type=2 2 2 2 2 2 2 2 2 2 2 2 2 2 2 2 2 2 2 2 2 2 2 2 2 2 2 2 2 2
left_child=2 -2 -1 -4 6 -6 -3 8 9 11 -11 13 -9 -8 16 -16 17 -14 19 -18 21 24 -23 -24 27 -26 -27 28 -20 -30
right_child=1 4 3 -5 5 -7 7 12 -10 10 -12 -13 14 -15 15 -17 18 -19 20 -21 -22 22 23 -25 25 26 -28 -29 29 -31
leaf_value=-356.16619778093957 225.07999959385663 -49.06471308845844 214.67627073549806 -516.26932288906778 131.39241302336941 -11.429348428197187 -322.45239512134668 -140.27858118457922 237.80260037757267 47.489861917150272 -126.4094182422279 100.00149930962425 -198.34706006711428 17.335642111600659 -431.05365249848165 -34.888960610767747 663.1049055716544 46.113824777328979 -69.589429391177404 -619.8331971558174 -378.8549838492325 123.69241962670056 -208.45085624133364 19.595885772714432 338.87362049147174 -27.599339334147501 300.26075266308982 -7.6472294659233953 218.60536460892456 -53.93808999229482
leaf_weight=316 20 101 39 21 21 34 69 54 24 28 22 23 139 20 177 686 23 21 64 20 26 30 27 26 40 39 32 896 26 26
leaf_count=316 20 101 39 21 21 34 69 54 24 28 22 23 139 20 177 686 23 21 64 20 26 30 27 26 40 39 32 896 26 26
internal_value=-0.00064725 -0.000338984 -0.00287234 0.000833332 -0.00041574 0.00318182 -0.000490717 -0.000390072 0.00225806 0.000864196 0.005 -0.000982144 -0.000599491 -0.00275281 -0.000496085 -0.00117613 -8.71092e-05 -0.0021875 0.000176469 0.00430232 3.24663e-05 0.000140961 0.00343373 0.000660376 -0.000102405 0.00220721 -7.04237e-05 -0.000355732 0.00189655 0.00557692
internal_weight=3090 2714 376 60 2694 55 2639 2538 186 162 50 112 2352 89 2298 863 1435 160 1275 43 1232 1206 83 53 1123 111 71 1012 116 52
internal_count=3090 2714 376 60 2694 55 2639 2538 186 162 50 112 2352 89 2298 863 1435 160 1275 43 1232 1206 83 53 1123 111 71 1012 116 52
is_linear=0
shrinkage=0.05


Tree=170
num_leaves=31
num_cat=1
split_feature=3 4 10 4 1 4 3 6 1 7 0 6 4 0 2 10 10 10 10 10 0 3 7 2 1 6 1 11 2 0
split_gain=0.990879 0.813732 0.279001 0.275675 0.733138 0.257203 0.586031 0.738443 0.440534 0.497935 0.440294 0.323117 0.284378 0.262042 0.612642 0.664292 0.386376 0.459324 0.380153 0.606831 0.850626 0.841878 0.895591 1.417 0.823529 0.811594 0.723419 0.646567 1.20912 0.558271
threshold=92084.120714285731 91603.312500000015 16.500000000000004 91146.005535714314 90460.950000000026 92576.328392857162 115961.09571428572 37188.494001121588 124960.78500000002 4.5000000000000009 86269.435000000012 36254.742854633783 124480.04053571429 439999.90000000008 516985.39500000008 247.50000000000003 242.50000000000003 212.50000000000003 219.50000000000003 152.50000000000003 361639.60500000004 286942.57000000012 4.5000000000000009 199034.94500000004 141400.81000000003 132496.94395562264 155206.84000000003 0 338602.64000000007 159469.98500000002
decision_type=2 2 2 2 2 2 2 2 2 2 2 2 2 2 2 2 2 2 2 2 2 2 2 2 2 2 2 1 2 2
left_child=3 -2 -3 4 -1 -4 7 -7 9 11 -10 -8 -11 18 15 -15 17 -16 19 27 21 22 23 24 -21 -22 -26 28 -12 -28
right_child=1 2 5 -5 -6 6 8 -9 10 12 13 -13 -14 14 16 -17 -18 -19 -20 20 25 -23 -24 -25 26 -27 29 -29 -30 -31
leaf_value=-1030.7853129619398 161.49757239239563 -72.200990285979344 -387.78388440326501 -306.16570065834748 476.18012961647929 514.6181140794356 5.5925366490504711 1.0724760495960448 76.059436410920469 142.09750558987471 453.92194025805884 -278.21706493864622 -16.527663983632532 -270.43055977219484 17.246309632832126 224.52476803240677 -92.442689567169339 1176.0596237437521 -15.398646878742113 116.07354560083539 948.63077781119557 -89.198661280098406 -10.606376467909154 232.84127304464465 -106.92209912541124 -394.82766792605844 286.84392898791543 -12.580604157628338 11.100401309713048 -0.62019759785435224
leaf_weight=40 20 29 44 134 22 24 64 37 20 20 33 212 23 261 300 24 29 41 326 24 42 167 85 26 31 27 27 808 91 44
leaf_count=40 20 29 44 134 22 24 64 37 20 20 33 212 23 261 300 24 29 41 326 24 42 167 85 26 31 27 27 808 91 44
internal_value=-0.000284554 -5.03659e-05 -0.000120673 -0.00372449 -0.000967743 -7.06726e-05 -1.07693e-05 0.00483606 -0.000119267 -0.0018652 0.000112218 -0.00264493 0.00313953 5.02922e-05 -0.000801528 -0.00254386 0.000540539 0.00101173 0.000372616 0.000729536 0.00218816 0.00131188 0.00322785 0.00552631 0.00333333 0.00731884 0.00137255 -1.07308e-05 0.00320895 0.00415493
internal_weight=3075 2879 2859 196 62 2830 2786 61 2725 319 2406 276 43 2386 655 285 370 341 1731 1405 473 404 237 152 126 69 102 932 124 71
internal_count=3075 2879 2859 196 62 2830 2786 61 2725 319 2406 276 43 2386 655 285 370 341 1731 1405 473 404 237 152 126 69 102 932 124 71
cat_boundaries=0 1
cat_threshold=4
is_linear=0
shrinkage=0.05


Tree=171
num_leaves=31
num_cat=1
split_feature=3 4 4 1 10 1 11 4 1 0 0 1 6 4 10 1 6 10 0 0 4 4 10 0 3 4 6 3 1 0
split_gain=0.872842 0.850702 0.275675 0.733138 0.253607 0.251079 0.849804 0.698231 0.496354 0.650186 0.473801 0.459481 0.447737 0.549789 0.430974 0.326117 0.32514 0.237255 0.216613 0.362161 0.33081 0.451918 0.405847 0.462154 0.431206 0.468105 0.600824 0.40556 0.831248 0.380952
threshold=92084.120714285731 91603.312500000015 91146.005535714314 90460.950000000026 16.500000000000004 130257.54500000001 0 116940.82678571431 144390.91500000001 126048.51000000002 142611.07500000004 152221.16500000004 10541.311884115556 202838.42660714287 235.50000000000003 87041.410000000018 11488.061042573747 129.50000000000003 179915.96500000005 167935.79000000004 297747.56482142868 296472.4780357143 178.50000000000003 416304.46500000003 169933.02428571432 213538.04071428571 104009.62978997744 224232.83928571432 233325.94000000003 234668.66000000003
decision_type=2 2 2 2 2 2 1 2 2 2 2 2 2 2 2 2 2 2 2 2 2 2 2 2 2 2 2 2 2 2
left_child=2 -2 3 -1 -3 6 7 -6 9 -7 -11 -10 -12 -14 15 -9 -13 -17 19 -18 21 22 23 27 -24 -26 -27 28 -20 -30
right_child=1 4 -4 -5 5 8 -8 14 11 10 12 16 13 -15 -16 17 18 -19 20 -21 -22 -23 24 -25 25 26 -28 -29 29 -31
leaf_value=-979.2460473138425 153.42269377277563 -68.590940771680323 -290.85741562543041 452.37112313565541 235.33400724585755 222.93887738190429 -263.11241967271059 238.09557903523989 -136.87801543328428 -68.075532332798545 49.582826973844128 48.634999752230016 -14.632260212443709 261.74971910857511 201.49878270006323 26.448809112678983 -6.3433158997527519 -117.92666001663072 -22.331784059812865 -79.478061699452482 -11.020048111148933 182.63701150683968 101.76109346130954 3256.1912238564892 -141.51353308380828 129.51065606330349 -42.984866875540256 -58.632346090225226 96.152564837220751 260.06947141084225
leaf_weight=40 20 29 134 22 20 43 263 35 70 70 20 30 29 20 21 68 255 60 89 114 1303 23 20 21 38 26 30 120 21 21
leaf_count=40 20 29 134 22 20 43 263 35 70 70 20 30 29 20 21 68 255 60 89 114 1303 23 20 21 38 26 30 120 21 21
internal_value=-0.000495936 -0.000276139 -0.00372449 -0.000967743 -0.000348025 -0.000300355 -0.00135974 0.00107477 -9.09872e-05 0.00241758 0.000755394 -0.000300322 0.00369565 0.00112245 0.000163042 -0.000705523 -0.000168168 -0.001875 -0.000242673 -0.00134146 -5.84231e-06 0.00123472 0.000829014 -0.000220589 0.00333333 0.00191489 0.00482143 -0.000816734 0.00110687 0.00690476
internal_weight=3075 2879 196 62 2859 2830 467 204 2363 182 139 2181 69 49 184 163 2111 128 2081 369 1712 409 386 272 114 94 56 251 131 42
internal_count=3075 2879 196 62 2859 2830 467 204 2363 182 139 2181 69 49 184 163 2111 128 2081 369 1712 409 386 272 114 94 56 251 131 42
cat_boundaries=0 1
cat_threshold=1
is_linear=0
shrinkage=0.05


Tree=172
num_leaves=31
num_cat=0
split_feature=3 4 4 3 4 4 10 2 7 0 0 2 3 0 4 0 0 6 0 3 5 6 5 7 5 10 10 2 0 10
split_gain=0.734947 0.360646 0.280055 0.77381 0.261382 0.375706 0.246037 0.22721 0.491289 0.480447 0.463043 0.515572 0.25782 0.24556 0.304975 1.16982 0.280208 0.740727 0.602373 0.250186 0.295656 0.212724 0.525159 0.208885 0.427281 0.357111 0.407365 0.312427 0.357163 0.275469
threshold=91740.601428571434 91603.312500000015 91146.005535714314 87278.422857142883 92576.328392857162 116940.82678571431 16.500000000000004 117631.41500000002 2.5000000000000004 87731.375000000015 91936.055000000008 87837.290000000023 141820.02428571432 106896.07000000002 134558.59517857144 129389.77 141486.30000000002 11355.406770350948 152310.35000000003 121438.68285714288 43410.926953742339 12212.008836534076 42715.319169421877 3.5000000000000004 407298.74586677196 219.50000000000003 213.50000000000003 156663.87500000003 152310.35000000003 23.500000000000004
decision_type=2 2 2 2 2 2 2 2 2 2 2 2 2 2 2 2 2 2 2 2 2 2 2 2 2 2 2 2 2 2
left_child=2 -2 3 -1 -3 -6 -7 8 -8 -9 -10 -12 -13 -11 15 -15 21 18 -18 -17 -21 -16 -23 24 25 26 27 -19 -29 -30
right_child=1 4 -4 -5 5 6 7 9 10 13 11 12 -14 14 16 19 17 23 -20 20 -22 22 -24 -25 -26 -27 -28 28 29 -31
leaf_value=-985.39212708095408 116.01615058071125 -369.04765899940094 -275.78068307983892 450.17540356638932 43.737775036487847 -65.16139373309619 -462.341634899116 99.029931986935267 -96.074464229040075 -264.9126358664771 398.89178431624021 -65.984573685417061 342.89203961069796 184.2727718366375 -117.6611195869984 -12.827388924624911 -65.665945922963985 -75.45516433825172 155.11805882305222 54.476113235237541 -120.31754399142034 46.628748011667867 -46.033950798032578 -16.098019520630739 3766.5972074189895 -37.923542871744687 661.64904601318665 51.484818293219703 137.89727805535841 2.1217314666038809
leaf_weight=39 23 50 123 21 36 29 101 26 63 46 27 51 21 38 125 28 22 73 29 26 25 37 71 834 39 223 26 21 30 772
leaf_count=39 23 50 123 21 36 29 101 26 63 46 27 51 21 38 125 28 22 73 29 26 25 37 71 834 39 223 26 21 30 772
internal_value=-0.000560977 -0.00036653 -0.00363388 -0.000833335 -0.000416523 -0.000352963 -0.000418614 -0.000370372 -0.00176806 -0.000222803 -6.17296e-05 0.00207071 -0.00013889 -0.000294119 -0.000225301 0.00226496 -0.000351869 -0.000166748 0.00578431 -0.00120253 0.000882352 -0.00199571 -0.000370372 -0.000317147 0.000109796 -6.55034e-05 0.000368762 0.000189731 0.0004678 0.000299251
internal_weight=3075 2892 183 60 2869 2819 2783 2754 263 2491 162 99 72 2465 2419 117 2302 2069 51 79 51 233 108 2018 1184 1145 922 896 823 802
internal_count=3075 2892 183 60 2869 2819 2783 2754 263 2491 162 99 72 2465 2419 117 2302 2069 51 79 51 233 108 2018 1184 1145 922 896 823 802
is_linear=0
shrinkage=0.05


Tree=173
num_leaves=31
num_cat=1
split_feature=3 4 4 3 11 7 9 2 4 0 1 1 1 2 0 2 3 2 0 3 6 4 2 7 2 3 3 7 2 2
split_gain=0.758466 0.354672 0.280055 0.77381 0.1917 0.669989 0.414421 0.330256 0.923328 0.777351 0.293845 0.436113 0.953818 0.453704 0.343568 0.268979 0.439226 0.317416 0.266667 0.260116 0.252843 0.250244 0.512121 0.247141 0.345997 0.397571 0.43867 0.219904 0.48205 0.98228
threshold=91740.601428571434 91603.312500000015 91146.005535714314 87278.422857142883 0 2.5000000000000004 1.0000000180025095e-35 87837.290000000023 115910.37714285716 136949.85500000001 123051.55500000001 228639.60500000001 199820.78500000003 285888.22500000003 137770.52500000002 160427.07000000004 283542.07142857148 283675.44500000007 165035.91500000001 200219.99071428573 44578.192004132761 292670.81812169316 350281.03000000009 1.5000000000000002 177520.34500000003 352271.63285714295 798706.82857142866 3.5000000000000004 288753.74000000005 261101.73000000001
decision_type=2 2 2 2 1 2 2 2 2 2 2 2 2 2 2 2 2 2 2 2 2 2 2 2 2 2 2 2 2 2
left_child=2 -2 3 -1 5 15 7 8 -6 -10 20 12 14 -13 -12 -3 17 19 -16 -17 -7 22 -15 -8 -25 -26 -27 -9 29 -29
right_child=1 4 -4 -5 6 10 23 27 9 -11 11 13 -14 21 18 16 -18 -19 -20 -21 -22 -23 -24 24 25 26 -28 28 -30 -31
leaf_value=-936.12252072690649 110.21534305167603 -436.09205292782548 -261.99164892584707 427.66663338806978 -790.7221904840427 -161.08535874136948 -418.93338693868719 3.0161450988513687 505.58622652426084 -33.758766623666915 15.143864068148725 -885.87874867730375 441.3726876259197 -5.6906325253029637 -148.37790266983038 -16.291656578187752 -620.08187351831145 -134.02891762459947 16.487355518318331 191.76360157918191 8.7406759446281193 -3.6298577261501737 101.19231392304161 -133.99436349344552 157.46557944214658 -1259.9074088689304 1483.8790467902315 -8.3401845820722578 -96.191939789199523 76.591071619251949
leaf_weight=39 23 107 123 21 21 42 60 1169 20 23 37 60 32 24 30 22 78 28 30 25 23 31 20 42 29 52 21 365 451 27
leaf_count=39 23 107 123 21 21 42 60 1169 20 23 37 60 32 24 30 22 78 28 30 25 23 31 20 42 29 52 21 365 451 27
internal_value=-0.000512196 -0.000314662 -0.00363388 -0.000833335 -0.00036424 -0.00116027 -0.00015284 5.78023e-05 0.00359375 0.0077907 0.000319148 0.0010606 0.00313953 -0.000925927 0.000670102 -0.00307692 -0.00173203 0.000999999 -0.00166667 0.00351064 -0.00269231 0.00166667 0.00409091 -0.00230392 -0.00118056 0.000392156 -0.00157534 -5.46732e-05 -0.000670227 0.000612244
internal_weight=3075 2892 183 60 2869 589 2280 2076 64 43 329 264 129 135 97 260 153 75 60 47 65 75 44 204 144 102 73 2012 843 392
internal_count=3075 2892 183 60 2869 589 2280 2076 64 43 329 264 129 135 97 260 153 75 60 47 65 75 44 204 144 102 73 2012 843 392
cat_boundaries=0 1
cat_threshold=2
is_linear=0
shrinkage=0.05


Tree=174
num_leaves=31
num_cat=0
split_feature=3 4 1 4 4 4 10 1 7 6 1 10 0 9 6 3 4 2 1 6 0 4 2 3 2 2 4 3 0 10
split_gain=0.803924 0.275675 0.733138 0.271119 0.257566 0.29736 0.240282 0.220754 0.435637 0.331555 0.327301 0.258632 0.222921 0.220991 0.393391 0.911371 0.305383 0.706522 0.225 0.210375 0.55864 1.20206 0.559938 0.73373 0.687821 0.490961 0.51979 0.477069 0.387218 1.21688
threshold=92084.120714285731 91146.005535714314 90460.950000000026 91891.661854395628 92576.328392857162 116940.82678571431 16.500000000000004 124960.78500000002 4.5000000000000009 40046.088382577611 112560.93500000001 226.50000000000003 86269.435000000012 1.0000000180025095e-35 73005.27195932687 352271.63285714295 510112.9064285715 819491.67500000016 241666.32000000004 71047.26365873059 303410.32000000007 297747.56482142868 300053.88000000006 295109.18428571435 193901.95500000005 184225.86500000002 173329.87660714288 298717.88285714289 305119.35500000004 79.500000000000014
decision_type=2 2 2 2 2 2 2 2 2 2 2 2 2 2 2 2 2 2 2 2 2 2 2 2 2 2 2 2 2 2
left_child=1 2 -1 -2 -5 -6 -7 8 9 11 -10 -8 -9 19 -15 18 -17 -18 -16 20 22 -22 24 -24 25 -14 -27 -21 29 -29
right_child=3 -3 -4 4 5 6 7 12 10 -11 -12 -13 13 14 15 16 17 -19 -20 27 21 -23 23 -25 -26 26 -28 28 -30 -31
leaf_value=-848.20466583493351 102.5938724167718 -249.42592824387464 385.86046513114945 -357.31514152502729 42.829639034768206 -60.22943168222654 -49.228095945291216 32.52847406717671 328.26879825809942 -268.33534044729316 -31.332142107756979 145.6249081484402 -0.12406882821185956 -102.60598388043945 103.97748840885498 -809.66467064954577 1609.3120117425051 -6196.2295460573532 343.15116654696749 -45.292902014908989 248.95526023422977 36.376564637009466 482.49295356656586 -2.2781469754809427 -210.939744752742 219.66388639609232 -34.302459433294402 325.67731290082008 -15.396810760830741 2.2409010780014156
leaf_weight=40 33 134 22 31 32 29 82 20 33 185 20 20 475 87 20 59 20 26 20 322 20 73 20 36 137 22 27 31 855 144
leaf_count=40 33 134 22 31 32 29 82 20 33 185 20 20 475 87 20 59 20 26 20 322 20 73 20 36 137 22 27 31 855 144
internal_value=-0.000626017 -0.00372449 -0.000967743 -0.000415076 -0.000467324 -0.000417408 -0.000472513 -0.000424838 -0.00161765 -0.00238676 0.00254717 -9.80404e-05 -0.000256836 -0.000300753 -0.00176724 -0.000172415 -0.00261905 0.000434781 0.00625 -0.000143387 0.000493826 0.00413978 2.09193e-05 0.00482143 -0.00038578 0.00043893 0.00520408 -0.000525149 -1.19209e-09 0.00214286
internal_weight=3075 196 62 2879 2846 2815 2783 2754 340 287 53 102 2414 2394 232 145 105 46 40 2162 810 93 717 56 661 524 49 1352 1030 175
internal_count=3075 196 62 2879 2846 2815 2783 2754 340 287 53 102 2414 2394 232 145 105 46 40 2162 810 93 717 56 661 524 49 1352 1030 175
is_linear=0
shrinkage=0.05


Tree=175
num_leaves=31
num_cat=0
split_feature=1 4 3 3 10 10 6 3 6 0 10 10 10 6 10 1 1 7 0 3 0 0 0 6 1 10 1 10 4 0
split_gain=0.664587 0.984061 0.787477 0.601 0.283828 0.843039 1.18519 0.689175 0.491603 0.591489 0.74625 0.557715 0.623401 0.454498 0.404559 0.398867 0.668049 0.829656 0.908289 0.386577 0.374367 0.436827 0.41822 0.340635 0.316356 0.454758 0.617143 0.524563 0.372137 0.437305
threshold=91147.715000000011 91271.17357142859 128882.97285714287 92763.675000000003 118.50000000000001 123.50000000000001 73711.586295707573 115243.72857142858 21653.030173840481 149575.01500000004 31.500000000000004 64.500000000000014 93.500000000000014 382296.36668734596 203.50000000000003 449695.39500000008 319151.15000000008 5.5000000000000009 299583.55000000005 1082063.2450000001 87111.185000000012 141486.30000000002 147310.62000000002 46507.085542017601 181311.70500000002 132.50000000000003 313503.2950000001 196.50000000000003 508332.40803571435 566263.16500000015
decision_type=2 2 2 2 2 2 2 2 2 2 2 2 2 2 2 2 2 2 2 2 2 2 2 2 2 2 2 2 2 2
left_child=2 -2 -1 -3 7 6 -6 -5 9 -9 -11 -12 -13 14 20 16 -16 18 -18 -15 -7 23 -23 -22 -24 26 -26 28 29 -27
right_child=1 3 -4 4 5 13 -8 8 -10 10 11 12 -14 19 15 -17 17 -19 -20 -21 21 22 24 -25 25 27 -28 -29 -30 -31
leaf_value=-399.11578261674003 323.58545641431868 -210.11100176902019 340.07304296419727 119.44773856469028 838.82568816835465 28.735161091551198 -121.04365068306927 -113.4006203539314 -40.796919796930972 -373.68919288316897 64.822293639373939 -93.290621900099566 93.824614935234706 -206.91036719068222 -45.022681445609514 -131.08898886038301 557.55100550641316 1168.2028605546711 -94.143255881679636 930.09710852741273 -111.8670752739058 138.70450927037365 -31.136971562554585 15.246203506069811 335.04862539092665 23.642901491765432 11.96351276196377 257.6943747428204 -324.83643331903613 -2165.932724113437
leaf_weight=225 24 75 24 31 27 27 27 78 911 32 36 27 28 23 405 129 20 21 69 31 99 25 104 38 25 318 35 42 82 32
leaf_count=225 24 75 24 31 27 27 27 78 911 32 36 27 28 23 405 129 20 21 69 31 99 25 104 38 25 318 35 42 82 32
internal_value=-0.000716614 -0.000498052 -0.00319277 -0.000584556 -0.000462896 -2.85002e-05 0.00611111 -0.00106299 -0.00126799 0.000970148 0.00313008 0.00543956 0.00227273 -0.000245903 -0.000411286 -0.00135093 -0.000728157 0.00272727 0.000617976 0.00425926 0.000320434 0.000124999 0.000656107 -0.00244526 0.000407522 0.000898875 0.005 0.000379746 -0.00013889 0.000571427
internal_weight=3070 2821 249 2797 2722 1579 54 1143 1112 201 123 91 55 1525 1471 644 515 110 89 54 827 800 663 137 638 534 60 474 432 350
internal_count=3070 2821 249 2797 2722 1579 54 1143 1112 201 123 91 55 1525 1471 644 515 110 89 54 827 800 663 137 638 534 60 474 432 350
is_linear=0
shrinkage=0.05


Tree=176
num_leaves=31
num_cat=0
split_feature=1 3 4 3 10 10 5 10 3 10 6 10 2 10 3 0 5 5 10 2 0 2 3 4 4 10 3 2 1 3
split_gain=0.737849 0.798832 0.723405 0.504383 0.346999 0.774658 0.903856 0.507263 0.54082 0.574339 0.440745 0.461869 0.531185 0.591864 0.386577 0.360357 0.342846 0.501474 0.325256 0.324535 0.452137 0.727273 0.418414 0.333222 0.350586 0.282737 0.416889 0.675 0.450665 0.271416
threshold=91795.705000000016 128882.97285714287 91465.769285714297 92763.675000000003 119.50000000000001 123.50000000000001 50134.18121885624 96.500000000000014 115243.72857142858 93.500000000000014 382296.36668734596 203.50000000000003 192197.14500000005 196.50000000000003 1082063.2450000001 166017.13000000003 125344.4409958035 119512.71187824332 213.50000000000003 232310.66500000001 299583.55000000005 283675.44500000007 293963.87714285718 300305.93714285718 375439.2678571429 131.50000000000003 413517.83500000002 475497.74000000005 1078049.9500000002 123419.90785714287
decision_type=2 2 2 2 2 2 2 2 2 2 2 2 2 2 2 2 2 2 2 2 2 2 2 2 2 2 2 2 2 2
left_child=1 -1 -2 -4 7 6 -6 8 -5 -10 11 12 29 15 -12 -14 17 18 -13 22 -21 -22 -17 -23 -25 -26 27 -27 -28 -7
right_child=2 -3 3 4 5 10 -8 -9 9 -11 14 16 13 -15 -16 19 -18 -19 -20 20 21 23 -24 24 25 26 28 -29 -30 -31
leaf_value=-364.76502765916831 372.33218241980006 323.06939081598762 -195.76633714042623 301.49661816092271 882.03132479078238 27.922344394961893 -92.779807846947435 -175.72878780536547 -22.315928141533171 120.37102149327245 -196.56484883115195 -186.93956903440136 120.42300251282005 266.6930419545796 883.59225310104671 272.08043203769097 -218.27251143385138 203.36781618394429 -10.373650503364992 -78.988206072542368 203.93005172322893 -185.38789737707239 -1094.1159352759814 24.762633847090115 530.19960315344997 -179.16329737939526 -220.22222838649932 624.12126965967968 1024.1602889364617 -45.978909516685491
leaf_weight=237 28 24 63 26 21 68 22 260 839 26 23 66 20 41 31 25 172 21 384 117 24 25 22 32 24 30 109 24 20 246
leaf_count=237 28 24 63 26 21 68 22 260 839 26 23 66 20 41 31 25 172 21 384 117 24 25 22 32 24 30 109 24 20 246
internal_value=-0.0007329 -0.00327586 -0.000496619 -0.000577132 -0.000474615 9.57124e-06 0.00662791 -0.0011338 -0.00056678 -0.000780348 -0.000177167 -0.000340137 0.000441353 0.00143275 0.00425926 0.000932202 -0.00134526 -0.00064756 -0.001 0.000641592 0.000185184 0.00125 0.00457447 0.000492423 0.00106694 0.000314008 -0.000355192 0.00333333 -0.00189923 -0.00117835
internal_weight=3070 261 2809 2781 2718 1567 43 1151 891 865 1524 1470 827 513 54 472 643 471 450 452 405 288 47 264 239 207 183 54 129 314
internal_count=3070 261 2809 2781 2718 1567 43 1151 891 865 1524 1470 827 513 54 472 643 471 450 452 405 288 47 264 239 207 183 54 129 314
is_linear=0
shrinkage=0.05


Tree=177
num_leaves=31
num_cat=0
split_feature=3 4 6 0 0 3 6 0 4 10 6 10 9 6 4 1 7 7 4 10 0 3 10 10 1 0 0 4 6 6
split_gain=0.577791 0.532309 0.335585 0.326874 0.430715 0.22719 0.198084 0.535717 0.682142 0.647955 0.743315 1.63435 0.384236 0.39636 0.504759 0.558318 0.296296 0.274151 0.443763 0.771565 0.456158 0.570046 0.374299 0.528761 0.602485 0.318232 0.327701 0.762698 0.305959 0.260685
threshold=91740.601428571434 91603.312500000015 23953.404157472276 81031.200000000026 84908.630000000019 104367.94928571432 23339.215177672169 142611.07500000004 135410.90026785716 184.50000000000003 12212.008836534076 62.500000000000007 1.0000000180025095e-35 14676.719014205233 297287.50267857144 295994.90000000008 2.5000000000000004 4.5000000000000009 122945.75500000002 161.50000000000003 180691.23000000001 214445.65142857147 42.500000000000007 188.50000000000003 304223.69000000006 582636.63500000013 412361.76000000007 396645.29946428578 118969.01629422152 15151.481715867514
decision_type=2 2 2 2 2 2 2 2 2 2 2 2 2 2 2 2 2 2 2 2 2 2 2 2 2 2 2 2 2 2
left_child=2 -2 -1 -3 -5 -6 7 8 16 10 11 -9 13 -12 29 -16 -7 -8 19 -19 -20 -22 28 -24 -25 26 27 -26 -23 -15
right_child=1 3 -4 4 5 6 17 9 -10 -11 12 -13 -14 14 15 -17 -18 18 20 -21 21 22 23 24 25 -27 -28 -29 -30 -31
leaf_value=-215.91034858684353 94.514408839972134 -300.74715985198338 -111.20510714984842 33.492666554021049 -323.0681318239192 142.38247748695835 -22.319229256906986 -73.822304161331289 -135.3676763768685 -33.262047473057883 -20.088994703102028 143.36048760908301 -56.4071778237264 42.482123813739221 -308.39095479919911 50.212710974758345 -7.6974332383178936 441.11551163467931 -104.84782747667747 -34.869678520718843 260.91770197002108 63.558967920332066 -38.630555000889586 193.16174249237636 -85.180020110440481 2226.9778347073625 -54.303371514463983 670.10995233022481 -727.30202891242027 59.750241415149631
leaf_weight=142 20 64 34 22 50 27 1553 28 104 111 71 21 21 21 32 38 27 31 126 22 23 28 269 20 35 23 30 28 29 20
leaf_count=142 20 64 34 22 50 27 1553 28 104 111 71 21 21 21 32 38 27 31 126 22 23 28 269 20 35 23 30 28 29 20
internal_value=-0.000798047 -0.000628889 -0.00357955 -0.000685457 -0.000604983 -0.000659972 -0.000598979 0.00027831 -0.0021519 0.00133609 0.00273809 0.0082653 0.00140394 0.00214286 0.00400901 0.00142857 0.00240741 -0.000805143 4.51795e-05 0.00443396 -0.000335517 0.000360824 -2.16462e-05 -0.000555557 0.00198529 0.000603447 -0.000698926 0.00134921 0.00377193 0.00841463
internal_weight=3070 2894 176 2874 2810 2788 2738 521 158 363 252 49 203 182 111 70 54 2217 664 53 611 485 462 405 136 116 93 63 57 41
internal_count=3070 2894 176 2874 2810 2788 2738 521 158 363 252 49 203 182 111 70 54 2217 664 53 611 485 462 405 136 116 93 63 57 41
is_linear=0
shrinkage=0.05


Tree=178
num_leaves=31
num_cat=1
split_feature=5 11 6 10 5 10 0 5 4 3 7 10 3 0 6 10 6 0 4 7 4 5 6 10 0 6 3 3 3 6
split_gain=0.701788 0.400286 0.304726 0.446057 0.762803 1.50966 0.413354 0.405132 0.321429 0.387821 0.284661 0.887605 0.413897 0.743239 0.38274 0.556554 0.337992 0.516423 0.331851 0.330263 0.278516 0.478722 0.322894 0.275142 0.263821 0.388712 0.239472 0.418553 0.285924 0.464576
threshold=7832.736497676392 0 118969.01629422152 185.50000000000003 76082.003594417169 134.50000000000003 449186.14500000008 48990.531681823901 385792.8457142858 250887.78285714288 5.5000000000000009 70.500000000000014 148912.87142857147 154313.99500000002 23662.505942467422 31.500000000000004 13477.038953115489 292011.27500000008 135884.91250000001 3.5000000000000004 396645.29946428578 167700.546880907 124518.64445812728 75.500000000000014 339188.5500000001 141796.91365776389 131836.65642857147 135569.16 115243.72857142858 34958.101065373776
decision_type=2 1 2 2 2 2 2 2 2 2 2 2 2 2 2 2 2 2 2 2 2 2 2 2 2 2 2 2 2 2
left_child=-1 -2 3 4 7 6 8 10 9 -6 12 -12 18 -14 15 -15 -17 23 26 -19 21 -4 -22 -18 25 -24 28 -28 29 -3
right_child=1 2 20 -5 5 -7 -8 -9 -10 -11 11 -13 13 14 -16 16 17 19 -20 -21 22 -23 24 -25 -26 -27 27 -29 -30 -31
leaf_value=-162.87756802223129 -31.057172263509347 -142.32926364950592 -401.75002643529496 -14.694283619303675 124.65692764739339 489.77115270182725 -530.67463569159088 -36.525333606941253 -1413.3149478918149 1009.4640039668393 125.65583323912611 -11.687027908796233 221.13742929226856 -376.99939294958074 -96.818957856345065 21.805017885353251 28.113285657283566 189.75677280337703 -210.70989491252726 5.0720359378023367 2.6123838144143456 116.22917209222456 646.99981590651316 -11.019701098853123 -41.333532170352328 -15.401614536983889 113.27054291259822 -58.230511561904933 -462.63821337884292 400.428715867584
leaf_weight=216 611 54 194 385 26 36 22 131 20 24 34 56 23 26 51 22 26 22 47 21 32 30 25 81 635 82 31 22 57 28
leaf_count=216 611 54 194 385 26 36 22 131 20 24 34 56 23 26 51 22 26 22 47 21 32 30 25 81 635 82 31 22 57 28
internal_value=-0.000863193 -0.000655222 -0.000339548 0.000180722 0.000813952 0.004375 0.00097826 0.000191256 0.00285714 0.005 0.000740431 0.00333333 0.000283756 0.00161765 0.000823292 0.00181818 0.00284884 0.002 -0.00123431 0.00662791 -0.000991985 -0.00254464 -0.000542637 0.000140186 -0.000754718 0.00154205 -0.000312501 0.00254717 -0.00140288 0.000487804
internal_weight=3070 2854 2243 1245 860 128 92 732 70 50 601 90 511 272 249 198 172 150 239 43 998 224 774 107 742 107 192 53 139 82
internal_count=3070 2854 2243 1245 860 128 92 732 70 50 601 90 511 272 249 198 172 150 239 43 998 224 774 107 742 107 192 53 139 82
cat_boundaries=0 1
cat_threshold=2
is_linear=0
shrinkage=0.05


Tree=179
num_leaves=31
num_cat=1
split_feature=5 1 11 2 5 1 3 5 4 1 10 10 1 5 1 3 10 7 10 6 3 5 2 6 1 6 1 3 5 3
split_gain=0.761228 0.308059 0.270891 0.338613 0.835218 0.361121 0.338527 0.568609 0.33833 0.289286 0.260239 0.452932 0.543849 0.476175 0.626411 0.568072 0.473689 0.371516 0.445616 0.335687 0.382819 0.328018 0.325262 0.467964 0.558368 0.547144 0.583827 0.43506 0.661172 0.369398
threshold=7832.736497676392 138408.285 0 227828.70500000005 79901.07296397032 217492.16500000004 291639.24071428576 103256.24612878035 91271.17357142859 295994.90000000008 203.50000000000003 151.50000000000003 131286.31000000003 18623.262859948682 295994.90000000008 115961.09571428572 123.50000000000001 1.0000000180025095e-35 109.50000000000001 14676.719014205233 172034.97214285718 380985.83631915052 1028137.0450000002 150392.42913183375 529638.04500000004 133698.11710930648 443407.32000000007 157203.80785714291 32234.866698631249 468749.88285714295
decision_type=2 2 1 2 2 2 2 2 2 2 2 2 2 2 2 2 2 2 2 2 2 2 2 2 2 2 2 2 2 2
left_child=1 -1 3 -2 -5 -6 -7 -8 -4 -9 11 13 -13 14 16 -15 17 -10 19 20 -19 -12 23 25 29 26 27 28 -14 -25
right_child=2 -3 8 4 5 6 7 9 10 -11 21 12 22 15 -16 -17 -18 18 -20 -21 -22 -23 -24 24 -26 -27 -28 -29 -30 -31
leaf_value=-184.89972913770237 -79.137712815479233 27.417558555767204 78.676221489898978 194.62917925459789 36.207658315979636 -105.43401309599319 380.07110438228358 184.40389502829896 -269.4730013819223 -175.14470340142506 -36.948223397784517 -22.254415297716523 9.0344741193852283 455.53790865892489 105.16780196378316 -37.793118223883887 -297.30301514723129 32.030658067511858 205.92497215576918 -115.15746644698973 82.261833624280044 170.37078132156688 -191.45409388564286 107.68330691164805 2324.9248094850345 -120.12450852625589 384.81464733365584 3.9489172638638581 1063.9583367616865 -480.92125951850778
leaf_weight=195 396 21 30 38 20 81 20 20 28 36 532 57 28 41 20 948 44 57 20 26 26 20 28 26 27 53 28 160 24 20
leaf_count=195 396 21 30 38 20 81 20 20 28 36 532 57 28 41 20 948 44 57 20 26 26 20 28 26 27 53 28 160 24 20
internal_value=-0.000749187 -0.00361111 -0.000532587 -0.00145733 0.000116278 -0.00132768 -0.00213376 0.000263157 -0.000272971 -0.00232143 -0.000345686 -3.31138e-05 0.00131929 -0.000537191 0.00156108 -0.00100607 0.000721392 0.00200637 0.00313953 0.00188073 0.00343373 -0.00128623 0.00197969 0.00237705 0.0059589 0.00148464 0.0025 0.00160377 0.00557692 0.00260869
internal_weight=3070 216 2854 611 215 177 157 76 2243 56 2213 1661 451 1210 221 989 201 157 129 109 83 552 394 366 73 293 240 212 52 46
internal_count=3070 216 2854 611 215 177 157 76 2243 56 2213 1661 451 1210 221 989 201 157 129 109 83 552 394 366 73 293 240 212 52 46
cat_boundaries=0 1
cat_threshold=2
is_linear=0
shrinkage=0.05


Tree=180
num_leaves=31
num_cat=0
split_feature=5 1 5 1 5 10 0 3 2 10 5 9 2 1 0 1 1 10 6 1 0 0 6 0 2 7 6 1 10 10
split_gain=0.628961 0.524858 0.329139 0.38963 0.51186 0.666133 0.534817 0.382939 0.313301 0.49641 0.604196 0.268578 0.247615 0.644617 0.431343 0.693733 0.580269 1.05538 0.624367 0.380952 0.357138 0.772947 0.634921 0.278643 0.308955 0.650866 0.22017 0.400742 0.219393 0.200729
threshold=8278.0665702847164 138408.285 42995.228707665905 319151.15000000008 38817.407993640089 225.50000000000003 136326.89500000002 121972.1142857143 79391.525000000009 33.500000000000007 24123.068048638659 1.0000000180025095e-35 98692.750000000015 108071.99500000001 138480.01000000004 166583.71000000002 161367.42000000004 202.50000000000003 10936.394521872739 149068.74500000002 297294.37000000005 318444.77500000008 23339.215177672169 183355.71000000005 185465.33000000005 4.5000000000000009 6026.702314369385 90460.950000000026 215.50000000000003 261.50000000000006
decision_type=2 2 2 2 2 2 2 2 2 2 2 2 2 2 2 2 2 2 2 2 2 2 2 2 2 2 2 2 2 2
left_child=1 26 3 4 8 6 -6 -4 -2 10 -10 12 28 -14 -15 16 17 18 -16 -20 23 22 -22 24 25 -17 27 -1 -11 -9
right_child=2 -3 7 -5 5 -7 -8 29 9 11 -12 -13 13 14 15 20 -18 -19 19 -21 21 -23 -24 -25 -26 -27 -28 -29 -30 -31
leaf_value=-418.97759011629279 -791.39623874434335 69.378975471706312 -73.077367023807255 13.165846107619979 335.34529827287241 144.02821519083867 -10.882188671688388 -11.450071976256552 -63.904855514025762 -289.11516775348264 305.72676963650127 -50.582756746056781 323.61156610317715 -75.805968890728153 132.32937867611409 28.816242513454746 68.518811982556642 -75.270631155150085 -213.90482923339584 14.849738454245552 133.36550471004279 -234.30593772592667 -6.042971435975458 -155.88274649112935 -128.36674457751977 -48.488316451910983 -177.68489378441689 239.38451141042893 -7.0014493983069137 116.14209440318484
leaf_weight=27 34 31 74 39 40 26 34 1843 30 45 22 66 22 114 23 35 26 35 21 21 24 24 21 92 23 32 174 22 26 22
leaf_count=27 34 31 74 39 40 26 34 1843 30 45 22 66 22 114 23 35 26 35 21 21 24 24 21 92 23 32 174 22 26 22
internal_value=-0.000648632 -0.0030315 -0.000433548 0.000371427 0.000143539 0.0035 0.00108108 -0.000796804 -0.000312501 -8.54713e-05 0.00461538 -0.00046154 -0.000119864 0.000263157 -0.000112017 0.000702917 0.00373016 0.002 0.00576923 0.00214286 -0.000816734 0.00224638 0.00611111 -0.00197802 -1.19209e-09 0.00171642 -0.00387892 -0.000918369 -0.00288733 -0.000656838
internal_weight=3068 254 2814 875 836 100 74 1939 736 702 52 650 584 513 491 377 126 100 65 42 251 69 45 182 90 67 223 49 71 1865
internal_count=3068 254 2814 875 836 100 74 1939 736 702 52 650 584 513 491 377 126 100 65 42 251 69 45 182 90 67 223 49 71 1865
is_linear=0
shrinkage=0.05


Tree=181
num_leaves=31
num_cat=1
split_feature=3 10 11 1 6 1 5 0 0 6 1 10 6 7 3 3 5 6 0 2 2 5 7 1 7 3 10 10 1 2
split_gain=0.671168 0.299426 0.254679 0.690135 0.667481 0.508831 0.447723 0.725514 0.725913 1.07279 0.440439 0.601629 0.436538 0.662162 0.563116 1.01288 0.419856 0.394654 1.09412 0.344946 0.63658 0.509394 0.512121 0.38949 0.67541 0.329221 0.48786 0.328262 0.473316 1.14959
threshold=91740.601428571434 262.50000000000006 0 134834.28000000003 125968.22431192714 411838.23500000004 42995.228707665905 182422.28000000003 142611.07500000004 39407.664274207134 398065.95000000007 232.50000000000003 150392.42913183375 3.5000000000000004 413517.83500000002 390804.81071428576 39282.105838163297 7340.9079019532028 95475.250000000015 332156.45500000002 304023.5500000001 29338.074089170084 3.5000000000000004 166583.71000000002 4.5000000000000009 114128.79285714288 235.50000000000003 94.500000000000014 181311.70500000002 269068.82000000007
decision_type=2 2 1 2 2 2 2 2 2 2 2 2 2 2 2 2 2 2 2 2 2 2 2 2 2 2 2 2 2 2
left_child=-1 2 3 17 6 10 7 8 9 25 11 12 14 -14 15 19 -11 18 -2 20 23 22 -22 24 -5 -4 -27 -25 -29 -30
right_child=1 -3 4 5 -6 -7 -8 -9 -10 16 -12 -13 13 -15 -16 -17 -18 -19 -20 -21 21 -23 -24 27 -26 26 -28 28 29 -31
leaf_value=-189.12140649408298 -277.41594650655992 81.697997622475398 104.80158074323265 11.908348663282236 -432.23046167683498 -13.73401912434786 -11.669457937949371 274.12545026412994 -11.56653812971944 31.352407237411711 479.56837810039326 -134.93973595830084 2595.1370176755277 -29.733020119765456 -134.67094006445799 337.69953185306679 397.38430699725774 -194.73792775206726 117.39218658381586 -157.74567122710934 21.622496116100997 62.277868906279629 -74.437885489337177 -121.01107959279393 117.0263252543882 -221.2483829700931 101.70064824310913 -49.816369341664881 792.92379132563872 -52.88738004206224
leaf_weight=179 31 25 28 116 211 566 899 24 74 37 23 79 37 37 36 20 22 137 20 49 33 20 22 82 27 54 23 53 43 61
leaf_count=179 31 25 28 116 211 566 899 24 74 37 23 79 37 37 36 20 22 137 20 49 33 20 22 82 27 54 23 53 43 61
internal_value=-0.000632335 -0.000448253 -0.000495811 -3.99479e-05 -0.000984082 0.000368097 -0.000521104 0.00129771 0.000462184 0.00231707 0.00123306 0.00101398 0.00152516 0.00513513 0.00104982 0.00146388 0.00771186 -0.00287234 0.000882352 0.00102767 0.00145514 0.00566667 0.00318182 0.000628271 0.00269231 -0.000714287 -0.0024026 -0.000606696 0.000732483 0.00269231
internal_weight=3068 2889 2864 1492 1372 1304 1161 262 238 164 738 715 636 74 562 526 59 188 51 506 457 75 55 382 143 105 77 239 157 104
internal_count=3068 2889 2864 1492 1372 1304 1161 262 238 164 738 715 636 74 562 526 59 188 51 506 457 75 55 382 143 105 77 239 157 104
cat_boundaries=0 1
cat_threshold=12
is_linear=0
shrinkage=0.05


Tree=182
num_leaves=31
num_cat=0
split_feature=4 0 5 0 10 10 2 10 1 5 2 2 10 2 1 4 5 1 1 5 5 5 5 10 1 1 10 0 0 4
split_gain=0.549293 0.462926 1.15482 0.34655 0.544607 0.375407 0.840723 0.365113 0.366884 0.456269 0.358952 0.819672 0.64048 0.414554 0.358523 0.346148 0.339309 0.702984 0.633752 1.1226 0.499139 0.498587 0.275862 0.270705 0.238021 0.300582 0.520357 0.244976 0.295909 0.235494
threshold=119907.76926948053 106896.07000000002 30721.231188236601 130407.67500000002 262.50000000000006 229.50000000000003 134026.89500000005 133.50000000000003 138408.285 44978.661696059258 155175.46000000002 116554.55500000001 79.500000000000014 87837.290000000023 133808.64500000005 149838.82875000002 18623.262859948682 306049.81500000006 166583.71000000002 12432.449122995948 8689.2106798521982 10407.222433872421 67453.735831204875 254.50000000000003 152221.16500000004 172583.96000000005 81.500000000000014 182422.28000000003 190720.65500000003 91146.005535714314
decision_type=2 2 2 2 2 2 2 2 2 2 2 2 2 2 2 2 2 2 2 2 2 2 2 2 2 2 2 2 2 2
left_child=1 29 -3 5 14 7 -7 10 -9 -10 11 13 -13 -2 15 -5 17 18 19 20 -16 -22 -17 24 -18 26 -26 -27 -29 -1
right_child=3 2 -4 4 -6 6 -8 8 9 -11 -12 12 -14 -15 16 22 23 -19 -20 -21 21 -23 -24 -25 25 27 -28 28 -30 -31
leaf_value=-49.723042424927549 14.009018402485166 116.08963154417241 -39.192897157308721 -185.73656022256972 183.61058739471451 119.48274227799708 -238.43095957016905 -164.5134997851261 411.16740724251304 -15.830473546669408 -276.02013522828099 75.035046139665766 196.6180839501036 -223.82038931952712 -85.582454046595103 292.71618591381008 -99.446263037161486 95.885505632192519 -33.559044586152019 99.943353272724096 44.743601634602697 -110.44809207217105 -1095.5597414702681 -450.90205325310831 -90.339997942187523 -34.629410214520355 45.187738640243822 33.025827549897549 -9.0527868946521792 -194.2012478092617
leaf_weight=56 20 23 41 115 20 29 21 80 20 23 38 33 28 41 43 29 71 20 148 31 32 29 29 60 28 152 54 33 1487 234
leaf_count=56 20 23 41 115 20 29 21 80 20 23 38 33 28 41 43 29 71 20 148 31 32 29 29 60 28 152 54 33 1487 234
internal_value=-0.000746416 -0.00259887 0.00125 -0.000504791 -0.000716087 0.001006 0.005 0.000300352 -0.00174797 0.00197674 0.001875 0.00319672 0.00729508 -0.000901641 -0.000785685 -0.00297688 -0.000612433 0.000940593 0.000300352 0.00277778 0.00028846 0.00319672 0.000172413 -0.00086207 -0.000753426 -0.000638542 0.00231707 -0.000783494 -0.000592106 -0.00344828
internal_weight=3068 354 64 2714 2381 333 50 283 123 43 160 122 61 61 2361 173 2188 303 283 135 104 61 58 1885 1825 1754 82 1672 1520 290
internal_count=3068 354 64 2714 2381 333 50 283 123 43 160 122 61 61 2361 173 2188 303 283 135 104 61 58 1885 1825 1754 82 1672 1520 290
is_linear=0
shrinkage=0.05


Tree=183
num_leaves=31
num_cat=0
split_feature=5 1 5 5 1 10 3 1 1 10 1 6 1 4 2 1 6 2 10 10 4 10 2 2 2 4 2 6 7 10
split_gain=0.737172 0.559303 0.461493 0.573212 0.566476 0.42882 0.41794 0.36193 0.791394 0.371592 0.510313 0.680272 0.342857 0.342317 0.297075 0.402994 0.654748 0.444633 0.403895 0.373588 0.271559 0.206567 0.206044 0.184729 0.216964 0.515127 0.188068 0.196612 0.15742 0.173463
threshold=8278.0665702847164 138408.285 44728.476151970819 38817.407993640089 319151.15000000008 122.50000000000001 121972.1142857143 166583.71000000002 161367.42000000004 165.50000000000003 295994.90000000008 23339.215177672169 102141.07500000001 91146.005535714314 129389.77 139946.47000000003 9452.1154460247708 139139.16 192.50000000000003 121.50000000000001 121971.94464285717 261.50000000000006 145611.20000000004 124164.94500000002 75388.630000000019 91465.769285714297 110073.395 39407.664274207134 5.5000000000000009 76.500000000000014
decision_type=2 2 2 2 2 2 2 2 2 2 2 2 2 2 2 2 2 2 2 2 2 2 2 2 2 2 2 2 2 2
left_child=1 13 3 4 7 20 -4 8 14 10 28 -12 -7 -1 23 16 -16 -18 19 -17 -5 -8 -14 24 -2 -26 27 -27 29 -9
right_child=2 -3 6 5 -6 12 21 9 -10 -11 11 -13 22 -15 15 18 17 -19 -20 -21 -22 -23 -24 -25 25 26 -28 -29 -30 -31
leaf_value=136.29386033694911 -952.26293849785441 55.483703036763735 -65.958443971435585 78.550566835844791 11.431823325848116 180.93087025918663 -10.144198367326863 6.7011686176651253 55.90930604421898 -46.499196741339738 102.24325243589287 -188.44629231889036 -59.539540679321831 -160.91694931254867 56.704544555225382 -154.24169322639534 -171.9491242914934 59.464855949668191 -202.05280192152622 7.3290526593179397 -37.920927690699152 97.069560432171215 36.52034514337803 -122.11849524512978 98.046856506201948 -83.917282961014024 8.0715240485091861 -6.1396952802917859 -67.569598768473298 -51.313723584389095
leaf_weight=22 25 31 59 22 36 30 1826 46 35 121 28 21 28 201 21 32 28 34 35 27 29 22 26 29 20 71 36 22 29 76
leaf_count=22 25 31 59 22 36 30 1826 46 35 121 28 21 28 201 21 32 28 34 35 27 29 22 26 29 20 71 36 22 29 76
internal_value=-0.000648632 -0.00322835 -0.000415779 0.000512678 -1.29546e-05 0.00351852 -0.000857369 -0.000312501 0.000662649 -0.00157321 -0.000250001 0.00418367 0.00571428 -0.00410314 -1.19209e-09 0.00149717 0.00403614 0.00145161 -0.000744682 0.00177966 -9.80404e-05 -0.000725109 0.00333333 -0.00130542 -0.000689656 3.35559e-05 -0.00112403 -0.00231183 -0.00168874 -0.000901641
internal_weight=3068 254 2814 907 772 135 1907 736 415 321 200 49 84 223 380 177 83 62 94 59 51 1848 54 203 174 149 129 93 151 122
internal_count=3068 254 2814 907 772 135 1907 736 415 321 200 49 84 223 380 177 83 62 94 59 51 1848 54 203 174 149 129 93 151 122
is_linear=0
shrinkage=0.05


Tree=184
num_leaves=31
num_cat=1
split_feature=4 0 5 0 0 2 4 4 0 10 1 3 5 10 10 4 2 4 0 4 0 10 4 4 0 0 1 1 11 2
split_gain=0.653216 0.489622 0.444202 0.68965 0.455048 0.452433 0.790237 1.58395 0.703194 0.486685 0.392779 0.822358 0.492087 0.430816 1.00148 0.314043 0.727513 0.298274 0.24515 0.467606 0.30079 0.558711 0.239596 0.32629 0.231813 0.368421 0.225 0.204016 0.166067 0.399976
threshold=113514.94000000002 102404.03500000002 44978.661696059258 96982.175000000003 85521.315000000017 129389.77 134558.59517857144 124203.32375000003 136326.89500000002 232.50000000000003 319151.15000000008 301368.32500000001 37281.008952082018 81.500000000000014 62.500000000000007 91146.005535714314 84004.390000000014 120901.90928571431 136949.85500000001 173634.15517857144 142611.07500000004 201.50000000000003 174474.69571428574 298233.88178571436 301331.57500000007 318444.77500000008 102141.07500000001 164631.90500000003 0 356720.39500000008
decision_type=2 2 2 2 2 2 2 2 2 2 2 2 2 2 2 2 2 2 2 2 2 2 2 2 2 2 2 2 1 2
left_child=1 15 3 4 -2 9 7 8 -7 -5 12 -12 13 14 22 16 -1 -4 -15 20 -20 -22 -8 -24 -21 -26 -6 -23 29 -19
right_child=2 -3 17 5 26 6 10 -9 -10 -11 11 -13 -14 18 -16 -17 -18 28 19 24 21 27 23 -25 25 -27 -28 -29 -30 -31
leaf_value=-819.52871264877422 -82.524541134389025 95.711142318888889 -69.228976908679925 -101.61338493443071 122.52033707899317 39.857900837535972 -153.02042695314174 140.00147043052428 -3.7924716822934159 42.843844944922502 74.673082747913966 -39.887639264944887 363.5894995569181 -79.323972661163054 86.075040827808778 -237.78823699070199 144.73954827510281 158.07140168268154 -75.34418120883673 -35.939663169524039 19.959205386091579 8.3731304854757713 12.51421630423444 -229.93222551089636 108.28311189940983 -208.5547518465664 88.858995983175888 -32.073815470112642 -20.195118725982617 -20.633743727370838
leaf_weight=33 34 22 42 135 20 29 41 20 34 29 21 20 33 45 36 179 21 182 38 161 35 25 31 25 36 21 20 28 1031 641
leaf_count=33 34 22 42 135 20 29 41 20 34 29 21 20 33 45 36 179 21 182 38 161 35 25 31 25 36 21 20 28 1031 641
internal_value=-0.000616038 -0.00303922 -0.000396375 0.000507087 0.00513513 0.000100829 0.000670102 0.00524096 0.00134921 -0.0022561 3.35559e-05 0.0047561 -0.000315317 -0.000689656 0.00176692 -0.00371245 -0.000370372 -0.000833335 -0.00152956 -0.00107558 0.00134921 0.00295454 -0.00087629 0.00125 -0.00247707 0.000263157 0.00875 -0.00028302 -0.000738944 -0.00019808
internal_weight=3068 255 2813 917 74 843 679 83 63 164 596 41 555 522 133 233 54 1896 389 344 126 88 97 56 218 57 40 53 1854 823
internal_count=3068 255 2813 917 74 843 679 83 63 164 596 41 555 522 133 233 54 1896 389 344 126 88 97 56 218 57 40 53 1854 823
cat_boundaries=0 1
cat_threshold=4
is_linear=0
shrinkage=0.05


Tree=185
num_leaves=31
num_cat=0
split_feature=6 0 4 5 10 5 3 4 6 4 0 10 10 10 0 6 6 10 0 10 6 6 6 10 7 5 7 3 7 4
split_gain=0.928478 0.299025 0.424458 0.466667 0.24208 0.491497 0.241861 0.589409 0.916667 0.374717 0.273485 0.236003 0.221727 0.581871 0.849066 0.322917 0.537084 0.314489 0.29064 0.236832 0.232134 0.943892 0.32743 0.234867 0.565911 0.361962 0.221363 0.995516 0.764355 0.538554
threshold=8249.7679279859785 347663.93000000005 418029.89910714288 127358.78526881667 257.50000000000006 39881.807417089971 115961.09571428572 92576.328392857162 37188.494001121588 119907.76926948053 99666.920000000013 17.500000000000004 47.500000000000007 64.500000000000014 126048.51000000002 22287.367060107397 71047.26365873059 74.500000000000014 175875.62500000003 41.500000000000007 152176.35042145304 137435.86740872913 125262.425585351 99.500000000000014 3.5000000000000004 23015.223570820945 2.5000000000000004 352271.63285714295 3.5000000000000004 791081.76035714301
decision_type=2 2 2 2 2 2 2 2 2 2 2 2 2 2 2 2 2 2 2 2 2 2 2 2 2 2 2 2 2 2
left_child=-1 2 4 -4 6 -6 7 -2 -9 -8 -10 -11 18 14 -14 -16 -17 -15 -13 -20 21 22 23 24 25 -19 29 -28 -29 -3
right_child=1 26 3 -5 5 -7 9 8 10 11 -12 12 13 17 15 16 -18 20 19 -21 -22 -23 -24 -25 -26 -27 27 28 -30 -31
leaf_value=-140.28036484715855 -395.56297752596379 -79.573269726316738 179.91917650407672 11.535913404729403 -36.559510894576142 196.39626735344996 -139.17628028150969 392.23446885525516 17.028192212506518 41.22294395107896 -28.62187208648696 -190.48863584521095 86.970502757367399 -204.1272427247313 35.950423730864799 -67.094975090720411 22.45779099695871 152.10512504776705 0.70354148473421507 -154.78225351954933 -737.52636016959605 124.69721410828839 -595.03006420542704 -3.1190096927442852 -12.246529886860831 13.315427252681403 723.61648462573248 135.87861837803288 -120.64165524693976 285.56717055691888
leaf_weight=221 43 347 20 64 21 28 66 22 20 20 24 59 20 76 28 35 34 23 91 25 45 24 38 963 59 35 30 114 332 107
leaf_count=221 43 347 20 64 21 28 66 22 20 20 24 59 20 76 28 35 34 23 91 25 45 24 38 963 59 35 30 114 332 107
internal_value=-0.000748188 -0.000503023 -0.000140734 0.00333333 -0.000302947 0.00316326 -0.000400001 0.00188073 0.00484848 -0.000551494 0.000681817 -0.000396827 -0.000466239 -0.000253624 0.00311966 0.00118557 -0.000652175 -0.000566114 -0.00214286 -0.000689656 -0.000366471 -0.000227672 -0.000438284 -0.000277779 0.00183761 0.00534483 -0.00123656 -0.000483194 -0.00107623 -0.00202643
internal_weight=3034 2813 1883 84 1799 49 1750 109 66 1641 44 1575 1555 1380 117 97 69 1263 175 116 1187 1142 1118 1080 117 58 930 476 446 454
internal_count=3034 2813 1883 84 1799 49 1750 109 66 1641 44 1575 1555 1380 117 97 69 1263 175 116 1187 1142 1118 1080 117 58 930 476 446 454
is_linear=0
shrinkage=0.05


Tree=186
num_leaves=31
num_cat=0
split_feature=6 10 5 3 10 2 4 2 10 2 10 6 2 5 6 6 6 3 6 5 10 10 5 6 10 5 5 2 4 4
split_gain=0.771675 0.296559 0.286508 0.546201 0.259091 0.189749 0.36662 1.01731 0.206098 0.188462 0.4 0.166825 0.526724 0.415584 0.266234 0.196505 0.365303 0.398384 0.394787 0.274805 0.958187 0.2711 0.934742 1.00369 0.305143 0.228401 0.226075 0.212581 0.377523 0.4901
threshold=8249.7679279859785 257.50000000000006 39881.807417089971 303409.37785714294 254.50000000000003 92382.135000000024 117809.06250000001 112400.12000000001 219.50000000000003 73314.755000000019 38.500000000000007 10936.394521872739 146454.20500000005 10184.561905624718 9839.8124710019456 11778.350834494229 12743.038189134628 168574.70428571431 17496.426208720415 18623.262859948682 147.50000000000003 224.50000000000003 81537.84758301494 47385.234014279638 219.50000000000003 11202.065064796345 33832.991519492149 454398.42500000005 300836.95071428578 387813.85142857145
decision_type=2 2 2 2 2 2 2 2 2 2 2 2 2 2 2 2 2 2 2 2 2 2 2 2 2 2 2 2 2 2
left_child=-1 4 -3 -4 5 8 7 -7 9 10 -2 12 13 14 -8 -13 17 -17 25 20 -20 24 23 26 -21 -18 -23 28 -24 -30
right_child=1 2 3 -5 -6 6 11 -9 -10 -11 -12 15 -14 -15 -16 16 18 -19 19 21 -22 22 27 -25 -26 -27 -28 -29 29 -31
leaf_value=-133.26634660480056 -956.00667015059719 -34.731535349846872 321.73996232922991 14.216178695974548 -154.49894033724743 767.68875454511726 -69.985641422419462 -33.195716461073154 10.696309923936735 -286.62692438534117 314.15285998806598 -129.32775484832624 150.88674789238146 19.117199409947219 -28.120441645756916 -21.548975130622594 -5.2187356903005462 91.623459696384259 125.32899084247572 -6.4796332131211862 -221.51325910241528 -106.0120109001635 -1110.4316185014584 49.247975918497453 -204.16278686479021 -111.22681139212767 46.694455715169823 -83.749776451472144 173.20034614821506 -77.497808865420069
leaf_weight=221 20 21 23 37 34 20 41 32 20 104 20 46 23 25 22 31 62 22 22 1783 27 30 26 28 43 81 32 67 23 48
leaf_count=221 20 21 23 37 34 20 41 32 20 104 20 46 23 25 22 31 62 22 22 1783 27 30 26 28 43 81 32 67 23 48
internal_value=-0.000797628 -0.000574121 0.00240741 0.00416667 -0.000662519 -0.000607859 -0.000501185 0.00365384 -0.0022561 -0.00291667 -1.19209e-09 -0.000588236 0.00130631 -0.000454547 -0.00261905 -0.000676931 -0.000612904 0.00349056 -0.000708628 -0.000537812 0.00316326 -0.000625001 0.000905511 0.005 -0.000837898 -0.00325175 0.00145161 -0.00134146 0.000154638 0.00204225
internal_weight=3034 2813 81 60 2732 2698 2534 52 164 144 40 2482 111 88 63 2371 2325 53 2272 2129 49 2080 254 90 1826 143 62 164 97 71
internal_count=3034 2813 81 60 2732 2698 2534 52 164 144 40 2482 111 88 63 2371 2325 53 2272 2129 49 2080 254 90 1826 143 62 164 97 71
is_linear=0
shrinkage=0.05


Tree=187
num_leaves=31
num_cat=1
split_feature=2 4 6 5 0 4 1 1 11 2 5 5 7 5 1 4 0 5 4 10 0 5 0 7 7 1 1 2 0 5
split_gain=0.558148 0.630614 0.375223 0.303862 0.269841 0.448586 0.694977 0.812949 0.33598 0.28732 0.392391 0.59895 0.716169 0.375837 0.316535 0.295479 0.481057 0.269167 0.268383 0.265152 0.253926 0.244116 0.379011 0.236433 0.69516 1.29316 0.671435 0.544472 0.232759 0.231913
threshold=91868.070000000022 91271.17357142859 8249.7679279859785 30721.231188236601 347663.93000000005 418029.89910714288 436247.71500000003 558054.69500000018 0 409340.1650000001 89646.028026548258 94078.567190292888 1.5000000000000002 83996.429739810948 403110.97000000003 302112.58732142864 322255.61000000004 126584.91272437781 383706.95732142864 102.50000000000001 601181.03000000014 42715.319169421877 100913.70000000001 3.5000000000000004 2.5000000000000004 489230.06000000006 1340411.5150000004 365105.98000000004 507334.46000000008 7318.200877185036
decision_type=2 2 2 2 2 2 2 2 1 2 2 2 2 2 2 2 2 2 2 2 2 2 2 2 2 2 2 2 2 2
left_child=3 -2 -3 -1 5 9 -7 -8 18 10 13 -12 -13 15 -14 16 29 -11 19 -6 -10 22 -5 24 26 -26 -20 28 -25 -4
right_child=1 2 4 21 8 6 7 -9 20 17 11 12 14 -15 -16 -17 -18 -19 23 -21 -22 -23 -24 27 25 -27 -28 -29 -30 -31
leaf_value=-319.66538743784304 219.47132636132315 -87.370868709394955 74.242955699883609 88.333880961649072 -470.48081462739833 -375.86748060167201 458.99046154241114 24.084039307093747 -150.55994127681819 -98.944334260055101 163.4190251915245 725.50498798126227 -12.813356831821014 -336.32842049412028 79.125292703800142 -387.43464958586003 123.23065456542543 2.7687310860785135 -71.15008730615429 513.94242802777489 21.184561107283372 -223.77520029004742 -29.411026438844949 -0.71215054199736716 3395.2104503181758 0.71977667729936623 3891.2186991662138 -436.6980857830053 345.47494218004113 -2.5080790864170535
leaf_weight=135 24 105 20 22 22 34 20 29 256 61 41 21 151 45 26 52 26 37 218 20 42 78 34 22 24 67 27 205 21 1149
leaf_count=135 24 105 20 22 22 34 20 29 256 61 41 21 151 45 26 52 26 37 218 20 42 78 34 22 24 67 27 205 21 1149
internal_value=-0.000781148 -0.000569621 -0.000640278 -0.00295539 -0.000523522 -0.00015187 0.00343373 0.0072449 -0.00121212 -0.000334562 -0.000166559 0.00169456 0.000555554 -0.000510837 -0.000480227 -0.000348838 -0.000188286 -0.00295918 -0.000518869 0.00333333 -0.00256494 -0.00126866 0.00125 -0.000804796 5.95226e-05 0.00379121 -0.00132653 -0.00197581 0.00313953 -0.000337897
internal_weight=3034 2765 2741 269 2636 1712 83 49 924 1629 1531 239 198 1292 177 1247 1195 98 626 42 298 134 56 584 336 91 245 248 43 1169
internal_count=3034 2765 2741 269 2636 1712 83 49 924 1629 1531 239 198 1292 177 1247 1195 98 626 42 298 134 56 584 336 91 245 248 43 1169
cat_boundaries=0 1
cat_threshold=4
is_linear=0
shrinkage=0.05


Tree=188
num_leaves=31
num_cat=0
split_feature=4 0 4 5 0 4 0 6 6 2 2 10 10 4 6 5 5 5 10 10 2 5 5 2 0 10 5 9 10 5
split_gain=0.569424 0.971626 0.421704 0.220528 0.157538 0.398908 0.303196 0.251037 0.888132 0.234984 0.415936 0.243388 0.236985 0.680931 0.281609 0.281204 0.397579 0.33004 0.38261 0.501898 0.497698 0.264207 0.315377 0.340097 0.299223 0.350918 0.480399 0.348584 0.371349 0.835227
threshold=115910.37714285716 108341.98500000002 117809.06250000001 7318.200877185036 347663.93000000005 506212.04999999999 361639.60500000004 152176.35042145304 142629.21340348822 409340.1650000001 383049.25000000006 47.500000000000007 64.500000000000014 135693.77267857146 71047.26365873059 75007.560835817465 68912.420012181989 81537.84758301494 241.50000000000003 132.50000000000003 235267.88000000003 57483.940158256606 63529.329816426594 180361.31500000003 317020.21500000003 131.50000000000003 9198.2233382541726 1.0000000180025095e-35 154.50000000000003 47685.674120121177
decision_type=2 2 2 2 2 2 2 2 2 2 2 2 2 2 2 2 2 2 2 2 2 2 2 2 2 2 2 2 2 2
left_child=1 -1 -2 -4 5 7 -6 8 9 10 11 -5 13 -13 -15 16 21 -17 19 20 -19 24 -23 -24 25 26 -14 28 29 -27
right_child=2 -3 3 4 6 -7 -8 -9 -10 -11 -12 12 15 14 -16 17 -18 18 -20 -21 -22 22 23 -25 -26 27 -28 -29 -30 -31
leaf_value=-144.60018188605136 406.01406216780913 147.05557508333209 12.47636567510366 -45.72105867082756 -154.57823116229326 329.30282204856121 -28.909331633790277 -529.47403707630372 116.17469924690005 -21.936537816355887 32.523349084147014 83.071353587305026 62.619164498577788 -11.496542379703683 59.512620226544612 40.017033826079022 -393.81887981278373 675.2278890042071 164.50569817824001 -42.835616319979458 -166.92034163633076 49.186393733925016 -90.810705846275027 6.4412893278239398 62.699763541049094 79.80663000060224 -103.45628792587888 -149.19862902052418 -3.4992461341637622 -340.0090599694089
leaf_weight=242 29 20 29 210 52 36 878 69 20 83 22 30 21 58 29 46 56 39 22 122 32 32 22 23 27 64 218 57 422 24
leaf_count=242 29 20 29 210 52 36 878 69 20 83 22 30 21 58 29 46 56 39 22 122 32 32 22 23 27 64 218 57 422 24
internal_value=-0.000863548 -0.0030916 -0.000652959 -0.00071637 -0.000762713 -0.000487669 -0.00129032 -0.000594967 -0.000473497 -0.00059976 -0.000463199 -0.000559847 -0.000312501 0.00183761 -0.0004023 -0.000517524 -0.000910974 0.000938696 0.000116278 -0.000595856 0.00274648 -0.000659342 0.00214286 -0.000555557 -0.000918369 -0.00109181 -0.00269875 -0.000414463 -1.19209e-09 0.00295454
internal_weight=3034 262 2772 2743 2714 1784 930 1748 1679 1659 1576 1554 1344 117 87 1227 966 261 215 193 71 910 77 45 833 806 239 567 510 88
internal_count=3034 262 2772 2743 2714 1784 930 1748 1679 1659 1576 1554 1344 117 87 1227 966 261 215 193 71 910 77 45 833 806 239 567 510 88
is_linear=0
shrinkage=0.05


Tree=189
num_leaves=31
num_cat=0
split_feature=1 5 7 3 0 4 5 1 1 4 4 4 3 0 3 0 0 7 0 2 5 4 2 7 4 4 10 3 10 4
split_gain=0.688774 0.338405 0.43283 0.261679 0.180569 0.257299 0.837597 0.410695 0.593939 0.339332 0.721552 0.355028 0.224733 0.663947 0.287105 0.427644 0.270378 0.261864 0.761524 0.639165 0.382654 0.664158 0.58441 0.328957 0.422404 0.428614 0.385412 0.369323 0.362327 0.348058
threshold=91795.705000000016 36772.388162109717 3.5000000000000004 118964.325 405023.70000000007 428947.87321428576 121332.18348206226 443407.32000000007 604275.45000000007 401334.3548214286 396645.29946428578 387813.85142857145 371355.62642857147 324396.56000000006 308121.18285714294 326744.49500000005 337547.21500000003 1.0000000180025095e-35 299583.55000000005 202780.73000000001 12681.974210476614 125017.97535714287 163746.75000000003 1.5000000000000002 119907.76926948053 123252.52321428573 56.500000000000007 124524.91428571429 189.50000000000003 135293.88071428574
decision_type=2 2 2 2 2 2 2 2 2 2 2 2 2 2 2 2 2 2 2 2 2 2 2 2 2 2 2 2 2 2
left_child=1 -1 3 -3 5 9 -7 -8 -9 10 11 12 14 -14 16 -16 17 18 19 20 -2 22 -22 -19 -25 28 -27 -28 -26 -29
right_child=4 2 -4 -5 -6 6 7 8 -10 -11 -12 -13 13 -15 15 -17 -18 23 -20 -21 21 -23 -24 24 25 26 27 29 -30 -31
leaf_value=-233.58918961312722 -103.00310003124262 13.44636109905192 215.50071708639575 -483.4996300902003 -41.823898722795221 638.29954957948667 -1501.6694784592028 1023.6117767151896 -103.13906879527663 -108.2178917765774 99.576101195594561 -1460.1316496270204 264.3714059790351 -122.98429546344846 -229.32323878185161 24.06608260591387 -137.25401634686611 -55.076554874287666 200.97335772806602 -117.57555672268013 212.8029253594064 233.46569931363365 -172.35379816684997 -36.714351876353788 4.5056597370072522 -24.050159306629055 -132.77050118941378 62.000631924286182 90.159267749820941 2.7977309552912097
leaf_weight=150 34 21 26 67 755 27 30 22 33 57 33 76 25 32 70 27 46 182 23 53 26 34 33 154 46 157 44 64 25 662
leaf_count=150 34 21 26 67 755 27 30 22 33 57 33 76 25 32 70 27 46 182 23 53 26 34 33 154 46 157 44 64 25 662
internal_value=-0.000665789 -0.00310606 -0.00105263 -0.00272727 -0.000433214 -0.000186105 0.00214286 -0.000294119 0.00227273 -0.000323175 -0.000205852 -0.000339218 -0.000192862 0.00289474 -0.00029762 -0.00293815 -0.000135819 -2.27728e-05 0.00165025 0.000555554 0.00248031 0.00413978 0.000932202 -0.000277363 3.4721e-05 0.00041082 0.000124055 0.000584414 0.00415493 0.000853993
internal_weight=3034 264 114 88 2770 2015 112 85 55 1903 1846 1813 1737 57 1680 97 1583 1537 203 180 127 93 59 1334 1152 998 927 770 71 726
internal_count=3034 264 114 88 2770 2015 112 85 55 1903 1846 1813 1737 57 1680 97 1583 1537 203 180 127 93 59 1334 1152 998 927 770 71 726
is_linear=0
shrinkage=0.05


Tree=190
num_leaves=31
num_cat=0
split_feature=3 4 0 0 3 3 6 1 2 3 5 5 10 1 3 1 4 10 3 10 0 4 6 6 0 2 2 6 1 3
split_gain=0.543635 0.311893 0.27253 0.414734 0.287129 0.876879 0.754627 0.424948 0.508473 0.340033 0.363324 0.51064 1.21838 0.751036 0.903856 0.703793 1.70038 0.722384 0.534654 0.497892 0.328102 0.397384 0.485514 0.420779 0.339841 0.323138 0.345933 0.402853 0.287395 0.306849
threshold=91740.601428571434 91719.473214285725 337547.21500000003 361639.60500000004 177960.85571428575 209372.7328571429 69664.958911590904 140502.31000000003 185465.33000000005 174251.78214285718 42995.228707665905 27943.878949590802 242.50000000000003 96519.655000000013 118445.57428571431 133808.64500000005 134887.97152142858 165.50000000000003 141820.02428571432 121.50000000000001 126048.51000000002 152089.93303571429 44395.902811311913 40861.826307014046 95475.250000000015 495609.40000000008 454398.42500000005 161349.32619857075 140502.31000000003 171262.29071428574
decision_type=2 2 2 2 2 2 2 2 2 2 2 2 2 2 2 2 2 2 2 2 2 2 2 2 2 2 2 2 2 2
left_child=-1 -2 4 -4 9 6 -6 -7 -9 10 11 15 13 14 -13 -3 -17 19 -15 28 21 22 23 -12 -24 26 27 -10 -18 -30
right_child=1 2 3 -5 5 7 -8 8 25 -11 20 12 -14 18 -16 16 17 -19 -20 -21 -22 -23 24 -25 -26 -27 -28 -29 29 -31
leaf_value=-98.533325343110675 67.137577037045006 -127.57378947516969 -369.65624963994884 -26.498923121693156 5.8115132419709248 369.40892416935753 454.87584480022451 -169.34701760975599 9.6897857099404394 -87.185501440961616 89.084040778755323 779.8873728850233 105.37630121788337 -44.304846836633601 -13.927537167395002 252.46978747488453 63.045388531278128 -29.731038208683277 276.99710142469695 163.50343637955254 -89.778878768909166 -408.3505765698128 -19.414485225037112 -201.67407774179432 112.23460432649559 -80.758939561617808 48.254989953953441 -1864.5397233129397 -318.36776088957089 36.456694887008261
leaf_weight=182 24 166 82 890 46 26 21 108 572 41 22 21 30 108 22 20 24 97 38 26 154 35 35 55 31 67 26 30 28 45
leaf_count=182 24 166 82 890 46 26 21 108 572 41 22 21 30 108 22 20 24 97 38 26 154 35 35 55 31 67 26 30 28 45
internal_value=-0.000426433 -0.000259517 -0.000307049 -0.000987656 4.22375e-05 0.000691963 0.00619403 0.000247285 4.35854e-05 -0.000541083 -0.000350053 0.000359999 0.00230593 0.000820105 0.00662791 -0.000689656 0.00104167 -0.000227274 -0.000890412 0.00231707 -0.00168675 -0.00022472 0.000944055 -0.00175325 0.00409091 0.000539567 0.000891719 0.000647839 0.000670102 -0.000890412
internal_weight=3072 2890 2866 972 1894 896 67 829 803 998 957 625 219 189 43 406 240 220 146 123 332 178 143 77 66 695 628 602 97 73
internal_count=3072 2890 2866 972 1894 896 67 829 803 998 957 625 219 189 43 406 240 220 146 123 332 178 143 77 66 695 628 602 97 73
is_linear=0
shrinkage=0.05


Tree=191
num_leaves=31
num_cat=1
split_feature=2 4 5 1 7 5 2 1 1 4 4 9 2 1 10 10 10 3 10 3 2 2 1 1 5 10 10 10 11 1
split_gain=0.497903 1.15419 0.606764 0.350392 0.515585 0.696599 0.92602 0.252144 0.263165 0.252046 0.226461 0.208133 0.189785 0.284179 0.346926 0.267618 0.39078 0.569847 0.384026 0.348622 0.809387 0.740268 0.401111 0.298975 0.56448 0.281667 0.617544 0.258762 0.294931 0.570442
threshold=86338.800000000003 91271.17357142859 6979.6512325721978 94325.000000000015 2.5000000000000004 34741.368890882528 103297.645 96982.175000000003 100706.99000000001 115910.37714285716 121259.21151785715 1.0000000180025095e-35 129389.77 126986.87500000001 98.500000000000014 121.50000000000001 219.50000000000003 131836.65642857147 211.50000000000003 250887.78285714288 409340.1650000001 334676.59500000003 371602.00500000006 432365.23500000004 81537.84758301494 247.50000000000003 228.50000000000003 110.50000000000001 0 317754.87000000005
decision_type=2 2 2 2 2 2 2 2 2 2 2 2 2 2 2 2 2 2 2 2 2 2 2 2 2 2 2 2 1 2
left_child=9 -2 -3 4 -4 -6 -7 -5 -9 -1 -11 12 -10 14 -14 27 18 -18 -17 -19 21 25 -23 24 -20 26 -21 28 29 -15
right_child=1 2 3 7 5 6 -8 8 11 10 -12 -13 13 15 -16 16 17 19 23 20 -22 22 -24 -25 -26 -27 -28 -29 -30 -31
leaf_value=-549.24049189582399 152.97779618926344 -88.855533855122815 -302.14614584599519 -103.35500175879511 -178.20682442855002 608.8625218724053 -5.3437345052347389 68.720595019218251 -55.805146132965803 100.43365826461388 -144.90069940739062 -42.183704610119634 569.69243229580775 37.448169194807448 -2.227642093811109 4.3706108800697789 50.4352682254519 -39.242431667569889 295.14272324891692 -254.31326769065427 -83.925701358631272 294.9521800055291 77.953428346293094 835.68332688810483 -199.0311483173495 -130.00251581008845 100.42294494428893 -101.56043066857376 -12.927404550206715 -65.197567152921138
leaf_weight=88 32 129 37 30 21 25 24 26 176 26 68 238 23 193 38 757 21 103 29 22 116 20 25 21 26 40 38 77 355 248
leaf_count=88 32 129 37 30 21 25 24 26 176 26 68 238 23 193 38 757 21 103 29 22 116 20 25 21 26 40 38 77 355 248
internal_value=-0.000540366 -0.000380624 -0.000486355 -0.00032796 0.00247663 0.005 0.0082653 -0.000442412 -0.000389662 -0.00307692 -0.0012766 -0.000440375 -0.000296393 -0.000167287 0.00319672 -0.000265424 0.000213464 -0.0011039 0.000822328 -0.00156594 -0.000593871 0.00189655 0.00722222 0.00421053 0.00227273 -0.000500001 0.00166667 -0.000933564 -0.00066583 0.000210642
internal_weight=3072 2890 2858 2729 107 70 49 2622 2592 182 94 2566 2328 2152 61 2091 1218 385 833 364 261 145 45 76 55 100 60 873 796 441
internal_count=3072 2890 2858 2729 107 70 49 2622 2592 182 94 2566 2328 2152 61 2091 1218 385 833 364 261 145 45 76 55 100 60 873 796 441
cat_boundaries=0 1
cat_threshold=12
is_linear=0
shrinkage=0.05


Tree=192
num_leaves=31
num_cat=0
split_feature=3 4 3 3 7 3 10 4 1 10 10 3 1 5 3 0 4 10 1 10 5 3 10 1 0 3 1 3 1 1
split_gain=0.510764 0.595925 0.270354 0.322009 0.385973 0.364119 0.357546 0.321111 0.285181 0.617282 0.741207 0.634058 0.293478 0.281033 0.271485 0.300287 0.365 0.382302 0.345475 0.369163 0.350812 0.468684 0.496209 0.390195 0.645843 0.380036 0.342329 1.02187 0.691031 0.335682
threshold=91740.601428571434 91719.473214285725 104367.94928571432 117725.64714285715 4.5000000000000009 120103.61071428572 155.50000000000003 118687.7460714286 121612.50000000001 235.50000000000003 94.500000000000014 146037.66285714289 97422.390000000014 40204.572716459974 169933.02428571432 317020.21500000003 173068.33892857147 18.500000000000004 286404.10000000003 37.500000000000007 92947.605091194229 219785.74357142861 202.50000000000003 194682.13500000004 175875.62500000003 293411.12142857147 321270.94000000006 305341.66285714292 306049.81500000006 337986.9150000001
decision_type=2 2 2 2 2 2 2 2 2 2 2 2 2 2 2 2 2 2 2 2 2 2 2 2 2 2 2 2 2 2
left_child=-1 -2 -3 4 6 -5 7 -4 9 10 11 12 -7 -12 -10 16 -16 -18 19 -19 21 22 23 24 -21 -22 27 28 -20 -28
right_child=1 2 3 5 -6 8 -8 -9 14 -11 13 -13 -14 -15 15 -17 17 18 26 20 25 -23 -24 -25 -26 -27 29 -29 -30 -31
leaf_value=-90.195020877093555 60.278728216860124 -214.13894611128899 432.41119917290473 -41.605529098615314 209.62149769444724 -492.00410258821194 -59.397173955491603 -80.547399604982502 -24.756716044296535 244.38643653898794 21.910918641626424 284.89439647937013 54.607041042293922 -245.39184926157515 249.08362920517462 -30.47749015338858 163.65015191672319 -164.30153608458681 -19.614426117706309 20.464465478111844 94.120795010525256 -214.09989741881773 -27.326674978676422 255.04273432677024 -60.407993486232591 -10.15641136166748 -21.934813529153857 63.778471885560805 60.269858143363741 16.36485734093986
leaf_weight=182 24 51 20 63 34 23 22 25 433 31 27 21 25 93 21 1070 21 46 57 88 41 145 51 24 71 71 43 22 46 181
leaf_count=182 24 51 20 63 34 23 22 25 433 31 27 21 25 93 21 1070 21 46 57 88 41 145 51 24 71 71 43 22 46 181
internal_value=-0.000507814 -0.000346022 -0.000411725 -0.00034636 0.00242574 -0.000449522 0.000223879 0.00277778 -0.000360243 0.00136364 0.000291004 0.00442029 0.00125 -0.00208333 -0.00051625 -0.000270271 0.00038793 0.000237044 7.90056e-05 -0.000716947 -0.000315683 -0.00104222 0.000341879 0.00155738 0.000660376 0.00214286 0.00130372 0.0034 0.00131068 0.000133927
internal_weight=3072 2890 2866 2815 101 2714 67 45 2651 220 189 69 48 120 2431 1998 928 907 886 537 491 379 234 183 159 112 349 125 103 224
internal_count=3072 2890 2866 2815 101 2714 67 45 2651 220 189 69 48 120 2431 1998 928 907 886 537 491 379 234 183 159 112 349 125 103 224
is_linear=0
shrinkage=0.05


Tree=193
num_leaves=31
num_cat=0
split_feature=2 4 5 1 0 2 2 4 6 1 1 4 1 0 6 1 5 5 6 6 1 3 0 7 1 4 5 2 3 3
split_gain=0.472672 1.17117 0.581685 0.368944 0.704943 0.925681 0.266327 0.252046 0.400345 0.243775 0.271341 0.245103 0.482428 0.416657 0.432013 1.19375 0.43137 0.541715 0.293259 0.360271 0.553846 0.451799 0.324283 0.494572 0.843896 0.578571 0.376361 0.32 0.292518 0.414731
threshold=86338.800000000003 91271.17357142859 6979.6512325721978 94325.000000000015 96546.97500000002 120477.31000000001 96469.185000000012 115910.37714285716 40046.088382577611 96982.175000000003 100706.99000000001 224455.03446428574 159031.20500000002 318444.77500000008 22287.367060107397 302096.73000000004 38817.407993640089 64480.660948386096 100178.02530066804 161349.32619857075 682681.61500000011 286942.57000000012 224927.81500000003 3.5000000000000004 295994.90000000008 386921.28892857151 114762.05410160978 337313.51000000007 286942.57000000012 312087.94642857148
decision_type=2 2 2 2 2 2 2 2 2 2 2 2 2 2 2 2 2 2 2 2 2 2 2 2 2 2 2 2 2 2
left_child=7 -2 -3 4 6 -6 -4 -1 -9 -5 -11 -12 -13 14 15 -14 -16 -18 -19 21 -21 -20 26 27 -25 -26 -23 -24 -15 -30
right_child=1 2 3 9 5 -7 -8 8 -10 10 11 12 13 28 16 -17 17 18 19 20 -22 22 23 24 25 -27 -28 -29 29 -31
leaf_value=-517.26871625717865 149.50539286597984 -80.55737918174728 -335.68208432317556 -96.018017606709691 232.75767445259223 -654.16959067981793 30.785858713353846 118.92229745326838 -168.49589957086368 58.678853285620733 -9.699834770840198 596.85263098513133 -2.0874137250421954 89.146899238097603 -123.96703245356866 40.273036529642738 56.455824346514902 -3.3266934272002793 154.16865571944189 -1689.1106040047246 39.539821579186111 148.86239097762933 -1445.4435095898225 183.8870971181197 -21.885906359450761 241.59184390567671 -47.077819734585134 62.77429194093046 -349.81353071809485 -25.95815832354889
leaf_weight=88 32 129 29 30 38 20 20 20 74 26 961 32 39 27 91 29 22 95 21 45 20 22 25 25 28 35 45 25 83 896
leaf_count=88 32 129 29 30 38 20 20 20 74 26 961 32 39 27 91 29 22 95 21 45 20 22 25 25 28 35 45 25 83 896
internal_value=-0.00060547 -0.000449828 -0.000556334 -0.000401247 0.00247663 0.0062069 -0.00193878 -0.00307692 -0.0012766 -0.000518689 -0.000466822 -0.000518318 -0.000140188 -0.000263828 0.000820105 0.00455882 0.00031062 0.0010049 0.000569947 0.00135739 -0.00192308 0.00230088 0.00158536 0.00297101 0.00522727 0.00214286 -0.00126866 -0.001 -0.000874753 -0.00101634
internal_weight=3072 2890 2858 2729 107 58 49 182 94 2622 2592 2566 1605 1573 567 68 499 408 386 291 65 226 205 138 88 63 67 50 1006 979
internal_count=3072 2890 2858 2729 107 58 49 182 94 2622 2592 2566 1605 1573 567 68 499 408 386 291 65 226 205 138 88 63 67 50 1006 979
is_linear=0
shrinkage=0.05


Tree=194
num_leaves=31
num_cat=1
split_feature=0 6 0 11 7 6 9 10 0 0 10 5 6 10 3 0 10 7 10 10 0 5 4 10 10 5 5 5 10 10
split_gain=0.410518 0.760084 0.393149 0.338331 0.48333 0.586667 0.326569 0.301572 0.235575 0.541217 0.394636 0.22728 0.486732 0.601058 0.394928 0.595238 0.217414 0.260554 0.215191 0.718113 0.416538 0.24607 0.324132 0.23345 0.490649 0.247895 0.255102 0.351865 0.217307 0.388671
threshold=94883.685000000012 6927.7645778391561 96982.175000000003 0 2.5000000000000004 107906.13446047829 1.0000000180025095e-35 88.500000000000014 206522.35000000003 240016.58500000005 125.50000000000001 30721.231188236601 6212.6344031628169 105.50000000000001 117725.64714285715 79391.525000000009 157.50000000000003 1.0000000180025095e-35 248.50000000000003 242.50000000000003 306470.57000000001 33832.991519492149 398491.41375000007 217.50000000000003 213.50000000000003 344057.21568908996 407298.74586677196 456290.21455313457 62.500000000000007 65.500000000000014
decision_type=2 2 2 1 2 2 2 2 2 2 2 2 2 2 2 2 2 2 2 2 2 2 2 2 2 2 2 2 2 2
left_child=11 -2 -3 4 16 8 18 -8 -6 10 -10 12 13 -1 15 -13 -4 -18 19 23 -21 -20 -23 24 25 28 -27 -28 -5 -30
right_child=1 2 3 6 5 -7 7 -9 9 -11 -12 14 -14 -15 -16 -17 17 -19 21 20 -22 22 -24 -25 -26 26 27 -29 29 -31
leaf_value=-203.41107744147237 44.367427580649043 44.979447086037261 -359.58177513980638 -25.327434308006399 -11.230389531230195 112.84236245753505 5.6038581485792927 -170.18977181347213 441.44578306428576 -2.6173725435568329 15.217787211935059 -323.70576246722703 -146.97461697146559 64.16744204460791 -30.755393146958728 303.1723833836142 20.848559442698765 -323.19307235378369 -78.196800262674003 58.897609594187145 125.65562358087625 63.204449949158949 -208.27353979691472 -47.88980110415487 516.37498700595029 -3393.8813850190027 4289.0055245210815 -10107.952166393961 208.68128477189489 5.1498940338860884
leaf_weight=33 27 36 138 345 162 25 48 148 25 60 28 21 134 20 113 21 37 66 45 26 24 37 51 185 37 49 29 20 26 1056
leaf_count=33 27 36 138 345 162 25 48 148 25 60 28 21 134 20 113 21 37 66 45 26 24 37 51 185 37 49 29 20 26 1056
internal_value=-0.000589194 -0.000384617 -0.000468 -0.000538059 -0.00164247 -0.000333335 -0.000248129 -0.00219388 -0.001 0.000752211 0.00443396 -0.00222222 -0.00339572 0.000660376 -0.000806453 0.00333333 -0.00334025 -0.00160194 -5.18147e-05 9.18185e-05 0.006 -0.00199248 -0.000454547 -7.72765e-05 0.000121638 -1.63946e-05 -0.00244898 0.00010204 0.000150665 0.000499075
internal_weight=3072 2730 2703 2667 541 300 2126 196 275 113 53 342 187 53 155 42 241 103 1930 1797 50 133 88 1747 1562 1525 98 49 1427 1082
internal_count=3072 2730 2703 2667 541 300 2126 196 275 113 53 342 187 53 155 42 241 103 1930 1797 50 133 88 1747 1562 1525 98 49 1427 1082
cat_boundaries=0 1
cat_threshold=2
is_linear=0
shrinkage=0.05


Tree=195
num_leaves=31
num_cat=0
split_feature=0 4 10 0 9 2 2 4 2 10 10 0 0 2 1 3 10 1 10 5 10 2 4 3 5 3 4 5 7 3
split_gain=0.35575 0.725447 0.404147 0.502087 0.354145 0.35893 0.921284 0.286508 0.283102 0.496911 0.58736 0.425738 0.354519 0.28483 0.867696 0.7246 0.722961 0.394201 0.294668 0.267031 0.597471 0.637639 0.379774 0.547899 0.366418 0.45163 0.413768 0.814177 0.760755 0.361962
threshold=94883.685000000012 91891.661854395628 259.50000000000006 227601.43500000003 1.0000000180025095e-35 96469.185000000012 100444.90000000001 148951.39517857143 240216.89000000004 56.500000000000007 64.500000000000014 246158.66500000001 96982.175000000003 288753.74000000005 443407.32000000007 224232.83928571432 228.50000000000003 228639.60500000001 253.50000000000003 100306.84126849746 198.50000000000003 334676.59500000003 867306.46678571438 997494.77785714308 18623.262859948682 299948.86500000005 391963.17375000002 74429.597521369942 3.5000000000000004 920924.44071428583
decision_type=2 2 2 2 2 2 2 2 2 2 2 2 2 2 2 2 2 2 2 2 2 2 2 2 2 2 2 2 2 2
left_child=4 -2 8 -4 5 -1 -7 -8 9 -3 -11 12 -12 14 15 -10 -17 -15 19 20 24 -22 -21 29 -19 -26 27 28 -27 -24
right_child=1 2 3 -5 -6 6 7 -9 13 10 11 -13 -14 17 -16 16 -18 18 -20 22 21 -23 23 -25 25 26 -28 -29 -30 -31
leaf_value=-195.92301519324209 110.75750119956659 -70.517619675162777 499.89719702480608 -61.289547795975842 83.877535551828203 125.83297931138526 -88.089740830600761 29.844100765847084 166.60845130891357 138.82351929674346 30.650546656285965 -753.37487091731293 -5.7346539330049922 -1986.9169415187157 92.391077647908986 -137.46704227138551 51.021949683448817 24.507639857969881 -294.34268889368605 -36.547494942784262 2.7277029967397968 222.18947162932375 199.84056908633087 -169.16503952889821 -16.415717888180744 40.992490163977735 -160.00602654577287 336.58267979189185 -413.11265687157061 3291.557356214239
leaf_weight=177 34 218 20 31 23 22 70 20 33 39 31 139 781 66 22 126 26 29 32 590 34 28 35 142 116 25 50 20 28 23
leaf_count=177 34 218 20 31 23 22 70 20 33 39 31 139 781 66 22 126 26 29 32 590 34 28 35 142 116 25 50 20 28 23
internal_value=-0.000676569 -0.000493011 -0.000584949 0.00382353 -0.00227564 -0.00275087 -0.000535715 -0.00277778 -0.000670339 -0.00123344 -0.000757577 -0.00100421 -0.000566504 -0.000192984 0.00152174 0.000405404 -0.00105263 -0.000484402 -0.000269098 -0.00013393 0.0010606 0.00548387 -0.000632913 0.00125 3.73122e-05 -0.000606696 0.00150406 0.00390411 0.000660376 0.00534483
internal_weight=3030 2718 2684 51 312 289 112 90 2633 1208 990 951 812 1425 207 185 152 1218 1152 1120 330 62 790 200 268 239 123 73 53 58
internal_count=3030 2718 2684 51 312 289 112 90 2633 1208 990 951 812 1425 207 185 152 1218 1152 1120 330 62 790 200 268 239 123 73 53 58
is_linear=0
shrinkage=0.05


Tree=196
num_leaves=31
num_cat=0
split_feature=0 4 9 4 1 1 4 2 2 10 10 2 2 0 1 2 5 2 3 0 0 5 4 4 10 10 8 10 10 0
split_gain=0.457602 0.678427 0.354145 0.387552 0.301329 0.485864 0.621727 0.549249 0.932073 0.424429 0.504359 0.501382 1.26093 0.400526 0.496915 0.368919 0.358076 0.3167 0.420484 0.486265 0.307643 0.263352 0.274132 0.706504 0.357214 0.378791 0.685057 0.346162 0.352947 0.763823
threshold=94883.685000000012 91891.661854395628 1.0000000180025095e-35 148951.39517857143 304223.69000000006 327504.38500000007 299689.54392857145 356720.39500000008 337313.51000000007 223.50000000000003 181.50000000000003 255935.42000000004 283675.44500000007 271484.84500000003 432365.23500000004 454398.42500000005 109219.79393550634 295734.82000000007 301368.32500000001 268668.97500000003 449186.14500000008 151344.0809054276 375439.2678571429 302755.76558035723 55.500000000000007 64.500000000000014 1.0000000180025095e-35 79.500000000000014 132.50000000000003 96982.175000000003
decision_type=2 2 2 2 2 2 2 2 2 2 2 2 2 2 2 2 2 2 2 2 2 2 2 2 2 2 2 2 2 2
left_child=2 -2 3 -1 20 16 15 8 9 10 11 -8 -13 14 -9 -7 17 -6 19 -19 21 22 23 24 -3 26 -26 -27 -29 -30
right_child=1 4 -4 -5 5 6 7 13 -10 -11 -12 12 -14 -15 -16 -17 -18 18 -20 -21 -22 -23 -24 -25 25 27 -28 28 29 -31
leaf_value=-108.76113315568476 105.21962613958834 -43.064856024030917 79.683658774236847 6.8770974987157691 130.64051370390857 -270.75328856818027 -845.20915076655774 106.62839587637018 376.71259992683326 161.77440074181496 -1184.5695662101432 155.77106664257789 -22.459569860985656 -34.76707119517831 4.9912074931234249 2.5670930610619038 -481.39545224543036 18.560505252185902 15.551834720357789 -12.281794921822991 -1488.2845317546751 58.85625716796249 -1376.0163720170867 340.56567846465975 -287.86226756505363 -161.70136751578536 250.72969857935516 14.974494076473471 86.262366444988857 -15.338774244403451
leaf_weight=265 34 241 23 24 20 91 41 20 28 30 36 20 49 631 38 20 31 20 26 47 82 27 57 35 28 80 23 265 23 675
leaf_count=265 34 241 23 24 20 91 41 20 28 30 36 20 49 631 38 20 31 20 26 47 82 27 57 35 28 80 23 265 23 675
internal_value=-0.000462047 -0.000253864 -0.00227564 -0.00275087 -0.000342773 0.000270034 -0.000119523 0.000319148 0.00259804 0.00125 0.000136985 0.00181818 0.00442029 -0.000355589 0.00362069 -0.00364865 0.00298611 0.00429203 0.00306451 0.000970148 -0.000800782 -0.000632738 -0.000725299 -0.000583943 -0.000767791 -0.000383913 0.00382353 -0.000589646 -0.000327104 -0.000916907
internal_weight=3030 2718 312 289 2684 1148 1004 893 204 176 146 110 69 689 58 111 144 113 93 67 1536 1454 1427 1370 1335 1094 51 1043 963 698
internal_count=3030 2718 312 289 2684 1148 1004 893 204 176 146 110 69 689 58 111 144 113 93 67 1536 1454 1427 1370 1335 1094 51 1043 963 698
is_linear=0
shrinkage=0.05


Tree=197
num_leaves=31
num_cat=1
split_feature=0 4 1 5 0 0 11 6 2 4 5 5 6 5 3 10 10 4 1 0 0 5 1 2 7 10 4 10 10 5
split_gain=0.358381 0.659426 1.25952 0.436062 0.304762 0.258677 0.587458 1.57102 0.879544 0.455227 0.610968 0.657027 0.450099 0.453217 0.473358 0.374011 0.602115 0.714706 0.541026 0.751481 0.671817 0.625 0.456595 0.70644 0.371776 0.358843 0.406115 0.444192 0.703205 0.912944
threshold=81031.200000000026 91465.769285714297 92318.240000000005 6979.6512325721978 84908.630000000019 405023.70000000007 0 121803.69412352426 338602.64000000007 393615.5246428572 127358.78526881667 104116.03570179307 275537.99546421139 98595.506214861714 396004.79571428575 55.500000000000007 64.500000000000014 144211.53589285715 306049.81500000006 232009.21000000002 265544.56500000006 99666.096979378126 121612.50000000001 95495.160000000018 1.0000000180025095e-35 79.500000000000014 300305.93714285718 132.50000000000003 119.50000000000001 8877.8221596653002
decision_type=2 2 2 2 2 2 1 2 2 2 2 2 2 2 2 2 2 2 2 2 2 2 2 2 2 2 2 2 2 2
left_child=-1 2 -2 4 -3 6 7 8 -5 -9 11 -11 13 14 -7 22 17 -17 25 -20 21 -21 23 -8 -14 -18 27 28 29 -27
right_child=1 3 -4 5 -6 12 15 9 -10 10 -12 -13 24 -15 -16 16 18 -19 19 20 -22 -23 -24 -25 -26 26 -28 -29 -30 -31
leaf_value=-234.58483104833522 -71.024251900471356 4.0058061869324391 425.31229218257607 393.07590682950354 -130.41415828209156 225.74670927796217 -221.95638311530357 -1213.7925940129405 33.07531162745812 -10.694839990940261 -28.729083096659874 574.43180135070008 -1762.6299896221362 -178.56109086136078 -32.3260916388979 143.47617739472074 -164.89320627740068 4.2157355576731055 -259.72903375994252 74.414340251126774 10.068176572923015 10.23058460441241 -38.968220725335406 358.30989010969972 170.42965801348646 60.857277363116218 -236.77884378781297 -9.5619101275965033 167.48343283259589 -17.429785856733261
leaf_weight=98 28 20 20 22 120 24 29 48 27 20 91 23 40 448 41 20 86 48 35 20 182 20 255 27 199 20 84 697 75 163
leaf_count=98 28 20 20 22 120 24 29 48 27 20 91 23 40 448 41 20 86 48 35 20 182 20 255 27 199 20 84 697 75 163
internal_value=-0.000495051 -0.000395636 0.00541667 -0.000492373 -0.00321429 -0.0003535 -5.52221e-05 0.00226141 0.0103061 0.000219779 0.00171642 0.00662791 -0.00114362 -0.00197856 0.00192308 -0.000369849 -3.4484e-05 0.00455882 -0.000260493 0.00180934 0.00288288 0.00875 -0.00194534 0.00214286 0.000648534 -0.000733335 -0.000476421 -0.000183247 0.00158915 -8.19684e-05
internal_weight=3030 2932 48 2884 140 2744 1992 231 49 182 134 43 752 513 65 1761 1450 68 1382 257 222 40 311 56 239 1125 1039 955 258 183
internal_count=3030 2932 48 2884 140 2744 1992 231 49 182 134 43 752 513 65 1761 1450 68 1382 257 222 40 311 56 239 1125 1039 955 258 183
cat_boundaries=0 1
cat_threshold=4
is_linear=0
shrinkage=0.05


Tree=198
num_leaves=31
num_cat=1
split_feature=2 0 2 3 4 4 1 0 2 1 3 0 0 0 1 6 7 11 2 2 3 3 6 3 3 7 4 3 2 4
split_gain=0.455565 0.397003 0.409324 0.71137 0.363853 0.71537 0.541401 1.042 0.533333 0.517583 0.59883 0.498277 0.498892 1.19038 0.461342 0.388054 0.362057 0.352409 0.550449 0.564438 0.496379 0.471087 0.718427 0.860938 0.538172 0.487353 0.414205 0.51526 0.381913 1.01277
threshold=240216.89000000004 449186.14500000008 819491.67500000016 798706.82857142866 216133.69946428575 221461.39178571434 259784.71000000002 292011.27500000008 342665.44500000001 568239.64000000001 490488.75642857148 416304.46500000003 246158.66500000001 265544.56500000006 288947.88000000006 104908.1793161301 3.5000000000000004 0 216459.97500000001 199034.94500000004 153293.91571428577 136543.58142857146 49149.38181282374 148912.87142857147 117725.64714285715 4.5000000000000009 223645.53125000003 242178.02500000005 82743.585000000006 91271.17357142859
decision_type=2 2 2 2 2 2 2 2 2 2 2 2 2 2 2 2 2 1 2 2 2 2 2 2 2 2 2 2 2 2
left_child=17 4 -3 -4 -2 -6 7 8 15 11 -11 12 -8 16 -15 -7 -14 18 19 20 21 24 23 -23 25 -1 -22 -28 -19 -30
right_child=1 2 3 -5 5 6 9 -9 -10 10 -12 -13 13 14 -16 -17 -18 28 -20 -21 26 22 -24 -25 -26 -27 27 -29 29 -31
leaf_value=-3.7769557338398756 -156.23168126877061 -119.82206655544348 988.29857311792352 -57.007165728430223 37.711280804750743 -197.95345556080647 -34.426361598094374 180.23655335467572 -457.15796908100049 142.18243524794383 -79.467318345403299 -651.20485162192836 8.3534508204767928 -197.64975033958024 5.3686674368536886 91.154383293789749 54.235528533005755 -380.54665071739697 -407.16677627403874 151.42859131910944 -286.88195458907666 341.88828712598684 -55.93815732668876 7.4825416943285408 -68.511322591526081 195.49804342663813 283.9737993954646 -157.43946784375314 115.07962192892359 -14.7078855903169
leaf_weight=66 40 393 25 162 34 23 86 38 27 36 40 49 23 72 364 22 26 74 49 40 72 30 24 31 113 31 28 60 26 926
leaf_count=66 40 393 25 162 34 23 86 38 27 36 40 49 23 72 364 22 26 74 49 40 72 30 24 31 113 31 28 60 26 926
internal_value=-0.000396041 0.000239725 -0.000775863 0.00114973 0.00090909 0.00113095 0.000831264 0.00409091 0.000555554 0.000316091 0.00421053 -0.000161292 0.000253939 0.000876287 4.58704e-05 0.00388889 0.0082653 -0.000987262 5.41505e-05 0.000555554 5.49439e-05 0.00127119 0.00441176 0.00729508 -1.19209e-09 0.00273196 -0.0021875 0.000113635 -0.0015251 -0.00127101
internal_weight=3030 1460 580 187 880 840 806 110 72 696 76 620 571 485 436 45 49 1570 544 495 455 295 85 61 210 97 160 88 1026 952
internal_count=3030 1460 580 187 880 840 806 110 72 696 76 620 571 485 436 45 49 1570 544 495 455 295 85 61 210 97 160 88 1026 952
cat_boundaries=0 1
cat_threshold=5
is_linear=0
shrinkage=0.05


Tree=199
num_leaves=31
num_cat=1
split_feature=1 1 6 4 4 3 0 3 3 11 1 1 6 1 6 1 0 0 3 0 7 6 1 6 1 3 4 4 6 6
split_gain=0.259288 0.766325 0.437807 0.548817 0.389073 0.539605 0.369177 0.321079 0.383365 0.298485 1.58487 0.5 0.497839 0.81 0.402832 0.59367 0.602641 0.664172 0.780759 0.764978 0.498665 0.34699 0.550974 0.312248 0.297026 0.316701 0.485541 0.296888 0.285749 0.654181
threshold=170546.69000000003 172583.96000000005 73005.27195932687 217033.88250000004 174656.1905357143 174251.78214285718 449186.14500000008 779153.05857142864 856184.22142857162 0 277549.11500000005 228639.60500000001 121145.85760887423 407176.96500000003 147844.39382622534 304223.69000000006 229852.89000000004 265544.56500000006 406457.7028571429 246158.66500000001 3.5000000000000004 77161.368069860269 259784.71000000002 112715.55988619714 469258.57000000007 444401.80285714293 409704.43375000008 506212.04999999999 49149.38181282374 47385.234014279638
decision_type=2 2 2 2 2 2 2 2 2 1 2 2 2 2 2 2 2 2 2 2 2 2 2 2 2 2 2 2 2 2
left_child=2 -2 3 28 -3 -6 9 -8 -9 10 11 -7 13 -12 15 20 -17 19 23 -18 -11 -22 -23 -19 -14 26 -26 -27 29 -1
right_child=1 4 -4 -5 5 6 7 8 -10 14 12 -13 24 -15 -16 16 17 18 -20 -21 21 22 -24 -25 25 27 -28 -29 -30 -31
leaf_value=-13.404593808976419 86.045114419990654 -26.657210941410838 -349.91408099127818 315.19860904620577 141.30964826072065 28.476070310777114 -81.107586498336616 2082.6945760894055 -67.103670732213502 -187.86556222541861 461.76960329150802 1140.7814499735705 -32.621755505030414 -4.4972997374069337 -1621.5369928716623 -135.99539826872933 -8.7385543195912341 2.930454380114436 274.35243933660308 52.940221157650662 -3.0290313516814678 215.45259206092305 -77.501073556864583 -357.95125787254756 -1119.7504226915562 -298.17099722860564 594.69167837583382 13.890034016461895 -44.29201175289365 278.15117384273407
leaf_weight=883 26 188 107 20 24 25 364 34 208 213 20 25 94 25 56 29 24 190 33 27 128 40 29 24 23 29 20 37 61 24
leaf_count=883 26 188 107 20 24 25 364 34 208 213 20 25 94 25 56 29 24 190 33 27 128 40 29 24 23 29 20 37 61 24
internal_value=-0.000412542 -6.46007e-05 -0.0010274 -0.000698382 -0.000180724 5.51993e-05 -5.00896e-05 -0.00103961 0.0003719 0.000499541 0.00181818 0.01 0.000241934 0.005 -1.86811e-05 0.000291722 0.00188073 0.00255033 0.00147773 0.0077451 -0.000975611 0.000837562 0.00369565 0.000373831 -0.000812809 0.000963302 0.00430232 -0.00121212 -0.00086777 -0.000644985
internal_weight=3030 1935 1095 988 1909 1721 1697 606 242 1091 298 50 248 45 793 737 327 298 247 51 410 197 69 214 203 109 43 66 968 907
internal_count=3030 1935 1095 988 1909 1721 1697 606 242 1091 298 50 248 45 793 737 327 298 247 51 410 197 69 214 203 109 43 66 968 907
cat_boundaries=0 1
cat_threshold=4
is_linear=0
shrinkage=0.05


Tree=200
num_leaves=31
num_cat=0
split_feature=4 6 3 2 2 5 2 4 0 5 6 6 6 4 5 3 5 4 3 6 6 6 6 4 3 5 3 2 3 3
split_gain=0.419111 0.323192 0.297826 0.332977 0.615494 0.283238 0.274285 0.440754 0.424592 0.370086 1.86152 0.514286 0.510589 0.463353 0.351232 0.33633 0.659305 0.466878 0.524642 0.692077 0.441177 0.414688 1.00511 0.35 0.603115 0.977376 0.512821 0.31787 0.313369 0.472973
threshold=119907.76926948053 6026.702314369385 117725.64714285715 96469.185000000012 103297.645 38299.814693230583 244732.56000000003 388845.3776785715 180691.23000000001 103256.24612878035 101890.9396738996 109243.22790683711 135100.44332905117 293537.9621428572 94078.567190292888 132812.61642857143 8877.8221596653002 151448.80928571432 155094.74571428573 48508.886321881648 12743.038189134628 44395.902811311913 45752.271801755422 174474.69571428574 209372.7328571429 25191.250864867772 174948.72214285718 176850.83500000005 224232.83928571432 286942.57000000012
decision_type=2 2 2 2 2 2 2 2 2 2 2 2 2 2 2 2 2 2 2 2 2 2 2 2 2 2 2 2 2 2
left_child=1 -1 5 -4 -5 -2 15 8 -8 10 28 -12 13 -11 -9 16 -6 -17 19 -19 27 -18 -23 -22 25 26 -25 -20 -10 -30
right_child=2 -3 3 4 6 -7 7 14 9 12 11 -13 -14 -15 -16 17 21 18 20 -21 23 22 -24 24 -26 -27 -28 -29 29 -31
leaf_value=31.279088042734834 68.982479763665566 -58.908992049402663 -151.64230830817979 36.700049916076864 114.82707153607997 -1.5575435239661815 -141.11951253135112 -92.612162852590345 9.3348712349103646 6.7117551799640482 209.91440020142369 160.68642811428802 62.200191455826655 -167.85840589053839 -0.087011937810830331 -64.503361951427323 -118.5801248034944 293.85670671762654 -0.68704271692612051 -45.435271840972348 -46.757968697998372 57.714370995959086 -139.57872090795419 22.121269252138575 -83.773661508754373 426.12433736106561 -171.73876797799039 222.38909333117374 -80.749084561177654 9.8657489201451547
leaf_weight=51 29 294 110 34 20 22 24 72 71 26 20 36 27 113 825 223 90 32 29 21 112 20 23 48 346 24 30 23 35 224
leaf_count=51 29 294 110 34 20 22 24 72 71 26 20 36 27 113 825 223 90 32 29 21 112 20 23 48 346 24 30 23 35 224
internal_value=-0.00017027 -0.0018116 3.87585e-05 -3.38612e-05 8.24164e-05 0.00382353 -7.95664e-06 0.000431092 0.00151042 0.00179348 0.00264249 0.0110714 -0.000180724 -0.00140288 -0.000261986 -0.000629204 0.00153595 -0.00100225 -0.000338347 0.00443396 -0.000751635 0.000263157 0.00430232 -0.00116072 -0.000535715 0.00284314 0.000128204 0.00365384 0.00121212 0.000405404
internal_weight=3054 345 2709 2658 2548 51 2514 1473 576 552 386 56 166 139 897 1041 153 888 665 53 612 133 43 560 448 102 78 52 330 259
internal_count=3054 345 2709 2658 2548 51 2514 1473 576 552 386 56 166 139 897 1041 153 888 665 53 612 133 43 560 448 102 78 52 330 259
is_linear=0
shrinkage=0.05


Tree=201
num_leaves=31
num_cat=1
split_feature=2 2 0 2 2 10 1 2 2 1 2 2 0 10 3 0 1 1 3 4 3 3 0 4 11 7 1 0 0 2
split_gain=0.38363 0.361204 0.371469 0.516474 0.429764 0.394011 0.31237 0.42605 0.358022 0.300677 0.751907 0.682828 0.58631 0.287915 0.248665 0.28038 0.354064 0.351475 0.451702 0.242378 0.392628 0.240833 0.239032 0.237037 0.232655 0.437963 0.392812 0.57033 0.351907 0.58551
threshold=91868.070000000022 92939.950000000026 84004.775000000009 97422.390000000014 100444.90000000001 118.50000000000001 91795.705000000016 112400.12000000001 144508.52500000005 140502.31000000003 173950.72500000003 153983.22500000003 128401.895 243.50000000000003 136097.68714285718 108341.98500000002 121612.50000000001 131286.31000000003 132812.61642857143 119228.47000000002 119409.1792857143 128882.97285714287 135054.09000000005 135554.6035714286 0 1.0000000180025095e-35 337986.9150000001 305119.35500000004 189185.49500000002 454398.42500000005
decision_type=2 2 2 2 2 2 2 2 2 2 2 2 2 2 2 2 2 2 2 2 2 2 2 2 1 2 2 2 2 2
left_child=19 -2 4 -4 -3 -6 7 -5 13 10 11 -10 -11 14 15 -8 -17 -18 -19 -1 -21 -22 -14 -20 25 28 -27 -28 -24 -30
right_child=1 2 3 6 5 -7 8 -9 9 12 -12 -13 22 -15 -16 16 17 18 23 20 21 -23 24 -25 -26 26 27 -29 29 -31
leaf_value=-252.62091894875408 436.75716809844562 37.970366634430022 -104.38040835217986 186.27917171682461 -557.88844132951033 11.35511133498755 -86.890451145643226 -247.52351232332103 -5.8531811461259657 -157.47006632076884 -399.5034587137614 577.98218999019844 17.314198248608118 37.038620211233898 -93.784131068876945 38.271418450552574 -237.65105729543043 83.861250864384246 -80.910926005073563 128.86052537115685 -198.66874756344214 1.4179063289040046 -7.8414443758450876 6.1385055761775931 2.3654239572590368 -96.936041399813789 220.84227100525374 -74.977722820829229 245.27287041814603 29.726479597425108
leaf_weight=150 22 31 73 21 20 27 67 30 28 57 21 31 25 31 141 29 35 20 24 24 50 30 23 30 1583 209 31 133 22 36
leaf_count=150 22 31 73 21 20 27 67 30 28 57 21 31 25 31 141 29 35 20 24 24 50 30 23 30 1583 209 31 133 22 36
internal_value=-0.000186642 -1.78583e-05 -6.83957e-05 -0.000166668 0.00333333 0.000319148 -5.13906e-05 0.00382353 -0.000128107 0.000115961 0.003125 0.00601695 2.35841e-06 -0.00155173 -0.00196532 -0.00085366 0.000434781 -0.000871561 0.00108108 -0.00204725 -0.000192309 -0.001875 0.000140639 -0.0012963 8.10003e-05 -0.000905174 -0.00164879 0.000182926 0.00240741 0.00448276
internal_weight=3054 2800 2778 2700 78 47 2627 51 2576 2199 80 59 2119 377 346 205 138 109 74 254 104 80 2062 54 2037 454 373 164 81 58
internal_count=3054 2800 2778 2700 78 47 2627 51 2576 2199 80 59 2119 377 346 205 138 109 74 254 104 80 2062 54 2037 454 373 164 81 58
cat_boundaries=0 1
cat_threshold=1
is_linear=0
shrinkage=0.05


Tree=202
num_leaves=31
num_cat=0
split_feature=10 6 3 0 2 0 2 3 2 0 2 6 5 2 0 3 0 10 2 2 4 0 4 6 4 10 7 7 10 5
split_gain=0.362971 0.830124 0.517692 0.48479 0.326893 0.655736 0.436508 0.30402 1.27235 0.26764 0.248016 0.23412 0.219519 0.202153 0.752711 0.570064 0.326174 0.455457 0.357965 0.270624 0.5625 0.333127 0.254968 0.214925 0.561406 0.53064 0.327329 0.268178 0.395085 0.389841
threshold=31.500000000000004 6026.702314369385 104367.94928571432 98820.410000000018 155175.46000000002 265544.56500000006 235267.88000000003 117725.64714285715 98692.750000000015 84004.775000000009 177520.34500000003 38761.893008739375 7644.1984385971373 96469.185000000012 87731.375000000015 128882.97285714287 124164.94500000002 63.500000000000007 120477.31000000001 136326.89500000002 135167.34089285717 132294.65000000005 123614.00625000002 170736.09711433004 775175.06928571442 36.500000000000007 1.0000000180025095e-35 2.5000000000000004 73.500000000000014 292071.28661657387
decision_type=2 2 2 2 2 2 2 2 2 2 2 2 2 2 2 2 2 2 2 2 2 2 2 2 2 2 2 2 2 2
left_child=4 -2 3 9 -1 6 10 8 -4 -3 -6 -10 -9 15 -15 -14 17 -16 -18 20 -20 -21 -19 25 -25 -23 -26 28 -28 -29
right_child=1 2 7 -5 5 -7 -8 12 11 -11 -12 -13 13 14 16 -17 18 22 19 21 -22 23 -24 24 26 -27 27 29 -30 -31
leaf_value=-158.37620980910924 120.0429928125489 -50.189802662394449 417.06781772071668 8.3386307911809983 29.325498102000481 -53.392452041318478 131.06391908076338 9.4375941676902801 -38.656916307266869 -168.31938810159545 -320.63787740422976 2.6780912616660997 -354.23249280131205 28.928370700274758 57.952978516179854 8.4051022958461719 18.305344839445354 -118.47049156297892 62.81951538311057 230.38395372087612 -111.04003384445187 25.247613310398162 -80.316289517314942 -308.38603206299177 -1805.0951080806508 1.8348245491498809 4884.9064658579209 -256.48857227507204 249.25271016066742 31.427961423258637
leaf_weight=105 30 27 26 22 21 87 21 33 35 110 24 26 81 37 21 37 41 42 20 35 80 29 85 231 36 1498 20 53 52 89
leaf_count=105 30 27 26 22 21 87 21 33 35 110 24 26 81 37 21 37 41 42 20 35 80 29 85 231 36 1498 20 53 52 89
internal_value=-0.000104782 6.08e-05 -2.89238e-05 -0.00279874 -0.00189923 -0.000424838 0.00333333 0.000140006 0.00304598 -0.00390511 0.000555554 -0.000901641 3.96813e-05 -1.40744e-05 8.65332e-05 -0.0020339 -2.57302e-05 -0.0022973 0.000128204 3.96628e-05 -0.0025 0.000163973 -0.0034252 7.96801e-05 -0.000841997 0.000370005 0.000799999 0.00154205 0.00402778 0.000281689
internal_weight=3054 2796 2766 159 258 153 66 2607 87 137 45 61 2520 2487 2369 118 2332 148 2184 2143 100 2043 127 2008 481 1527 250 214 72 142
internal_count=3054 2796 2766 159 258 153 66 2607 87 137 45 61 2520 2487 2369 118 2332 148 2184 2143 100 2043 127 2008 481 1527 250 214 72 142
is_linear=0
shrinkage=0.05


Tree=203
num_leaves=31
num_cat=0
split_feature=2 6 2 2 6 0 0 5 10 6 0 0 5 5 5 0 3 3 6 4 5 10 8 0 4 5 6 5 3 2
split_gain=0.579636 0.957179 0.586957 0.773244 0.521236 0.296348 0.766869 0.202239 0.805218 0.168792 0.328436 0.869809 0.793393 0.296577 0.427574 0.358758 0.558068 0.56634 0.548605 0.347115 0.586582 0.333588 0.375931 0.421425 1.08 0.366449 0.285425 0.276831 0.362253 0.241437
threshold=91868.070000000022 7340.9079019532028 97422.390000000014 94242.095000000016 9839.8124710019456 96546.97500000002 119653.40500000001 9035.634615971554 130.50000000000003 20094.521032280951 149575.01500000004 167935.79000000004 13171.136983466056 46228.655527808231 39282.105838163297 198731.98000000001 118964.325 126039.56857142858 45901.726176719465 124203.32375000003 31441.735362379535 233.50000000000003 1.0000000180025095e-35 292011.27500000008 300000.32001322758 20038.441739438127 36594.729929084751 49896.830284152144 125456.43500000003 133277.28500000003
decision_type=2 2 2 2 2 2 2 2 2 2 2 2 2 2 2 2 2 2 2 2 2 2 2 2 2 2 2 2 2 2
left_child=5 2 3 -2 -3 -1 -7 8 -6 10 -9 12 -12 14 19 16 -16 -18 -19 26 21 22 23 25 -25 -21 29 -15 -29 -11
right_child=1 4 -4 -5 7 6 -8 9 -10 13 11 -13 -14 27 15 -17 17 18 -20 20 -22 -23 -24 24 -26 -27 -28 28 -30 -31
leaf_value=-179.41457637395121 44.478288949792017 -71.26476678544708 50.24134302496136 -88.490138332456638 68.509684932969478 154.24060463293986 -318.04661686834686 -213.20016756527107 -84.784372026480895 -51.598768751870608 108.29628562464904 -30.372567479607696 -21.374100601089722 -158.07876319909178 8.4205028456238473 28.412007961377636 -92.884206995030908 267.01067056643348 -4.219560230352065 54.463443603861549 49.88760239225082 -146.83586232068606 -102.34670616602376 238.95728029758203 -118.70421606685045 -46.987751623828444 -235.27839517021346 24.136371198151494 -2.1669189515241118 86.654021674091254
leaf_weight=160 20 134 23 26 23 24 70 47 33 36 34 142 29 92 25 25 41 24 25 20 43 27 45 20 30 34 47 22 1712 21
leaf_count=160 20 134 23 26 23 24 70 47 33 36 34 142 29 92 25 25 41 24 25 20 43 27 45 20 30 34 47 22 1712 21
internal_value=-0.000153898 5.35702e-05 0.00586956 0.00260869 -9.33736e-05 -0.00244095 -0.000212767 6.35337e-05 0.00303571 -1.96892e-06 -0.00123016 -0.000365855 0.00452381 0.000133245 0.0012635 0.00357143 0.0023913 0.000555554 0.00418367 0.000263157 0.00139269 0.000113635 0.00104027 0.00269231 0.006 -0.000370372 -0.00211539 -0.000153342 -1.15352e-05 0.000263157
internal_weight=3054 2800 69 46 2731 254 94 2597 56 2541 252 205 63 2289 463 140 115 90 49 323 219 176 149 104 50 54 104 1826 1734 57
internal_count=3054 2800 69 46 2731 254 94 2597 56 2541 252 205 63 2289 463 140 115 90 49 323 219 176 149 104 50 54 104 1826 1734 57
is_linear=0
shrinkage=0.05


Tree=204
num_leaves=31
num_cat=0
split_feature=2 0 5 5 2 0 1 4 5 3 1 0 0 0 1 4 5 0 1 2 1 0 5 5 4 0 5 0 7 7
split_gain=0.376908 0.550998 0.777658 0.659155 0.473423 0.51267 0.551548 0.36 0.227863 0.363916 0.222178 0.22712 0.358605 0.21645 0.26601 0.209382 0.791147 0.511529 0.330824 0.605606 0.326156 0.28103 0.259081 1.04744 0.412194 0.405056 0.313077 0.322159 0.274821 0.421454
threshold=91868.070000000022 85521.315000000017 6979.6512325721978 39881.807417089971 92939.950000000026 108341.98500000002 87041.410000000018 125534.11964285716 32234.866698631249 118445.57428571431 92933.49500000001 96546.97500000002 149575.01500000004 91147.715000000011 110073.395 134558.59517857144 25599.780967531329 124164.94500000002 164631.90500000003 195687.98500000002 184324.19000000003 118455.59500000002 29999.611967090146 46228.655527808231 153154.89785714287 299583.55000000005 51581.177112448851 137770.52500000002 1.0000000180025095e-35 2.5000000000000004
decision_type=2 2 2 2 2 2 2 2 2 2 2 2 2 2 2 2 2 2 2 2 2 2 2 2 2 2 2 2 2 2
left_child=10 2 -2 -4 -3 8 -7 -5 -6 -10 11 -1 -13 -12 -15 16 -8 -17 21 20 -20 -18 28 24 -24 -26 -25 -28 -19 -30
right_child=1 4 3 7 5 6 15 -9 9 -11 13 12 -14 14 -16 17 18 22 19 -21 -22 -23 23 26 25 -27 27 -29 29 -31
leaf_value=-227.18515393410377 57.662183481298342 440.72419522765563 -264.79754539243191 10.495180017676162 -89.279698932434925 171.87513526384035 206.83399707011228 21.693104491705903 39.699472919433283 -74.4180948857354 8.3447118957809163 176.3145948365061 -493.93397060036381 -264.68529604577492 38.325435486872742 -74.539771497309673 7.1436875155685007 -77.56586736167344 58.505583661534956 -284.77713158140449 -50.167718499684611 -193.85050848984696 277.73956359736479 -455.39731084872392 13.626089262298596 38.417297352245455 8.7662247608470008 -2.326494698097759 24.403633863255759 -27.892768344469069
leaf_weight=124 20 20 26 25 73 24 23 20 21 73 21 20 33 27 29 55 21 81 29 20 25 40 21 32 43 21 23 1609 143 312
leaf_count=124 20 20 26 25 73 24 23 20 21 73 21 20 33 27 29 55 21 81 29 20 25 40 21 32 43 21 23 1609 143 312
internal_value=-0.000203014 -3.57155e-05 0.00379121 0.00133803 -0.000164268 -0.000221273 -4.36174e-05 0.005 -0.00290419 -0.0012766 -0.00204725 -0.0030226 -0.00028302 0.000194804 -0.00142857 -0.000116094 0.00164557 -0.000235044 0.000185184 0.00243243 0.00518518 -0.00254098 -0.000120351 0.000174384 0.00558823 0.00359375 -0.000102165 -6.12864e-06 -0.00108209 -0.000604397
internal_weight=3054 2800 91 71 2709 2689 2522 45 167 94 254 177 53 77 56 2498 158 2340 135 74 54 61 2285 1749 85 64 1664 1632 536 455
internal_count=3054 2800 91 71 2709 2689 2522 45 167 94 254 177 53 77 56 2498 158 2340 135 74 54 61 2285 1749 85 64 1664 1632 536 455
is_linear=0
shrinkage=0.05


Tree=205
num_leaves=31
num_cat=0
split_feature=1 6 4 5 10 10 10 10 0 5 5 1 3 4 6 0 10 7 1 7 10 4 3 0 3 3 0 5 3 5
split_gain=0.605309 0.669011 0.539964 0.433714 0.364219 0.408565 0.409413 0.32211 0.320395 0.359542 0.312644 0.574461 0.298582 0.510462 0.389824 1.03981 0.511696 0.289812 0.315599 0.273655 0.668805 0.315268 0.299936 0.695817 0.399976 0.419633 0.301064 0.279516 0.254669 0.24258
threshold=91795.705000000016 6212.6344031628169 121805.80410714286 42350.848692379157 35.500000000000007 42.500000000000007 47.500000000000007 194.50000000000003 87111.185000000012 39282.105838163297 25599.780967531329 108071.99500000001 121972.1142857143 121805.80410714286 10936.394521872739 143496.31500000003 125.50000000000001 4.5000000000000009 220791.11500000002 2.5000000000000004 188.50000000000003 150629.87678571432 172522.22285714289 176555.30000000002 215496.73571428575 223240.32214285719 203691.06500000003 439966.3942250454 124097.38357142858 407298.74586677196
decision_type=2 2 2 2 2 2 2 2 2 2 2 2 2 2 2 2 2 2 2 2 2 2 2 2 2 2 2 2 2 2
left_child=2 -2 -1 -4 -3 17 -7 8 9 -8 -9 -12 -10 -14 15 16 -15 18 -6 21 27 -16 23 -23 -24 -26 -27 -21 -5 -13
right_child=1 4 3 28 5 6 7 10 12 -11 11 29 13 14 19 -17 -18 -19 -20 20 -22 22 24 -25 25 26 -28 -29 -30 -31
leaf_value=-196.17318345529799 94.500642691421987 -31.432310443576984 181.80520372530924 -317.38195565968886 29.023998850134877 -121.42426052862851 -5.2546167143266187 -41.253215630168661 -37.070697573293408 42.004595894635116 203.64807921469307 -6.055072333980922 239.59969243386047 24.714532344935975 -104.82080204090978 87.795377150241364 -68.810342637871983 189.10545498393492 -635.38014045991849 5.7170202522966838 185.12646517187795 125.85941685330256 -25.098456964780045 -432.6274448676989 15.117139262736922 -1150.4857323545584 1.3557678638550428 -2092.4113467905599 79.896511009433368 98.206595184423975
leaf_weight=197 27 248 20 24 28 56 22 178 92 31 24 524 23 38 36 22 25 22 30 735 25 24 64 22 21 32 407 21 38 20
leaf_count=197 27 248 20 24 28 56 22 178 92 31 24 524 23 38 36 22 25 22 30 735 25 24 64 22 21 32 407 21 38 20
internal_value=-9.10285e-05 0.000130496 -0.00231183 0.00109756 5.41504e-05 0.00023394 0.000118754 0.000217937 0.000609755 0.00443396 -0.000643433 -7.04237e-05 0.00048204 0.000652173 0.000536684 0.00382353 0.000555554 0.00375 0.00189655 0.000335255 0.000953904 -0.000462047 -0.00017544 0.00369565 -0.000515268 -1.19209e-09 -0.000330297 0.000687829 -0.000967743 -0.000404413
internal_weight=3076 2797 279 82 2770 2522 2442 2386 1640 53 746 568 1587 1495 1472 85 63 80 58 1387 781 606 570 46 524 460 439 756 62 544
internal_count=3076 2797 279 82 2770 2522 2442 2386 1640 53 746 568 1587 1495 1472 85 63 80 58 1387 781 606 570 46 524 460 439 756 62 544
is_linear=0
shrinkage=0.05


Tree=206
num_leaves=31
num_cat=0
split_feature=10 10 0 10 10 10 10 5 0 5 6 6 7 5 1 6 7 0 0 0 10 1 10 6 0 6 1 5 0 0
split_gain=0.629385 0.394252 0.301325 0.2767 0.357096 0.436647 0.829708 0.763025 0.625136 0.43339 0.721864 0.372749 0.709056 1.02645 0.971074 0.66571 0.584593 0.524621 0.539454 0.438906 0.710171 0.663228 0.403934 0.659089 0.490844 0.342062 0.283137 0.645196 0.525378 0.448091
threshold=37.500000000000007 42.500000000000007 314495.83500000008 47.500000000000007 132.50000000000003 121.50000000000001 123.50000000000001 58432.983415189221 280013.45000000007 31441.735362379535 30907.185220021776 92715.057187837127 2.5000000000000004 34194.460926803331 132170.73000000004 44178.879424911276 5.5000000000000009 473850.27500000008 507334.46000000008 138480.01000000004 96.500000000000014 172583.96000000005 99.500000000000014 10936.394521872739 287155.59500000003 76385.712391747584 1170112.9500000002 154024.64881952255 174095.48500000002 179016.49000000002
decision_type=2 2 2 2 2 2 2 2 2 2 2 2 2 2 2 2 2 2 2 2 2 2 2 2 2 2 2 2 2 2
left_child=-1 2 -2 -3 5 11 -7 -8 -9 -6 -11 12 22 19 15 -15 25 -13 -19 -14 21 -21 23 -5 -25 -16 27 28 -12 -30
right_child=1 3 -4 4 9 6 7 8 -10 10 26 17 13 14 16 -17 -18 18 -20 20 -22 -23 -24 24 -26 -27 -28 -29 29 -31
leaf_value=-59.848645197916099 2.564155866409811 -125.39162485820985 353.82152005654893 26.869641221022217 -10.484610179382676 219.79118842097461 -197.94682170995299 713.02657166632969 94.353886269989573 27.532107820637368 -20.082732138165294 -122.5615535333699 -120.57628544864474 81.384726887954201 -109.68082442913656 536.94817212525231 8.3463562098368094 68.336904817587651 27.089159549680183 165.1086865229166 49.254172894731205 -188.03658502440032 -227.99716105006866 -7.8611224389529646 342.27796240311068 24.043527831126525 2610.4649261322479 -76.000181983927789 29.16807574366684 8.6836776478002076
leaf_weight=341 46 61 22 29 458 28 51 20 38 21 258 249 57 22 31 21 29 22 178 23 29 36 47 85 26 20 53 203 23 549
leaf_count=341 46 61 22 29 458 28 51 20 38 21 258 249 57 22 31 21 29 22 178 23 29 36 47 85 26 20 53 203 23 549
internal_value=-0.000188558 6.39842e-05 0.00382353 -3.18722e-05 4.60464e-05 0.000763688 0.00339416 0.00142202 0.00534483 -0.000431311 0.000103883 0.000365043 0.00137363 0.00302239 0.00638211 0.0124419 0.003125 -0.000657017 0.00125 0.000172413 0.00238636 -0.000762713 -0.000989306 0.000357142 -0.0013964 -9.80404e-05 -7.3666e-05 -0.000256536 0.000361445 0.00120629
internal_weight=3076 2735 68 2667 2606 1041 137 109 58 1565 1107 904 455 268 123 43 80 449 200 145 88 59 187 140 111 51 1086 1033 830 572
internal_count=3076 2735 68 2667 2606 1041 137 109 58 1565 1107 904 455 268 123 43 80 449 200 145 88 59 187 140 111 51 1086 1033 830 572
is_linear=0
shrinkage=0.05


Tree=207
num_leaves=31
num_cat=0
split_feature=1 1 0 3 0 1 10 1 2 7 1 1 1 7 2 0 4 0 1 0 4 4 10 4 2 6 7 3 3 1
split_gain=0.598198 0.542497 1.46966 0.787237 0.539762 0.512722 0.407299 0.304584 0.293962 0.505927 0.667755 0.571982 0.46222 0.459409 0.453572 0.811636 0.493611 0.436189 0.509804 0.478161 0.686422 0.418961 0.652585 0.421479 0.362509 0.327389 0.305705 0.464211 0.601186 0.29857
threshold=92318.240000000005 102141.07500000001 84004.775000000009 126039.56857142858 94883.685000000012 94325.000000000015 183.50000000000003 84004.775000000009 285888.22500000003 5.5000000000000009 138408.285 140502.31000000003 134834.28000000003 2.5000000000000004 314722.19000000006 265544.56500000006 297747.56482142868 124164.94500000002 166583.71000000002 244100.54000000004 173634.15517857144 123252.52321428573 129.50000000000003 120462.88339285714 153983.22500000003 10541.311884115556 5.5000000000000009 306437.45071428578 298209.21500000008 295994.90000000008
decision_type=2 2 2 2 2 2 2 2 2 2 2 2 2 2 2 2 2 2 2 2 2 2 2 2 2 2 2 2 2 2
left_child=4 2 -2 5 -1 -4 7 -6 9 11 -11 12 21 -14 15 -10 -17 -12 -19 20 -20 22 -3 -24 -23 -15 27 28 -18 -16
right_child=1 8 3 -5 6 -7 -8 -9 14 10 17 -13 13 25 29 16 26 18 19 -21 -22 24 23 -25 -26 -27 -28 -29 -30 -31
leaf_value=-156.09282250887017 35.835140140867743 312.80358504857918 48.841918425659784 254.67433536653891 -652.10651170366509 -50.525612087707586 47.078893218987332 93.039692412171746 20.009746444774464 -48.552962887872376 -69.94796229309047 -28.902548916524815 246.53062245118528 57.113308565492311 10.246503338611424 54.644970709441886 -8.467936466410162 214.41404050611783 3.9868627868299202 1540.3615445222517 -393.23639978771445 -26.833527732960313 -187.91721235684966 10.151239185484144 510.10057542374966 -27.691658323543528 -267.89304699132953 -104.19271542086062 66.606304529202006 -2.1056031309300951
leaf_weight=168 31 29 26 21 52 71 36 36 29 49 21 877 23 22 145 23 23 24 32 20 26 141 26 21 21 30 24 50 22 957
leaf_count=168 31 29 26 21 52 71 36 36 29 49 21 877 23 22 145 23 23 24 32 20 26 141 26 21 21 30 24 50 22 957
internal_value=-0.000107283 0.000118533 0.00305369 0.000508473 -0.00226028 -0.00139175 0.000241934 -0.00159091 -4.74395e-05 -0.000558004 0.00197674 -0.000924371 0.000910542 0.00433333 0.00049882 0.00289474 0.00133803 0.00394309 0.00529412 0.00333333 0.00103448 -0.000168068 0.00289474 -0.000744682 -0.00160494 0.00173077 4.20156e-05 0.00131579 0.005 0.000127041
internal_weight=3076 2784 149 118 292 97 124 88 2635 1362 172 1190 313 75 1273 171 142 123 102 78 58 238 76 47 162 52 119 95 45 1102
internal_count=3076 2784 149 118 292 97 124 88 2635 1362 172 1190 313 75 1273 171 142 123 102 78 58 238 76 47 162 52 119 95 45 1102
is_linear=0
shrinkage=0.05


Tree=208
num_leaves=31
num_cat=0
split_feature=10 6 3 5 0 5 0 0 2 3 5 5 6 10 0 0 1 1 2 3 3 3 2 0 0 2 4 0 7 10
split_gain=0.573285 0.686142 0.546467 0.395865 1.23743 0.36376 0.244747 0.244898 0.222751 0.536532 0.840452 0.500595 0.478494 0.571482 0.37748 0.359842 0.266939 0.465365 0.285031 0.246091 0.778794 0.340985 0.395548 0.310072 0.596575 0.793146 0.734411 0.321965 0.355595 0.306924
threshold=31.500000000000004 6026.702314369385 104367.94928571432 96117.070071128575 390224.83000000002 7644.1984385971373 99666.920000000013 84004.775000000009 285888.22500000003 297238.75642857148 103256.24612878035 111688.74158179871 23339.215177672169 145.50000000000003 210298.58000000002 203691.06500000003 211662.92000000001 197760.97500000001 202780.73000000001 207412.97 177960.85571428575 174251.78214285718 180361.31500000003 102404.03500000002 82086.090000000011 98692.750000000015 121971.94464285717 95836.580000000016 4.5000000000000009 140.50000000000003
decision_type=2 2 2 2 2 2 2 2 2 2 2 2 2 2 2 2 2 2 2 2 2 2 2 2 2 2 2 2 2 2
left_child=3 -2 6 -1 -5 -4 7 -3 9 10 14 -12 13 -10 15 16 17 18 19 20 21 22 23 24 -7 26 -26 28 -27 -24
right_child=1 2 5 4 -6 8 -8 -9 12 -11 11 -13 -14 -15 -16 -17 -18 -19 -20 -21 -22 -23 29 -25 25 27 -28 -29 -30 -31
leaf_value=-89.016317816812531 91.543441303891839 4.4073354852815045 17.037945545247208 24.471920018402557 -458.05316642327011 -65.598904012756392 21.32594400425851 -118.38296172333065 90.560383353111092 -89.419216379012468 87.072489694457644 531.89980779786856 1.5675820158456411 1.4544041035486308 -223.46770082262898 254.17422275189551 -54.206564110261326 12.995808683534086 -96.846899627528245 -32.59877660826313 24.492672663639944 -98.148498451884478 154.61061074959096 -9.4703421027455672 1.4217952597933186 -37.973445108465022 389.73428160726615 -203.40836172603034 34.248793040081324 2.0761955222648534
leaf_weight=190 33 26 28 23 47 49 21 120 26 219 20 28 1126 42 135 22 60 38 29 82 36 33 27 459 22 27 26 21 20 41
leaf_count=190 33 26 28 23 47 49 21 120 26 219 20 28 1126 42 135 22 60 38 29 82 36 33 27 459 22 27 26 21 20 41
internal_value=-0.000253577 -4.6166e-05 -0.000131155 -0.0025 0.000714285 4.58704e-05 -0.00290419 -0.00363014 -1.54571e-05 -0.000444764 -2.12778e-05 0.00645833 0.000485761 0.00455882 -0.000297251 4.03214e-05 -0.000103094 0.000109889 -0.000126148 4.15172e-05 0.000321944 -3.4484e-05 0.000202311 -0.000192309 0.00166667 0.00362069 0.00854167 0.000147058 0.00244681 0.00382353
internal_weight=3076 2816 2783 260 70 2616 167 146 2588 1394 1175 48 1194 68 1127 992 970 910 872 843 761 725 692 624 165 116 48 68 47 68
internal_count=3076 2816 2783 260 70 2616 167 146 2588 1394 1175 48 1194 68 1127 992 970 910 872 843 761 725 692 624 165 116 48 68 47 68
is_linear=0
shrinkage=0.05


Tree=209
num_leaves=31
num_cat=0
split_feature=1 9 1 3 1 4 6 6 6 0 0 6 3 10 10 10 0 1 7 4 4 0 4 0 0 3 3 3 6 3
split_gain=0.406523 0.302858 0.804551 0.336275 0.525995 0.265846 0.411726 0.346535 0.668838 0.369007 0.468208 0.548753 0.358042 0.762764 0.438563 0.62162 0.308654 0.319187 0.278096 0.512071 0.254314 0.655709 0.897363 0.646187 0.905998 0.543254 0.371706 0.574324 0.341071 0.599594
threshold=75388.630000000019 1.0000000180025095e-35 311341.90000000008 366562.88500000007 578635.78500000015 91271.17357142859 6927.7645778391561 10002.938648931124 10936.394521872739 84004.775000000009 95836.580000000016 6927.7645778391561 115961.09571428572 133.50000000000003 81.500000000000014 83.500000000000014 138480.01000000004 140502.31000000003 5.5000000000000009 219480.8835714286 123252.52321428573 140564.71500000003 119907.76926948053 174095.48500000002 178055.21000000005 120994.95428571431 146037.66285714289 200219.99071428573 49149.38181282374 134149.84642857147
decision_type=2 2 2 2 2 2 2 2 2 2 2 2 2 2 2 2 2 2 2 2 2 2 2 2 2 2 2 2 2 2
left_child=-1 5 -3 -4 -5 6 -2 9 -9 -7 -11 -12 13 -10 18 -16 -13 -18 -14 -20 21 22 -17 28 -25 -24 -26 -28 29 -22
right_child=1 2 3 4 -6 7 -8 8 12 10 11 16 14 -15 15 20 17 -19 19 -21 23 -23 25 24 26 -27 27 -29 -30 -31
leaf_value=-636.63771551466039 87.354879062979379 -137.32491134805397 296.1997526067961 -597.38163522854222 223.43677717281122 10.005704979542935 -9.8366312589711828 98.623629209633805 431.95383196566121 -165.82620339543533 20.259652036944019 -84.596660984962341 -21.226225927127036 -8.9536999687880563 5404.6563735425398 -337.32790758591739 15.407946506185386 -203.18604646090057 11.603662292988815 -22.862413631659273 -101.89938721440507 -81.34217102804854 67.434271048984385 34.220875557798422 59.725282047295302 69.656070066139804 -81.234288193284158 3.9184921134924466 -49.682002785259115 4.9843102945270878
leaf_weight=65 22 176 20 41 44 21 24 33 27 101 21 79 554 22 22 25 24 23 30 56 74 33 20 38 21 36 68 1078 133 145
leaf_count=65 22 176 20 41 44 21 24 33 27 101 21 79 554 22 22 25 24 23 30 56 74 33 20 38 21 36 68 1078 133 145
internal_value=-0.000318597 -0.000234143 -0.00179715 0.00166667 0.000294116 -7.32613e-05 0.00369565 -0.000137855 5.17586e-05 -0.00184015 -0.00237903 -0.000578232 -4.61809e-05 0.00418367 -0.00013502 0.000286473 -0.0018254 0.00138298 -0.00125 0.00139535 0.00017654 0.00245614 0.00487654 9.63272e-06 0.000560165 0.00839286 0.000312767 0.000191971 -0.001875 -0.000662102
internal_weight=3076 3011 281 105 85 2730 46 2684 2415 269 248 147 2382 49 2333 1693 126 47 640 86 1671 114 81 1557 1205 56 1167 1146 352 219
internal_count=3076 3011 281 105 85 2730 46 2684 2415 269 248 147 2382 49 2333 1693 126 47 640 86 1671 114 81 1557 1205 56 1167 1146 352 219
is_linear=0
shrinkage=0.05


Tree=210
num_leaves=31
num_cat=0
split_feature=1 1 1 6 0 2 0 6 0 5 0 7 2 6 7 3 6 1 2 2 2 4 4 2 1 0 2 2 3 0
split_gain=0.494676 0.359838 0.537485 0.359678 0.36391 0.477788 0.311379 0.296745 1.31775 0.597047 0.521267 0.42398 0.423878 0.532548 0.298786 0.240698 0.236014 0.231083 0.206472 0.628382 0.869736 0.414464 0.600029 0.822814 0.91778 0.54831 0.361959 0.525302 0.290613 0.455859
threshold=163701.77000000005 144390.91500000001 136164.27500000005 36594.729929084751 133152.15500000003 140536.59500000003 287155.59500000003 6927.7645778391561 95836.580000000016 30721.231188236601 84004.775000000009 3.5000000000000004 127184.23500000002 45507.843043542198 4.5000000000000009 164697.03357142859 47385.234014279638 165720.92000000001 295734.82000000007 313429.03000000009 307077.25000000006 300563.96125000011 385792.8457142858 495609.40000000008 388154.28000000009 318444.77500000008 356720.39500000008 334676.59500000003 283542.07142857148 322255.61000000004
decision_type=2 2 2 2 2 2 2 2 2 2 2 2 2 2 2 2 2 2 2 2 2 2 2 2 2 2 2 2 2 2
left_child=1 2 7 4 -4 -6 -3 8 10 -9 -1 -11 13 14 -13 -5 -14 -2 28 20 -20 -21 23 24 25 -23 27 -24 29 -19
right_child=17 6 3 15 5 -7 -8 9 -10 11 -12 12 16 -15 -16 -17 -18 18 19 21 -22 22 26 -25 -26 -27 -28 -29 -30 -31
leaf_value=9.1045016915345158 27.703646309003268 -38.67695501236674 235.08025997389592 -77.220579055407754 62.068225791063803 -37.251135868640908 514.21725367071429 -66.769337235812316 40.938669232925697 -172.85341836042869 -166.33604339841816 46.40330078914058 -432.28765948864014 -22.633898599920489 300.76212928203643 56.076267536215759 29.298096034900944 -0.82116240247931427 23.460956277633336 -13.189272830740762 16.423997246043477 38.404665890445791 -247.35796119371571 -76.444762433353546 201.0969383293793 -292.32227660758957 -21.477647417649884 251.18347363795516 -61.481816210097065 183.88591425853647
leaf_weight=20 26 167 20 23 31 25 20 267 25 202 65 34 30 24 36 20 22 419 70 144 36 40 39 22 27 26 765 42 372 20
leaf_count=20 26 167 20 23 31 25 20 267 25 202 65 34 30 24 36 20 22 419 70 144 36 40 39 22 27 26 765 42 372 20
internal_value=-0.000518027 -0.00141125 -0.000971565 0.00214286 0.00421053 0.00214286 -0.00339572 -0.00148276 0.00090909 -0.00191057 -0.00205882 -0.000545978 0.00150685 0.00351064 0.00571428 -0.00151163 -0.00211539 -6.83606e-05 -0.000128587 0.000284887 0.00396226 -6.78745e-05 0.000306971 0.00369565 0.00575269 0.00257576 -0.000153665 0.00302469 -0.000745994 0.000125284
internal_weight=3079 1031 844 119 76 56 187 725 110 615 85 348 146 94 70 43 52 2048 2022 1211 106 1105 961 115 93 66 846 81 811 439
internal_count=3079 1031 844 119 76 56 187 725 110 615 85 348 146 94 70 43 52 2048 2022 1211 106 1105 961 115 93 66 846 81 811 439
is_linear=0
shrinkage=0.05


Tree=211
num_leaves=31
num_cat=0
split_feature=0 10 3 2 4 2 4 10 1 1 3 10 10 6 4 4 0 0 3 10 6 10 4 10 10 0 3 3 0 6
split_gain=0.481941 0.389624 0.651033 0.46718 0.61525 1.12322 0.490748 0.393052 0.349856 0.728139 0.279446 0.277445 0.640022 0.402498 0.389681 0.383624 0.528102 0.691451 0.262722 0.347705 0.292274 0.550919 0.557724 0.413967 1.11305 0.268306 0.343528 0.25974 0.255682 0.473485
threshold=174095.48500000002 120.50000000000001 141820.02428571432 269068.82000000007 297747.56482142868 313429.03000000009 404276.63994709001 132.50000000000003 317754.87000000005 209714.22000000003 173234.00714285718 123.50000000000001 116.50000000000001 6927.7645778391561 92051.925357142871 91603.312500000015 87731.375000000015 79391.525000000009 92763.675000000003 99.500000000000014 86000.256911015575 79.500000000000014 135410.90026785716 64.500000000000014 59.500000000000007 162742.00000000003 126039.56857142858 283542.07142857148 181454.00000000003 42700.58050265893
decision_type=2 2 2 2 2 2 2 2 2 2 2 2 2 2 2 2 2 2 2 2 2 2 2 2 2 2 2 2 2 2
left_child=11 3 -3 6 5 -5 10 8 9 -4 28 12 15 14 -13 -1 17 -17 -18 20 21 23 -23 24 25 26 -20 -7 -2 -30
right_child=1 2 7 4 -6 27 -8 -9 -10 -11 -12 13 -14 -15 -16 16 18 -19 19 -21 -22 22 -24 -25 -26 -27 -28 -29 29 -31
leaf_value=-258.50316623846305 -153.86720182509802 67.484084391644018 -163.60860920906671 210.56970577900381 -18.580957124928204 -15.095042685088258 898.38288379683843 1.1099585976158743 0.25464345675598815 625.60233863515055 -208.55444526532125 22.233820172428608 113.63855642778283 -36.430843341413727 -78.593104862291113 -222.15887338996993 -103.22999854000022 20.1180714925611 15.815137819805541 -149.48879406344085 -819.9310424204931 -0.76721972727657006 103.5323672054283 -132.5347600526693 58.964812086744615 48.608158059910146 -27.550797547829081 4.57122052474526 180.83412496159929 -293.02643233150292
leaf_weight=70 20 37 20 21 470 35 20 1004 52 22 179 26 30 552 21 23 37 38 32 57 25 20 21 55 21 21 86 20 20 24
leaf_count=70 20 37 20 21 470 35 20 1004 52 22 179 26 30 552 21 23 37 38 32 57 25 20 21 55 21 21 86 20 20 24
internal_value=-0.000436831 4.11511e-05 0.000638765 -0.000797282 3.66288e-05 0.00421053 -0.00252852 0.000418942 0.00351064 0.00690476 -0.00314815 -0.00125551 -0.000429106 -0.00199499 0.00244681 -0.000849804 -0.000298166 0.00401639 -0.001 -0.000562131 0.000160141 0.000664061 0.00597561 -0.000348838 0.000937499 -0.000683454 -0.00161017 0.000454544 -0.000312501 0.00181818
internal_weight=3079 1944 1135 809 546 76 263 1098 94 42 243 1135 536 599 47 506 436 61 375 338 281 256 41 215 160 139 118 55 64 44
internal_count=3079 1944 1135 809 546 76 263 1098 94 42 243 1135 536 599 47 506 436 61 375 338 281 256 41 215 160 139 118 55 64 44
is_linear=0
shrinkage=0.05


Tree=212
num_leaves=31
num_cat=1
split_feature=3 0 0 0 4 1 2 1 6 6 4 5 5 5 2 0 11 2 2 6 6 1 0 2 4 4 4 2 0 0
split_gain=0.309821 0.260553 1.64132 0.704502 1.01609 0.231649 0.307748 0.251943 0.200148 0.399523 0.282867 0.198354 0.334846 0.196542 0.361084 0.504265 0.336774 1.07993 1.11793 0.375622 0.444444 0.332486 0.555743 0.426981 0.289771 1.09716 0.277893 0.276845 0.262605 0.260817
threshold=89805.989285714299 84004.775000000009 81031.200000000026 95475.250000000015 92051.925357142871 161367.42000000004 75388.630000000019 164631.90500000003 49149.38181282374 46217.53984996587 225987.56839285718 32234.866698631249 44143.918163120215 154024.64881952255 471632.68500000011 868810.3400000002 0 365105.98000000004 329237.01500000007 127006.17951327014 149035.15484648271 537380.32500000007 337547.21500000003 491074.49500000005 498242.98232142866 418029.89910714288 286684.47232142865 251981.21500000003 386153.45500000002 500171.74000000005
decision_type=2 2 2 2 2 2 2 2 2 2 2 2 2 2 2 2 1 2 2 2 2 2 2 2 2 2 2 2 2 2
left_child=-1 2 -2 11 -5 6 -6 -7 9 -8 -10 -3 -13 16 15 -15 17 18 19 27 -21 22 -18 26 25 -16 -24 -9 -26 -19
right_child=1 3 -4 4 5 7 8 13 10 -11 -12 12 -14 14 24 -17 21 29 -20 20 -22 -23 23 -25 28 -27 -28 -29 -30 -31
leaf_value=-208.99267445678538 -32.332951843085183 -128.06674928793745 19.647534769057032 31.002454846090906 241.99386360616961 5.7570903328472482 -22.088760651612873 0.019834799411927159 -209.16214833655687 35.074998492251211 18.77685581260198 54.888551394873424 -52.779447310439302 -289.70830237176887 -221.27909479169963 1401.2633402300492 1.1960882242853466 3.6862025748656091 386.44421765613288 -1517.8046063269876 137.88839143815741 60.864924505690787 -67.682632489582261 11.368639402980554 -228.01613278124702 7944.8433338196864 -1048.767993880964 28.619058957772303 -38.302773078969281 -159.75700977121207
leaf_weight=55 71 120 34 28 20 32 459 22 97 31 48 23 42 157 26 21 886 143 29 25 20 37 23 33 30 20 157 24 306 60
leaf_count=55 71 120 34 28 20 32 459 22 97 31 48 23 42 157 26 21 886 143 29 25 20 37 23 33 30 20 157 24 306 60
internal_value=-0.000371875 -0.000304234 0.00214286 -0.000392259 -0.000190199 -0.00028825 -0.00110687 -2.68174e-05 -0.00129921 -0.000816328 -0.00293104 -0.00337838 -0.00115385 -9.65837e-05 -0.000892858 -0.00275281 0.000209046 0.00160661 0.00541667 0.00269231 -0.000555557 -0.000200699 -0.000359419 -0.00265258 -2.61792e-05 0.00369565 -0.00361111 0.00586956 -0.000535715 -0.000566504
internal_weight=3079 3024 105 2919 2734 2706 655 2051 635 490 145 185 65 2019 560 178 1459 323 120 91 45 1136 1099 213 382 46 180 46 336 203
internal_count=3079 3024 105 2919 2734 2706 655 2051 635 490 145 185 65 2019 560 178 1459 323 120 91 45 1136 1099 213 382 46 180 46 336 203
cat_boundaries=0 1
cat_threshold=4
is_linear=0
shrinkage=0.05


Tree=213
num_leaves=31
num_cat=1
split_feature=11 10 1 1 4 10 1 6 2 10 1 1 10 2 5 2 1 2 2 4 10 4 5 3 5 5 3 1 1 10
split_gain=0.352306 0.47854 1.06766 0.644813 1.47759 0.482613 0.459386 0.575461 0.464343 0.454255 0.451156 0.441023 0.440018 0.362131 0.342134 0.512999 0.324675 0.319457 0.649046 0.710961 0.643832 0.450816 0.859239 0.289286 0.279844 0.560091 0.412102 0.360966 0.354286 0.288095
threshold=0 239.50000000000003 449695.39500000008 293250.66000000009 428947.87321428576 215.50000000000003 91147.715000000011 6927.7645778391561 126048.51000000002 115.50000000000001 91795.705000000016 139946.47000000003 122.50000000000001 142422.09000000003 144382.88999112198 635191.79000000015 647897.77500000002 516985.39500000008 440523.68500000006 464517.94517857145 197.50000000000003 389411.87053571432 76082.003594417169 393750.56428571435 102828.78558203026 80664.657182888579 779153.05857142864 924534.84500000009 801519.06500000006 40.500000000000007
decision_type=1 2 2 2 2 2 2 2 2 2 2 2 2 2 2 2 2 2 2 2 2 2 2 2 2 2 2 2 2 2
left_child=1 5 3 13 -5 9 -2 12 -9 24 -11 -12 -8 -3 15 17 -7 18 19 20 21 22 -13 -23 25 -1 -26 28 -28 -27
right_child=6 2 -4 4 -6 16 7 8 -10 10 11 14 -14 -15 -16 -17 -18 -19 -20 -21 -22 23 -24 -25 26 29 27 -29 -30 -31
leaf_value=-10.883518459463017 -169.05682436829102 72.501335308903705 -99.940423118593174 364.14642246568746 -581.22730372166961 -158.93172722793554 -15.650296074146636 -55.235250797458868 -2.3475798786640283 78.574919800543071 -183.851690739003 -4.7947446279000498 39.301204375117372 -69.961586524294248 -0.85643937902226408 -373.36961219750094 7.3842794488425021 48.013961067264049 -495.24641556679728 142.76429783771295 290.13667734902066 89.268398333702535 314.23524630351574 -737.69472824256241 -246.9304259190651 65.870585106172754 199.63373915225128 -2850.373491740977 1490.9244577645459 182.17355880593706
leaf_weight=244 174 25 61 26 20 126 28 167 1035 23 81 64 24 36 248 21 28 36 37 20 32 20 39 36 235 20 39 78 28 28
leaf_count=244 174 25 61 26 20 126 28 167 1035 23 81 64 24 36 248 21 28 36 37 20 32 20 39 36 235 20 39 78 28 28
internal_value=-0.00029068 0.000207705 0.00273809 0.00574766 0.0102174 -7.75467e-05 -0.00086231 -0.000534291 -0.000757073 0.000229495 0.00116438 0.000914825 0.00461538 0.00237705 0.00141953 0.00254098 -0.00272727 0.00309859 0.00245968 0.0035308 0.00259162 0.00128931 0.00325243 -0.00232143 -0.000684525 0.000479451 -0.00157895 0.00051724 0.00320895 0.00541667
internal_weight=3079 1651 168 107 46 1483 1428 1254 1202 1329 657 634 52 61 553 305 154 284 248 211 191 159 103 56 672 292 380 145 67 48
internal_count=3079 1651 168 107 46 1483 1428 1254 1202 1329 657 634 52 61 553 305 154 284 248 211 191 159 103 56 672 292 380 145 67 48
cat_boundaries=0 1
cat_threshold=5
is_linear=0
shrinkage=0.05


Tree=214
num_leaves=31
num_cat=1
split_feature=1 6 7 5 0 0 6 7 11 2 5 1 0 10 10 5 5 5 6 1 5 0 0 6 0 2 1 0 0 10
split_gain=0.306371 0.543924 1.19234 0.543478 0.362081 0.575043 0.335104 0.198291 0.188211 0.358302 0.401648 0.342402 0.458009 0.379149 0.544484 0.428571 0.776077 0.446429 0.410767 1.15698 0.613089 0.473855 0.820513 0.378747 0.371124 0.530108 0.329897 0.352 0.44125 0.338468
threshold=91147.715000000011 7340.9079019532028 3.5000000000000004 6233.2414089869762 96546.97500000002 116945.16000000002 9135.3004326359351 1.5000000000000002 0 219832.47500000003 78113.717897721697 100706.99000000001 108341.98500000002 203.50000000000003 183.50000000000003 133133.95262291358 42715.319169421877 180203.9220039123 118969.01629422152 388154.28000000009 107301.43079407841 329972.81500000006 372629.17500000005 135100.44332905117 182422.28000000003 193901.95500000005 220791.11500000002 224927.81500000003 262709.99500000005 112.50000000000001
decision_type=2 2 2 2 2 2 2 2 1 2 2 2 2 2 2 2 2 2 2 2 2 2 2 2 2 2 2 2 2 2
left_child=4 2 3 -2 -1 -6 -3 -7 9 -8 -11 12 -10 14 18 16 -16 -17 19 21 -21 -13 -23 -20 -15 -26 -12 -28 29 -29
right_child=1 6 -4 -5 5 7 8 -9 11 10 26 13 -14 24 15 17 -18 -19 23 20 -22 22 -24 -25 25 -27 27 28 -30 -31
leaf_value=-177.66860426279425 39.935103453421718 -47.061255287743222 -164.77999563826927 4.2404672232691345 145.45318568848995 -706.83285554768906 -36.560694500068607 -52.982778015221577 111.0762026555156 27.640640773816827 32.522097320943658 -0.61656565994102452 -20.921910900751531 -46.360124257509284 -0.061299495227252004 -919.07791842810298 258.74300470972292 525.12518729714327 -285.00756660737778 330.86887438716565 16.091732214006534 117.93853586636654 -165.92243489065322 -14.87139588512121 203.00419837857825 -17.189499608496583 -495.34582180651023 -0.87571425084067378 -15.905607185284575 149.50896298613262
leaf_weight=158 23 88 32 23 25 29 311 36 20 33 25 637 22 133 49 28 63 28 123 20 29 24 26 554 20 351 44 21 82 22
leaf_count=158 23 88 32 23 25 29 311 36 20 33 25 637 22 133 49 28 63 28 123 20 29 24 26 554 20 351 44 21 82 22
internal_value=-0.00029068 -0.00014306 0.00397436 0.00913043 -0.00197581 0.000555554 -0.000259718 -0.00192308 -0.000159476 -0.000985403 0.000506607 5.38126e-05 0.00452381 -3.59724e-05 0.000344717 0.00303571 0.00482143 -0.000535715 2.47688e-05 0.00084239 0.0082653 0.000312954 0.005 -0.000864108 -0.00123016 -0.000417791 -0.000360826 -0.00115385 0.000199999 0.00430232
internal_weight=3079 2831 78 46 248 90 2753 65 2665 538 227 2127 42 2085 1581 168 112 56 1413 736 49 687 50 677 504 371 194 169 125 43
internal_count=3079 2831 78 46 248 90 2753 65 2665 538 227 2127 42 2085 1581 168 112 56 1413 736 49 687 50 677 504 371 194 169 125 43
cat_boundaries=0 1
cat_threshold=2
is_linear=0
shrinkage=0.05


Tree=215
num_leaves=31
num_cat=1
split_feature=7 5 1 3 10 0 10 0 1 0 0 9 5 3 10 10 3 10 10 10 0 1 3 11 6 5 10 10 6 3
split_gain=0.605431 0.396563 0.508499 0.363472 0.338625 0.792659 0.630295 0.545459 0.560856 0.446561 0.84735 0.402643 0.370436 0.274827 0.289835 0.355385 0.291406 0.268391 0.38422 0.327033 0.405467 0.321005 0.712884 0.30049 0.458726 1.04465 0.432466 0.820966 0.521205 1.3183
threshold=5.5000000000000009 8481.9218015551087 112560.93500000001 90966.385000000024 147.50000000000003 132294.65000000005 70.500000000000014 301331.57500000007 383950.27000000008 275240.94500000007 155484.37000000002 1.0000000180025095e-35 163323.57170830676 91388.61500000002 246.50000000000003 262.50000000000006 126521.99000000001 59.500000000000007 53.500000000000007 64.500000000000014 246158.66500000001 100706.99000000001 126039.56857142858 0 112715.55988619714 118470.56287015569 123.50000000000001 118.50000000000001 38761.893008739375 146037.66285714289
decision_type=2 2 2 2 2 2 2 2 2 2 2 2 2 2 2 2 2 2 2 2 2 2 2 1 2 2 2 2 2 2
left_child=3 -2 -3 -1 6 -6 9 11 -9 10 -4 -7 -10 -5 17 16 -16 18 21 20 -19 -15 -23 -21 25 26 27 -25 -28 -30
right_child=1 2 4 13 5 7 -8 8 12 -11 -12 -13 -14 14 15 -17 -18 19 -20 23 -22 22 -24 24 -26 -27 28 -29 29 -31
leaf_value=-72.688846608557441 -54.251463545260577 235.78791512282066 -28.511215030148165 65.422396147774293 12.884510336994945 -143.98235496665663 -94.050201126614866 1003.9260930332298 -217.70865368176652 -7.9597533840735197 55.092639829058413 25.555930151885477 234.43890268125716 -62.214075428356423 20.561890507843707 9.2214600857551616 -116.46959456928899 575.75082490139118 -218.55183978486977 -29.770552542115105 -14.900553317143006 247.39233918440769 -21.224568052936807 6.755228562086832 -15.615197518938793 484.61576957852122 -5.9961167708516037 557.23841039242893 188.78321608358181 0.41801457842519663
leaf_weight=109 34 25 22 25 24 57 111 25 37 43 25 20 20 57 31 23 138 26 58 372 23 22 323 183 687 20 382 20 29 121
leaf_count=109 34 25 22 25 24 57 111 25 37 43 25 20 20 57 31 23 138 26 58 372 23 22 323 183 687 20 382 20 29 121
internal_value=-5.17476e-05 0.00165914 0.00209046 -0.000337865 0.00164062 0.00319672 0.000223879 0.00191824 0.0047561 0.00333333 0.00670213 -0.0011039 0.00201754 -0.000216537 -0.000268391 -0.00213542 -0.002929 -0.000114078 -0.00119565 0.000152978 0.00418367 -0.000646767 -7.2465e-05 4.41002e-05 0.0003719 0.00122516 0.000918366 0.00288177 0.000169172 0.00266667
internal_weight=3092 443 409 2649 384 183 201 159 82 90 47 77 57 2540 2515 192 169 2323 460 1863 49 402 345 1814 1442 755 735 203 532 150
internal_count=3092 443 409 2649 384 183 201 159 82 90 47 77 57 2540 2515 192 169 2323 460 1863 49 402 345 1814 1442 755 735 203 532 150
cat_boundaries=0 1
cat_threshold=2
is_linear=0
shrinkage=0.05


Tree=216
num_leaves=31
num_cat=2
split_feature=7 5 1 5 1 10 10 4 4 1 10 4 10 4 10 1 5 1 7 11 10 4 4 3 4 11 7 4 4 4
split_gain=0.828143 0.45001 0.487368 0.587104 0.502976 0.461613 0.515308 0.457692 1.03795 0.457175 0.378277 0.914897 0.431348 0.377844 0.407244 0.375556 0.45873 0.359344 0.350248 0.75233 0.593751 0.382556 0.448718 0.652546 0.372056 0.3311 0.467005 0.510784 0.615776 0.7491
threshold=5.5000000000000009 8481.9218015551087 172583.96000000005 26321.58301964249 162530.45500000005 42.500000000000007 147.50000000000003 383706.95732142864 218155.31303571429 112560.93500000001 37.500000000000007 91271.17357142859 39.500000000000007 121805.80410714286 233.50000000000003 474212.97000000003 133957.74695276996 108071.99500000001 1.0000000180025095e-35 0 85.500000000000014 148951.39517857143 210361.88267857148 309686.23357142863 122945.75500000002 1 3.5000000000000004 867306.46678571438 395324.75696428574 300135.99500000005
decision_type=2 2 2 2 2 2 2 2 2 2 2 2 2 2 2 2 2 2 2 1 2 2 2 2 2 1 2 2 2 2
left_child=10 -2 4 -4 9 -5 -7 8 -8 -3 -1 -12 -13 -14 18 16 -9 -16 19 20 -15 -22 -23 -24 -20 26 27 28 29 -26
right_child=1 2 3 5 -6 6 7 15 -10 -11 11 12 13 14 17 -17 -18 -19 24 -21 21 22 23 -25 25 -27 -28 -29 -30 -31
leaf_value=-72.896306116377147 -51.538890367997901 223.99851936667974 -243.04624217687069 74.642706592931333 36.958484671003689 -41.35438349921953 -39.865776974399012 -28.667867045058887 108.41457389218476 3.8248213146910217 182.85677473730823 32.826729735732208 -59.920652443243057 -36.344138169145843 155.74676737481707 -696.30177790339758 438.2133789892203 -55.022076013531958 35.388457265055223 -16.042739737459655 -109.31844820730237 317.77212467623974 2.4236609001272202 465.18259573357602 13.500373414510776 -18.918469393700061 -14.991645912019548 2529.6243182071794 -36.718693613084831 66.274961045300955
leaf_weight=288 34 25 32 31 28 105 28 24 26 59 24 21 271 30 21 30 21 274 22 153 20 21 39 31 170 654 321 66 150 73
leaf_count=288 34 25 32 31 28 105 28 24 26 59 24 21 271 30 21 30 21 274 22 153 20 21 39 31 170 654 321 66 150 73
internal_value=-3.23534e-06 0.00199774 0.00245721 0.00139731 0.00526786 0.00216981 0.00141026 0.00352713 0.00703704 0.00333333 -0.000337865 -0.000129184 -0.000228927 -0.000293611 -6.11259e-05 0.000999999 0.00388889 -0.00177966 0.00022857 0.00180272 0.00427152 0.00626126 0.00763736 0.00571428 -8.92869e-05 -0.000188286 0.000506328 0.00153595 0.000852416 0.00240741
internal_weight=3092 443 409 297 112 265 234 129 54 84 2649 2361 2337 2316 2045 75 45 295 1750 294 141 111 91 70 1456 1434 780 459 393 243
internal_count=3092 443 409 297 112 265 234 129 54 84 2649 2361 2337 2316 2045 75 45 295 1750 294 141 111 91 70 1456 1434 780 459 393 243
cat_boundaries=0 1 2
cat_threshold=3 12
is_linear=0
shrinkage=0.05


Tree=217
num_leaves=31
num_cat=0
split_feature=7 5 2 2 1 3 2 5 5 5 2 1 10 10 9 1 7 2 2 2 6 2 4 4 10 2 3 5 6 2
split_gain=0.57181 0.493355 1.05812 0.358205 0.531863 0.656276 0.32953 0.474688 0.324859 0.559233 0.587151 0.567227 0.428251 0.540949 0.419882 0.416185 0.489226 1.03807 0.399989 0.358107 0.357406 0.350742 0.387506 0.346265 0.329195 0.531369 0.825 0.326241 0.32392 0.317595
threshold=5.5000000000000009 8877.8221596653002 195687.98500000002 180361.31500000003 171624.54500000001 146037.66285714289 97422.390000000014 6233.2414089869762 68912.420012181989 57483.940158256606 189547.73500000002 163701.77000000005 37.500000000000007 43.500000000000007 1.0000000180025095e-35 291138.22500000003 3.5000000000000004 314722.19000000006 1396333.3000000003 272157.78500000009 398738.94413311017 159031.20500000002 382512.13750000007 192195.54839285716 108.50000000000001 263193.62500000006 288923.5221428572 21394.682203222128 13065.475100524882 124164.94500000002
decision_type=2 2 2 2 2 2 2 2 2 2 2 2 2 2 2 2 2 2 2 2 2 2 2 2 2 2 2 2 2 2
left_child=6 -2 3 4 5 29 -1 -8 9 14 11 -11 -10 -14 15 19 17 -17 20 23 21 -15 24 -9 25 -23 -27 -18 -16 -3
right_child=1 2 -4 -5 -6 -7 7 8 12 10 -12 -13 13 18 28 16 27 -19 -20 -21 -22 22 -24 -25 -26 26 -28 -29 -30 -31
leaf_value=-39.789180636982401 -34.324690378606412 194.61201336950882 1.4215837327136855 23.837341511062785 -47.693059709464094 45.742650565253903 15.525380131955494 -0.32845829387384579 -753.49026727473233 21.104936308031949 -58.844874000389908 18.139025752891961 18.244124889637259 -291.41306731310618 58.013622130881032 52.845412421755213 -71.87239961955234 0.83136566943702361 812.14099726190079 -109.83848670352123 -1576.4999315551322 -3.4589763370973685 -24.626998611294567 229.9467980821041 -1.2427816536254586 -4.729684880925455 505.82268323469583 7.6295143897822433 -137.91191812238 -27.265501842984374
leaf_weight=372 40 24 267 21 28 32 20 597 114 30 42 21 32 64 21 27 23 42 37 52 49 65 665 28 215 20 24 24 65 31
leaf_count=372 40 24 267 21 28 32 20 597 114 30 42 21 32 64 21 27 23 42 37 52 49 65 665 28 215 20 24 24 65 31
internal_value=-0.000116431 0.00154627 0.00207196 0.00566176 0.00456522 0.00649425 -0.00039449 -0.000169083 -0.000237042 0.000452674 0.00413978 0.0077451 -0.000758756 -0.000473955 6.25699e-05 0.000422445 0.00318965 0.00586956 -0.000654084 -5.16999e-05 -0.000825773 -0.00063153 -0.000399395 0.000279999 0.00101852 0.00325688 0.0075 -0.000744682 -0.00325582 0.00318182
internal_weight=3092 443 403 136 115 87 2649 2277 2257 972 93 51 1285 1171 879 793 116 69 1139 677 1102 1053 989 625 324 109 44 47 86 55
internal_count=3092 443 403 136 115 87 2649 2277 2257 972 93 51 1285 1171 879 793 116 69 1139 677 1102 1053 989 625 324 109 44 47 86 55
is_linear=0
shrinkage=0.05


Tree=218
num_leaves=31
num_cat=1
split_feature=0 0 4 4 1 0 4 2 11 4 0 0 5 5 6 0 6 2 2 4 5 0 0 6 10 10 10 1 0 2
split_gain=0.338852 0.812584 0.334995 0.752755 0.563333 0.412846 0.333275 0.561028 0.346066 0.61888 0.84267 0.828571 1.24649 0.833333 0.694444 0.391205 0.532751 0.418259 0.362917 0.578633 1.25113 0.846854 0.426695 1.05947 0.597003 1.46782 0.406362 0.356971 0.674685 0.402661
threshold=81031.200000000026 84004.775000000009 91465.769285714297 92576.328392857162 88895.295000000013 87731.375000000015 387813.85142857145 174612.23000000001 0 223645.53125000003 196679.58000000005 257982.52000000005 91976.740660490977 79901.07296397032 121803.69412352426 337547.21500000003 107906.13446047829 365105.98000000004 126048.51000000002 134558.59517857144 39881.807417089971 129389.77 142611.07500000004 12743.038189134628 185.50000000000003 63.500000000000007 232.50000000000003 94325.000000000015 108341.98500000002 103297.645
decision_type=2 2 2 2 2 2 2 2 1 2 2 2 2 2 2 2 2 2 2 2 2 2 2 2 2 2 2 2 2 2
left_child=-1 -2 4 -4 -3 -5 8 -8 9 27 14 -12 13 -13 -11 16 17 18 -10 20 -20 -22 -21 24 25 -24 -25 28 -7 -30
right_child=1 2 3 5 -6 6 7 -9 15 10 11 12 -14 -15 -16 -17 -18 -19 19 22 21 -23 23 26 -26 -27 -28 -29 29 -31
leaf_value=-102.95528774230455 11.497097970677219 -385.41694470340934 -87.64691313047598 23.274974753772891 276.8721938711638 1082.1757376987023 2297.9049762406771 -33.137303172142218 -46.943847808041724 695.92107692072193 -701.89547866439227 115.73062049739133 -0.22366138717913381 619.46442568696068 14.361406890671894 -369.92609617361768 47.954971959922268 44.135274395769351 84.897713978626157 -36.694821696098288 15.501148277208621 -125.26472677509888 -15.328529398520871 0.12704689803509006 -8.9664241706195646 160.08344307861526 -89.269532922048086 -13.48849057834332 40.553454983188544 -504.79672501979496
leaf_weight=112 36 20 130 33 30 23 20 917 129 25 36 40 114 20 20 89 24 27 20 150 28 41 26 505 36 24 81 285 28 23
leaf_count=112 36 20 130 33 30 23 20 917 129 25 36 40 114 20 20 89 24 27 20 150 28 41 26 505 36 24 81 285 28 23
internal_value=-6.79184e-05 3.35559e-05 -5.77458e-05 -0.000127852 0.004 4.70321e-05 -2.01403e-05 -0.00078442 0.00037904 0.00133013 0.00323529 0.00190476 0.00333333 0.00916667 0.00944444 -0.000126052 0.000132904 -3.28034e-05 -0.000192309 0.000159165 0.00398876 0.0007971 -0.000255476 0.000282737 0.00546512 0.009 -0.000477817 1.39264e-05 0.00310811 -9.80404e-05
internal_weight=3092 2980 2944 2894 50 2764 2731 937 1794 614 255 210 174 60 45 1180 1091 1067 1040 911 89 69 822 672 86 50 586 359 74 51
internal_count=3092 2980 2944 2894 50 2764 2731 937 1794 614 255 210 174 60 45 1180 1091 1067 1040 911 89 69 822 672 86 50 586 359 74 51
cat_boundaries=0 1
cat_threshold=5
is_linear=0
shrinkage=0.05


Tree=219
num_leaves=31
num_cat=0
split_feature=7 2 5 1 3 10 10 5 4 0 2 6 1 2 2 6 10 4 1 1 10 6 2 2 2 3 6 4 4 6
split_gain=0.486709 0.429739 0.772129 0.456835 0.595858 0.58369 0.409938 0.303177 0.29068 0.322622 0.331685 0.30685 0.410201 0.525335 0.278047 0.432834 0.223843 0.490139 0.46401 1.23357 0.445671 0.343032 0.347091 0.393073 0.574075 0.291094 0.29069 0.31994 0.723489 0.392472
threshold=5.5000000000000009 195687.98500000002 8481.9218015551087 112560.93500000001 173439.43928571432 168.50000000000003 70.500000000000014 65584.703715809868 220050.96892857147 260574.74500000002 672052.88000000012 164136.70395113775 494655.77000000008 409340.1650000001 1466779.4400000002 398738.94413311017 59.500000000000007 91465.769285714297 95868.110000000015 125838.80000000002 219.50000000000003 367043.57300942176 702787.15000000014 538185.72500000009 570289.31000000017 433234.90571428579 270874.48256614216 121805.80410714286 123252.52321428573 42210.887596326334
decision_type=2 2 2 2 2 2 2 2 2 2 2 2 2 2 2 2 2 2 2 2 2 2 2 2 2 2 2 2 2 2
left_child=14 2 -2 -4 5 6 -5 -3 -9 -10 11 12 13 -11 15 16 18 -18 -1 -20 21 22 23 26 -25 -22 27 -19 -29 -30
right_child=1 7 3 4 -6 -7 -8 8 9 10 -12 -13 -14 -15 -16 -17 17 20 19 -21 25 -23 -24 24 -26 -27 -28 28 29 -31
leaf_value=-191.47447539164705 -43.627649050067298 -162.36083838560481 213.58691284224335 5.8320697415941654 1181.752383035888 9.9208953602871297 -200.20940978806487 10.600409409780241 -56.951939580214663 136.91608012420278 -322.41844748180057 118.32350601456513 -22.72060222503022 -26.487226495772155 513.32155453728558 -1509.3541946724763 87.616820892185842 -46.004146235596536 58.361874532543439 -39.346868958578476 -30.202554585890393 1715.6628554739618 -218.56424710432285 3297.0341470465701 35.367886826606757 -738.73778772209039 -3634.3297140406125 95.28558981107534 8.5095029079701963 -8.5370035472131462
leaf_weight=97 34 56 21 23 26 39 33 22 25 31 43 24 21 45 33 53 32 178 39 374 383 35 82 28 69 81 29 31 370 735
leaf_count=97 34 56 21 23 26 39 33 22 25 31 43 24 21 45 33 53 32 178 39 374 383 35 82 28 69 81 29 31 370 735
internal_value=-0.000213455 0.00132054 0.00323864 0.00485915 0.00367768 0.0018421 -0.00142857 5.61786e-05 0.000924169 0.000291004 0.00109756 0.00243802 0.00118557 0.00289474 -0.00046999 -0.000527524 -0.000435038 -0.000202144 -0.00137255 -0.000641648 -0.000299358 0.000105972 -6.57149e-06 0.00017361 0.00324742 -0.00165948 -4.84003e-05 6.08816e-05 0.000369717 0.00015837
internal_weight=3092 443 176 142 121 95 56 267 211 189 164 121 97 76 2649 2616 2563 2053 510 413 2021 1557 1522 1440 97 464 1343 1314 1136 1105
internal_count=3092 443 176 142 121 95 56 267 211 189 164 121 97 76 2649 2616 2563 2053 510 413 2021 1557 1522 1440 97 464 1343 1314 1136 1105
is_linear=0
shrinkage=0.05


Tree=220
num_leaves=31
num_cat=0
split_feature=5 6 0 6 3 0 1 3 1 2 0 10 6 10 0 5 10 0 6 0 6 4 0 6 0 6 1 10 1 2
split_gain=0.441664 0.875576 0.611111 1.06724 0.663731 0.55308 2.23714 0.478393 0.53992 0.735567 0.775074 0.747709 0.648448 0.627842 0.461747 0.812077 1.28444 0.45873 0.418516 0.697082 0.441264 0.63542 0.407458 0.486246 0.38984 0.385802 0.372024 0.299962 0.279202 0.623843
threshold=27943.878949590802 42210.887596326334 174095.48500000002 35613.574765394944 123419.90785714287 84004.775000000009 94325.000000000015 128882.97285714287 249520.31500000003 263193.62500000006 144522.85000000003 68.500000000000014 122313.35513916756 188.50000000000003 108341.98500000002 34194.460926803331 81.500000000000014 299583.55000000005 75613.881588898148 339188.5500000001 107906.13446047829 218950.02750000005 94270.685000000012 6515.350797871527 137770.52500000002 39407.664274207134 121612.50000000001 238.50000000000003 226543.77500000002 189547.73500000002
decision_type=2 2 2 2 2 2 2 2 2 2 2 2 2 2 2 2 2 2 2 2 2 2 2 2 2 2 2 2 2 2
left_child=5 2 4 17 14 6 -1 -3 9 10 11 -9 -11 -14 15 -2 -17 -4 -12 20 21 -20 -7 -24 -13 -6 -16 -25 29 -23
right_child=1 7 3 -5 25 22 -8 8 -10 12 18 24 13 -15 26 16 -18 -19 19 -21 -22 28 23 27 -26 -27 -28 -29 -30 -31
leaf_value=-408.76674985539302 -160.15020719549378 -49.26608191654563 -67.229297403220826 47.434980974056487 -409.16829237078809 -67.440504523991478 43.139017357782556 -134.90724581504347 -9.8039751329361504 182.16994388711583 -38.90738827191749 178.94546569267496 -2687.0301989705276 70.804886457924411 -768.13549336584128 14.390937685042267 182.63012311756302 60.954861410344385 279.67721349488414 -1219.646127767259 431.81150750804147 -824.96624092912361 23.977030135133933 -5.7377495149609796 31.041744217213662 50.576022798220045 7.6681944680226497 -54.905042802312529 -1039.0128765984391 62.707882054269682
leaf_weight=29 24 170 21 21 45 117 21 27 1261 39 159 68 35 22 20 25 20 24 21 49 25 22 22 574 20 36 28 70 24 32
leaf_count=29 24 170 21 21 45 117 21 27 1261 39 159 68 35 22 20 25 20 24 21 49 25 22 22 574 20 36 28 70 24 32
internal_value=-0.000115599 0.000250222 0.00295454 0.00712121 0.00156566 -0.00109844 0.004 -0.00011145 0.000127493 0.00144567 0.00059284 0.00413043 0.00541667 0.00201754 0.00397436 0.0065942 0.0105556 0.00277778 -0.000632531 0.00106936 0.00306451 0.00156566 -0.00142401 -0.000945947 0.00636364 -0.00191358 0.000208332 -0.00119565 -0.000512822 0.00148148
internal_weight=3071 2238 264 66 198 833 50 1974 1804 543 447 115 96 57 117 69 45 45 332 173 124 99 783 666 88 81 48 644 78 54
internal_count=3071 2238 264 66 198 833 50 1974 1804 543 447 115 96 57 117 69 45 45 332 173 124 99 783 666 88 81 48 644 78 54
is_linear=0
shrinkage=0.05


Tree=221
num_leaves=31
num_cat=0
split_feature=5 6 0 6 0 3 5 0 0 0 6 6 7 3 5 5 9 5 10 3 4 4 0 0 0 0 0 10 10 10
split_gain=0.412883 0.672594 0.727273 1.06724 0.45873 0.387517 0.401459 0.357396 1.18154 0.426805 0.476309 0.350499 0.597795 0.360795 0.292701 0.308549 0.273293 0.272959 0.259091 0.246278 0.783354 0.587778 0.20556 0.260392 0.429097 0.461292 0.491497 0.3709 0.191798 0.230621
threshold=27943.878949590802 42210.887596326334 174095.48500000002 35613.574765394944 299583.55000000005 120103.61071428572 42350.848692379157 84004.775000000009 81031.200000000026 94270.685000000012 6515.350797871527 38761.893008739375 3.5000000000000004 112785.08571428571 439966.3942250454 45751.739366519068 1.0000000180025095e-35 40204.572716459974 244.50000000000003 94025.472857142871 134558.59517857144 119907.76926948053 129389.77 175875.62500000003 156764.76500000004 163833.70500000005 170810.44500000004 183.50000000000003 18.500000000000004 35.500000000000007
decision_type=2 2 2 2 2 2 2 2 2 2 2 2 2 2 2 2 2 2 2 2 2 2 2 2 2 2 2 2 2 2
left_child=7 2 11 4 -4 -3 17 8 -1 -9 -11 13 -13 -2 15 -8 18 -7 19 -12 21 -21 -22 24 27 -26 -27 -24 -17 -30
right_child=1 5 3 -5 -6 6 14 9 -10 10 16 12 -14 -15 -16 28 -18 -19 -20 20 22 -23 23 -25 25 26 -28 -29 29 -31
leaf_value=-302.45884815231733 179.91594389982166 -72.043471813718725 -63.867832533058518 45.063231925353868 57.9071183398259 -5.2692019707498012 -42.319685481408584 -64.068479297791569 34.501042120985737 22.778178628377024 -57.860162055761464 -158.25744268553433 154.72411332775937 -21.17775268981103 -3194.6162896098431 36.159808895902081 -146.34383670751509 133.95018709230234 -53.597185600591629 -4.3395196841347694 -96.584631421883714 149.58061403999204 -25.521557006303428 -9.8607506153543678 78.142825061973966 -115.05689325515569 29.795301656314905 17.527976666713307 -171.51898739328195 0.75611876015944834
leaf_weight=24 34 58 21 21 24 25 48 117 26 22 28 36 38 90 48 34 64 22 54 25 47 20 87 210 24 28 21 36 120 1619
leaf_count=24 34 58 21 21 24 25 48 117 26 22 28 36 38 90 48 34 64 22 54 25 47 20 87 210 24 28 21 36 120 1619
internal_value=-0.000148161 0.000205539 0.00257576 0.00712121 0.00277778 -0.00011145 1.04372e-05 -0.00109844 0.003 -0.00136015 -0.000870872 0.0010606 0.00378378 -0.000564517 -0.000104335 -2.74694e-06 -0.00111801 0.00457447 -0.000775863 -0.000437264 -0.000180724 0.00611111 -0.000805741 -0.000443351 0.000867346 0.00390411 0.00112245 -0.000934961 0.000104342 3.16262e-05
internal_weight=3071 2238 264 66 45 1974 1916 833 50 783 666 198 74 124 1869 1821 644 47 580 526 498 45 453 406 196 73 49 123 1773 1739
internal_count=3071 2238 264 66 45 1974 1916 833 50 783 666 198 74 124 1869 1821 644 47 580 526 498 45 453 406 196 73 49 123 1773 1739
is_linear=0
shrinkage=0.05


Tree=222
num_leaves=31
num_cat=0
split_feature=5 6 1 5 7 2 2 10 1 10 6 6 10 9 5 4 4 4 1 6 4 10 4 2 10 5 10 4 7 1
split_gain=0.492405 0.474795 0.418269 0.746788 1.22077 0.322295 0.439861 0.531428 0.680272 0.276178 0.256995 0.284378 0.249323 0.242069 0.236641 0.239533 0.449291 0.380952 0.274924 0.235254 0.449243 0.235094 0.217602 0.213508 0.212869 0.273832 0.268484 0.450107 0.268259 0.253155
threshold=27943.878949590802 42210.887596326334 90460.950000000026 6233.2414089869762 2.5000000000000004 177520.34500000003 112400.12000000001 108.50000000000001 94954.195000000022 238.50000000000003 36254.742854633783 24934.738109092988 29.500000000000004 1.0000000180025095e-35 6802.0395026131728 135167.34089285717 116940.82678571431 134558.59517857144 306049.81500000006 44395.902811311913 123252.52321428573 131.50000000000003 92102.088898809539 116554.55500000001 123.50000000000001 12916.928695511595 93.500000000000014 175375.88928571434 3.5000000000000004 170546.69000000003
decision_type=2 2 2 2 2 2 2 2 2 2 2 2 2 2 2 2 2 2 2 2 2 2 2 2 2 2 2 2 2 2
left_child=2 5 -1 4 -4 6 7 12 -9 13 11 -7 -2 14 -5 16 22 -18 24 21 -21 -3 -16 -23 26 29 28 -28 -17 -26
right_child=1 19 3 9 -6 10 -8 8 -10 -11 -12 -13 -14 -15 15 18 17 -19 -20 20 -22 23 -24 -25 25 -27 27 -29 -30 -31
leaf_value=-164.09983608856348 192.94650144551659 -187.67060328799653 52.748159344146636 -55.398781902625458 -21.205143073470367 50.223533912912494 -4.8680424550689594 49.350139788483816 10.008821280617665 -51.744383050846139 17.9377857973119 -543.32463660133396 -187.1197555453231 -140.43026428333002 0.94942075047723873 -116.4747457002037 192.79525604821936 10.108574586344453 16.726173019254961 30.783081422273252 -0.49292805297575293 -128.06194352305621 -95.922999787090149 83.807440989603379 -22.513224287790106 -36.75653291573046 88.643741442465924 -3.230543455955198 12.349640559127588 7.7637584415384771
leaf_weight=110 21 47 25 29 39 20 94 21 28 69 20 23 37 55 22 68 24 32 45 32 1844 27 25 24 60 93 29 30 47 31
leaf_count=110 21 47 25 29 39 20 94 21 28 69 20 23 37 55 22 68 24 32 45 32 1844 27 25 24 60 93 29 30 47 31
internal_value=-0.000180724 0.000205539 -0.00121849 -0.000781467 0.004375 0.00219697 0.0012189 0.00341121 0.0072449 -0.00128225 0.00531746 0.00313953 0.000172413 -0.000932205 -0.000607478 -0.000355732 0.00179612 0.00482143 -0.000905708 -6.07915e-05 6.39647e-05 -0.00244898 -0.00180851 -9.80404e-05 -0.00136872 -0.00255435 -0.000114944 0.00262712 -0.00152174 -0.000604397
internal_weight=3071 2238 833 723 64 264 201 107 49 659 63 43 58 590 535 506 103 56 403 1974 1876 98 47 51 358 184 174 59 115 91
internal_count=3071 2238 833 723 64 264 201 107 49 659 63 43 58 590 535 506 103 56 403 1974 1876 98 47 51 358 184 174 59 115 91
is_linear=0
shrinkage=0.05


Tree=223
num_leaves=31
num_cat=1
split_feature=5 1 0 6 10 7 2 2 5 6 4 10 11 5 5 10 2 0 9 2 1 2 0 6 10 1 4 6 2 6
split_gain=0.398856 0.453961 1.61441 0.432146 0.350232 0.314162 0.726661 0.537343 0.547248 1.15119 0.528783 1.21805 0.41718 0.801919 0.701391 0.50979 0.75 0.509697 0.433909 0.403796 0.394216 0.50454 0.491626 0.409756 0.34385 0.338851 0.441261 0.372715 0.340444 0.460449
threshold=27943.878949590802 90460.950000000026 84004.775000000009 24934.738109092988 238.50000000000003 4.5000000000000009 98692.750000000015 440523.68500000006 90564.208972458073 97309.154102245768 440513.60017857148 153.50000000000003 0 97608.568508544835 70882.235317453786 141.50000000000003 471632.68500000011 332528.43500000006 1.0000000180025095e-35 206623.57500000004 249520.31500000003 484419.0500000001 335049.23500000004 136501.98635866327 188.50000000000003 325563.81000000006 229007.83250000005 75076.72303092682 195687.98500000002 39407.664274207134
decision_type=2 2 2 2 2 2 2 2 2 2 2 2 1 2 2 2 2 2 2 2 2 2 2 2 2 2 2 2 2 2
left_child=1 -1 -3 -2 -4 12 -7 8 25 -10 -11 -12 13 14 18 17 -17 -16 19 -5 22 -22 -15 -24 -9 26 27 28 29 -8
right_child=3 2 4 5 -6 6 7 24 9 10 11 -13 -14 20 15 16 -18 -19 -20 -21 21 -23 23 -25 -26 -27 -28 -29 -30 -31
leaf_value=-155.89484428413562 47.712357217266941 34.027196669073554 -3.3910534483789414 12.971959808708348 -48.330107956762106 551.49919944208693 -45.940705794436589 -254.22323223607796 968.64110074991606 8.226042637412899 -784.35372654693822 516.66204036366435 -28.563870612327591 1201.8668674509079 134.54494304579939 983.86090248322637 0.62751879921250586 -1279.5513183959017 -864.98563238659335 -20.419774771156415 -132.48018149875634 10.270871460813497 -249.10013117725549 779.46531487198877 35.611983961759186 -509.17178198232818 76.57641847652927 3.2022158787337425 -145.96369737154586 9.374592416833746
leaf_weight=110 20 23 626 206 74 24 30 126 20 131 24 22 451 21 30 28 21 25 29 66 296 359 21 20 61 29 25 23 39 91
leaf_count=110 20 23 626 206 74 24 30 126 20 131 24 22 451 21 30 28 21 25 29 66 296 359 21 20 61 29 25 23 39 91
internal_value=-0.000164443 -0.00109844 -0.000643155 0.000183198 -0.00107143 0.000117222 0.00104651 0.000716585 0.00168203 0.00362944 0.00234463 0.00695652 -0.000263828 0.000256183 0.00203704 0.00557692 0.00928571 0.00227273 0.000813952 0.00143382 -0.000746166 -0.00110687 0.00306451 -0.000121952 -0.00152407 6.32899e-05 0.00076923 -8.19684e-05 -0.000937501 0.0003719
internal_weight=3071 833 723 2238 700 2218 645 621 434 197 177 46 1573 1122 405 104 49 55 301 272 717 655 62 41 187 237 208 183 160 121
internal_count=3071 833 723 2238 700 2218 645 621 434 197 177 46 1573 1122 405 104 49 55 301 272 717 655 62 41 187 237 208 183 160 121
cat_boundaries=0 1
cat_threshold=5
is_linear=0
shrinkage=0.05


Tree=224
num_leaves=31
num_cat=0
split_feature=5 3 6 1 6 5 10 2 1 3 7 5 3 10 2 7 2 2 6 1 5 5 1 5 10 1 3 10 2 2
split_gain=0.37153 0.52179 0.498515 0.453961 0.68233 1.20935 0.375585 0.351487 0.445323 0.283465 0.288718 1.14815 0.817834 0.432275 0.332418 0.292448 0.619843 0.453229 0.485664 0.683617 0.431305 0.482538 0.637121 0.44414 0.522935 1.23831 0.848077 0.421355 0.416915 0.481215
threshold=27943.878949590802 115961.09571428572 25836.227883290372 90460.950000000026 6515.350797871527 6233.2414089869762 238.50000000000003 115167.00500000002 79923.230000000025 118445.57428571431 1.0000000180025095e-35 78113.717897721697 144306.32428571431 120.50000000000001 294136.4150000001 2.5000000000000004 1270417.1000000003 361419.82000000001 39407.664274207134 92933.49500000001 75007.560835817465 42995.228707665905 130257.54500000001 83996.429739810948 188.50000000000003 375168.83000000002 362402.9671428572 53.500000000000007 390857.35000000003 409340.1650000001
decision_type=2 2 2 2 2 2 2 2 2 2 2 2 2 2 2 2 2 2 2 2 2 2 2 2 2 2 2 2 2 2
left_child=3 7 -3 -1 5 -5 -6 8 -2 -4 11 12 -11 -14 -13 16 -12 18 -17 -20 21 22 -21 -22 -25 26 -26 -23 -19 -30
right_child=1 2 9 4 6 -7 -8 -9 -10 10 15 14 13 -15 -16 17 -18 28 19 20 23 27 -24 24 25 -27 -28 -29 29 -31
leaf_value=-148.10010206992885 -44.579488865186903 44.528691025798892 -11.555996218090867 84.028491904499674 -2.1449780690846088 -76.793006997500967 -46.244425093288257 -0.75521188814785434 645.19202124263938 -6.0584038369482762 -35.502727921638225 1394.5757722202416 538.29454314338284 119.66858285251899 -24.964197678880332 -127.62331077861052 1905.8888749772684 -1959.0768136433444 144.19441114620881 -234.72136586157586 33.972861114515574 11.960150178614938 362.32589041220029 2.3468339037523536 27.725770463913229 -454.25694925460402 485.4691909761566 -26.701495847068532 128.67778082699121 -47.076541624100528
leaf_weight=110 22 31 47 21 604 22 76 30 24 43 578 26 22 31 182 46 20 56 39 20 53 37 24 217 32 30 20 160 34 414
leaf_count=110 22 31 47 21 604 22 76 30 24 43 578 26 22 31 182 46 20 56 39 20 53 37 24 217 32 30 20 160 34 414
internal_value=-0.000197005 0.000138515 -4.62654e-06 -0.00109844 -0.000643155 0.00546512 -0.00102941 0.00421053 0.00695652 -9.62002e-05 -9.59812e-06 0.00141447 0.0059375 0.0100943 -0.000673078 -0.00025281 -0.00115385 0.000203044 0.0010472 0.00140823 0.000986508 -0.000643155 0.00409091 0.00210227 0.00135451 0.0047561 0.00942308 -0.00170051 -0.000932541 -0.000424108
internal_weight=3071 2238 2162 833 723 43 680 76 46 2131 2084 304 96 53 208 1780 598 1182 678 632 593 241 44 352 299 82 52 197 504 448
internal_count=3071 2238 2162 833 723 43 680 76 46 2131 2084 304 96 53 208 1780 598 1182 678 632 593 241 44 352 299 82 52 197 504 448
is_linear=0
shrinkage=0.05


Tree=225
num_leaves=31
num_cat=0
split_feature=2 4 5 2 5 10 10 4 10 7 5 2 5 0 7 5 2 5 0 10 10 10 0 2 6 0 1 0 4 2
split_gain=0.507845 0.854258 0.480517 0.374841 0.907989 0.808107 0.640906 0.400449 0.645328 0.364576 0.416667 0.573252 0.415109 0.456183 0.433683 0.398057 0.342769 0.299254 0.297619 0.295527 0.508366 0.34616 0.544059 0.416678 0.288195 0.31034 0.413629 0.337653 0.400671 0.501921
threshold=86338.800000000003 91271.17357142859 41835.934761459641 295734.82000000007 103256.24612878035 41.500000000000007 27.500000000000004 510112.9064285715 247.50000000000003 2.5000000000000004 20431.333941662022 314722.19000000006 23015.223570820945 381765.96500000003 1.0000000180025095e-35 65584.703715809868 222890.37000000002 82515.176084094041 108341.98500000002 85.500000000000014 206.50000000000003 174.50000000000003 425021.14500000008 546466.46000000008 172782.68422723815 601181.03000000014 682681.61500000011 742958.30500000005 1091314.2683928574 1006985.9500000001
decision_type=2 2 2 2 2 2 2 2 2 2 2 2 2 2 2 2 2 2 2 2 2 2 2 2 2 2 2 2 2 2
left_child=2 -2 -1 16 5 6 -5 8 19 12 -11 -12 -7 -14 -15 -13 -3 -17 -4 -6 21 23 -23 -21 -9 -26 -27 -28 -29 -30
right_child=1 3 18 4 7 9 -8 24 -10 10 11 15 13 14 -16 17 -18 -19 -20 20 -22 22 -24 -25 25 26 27 28 29 -31
leaf_value=-329.04161108364337 159.75092276373306 -3.226596363329 75.061455265515193 7.0325278372031379 -275.62022502462838 183.80158970211048 321.62946299655789 115.73018622770745 158.4995628562846 -132.48999518004911 38.461993183899033 -306.5051898735253 -20.106211990320805 420.30348935466282 5.5468232113725691 151.42188779586542 -50.025721894753723 -6.1882625939506761 -218.80649658282579 -68.53291635817105 -498.62809692737528 63.745750563619758 -105.86547283034871 141.57110008063316 -151.00367087328462 1710.0268680720296 -1856.1022998093515 83.670803148617878 3893.6205872927549 -4171.8723814662944
leaf_weight=126 36 1322 25 25 97 24 23 35 35 32 33 33 51 22 30 28 322 66 35 99 109 37 40 28 80 49 28 134 22 49
leaf_count=126 36 1322 25 25 97 24 23 35 35 32 33 33 51 22 30 28 322 66 35 99 109 37 40 28 80 49 28 134 22 49
internal_value=-0.000317074 -0.000154034 -0.00284946 -0.000250615 0.000417699 0.00249319 0.00854167 -0.000486937 -0.00151686 0.00158307 0.000208332 0.00125 0.00366142 0.00228155 0.00557692 -0.000275592 -0.000742094 0.00138298 0.000833332 -0.00207317 -0.00132588 0.000147058 0.00279221 -0.00145669 0.000667505 0.000248618 0.00102837 0.000150213 0.000853657 -0.0021831
internal_weight=3075 2889 186 2853 1209 367 48 842 445 319 192 160 127 103 52 127 1644 94 60 410 313 204 77 127 397 362 282 233 205 71
internal_count=3075 2889 186 2853 1209 367 48 842 445 319 192 160 127 103 52 127 1644 94 60 410 313 204 77 127 397 362 282 233 205 71
is_linear=0
shrinkage=0.05


Tree=226
num_leaves=31
num_cat=0
split_feature=2 4 5 0 2 5 10 5 10 0 0 1 4 4 7 0 0 5 4 10 6 6 10 10 10 1 0 0 0 5
split_gain=0.427635 0.770738 0.481506 0.318634 0.303957 0.907989 0.553731 0.640212 0.363702 0.62675 0.323371 0.426315 0.543303 0.612189 0.413049 0.395113 0.335294 0.441176 0.31784 0.751426 0.305194 0.291411 0.289137 0.366947 0.489855 0.290678 0.279934 0.275518 0.434662 0.267505
threshold=85593.180000000008 91146.005535714314 41835.934761459641 166863.00000000003 295734.82000000007 103256.24612878035 41.500000000000007 80664.657182888579 105.50000000000001 265544.56500000006 210298.58000000002 226543.77500000002 224455.03446428574 289760.17017857148 2.5000000000000004 195215.27000000005 390224.83000000002 110182.05823445389 510112.9064285715 243.50000000000003 172782.68422723815 141796.91365776389 85.500000000000014 207.50000000000003 196.50000000000003 407176.96500000003 601181.03000000014 436138.15500000009 527967.51000000013 63529.329816426594
decision_type=2 2 2 2 2 2 2 2 2 2 2 2 2 2 2 2 2 2 2 2 2 2 2 2 2 2 2 2 2 2
left_child=2 -2 -1 -4 10 6 7 -6 -8 -10 11 12 15 -14 -12 29 17 -16 19 22 -20 -21 -7 24 25 -24 -22 -27 -29 -3
right_child=1 4 3 -5 5 18 8 -9 9 -11 14 -13 13 -15 16 -17 -18 -19 20 21 26 -23 23 -25 -26 27 -28 28 -30 -31
leaf_value=-355.51308615349558 216.23999739685357 -0.84692430288225473 44.034828711032482 -440.9322236562507 18.512631159151592 -261.83921377339624 -4.4701139703955821 95.632097446374189 75.298795741739355 14.453024011716764 -215.71929299759145 -582.34473989993819 400.26076010780776 -3.548512015723666 21.687978043741253 18.771527933926915 923.42373681854633 -1921.7253633106732 109.94367691632199 270.77251957959538 -143.45348732962279 -19.124377947704218 -36.584672062570725 -1247.5049804920586 23.960354499710903 -48.229817057599483 21.080934235544095 373.76404350288374 -514.17695084664547 -76.798527262791524
leaf_weight=114 26 969 32 26 27 97 96 21 36 187 259 63 31 25 85 35 54 51 35 27 80 20 85 94 27 48 282 22 25 96
leaf_count=114 26 969 32 26 27 97 96 21 36 187 259 63 31 25 85 35 54 51 35 27 80 20 85 94 27 48 282 22 25 96
internal_value=-0.000252034 -0.00010851 -0.00267442 0.00103448 -0.000185959 0.000417699 0.00249319 0.0075 0.00173981 0.00284753 -0.000623502 -0.000200986 1.72998e-05 0.00482143 -0.0017706 -0.000227274 -1.19209e-09 -0.00132353 -0.000486937 -0.0014045 0.000541561 0.00457447 -0.00211055 -0.00134552 -0.000169083 -0.00111111 0.000110496 0.000789472 0.00351064 -0.000399062
internal_weight=3075 2903 172 58 2877 1209 367 48 319 223 1668 1219 1156 56 449 1100 190 136 842 445 397 47 398 301 207 180 362 95 47 1065
internal_count=3075 2903 172 58 2877 1209 367 48 319 223 1668 1219 1156 56 449 1100 190 136 842 445 397 47 398 301 207 180 362 95 47 1065
is_linear=0
shrinkage=0.05


Tree=227
num_leaves=31
num_cat=0
split_feature=1 5 7 5 5 2 2 10 3 3 2 1 3 2 2 6 7 5 5 1 1 3 10 3 10 6 3 6 10 10
split_gain=0.383146 0.334635 0.405625 0.298088 0.627197 0.330233 0.701379 0.816906 0.488452 0.635298 0.394753 0.521838 0.482143 0.462088 0.307311 0.289286 0.282301 0.280598 0.561778 0.542246 0.805113 0.455487 0.61187 0.616225 0.465587 0.452176 0.608918 0.549789 0.31746 0.287278
threshold=84908.630000000019 30721.231188236601 2.5000000000000004 6233.2414089869762 4874.8839069713058 295734.82000000007 313429.03000000009 111.50000000000001 210628.16285714289 200219.99071428573 195687.98500000002 181311.70500000002 174251.78214285718 180361.31500000003 97422.390000000014 39407.664274207134 2.5000000000000004 105035.48597331518 60221.238444549301 294526.96000000008 388154.28000000009 464564.0450000001 174.50000000000003 369276.96000000002 206.50000000000003 118969.01629422152 309686.23357142863 154249.21202559429 247.50000000000003 122.50000000000001
decision_type=2 2 2 2 2 2 2 2 2 2 2 2 2 2 2 2 2 2 2 2 2 2 2 2 2 2 2 2 2 2
left_child=1 -1 -3 4 -2 8 7 -7 9 10 11 -5 13 15 -6 -13 -10 18 29 -20 -21 22 -19 -24 -25 26 -22 -27 -26 -8
right_child=3 2 -4 5 14 6 17 -9 16 -11 -12 12 -14 -15 -16 -17 -18 21 19 20 25 -23 23 24 28 27 -28 -29 -30 -31
leaf_value=-344.07217034820792 -38.00315592219588 -213.36980104982069 71.069519746008382 -2.2558490168998051 17.277747769054891 340.00847171779338 -27.998688678226685 2.4527745476413552 -161.36965249261857 94.826088094751853 -115.81299124324158 -15.848461832194221 -111.11999861832248 123.6962387461578 29.768923810744599 259.16810460444998 -7.3537071396599716 -182.729569997575 92.271343926117353 -22.802599931433129 30.175939151011875 16.96242615381837 45.56140813556533 32.349616480489338 -1131.8848678391712 -706.99388940765789 509.23072585179273 33.365891677041915 92.044119283437453 -0.47586057417440486
leaf_weight=75 29 54 34 830 38 40 42 67 269 34 59 21 24 39 23 24 318 174 33 83 23 474 29 34 60 29 32 20 21 43
leaf_count=75 29 54 34 830 38 40 42 67 269 34 59 21 24 39 23 24 318 174 33 83 23 474 29 34 60 29 32 20 21 43
internal_value=-0.000186993 -0.00254601 -0.000454547 -5.49462e-05 0.00277778 -0.000145288 0.000481726 0.00434579 -0.000611868 4.36458e-05 -0.000185558 6.39647e-05 0.00333333 0.00511905 0.00565574 0.00166667 -0.0017632 0.00010483 0.00139344 0.00272727 0.00168449 -0.000391415 -0.00185535 0.000555554 -0.00108696 0.00461538 0.00772727 0.00112245 -0.00314815 -0.00205882
internal_weight=3075 163 88 2912 90 2822 1204 107 1618 1031 997 938 108 84 61 45 587 1097 305 220 187 792 318 144 115 104 55 49 81 85
internal_count=3075 163 88 2912 90 2822 1204 107 1618 1031 997 938 108 84 61 45 587 1097 305 220 187 792 318 144 115 104 55 49 81 85
is_linear=0
shrinkage=0.05


Tree=228
num_leaves=31
num_cat=0
split_feature=2 5 10 6 3 4 4 5 1 10 10 7 0 4 1 3 0 1 0 4 4 0 7 10 2 10 4 3 2 5
split_gain=0.394596 0.456331 0.467463 0.738499 0.641806 0.607268 0.470552 0.545102 0.372655 0.36209 0.427562 0.547009 0.31201 0.438239 0.458009 0.285139 0.420344 0.306274 0.644275 0.276159 0.262141 0.414468 0.691814 0.665966 0.916364 0.481186 0.322661 0.427273 0.275242 0.290387
threshold=295734.82000000007 104116.03570179307 242.50000000000003 142629.21340348822 464564.0450000001 487485.96125000005 510112.9064285715 163323.57170830676 249520.31500000003 142.50000000000003 207.50000000000003 4.5000000000000009 77696.615000000005 91271.17357142859 92933.49500000001 217662.20214285716 251152.76500000004 319151.15000000008 278159.82000000007 1162410.4671428574 91832.317678571446 87731.375000000015 1.5000000000000002 105.50000000000001 98692.750000000015 253.50000000000003 92051.925357142871 104367.94928571432 73314.755000000019 10407.222433872421
decision_type=2 2 2 2 2 2 2 2 2 2 2 2 2 2 2 2 2 2 2 2 2 2 2 2 2 2 2 2 2 2
left_child=12 8 4 -4 9 -6 -7 -8 -2 -3 11 -11 -1 14 -14 -10 -17 -18 -19 -9 -15 22 -22 -24 -25 26 -23 -28 -29 -30
right_child=1 2 3 -5 5 6 7 19 15 10 -12 -13 13 20 -16 16 17 18 -20 -21 21 25 23 24 -26 -27 27 28 29 -31
leaf_value=-271.32001836314151 82.42823590746373 -226.93937893571476 175.69162199133314 -1412.0159622037279 340.71335739447397 -291.95193864381611 1786.0193029278882 20.057654766359551 38.802906454944207 -3.3210726326650253 -1466.8065002328401 33.472509736814395 -25.485610211680882 -46.164588863526014 248.2832397118502 -92.322435746411358 -2.4586813689769427 74.83505218753605 20.410855851947119 -4237.6985962274603 -359.14410108721643 16.36280844441502 33.736716024726917 -101.62189657364041 25.785223269485854 18.967730465649534 -122.15943246416111 122.67066153641939 4.0260070679042892 -15.06719446458148
leaf_weight=79 28 132 31 37 27 69 39 299 26 81 61 36 22 54 20 26 110 22 162 23 24 26 33 28 22 57 64 20 175 1242
leaf_count=79 28 132 31 37 27 69 39 299 26 81 61 36 22 54 20 26 110 22 162 23 24 26 33 28 22 57 64 20 175 1242
internal_value=-0.000203253 0.000500412 -0.000149702 0.00382353 -0.000501957 0.000689277 0.000232557 0.000955677 0.00195187 -0.00225807 -0.000786518 0.000982905 -0.000659165 -0.000523224 0.00452381 0.00150289 0.00109375 0.00163265 0.00288043 0.000279502 -0.0006447 -0.000535187 0.00247663 0.00463855 0.000999999 -0.000738638 -0.000907008 -0.00100267 -0.000824636 -0.000906847
internal_weight=3075 1209 835 68 767 457 430 361 374 310 178 117 1866 1787 42 346 320 294 184 322 1745 1691 107 83 50 1584 1527 1501 1437 1417
internal_count=3075 1209 835 68 767 457 430 361 374 310 178 117 1866 1787 42 346 320 294 184 322 1745 1691 107 83 50 1584 1527 1501 1437 1417
is_linear=0
shrinkage=0.05


Tree=229
num_leaves=31
num_cat=0
split_feature=1 4 5 0 0 2 6 4 3 5 4 10 10 10 3 6 5 6 2 1 0 2 5 10 10 0 1 3 1 3
split_gain=0.399156 0.586236 0.334635 0.461133 0.265152 0.262893 0.460277 0.529692 0.376708 0.429047 0.531813 0.746781 1.26289 0.645448 0.440777 0.457701 0.874037 0.340183 0.362742 0.317303 0.307445 0.599959 1.52783 0.398895 0.483165 0.299322 0.478958 0.294953 0.416895 0.262825
threshold=84908.630000000019 91271.17357142859 30721.231188236601 119653.40500000001 82086.090000000011 295734.82000000007 23339.215177672169 300000.32001322758 210628.16285714289 39282.105838163297 123252.52321428573 137.50000000000003 47.500000000000007 192.50000000000003 136543.58142857146 69664.958911590904 48990.531681823901 24934.738109092988 301824.55000000005 147142.95500000005 141486.30000000002 140536.59500000003 13491.805258870227 126.50000000000001 114.50000000000001 87111.185000000012 137707.87000000002 174251.78214285718 149068.74500000002 218478.17785714287
decision_type=2 2 2 2 2 2 2 2 2 2 2 2 2 2 2 2 2 2 2 2 2 2 2 2 2 2 2 2 2 2
left_child=2 -2 -1 4 -4 8 7 -7 9 20 11 12 -11 -13 -12 16 19 -8 -19 -16 23 22 -22 24 25 -3 -27 28 -23 -10
right_child=1 5 3 -5 -6 6 17 -9 29 10 14 13 -14 -15 15 -17 -18 18 -20 -21 21 27 -24 -25 -26 26 -28 -29 -30 -31
leaf_value=-322.76400830893118 129.78048028973305 7.4323308253723539 -95.704451768176241 -410.90731946035078 71.266246310900542 72.459567618400641 -14.439228688192891 0.092165916384289004 -220.32445406663152 1.0211655686068277 -38.674564680384151 -62.867468476891737 323.9128047627479 12.664882880952051 274.85815050929938 237.53664902239322 -67.446234551467498 337.22679959005012 6.320809924918553 -12.588192028048297 43.863390830634884 -119.98393073177652 -93.247680266335209 -34.910102916441595 118.75739963017901 -60.748671487517406 8.5819422268476142 -58.791933052960147 6.2482202541933471 -35.270840076165875
leaf_weight=75 35 20 22 46 20 22 30 40 73 34 109 37 22 20 23 33 82 21 1091 22 22 27 31 223 20 118 26 77 140 514
leaf_count=75 35 20 22 46 20 22 30 40 73 34 109 37 22 20 23 33 82 21 1091 22 22 27 31 223 20 118 26 77 140 514
internal_value=-0.000138213 -3.43526e-06 -0.00254601 -0.000454547 0.00333333 -8.16835e-05 0.000481726 0.00467742 -0.00048715 6.44555e-05 0.00141361 0.00429203 0.00839286 0.000263157 0.00020446 0.001875 0.00051181 0.000253939 0.000395682 0.00611111 -0.000667615 0.000555554 0.00537736 -0.0015602 0.000163042 -0.000731709 -0.00152778 -0.000491804 0.000688622 -0.00150767
internal_weight=3075 2912 163 88 42 2877 1204 62 1673 1086 382 113 56 57 269 160 127 1142 1112 45 704 297 53 407 184 164 144 244 167 587
internal_count=3075 2912 163 88 42 2877 1204 62 1673 1086 382 113 56 57 269 160 127 1142 1112 45 704 297 53 407 184 164 144 244 167 587
is_linear=0
shrinkage=0.05


Tree=230
num_leaves=31
num_cat=0
split_feature=10 6 5 5 0 8 1 2 5 0 5 6 2 3 1 1 6 3 5 5 5 3 10 6 3 10 0 3 0 5
split_gain=0.706898 0.369769 0.348474 0.493561 0.61395 0.804033 0.921814 0.397386 0.695113 0.537476 0.428919 0.321111 0.31661 0.433321 0.626354 0.306142 0.397121 0.433653 0.304965 0.675963 0.298394 0.956515 0.25679 0.320575 0.70547 0.422002 1.37653 0.663183 0.833333 0.54697
threshold=62.500000000000007 6026.702314369385 29999.611967090146 42995.228707665905 182422.28000000003 1.0000000180025095e-35 94954.195000000022 190915.16000000003 48990.531681823901 85521.315000000017 65584.703715809868 38761.893008739375 82743.585000000006 115243.72857142858 95868.110000000015 87705.310000000012 6927.7645778391561 91388.61500000002 83996.429739810948 75007.560835817465 52209.070545177608 150239.20714285717 123.50000000000001 107906.13446047829 337522.94214285718 241.50000000000003 381765.96500000003 1082063.2450000001 1253947.2600000002 154024.64881952255
decision_type=2 2 2 2 2 2 2 2 2 2 2 2 2 2 2 2 2 2 2 2 2 2 2 2 2 2 2 2 2 2
left_child=12 -2 15 4 5 6 -4 9 -9 -5 -10 -7 -1 14 -14 -3 17 -17 19 20 -11 -22 -12 -24 -25 27 -27 -26 -29 -28
right_child=1 2 3 7 -6 11 -8 8 10 18 22 -13 13 -15 -16 16 -18 -19 -20 -21 21 -23 23 24 25 26 29 28 -30 -31
leaf_value=-389.75884642016831 176.30219194983363 -305.03561380275477 27.624513897685759 17.704778961577201 43.809569094470483 7.6895042602584027 -122.87868370202705 30.568817929770866 -201.97262004786234 -98.66678858094599 -17.269624506266439 316.24646237947172 -88.302994210105467 -26.111643876682805 228.94966428991458 23.599678636938474 -4.6592817964604238 -25.20701476216243 -527.95070667442189 358.6674787275208 64.261785845452252 -10.729660612497467 -3.1280070122596912 155.62013039912085 5.3464219895322103 594.82860632366283 113.64116018031116 348.10993638973338 -3395.8970128372457 -2040.5210902219915
leaf_weight=61 27 40 30 36 36 20 76 20 49 128 334 25 37 506 38 21 565 23 81 32 20 87 171 32 439 22 27 30 24 33
leaf_count=61 27 40 30 36 36 20 76 20 49 128 334 25 37 506 38 21 565 23 81 32 20 87 171 32 439 22 27 30 24 33
internal_value=-9.77211e-05 0.000292421 0.000226988 0.000593606 0.00302139 0.00162252 -0.000754718 0.000303513 0.000757831 -0.00109375 0.000598621 0.00722222 -0.00157321 -0.00121343 0.00233333 -0.000762713 -0.000484402 0.00409091 -0.0016954 -0.000880151 -0.00180851 0.000140186 0.000800359 0.0012982 0.0018369 0.00143478 0.0047561 0.000882352 0.00611111 0.000833332
internal_weight=3070 2428 2401 1752 187 151 106 1565 1181 384 1161 45 642 581 75 649 609 44 348 267 235 107 1112 778 607 575 82 493 54 60
internal_count=3070 2428 2401 1752 187 151 106 1565 1181 384 1161 45 642 581 75 649 609 44 348 267 235 107 1112 778 607 575 82 493 54 60
is_linear=0
shrinkage=0.05


Tree=231
num_leaves=31
num_cat=0
split_feature=2 2 3 3 3 4 7 3 5 2 5 0 2 2 3 0 2 6 0 0 6 3 7 6 4 2 5 0 7 3
split_gain=0.323734 0.280497 0.265022 0.637121 0.369889 0.596802 0.357622 0.709238 0.688686 0.330825 0.664856 0.426773 0.50614 0.433653 0.323049 0.524455 0.412383 0.455806 0.381352 0.382051 0.671017 0.462963 0.39985 0.306721 0.303693 0.27973 0.322033 0.484803 0.321747 0.256998
threshold=308673.01500000007 313429.03000000009 217662.20214285716 207412.97 250887.78285714288 293537.9621428572 1.5000000000000002 355577.36071428575 315812.98684371059 819491.67500000016 202391.29609061941 449186.14500000008 454398.42500000005 553620.76000000013 1082063.2450000001 966850.47500000021 593943.68000000005 135100.44332905117 416304.46500000003 262709.99500000005 111647.54902496944 392349.10428571439 2.5000000000000004 141796.91365776389 660593.7082142859 546466.46000000008 163323.57170830676 515088.79500000004 3.5000000000000004 1206016.0507142858
decision_type=2 2 2 2 2 2 2 2 2 2 2 2 2 2 2 2 2 2 2 2 2 2 2 2 2 2 2 2 2 2
left_child=-1 -2 3 -3 -4 -6 7 -7 9 10 11 12 -9 -14 16 -16 17 18 19 -8 22 -22 -21 -19 25 26 28 -28 -25 -17
right_child=1 2 4 -5 5 6 14 8 -10 -11 -12 -13 13 -15 15 29 -18 23 -20 20 21 -23 -24 24 -26 -27 27 -29 -30 -31
leaf_value=-4.2057218138006212 18.1138495488775 -1442.8854829727195 -368.64835539504315 80.565455933585866 42.917122820987373 -98.462001789780615 -36.215523784711657 508.69171399715424 -1086.1469981044331 1391.8973105079667 -2311.9005640401838 16.393450081427371 -194.8967113277711 347.21710496556119 213.50560338217417 -2291.0332441266519 -532.15936739502786 584.64697021302652 -3107.6289829099951 213.58685995871443 200.33508772359517 120.06985340971306 -237.20120020055839 14.322299491137001 3351.6649477676106 -1708.1501860595361 402.4444735366942 -496.72793818046085 -576.14472694020742 7327.7746791709505
leaf_weight=1960 23 20 34 24 28 35 36 25 55 24 21 67 23 21 21 38 186 31 59 22 27 27 72 24 22 23 37 20 44 21
leaf_count=1960 23 20 34 24 28 35 36 25 55 24 21 67 23 21 21 38 186 31 59 22 27 27 72 24 22 23 37 20 44 21
internal_value=-0.000276874 0.000405404 0.000289787 0.00409091 0.000129433 0.000302278 9.68388e-05 0.00164207 0.00262712 0.00411602 0.00328025 0.00455882 0.00731884 0.00409091 -0.000492959 0.0025 -0.000873017 -4.50462e-05 -0.00150206 -0.000380436 0.000743242 0.00518518 -0.00180851 0.00171642 0.000882352 6.75664e-05 0.000999999 0.00377193 -0.00132353 8.47446e-05
internal_weight=3070 1110 1087 44 1043 1009 981 271 236 181 157 136 69 44 710 80 630 444 243 184 148 54 94 201 170 148 125 57 68 59
internal_count=3070 1110 1087 44 1043 1009 981 271 236 181 157 136 69 44 710 80 630 444 243 184 148 54 94 201 170 148 125 57 68 59
is_linear=0
shrinkage=0.05


Tree=232
num_leaves=31
num_cat=0
split_feature=10 10 2 6 5 5 10 6 7 1 4 5 0 10 0 5 6 4 7 2 4 6 10 0 5 0 2 6 7 5
split_gain=0.627811 0.646042 0.343565 0.539064 0.445455 0.422719 0.390663 0.338394 0.331206 0.304072 0.332988 0.288262 0.458355 0.654496 0.346596 0.502528 0.989638 0.702341 0.379689 0.324772 0.283734 0.290032 0.457245 0.339147 0.298369 0.358097 0.479174 0.751127 0.584661 0.726923
threshold=62.500000000000007 64.500000000000014 324265.02000000008 75076.72303092682 74429.597521369942 82515.176084094041 258.50000000000006 186518.48434750325 5.5000000000000009 87041.410000000018 92294.763571428586 138146.13288717566 305119.35500000004 176.50000000000003 372629.17500000005 217629.27568927195 150392.42913183375 402517.48767857149 3.5000000000000004 687025.37000000011 91465.769285714297 143520.64543863767 164.50000000000003 449186.14500000008 34741.368890882528 102404.03500000002 240216.89000000004 70050.344100335016 3.5000000000000004 120328.82646153282
decision_type=2 2 2 2 2 2 2 2 2 2 2 2 2 2 2 2 2 2 2 2 2 2 2 2 2 2 2 2 2 2
left_child=8 -2 7 -4 -5 -6 11 20 9 -1 -11 -7 13 -13 -14 16 17 -16 -18 -17 -3 23 -23 24 -22 -26 -27 -28 -29 -30
right_child=1 2 3 4 5 6 -8 -9 -10 10 -12 12 14 -15 15 19 18 -19 -20 -21 21 22 -24 -25 25 26 27 28 29 -31
leaf_value=-348.31550163691833 153.20561498520061 27.25407477253237 107.64785943599982 -842.78149879460943 177.81431311669178 -10.925192717692235 390.05989688759286 -558.96333476958955 13.563896769233907 109.98274491471737 -30.826742125376615 -38.932527091097448 -590.0593314747972 177.89983397470473 21.441559061746556 -2586.5075346366502 4901.4539217922465 -744.93864742885512 149.46993325763063 5.5662652208548957 -7.9190636084982193 385.79691988458751 -1442.249286085141 -221.31781315386672 15.825569000204036 -5.2728097598922066 149.39854400515324 -114.60629123742429 3.0779694043600032 303.81309118956153
leaf_weight=78 22 32 33 34 30 267 20 39 89 21 454 34 26 24 23 51 38 42 35 162 686 34 21 41 122 478 22 52 39 21
leaf_count=78 22 32 33 34 30 267 20 39 89 21 454 34 26 24 23 51 38 42 35 162 686 34 21 41 122 478 22 52 39 21
internal_value=-0.000260588 0.000107083 2.90927e-05 0.000860805 0.000597963 0.000851063 0.000609417 -0.000400127 -0.00165109 -0.00210669 -0.00163158 0.000413104 0.0012069 0.00534483 0.000570291 0.000982905 0.00333333 -0.00115385 0.00732877 -0.000539907 -0.000284239 -0.000382587 0.00318182 -0.000516771 -0.000387325 0.00031335 -0.00017974 0.00246269 0.00080357 0.00416667
internal_weight=3070 2428 2406 819 786 752 722 1587 642 553 475 702 435 58 377 351 138 65 73 213 1548 1516 55 1461 1420 734 612 134 112 60
internal_count=3070 2428 2406 819 786 752 722 1587 642 553 475 702 435 58 377 351 138 65 73 213 1548 1516 55 1461 1420 734 612 134 112 60
is_linear=0
shrinkage=0.05


Tree=233
num_leaves=31
num_cat=1
split_feature=10 4 2 4 4 6 2 1 3 1 0 2 2 4 6 1 1 4 1 1 0 4 4 4 2 10 3 10 6 11
split_gain=0.469261 0.416865 0.331164 0.46897 0.298944 0.252501 0.482981 0.248618 0.524303 0.574061 0.90894 0.48449 0.688338 1.12645 1.22553 0.499851 0.689374 0.416667 0.390107 0.53142 0.72 0.356106 0.250345 0.250311 1.16925 0.302481 0.359186 0.311152 0.340714 0.284906
threshold=62.500000000000007 91465.769285714297 82743.585000000006 91891.661854395628 91891.661854395628 415433.35128896585 1028137.0450000002 726605.24000000011 779153.05857142864 537380.32500000007 386153.45500000002 593943.68000000005 458903.97500000003 476945.73303571431 117836.1444139721 463342.72500000003 443407.32000000007 494266.58017857152 367511.24500000005 349418.68500000006 318444.77500000008 1162410.4671428574 407998.79946428578 380747.99178571434 356720.39500000008 110.50000000000001 91599.966428571453 116.50000000000001 107906.13446047829 0
decision_type=2 2 2 2 2 2 2 2 2 2 2 2 2 2 2 2 2 2 2 2 2 2 2 2 2 2 2 2 2 1
left_child=2 -2 -1 -4 -3 7 -7 8 9 11 -11 12 15 14 -14 16 18 22 19 23 -21 -9 -12 24 25 29 -27 -28 -29 -6
right_child=1 4 3 -5 5 6 -8 21 -10 10 17 -13 13 -15 -16 -17 -18 -19 -20 20 -22 -23 -24 -25 -26 26 27 28 -30 -31
leaf_value=-352.64484292662382 129.19612338248774 -16.697015038317808 119.62483186537378 -18.206019303849768 -11.255827014066893 193.93529553955247 -3785.5571864872541 -321.12154607107578 5031.0233883595029 535.07991992000836 -4.2673222394155292 -648.98443676146655 65.434903376596964 595.8593496394725 -172.65992576963515 -1067.4097508822624 266.46721350152694 -2471.6468370875568 -164.47134322275795 -73.457684071768554 634.80081198137202 288.78991224208374 52.247661303456191 -56.155356079019853 220.96934827957671 16.042129640022491 -182.36280639464306 -3.7116333786282873 112.91076208959099 20.276733217186798
leaf_weight=61 33 48 23 558 103 21 25 153 30 37 29 70 37 25 68 55 22 36 109 25 25 22 25 131 21 31 42 951 39 215
leaf_count=61 33 48 23 558 103 21 25 153 30 37 29 70 37 25 68 55 22 36 109 25 25 22 25 131 21 31 42 951 39 215
internal_value=-0.000293161 2.47105e-05 -0.00149533 -0.00112737 -5.21933e-05 2.76937e-05 0.00369565 -4.56335e-05 0.00010348 9.54079e-06 0.00326772 -0.000200611 -5.00275e-05 0.00346154 0.00119047 -0.000308085 -0.000157527 0.000555554 -0.000271869 -7.26481e-05 0.005 -0.00185714 0.00333333 -0.000238096 -4.27972e-05 -0.000220856 -0.000625589 -0.000784885 -0.000606062 0.00113207
internal_weight=3070 2428 642 581 2395 2347 46 2301 2126 2096 127 1969 1899 130 105 1769 1714 90 1692 1583 50 175 54 1533 1402 1381 1063 1032 990 318
internal_count=3070 2428 642 581 2395 2347 46 2301 2126 2096 127 1969 1899 130 105 1769 1714 90 1692 1583 50 175 54 1533 1402 1381 1063 1032 990 318
cat_boundaries=0 1
cat_threshold=2
is_linear=0
shrinkage=0.05


Tree=234
num_leaves=31
num_cat=0
split_feature=10 10 2 4 0 5 0 2 10 0 5 5 10 2 7 0 10 1 5 2 2 4 10 10 0 2 5 2 5 7
split_gain=0.456632 0.359157 0.331164 0.46897 0.272957 1.07962 0.41958 0.27425 0.873345 1.31266 0.844437 1.57453 0.453719 0.242706 0.232173 0.231956 0.21895 0.775544 0.214286 0.207326 0.233369 0.303063 0.280281 0.33557 0.731982 0.979604 0.231314 0.51758 0.249297 0.403434
threshold=62.500000000000007 64.500000000000014 82743.585000000006 91891.661854395628 84004.775000000009 48990.531681823901 81031.200000000026 400207.65500000009 205.50000000000003 494389.05500000005 110182.05823445389 140885.12103858995 73.500000000000014 73314.755000000019 5.5000000000000009 284772.27500000008 42.500000000000007 288947.88000000006 163323.57170830676 378362.99000000005 129389.77 91465.769285714297 216.50000000000003 179.50000000000003 94883.685000000012 106673.93000000001 9035.634615971554 140536.59500000003 29999.611967090146 5.5000000000000009
decision_type=2 2 2 2 2 2 2 2 2 2 2 2 2 2 2 2 2 2 2 2 2 2 2 2 2 2 2 2 2 2
left_child=2 -2 -1 -4 5 6 -3 13 12 10 -10 -12 -9 -6 -5 -14 17 -16 -13 20 21 -15 23 -23 -25 -26 27 -22 -28 -30
right_child=1 4 3 14 7 -7 -8 8 9 -11 11 18 15 19 16 -17 -18 -19 -20 -21 26 22 -24 24 25 -27 28 -29 29 -31
leaf_value=-335.0126007802923 136.99827657876617 -182.69459890081814 113.64359027210543 -30.228229923665182 136.25313940748694 95.712817668925467 0.28281041019027592 1304.11314374226 139.85389675940127 -226.05317672780936 -1042.4169417250862 121.41922277379668 -1164.519695907841 34.70967239615652 -15.054814960684906 -7.4185531411711452 -11.224393169390014 91.473403329326814 184.23854745959534 -435.04389634034743 22.438122711089182 -23.224522158825543 -108.13063932024266 -79.722934824803971 152.4814442378381 -53.074639174166379 -13.58590901226879 -26.533703001297528 -2.4049846148660161 66.041784343332438
leaf_weight=61 22 30 23 475 20 24 22 28 31 78 27 21 51 30 25 360 34 24 21 45 39 211 85 26 22 26 359 33 712 105
leaf_count=61 22 30 23 475 20 24 22 28 31 78 27 21 51 30 25 360 34 24 21 45 39 211 85 26 22 26 359 33 712 105
internal_value=-0.000309447 4.11742e-06 -0.00149533 -0.00112737 -5.40328e-05 0.00289474 -0.00115385 -0.000150216 0.000753645 0.00370786 0.0075 0.00442029 -0.000444193 -0.000475775 -0.00141577 -0.000863748 0.0010241 0.00316326 0.0104762 -0.000540462 -0.00044903 -0.0015 -0.00189189 -0.00114035 0.00175676 0.00541667 -0.000112181 0.00263889 -0.000280613 0.000201957
internal_weight=3070 2428 642 581 2406 76 52 2330 617 178 100 69 439 1713 558 411 83 49 42 1693 1648 400 370 285 74 48 1248 72 1176 817
internal_count=3070 2428 642 581 2406 76 52 2330 617 178 100 69 439 1713 558 411 83 49 42 1693 1648 400 370 285 74 48 1248 72 1176 817
is_linear=0
shrinkage=0.05


Tree=235
num_leaves=31
num_cat=0
split_feature=1 1 6 6 0 1 3 6 0 5 0 0 10 6 0 6 10 5 1 0 6 5 0 10 10 10 1 3 3 1
split_gain=0.440489 0.307618 0.593911 0.495804 0.495322 1.48246 0.48186 0.430156 0.418989 0.440513 0.441818 0.411322 0.896104 0.405681 0.389389 0.386632 0.646332 0.584704 0.575081 0.448715 0.815041 0.373457 0.487013 0.288452 0.714036 0.340748 0.32911 0.279517 0.600929 0.563436
threshold=84908.630000000019 306049.81500000006 118969.01629422152 115555.99780710715 303410.32000000007 398065.95000000007 415664.4707142858 101890.9396738996 337547.21500000003 121332.18348206226 246158.66500000001 260574.74500000002 113.50000000000001 23662.505942467422 305119.35500000004 46217.53984996587 242.50000000000003 37281.008952082018 199820.78500000003 90460.950000000026 44178.879424911276 42715.319169421877 162742.00000000003 82.500000000000014 89.500000000000014 60.500000000000007 869690.97500000021 174251.78214285718 171262.29071428574 176448.62500000003
decision_type=2 2 2 2 2 2 2 2 2 2 2 2 2 2 2 2 2 2 2 2 2 2 2 2 2 2 2 2 2 2
left_child=-1 8 3 4 5 7 11 -3 9 15 -11 12 -4 -6 -8 17 -17 27 19 20 -19 22 -21 25 -25 26 -16 28 -2 -30
right_child=1 2 6 -5 13 -7 14 -9 -10 10 -12 -13 -14 -15 23 16 -18 18 -20 21 -22 -23 -24 24 -26 -27 -28 -29 29 -31
leaf_value=-181.26611595248019 -9.7135551147406716 29.790086656497181 -2409.9460554351822 255.78969418070437 28.593934092468512 82.529604551338508 60.880193657168448 -278.44870654677737 -388.18466313272711 -5.3366241802563597 199.66690586297159 -207.32389591343113 256.97214163827169 -19.279543757896473 -428.45835320182164 -28.41455683062448 190.00841950704162 0.27881543184640178 52.470983163598959 -42.183737137741417 120.60260146660913 -10.892455067437725 40.616754724500318 4840.2231106885338 5.3779975589150224 -1088.0915319282722 2783.8541210312446 -28.681820406859913 1.5288612275213764 39.312225935799027
leaf_weight=147 546 74 23 30 28 25 39 21 184 30 25 151 21 177 59 444 21 37 29 33 23 108 21 20 386 53 42 185 53 32
leaf_count=147 546 74 23 30 28 25 39 21 184 30 25 151 21 177 59 444 21 37 29 33 23 108 21 20 386 53 42 185 53 32
internal_value=-0.000288557 -0.000154111 0.000483028 0.0021831 0.00161538 0.00416667 -0.000277079 0.00131579 -0.000567477 -0.000305609 0.00409091 -0.0024359 0.00181818 0.00012195 0.000425708 -0.000463448 -0.00166667 6.09173e-05 0.00217131 0.00130631 0.005 -6.17296e-05 0.00333333 8.92845e-05 0.000788176 -0.00175325 -4.95061e-05 -0.000588236 -8.71644e-05 0.00382353
internal_weight=3067 2920 1149 355 325 120 794 95 1771 1587 55 195 44 205 599 1532 465 1067 251 222 60 162 54 560 406 154 101 816 631 85
internal_count=3067 2920 1149 355 325 120 794 95 1771 1587 55 195 44 205 599 1532 465 1067 251 222 60 162 54 560 406 154 101 816 631 85
is_linear=0
shrinkage=0.05


Tree=236
num_leaves=31
num_cat=0
split_feature=5 10 5 7 4 5 4 0 10 4 10 10 2 5 5 4 2 5 3 3 5 5 2 10 0 2 10 3 10 2
split_gain=0.330193 0.315319 0.389433 0.976873 0.585261 0.447895 0.348414 0.840396 0.64854 0.45688 0.332609 0.601186 0.313898 0.621745 0.561052 0.299031 0.449342 0.287224 0.33036 0.591828 0.499221 0.286474 0.552029 0.419756 0.36747 0.665155 0.416667 0.398706 0.357143 0.289926
threshold=4874.8839069713058 35.500000000000007 6233.2414089869762 1.5000000000000002 91891.661854395628 6979.6512325721978 407998.79946428578 350831.96500000008 38.500000000000007 517126.32982142863 144.50000000000003 202.50000000000003 570289.31000000017 180203.9220039123 217629.27568927195 294276.57428571436 186863.08000000005 160148.23591941161 492905.00214285724 444401.80285714293 124216.35452310253 9035.634615971554 144508.52500000005 223.50000000000003 96982.175000000003 108071.99500000001 166.50000000000003 120103.61071428572 200.50000000000003 189547.73500000002
decision_type=2 2 2 2 2 2 2 2 2 2 2 2 2 2 2 2 2 2 2 2 2 2 2 2 2 2 2 2 2 2
left_child=-1 15 3 -3 -5 -4 8 9 -7 10 -8 -12 13 17 -15 16 -2 18 19 20 -9 22 23 -10 25 27 -27 -23 -29 -26
right_child=1 2 5 4 -6 6 7 12 21 -11 11 -13 -14 14 -16 -17 -18 -19 -20 -21 -22 24 -24 -25 29 26 -28 28 -30 -31
leaf_value=-133.00968372452715 -37.920592696643943 -194.5562378253027 -105.13109673434275 0.51555547885469633 20.409380815464491 62.487108576771043 1618.4204250484522 -186.41074313251377 -22.432334649702728 -1537.5010143346826 -845.3476546868277 348.4262530876685 -61.713547909454739 1599.8809946398076 60.462220141374374 -665.52761833653915 25.552856236322192 -749.78878443597694 56.446146949701429 -1519.6708113137499 329.11431272254754 -88.499824621371715 40.437695866899382 24.679240288213673 -18.042593044299835 18.929899543184913 3.8403024192132715 -45.837122943463754 201.6106476190082 -2.6877564488039956
leaf_weight=36 151 22 46 22 25 29 23 28 72 23 23 22 328 28 43 116 37 25 35 43 22 50 21 22 732 30 30 36 20 927
leaf_count=36 151 22 46 22 25 29 23 28 72 23 23 22 328 28 43 116 37 25 35 43 22 50 21 22 732 30 30 36 20 927
internal_value=-0.000239649 -0.000183109 -1.28358e-05 0.00369565 0.00776596 -0.000109106 -2.29721e-05 0.000987557 -0.000352972 0.00543956 0.0075 0.005 0.000253622 0.00169643 0.00556338 -0.00171053 -0.000478725 -9.80404e-05 0.000859374 -0.000698926 0.003 -0.000463919 0.00195652 0.000319148 -0.00061644 0.0016265 0.00583333 -0.000754718 0.00214286 -0.000840869
internal_weight=3067 3031 2727 69 47 2658 2612 643 1969 91 68 45 552 224 71 304 188 153 128 93 50 1940 115 94 1825 166 60 106 56 1659
internal_count=3067 3031 2727 69 47 2658 2612 643 1969 91 68 45 552 224 71 304 188 153 128 93 50 1940 115 94 1825 166 60 106 56 1659
is_linear=0
shrinkage=0.05


Tree=237
num_leaves=31
num_cat=0
split_feature=5 5 1 6 7 5 4 2 4 6 2 10 6 2 0 10 6 4 6 1 0 5 0 6 4 2 1 0 5 2
split_gain=0.316763 0.399719 0.720003 0.432922 0.283583 0.469311 0.997239 0.424863 0.342808 1.11243 0.745074 0.656574 0.530329 0.327869 0.312375 0.277586 0.30625 0.254375 0.362827 0.917249 0.809597 0.502046 0.59358 0.513161 0.716321 0.629762 0.404872 0.459789 0.51069 0.558922
threshold=4874.8839069713058 6233.2414089869762 87705.310000000012 6927.7645778391561 4.5000000000000009 41317.756906491202 122945.75500000002 90508.205000000016 510112.9064285715 118969.01629422152 570289.31000000017 41.500000000000007 110373.15389610942 804593.59000000008 868810.3400000002 56.500000000000007 105784.53289528572 122373.84316964286 42210.887596326334 121612.50000000001 141486.30000000002 10577.424144262284 165035.91500000001 14282.094253043097 296472.4780357143 172731.66000000003 383950.27000000008 227601.43500000003 97608.568508544835 471632.68500000011
decision_type=2 2 2 2 2 2 2 2 2 2 2 2 2 2 2 2 2 2 2 2 2 2 2 2 2 2 2 2 2 2
left_child=-1 2 -2 -4 17 7 -7 -6 9 11 -10 -8 15 -12 -15 -13 -17 -3 19 -19 -21 22 -22 -23 25 -25 -20 -28 29 -29
right_child=1 4 3 -5 5 6 8 -9 10 -11 13 12 -14 14 -16 16 -18 18 26 20 21 23 -24 24 -26 -27 27 28 -30 -31
leaf_value=-126.35919953830106 -184.16755713476778 -20.44318460487958 28.972174698272028 13.418670805144879 81.462647150274037 218.4360640830721 64.811171342898021 -15.424331256802498 589.69232278134268 -225.58623359562554 -979.29718272948003 -134.49075831879227 139.18345783302644 456.53414393863881 -2638.8599079775354 15.298781176302526 -327.07739832335847 44.80127694523523 -26.522750442560831 -76.287783345325948 5.3963495431256545 -24.038553876206155 43.758828893064063 -6.009519913866205 -0.92388737120962416 62.448966811830843 238.20342959669861 378.03306905074982 -46.870714376258135 -8.1829264213976174
leaf_weight=36 28 249 20 31 25 25 28 267 35 150 20 23 39 20 41 160 20 38 800 97 31 89 20 21 142 35 32 28 492 25
leaf_count=36 28 249 20 31 25 25 28 267 35 150 20 23 39 20 41 160 20 38 800 97 31 89 20 21 142 35 32 28 492 25
internal_value=-0.000337465 -0.000282086 0.00322785 0.0067647 -0.000376017 0.00039273 0.00123886 -0.00123288 0.000783581 0.000119046 0.00318965 0.00203704 0.00119835 0.000555554 0.00237705 0.000172413 0.000833332 -0.000688424 -0.000486488 0.000708244 5.74701e-05 0.00121302 0.00578431 0.000400696 0.00181818 0.00660714 -0.000896878 0.00011265 -0.000229359 0.00443396
internal_weight=3067 3031 79 51 2952 853 561 292 536 420 116 270 242 81 61 203 180 2099 1850 473 435 338 51 287 198 56 1377 577 545 53
internal_count=3067 3031 79 51 2952 853 561 292 536 420 116 270 242 81 61 203 180 2099 1850 473 435 338 51 287 198 56 1377 577 545 53
is_linear=0
shrinkage=0.05


Tree=238
num_leaves=31
num_cat=1
split_feature=10 0 6 6 7 0 7 11 10 5 5 0 6 2 5 0 6 2 2 0 6 3 0 5 5 10 3 5 5 3
split_gain=0.310647 0.336204 0.215948 0.415285 0.265306 0.285033 0.213093 0.653513 0.589112 0.433994 0.800476 0.359745 0.641647 0.483929 0.334783 0.335978 0.401289 0.325439 0.470584 0.27545 0.342335 0.591193 0.58811 1.15418 0.62599 0.344202 0.334125 0.241437 0.658503 0.272222
threshold=56.500000000000007 75148.705000000016 15151.481715867514 18820.02663416864 5.5000000000000009 301331.57500000007 1.5000000000000002 0 60.500000000000007 6233.2414089869762 5365.9861635209363 219196.43500000003 102807.90043296338 164780.69500000004 439966.3942250454 174095.48500000002 12743.038189134628 103297.645 181105.11500000002 137770.52500000002 11947.207803772782 115961.09571428572 123175.02500000001 47208.176563028122 49355.263571106691 199.50000000000003 147745.96357142858 13491.805258870227 10184.561905624718 225722.15785714288
decision_type=2 2 2 2 2 2 2 1 2 2 2 2 2 2 2 2 2 2 2 2 2 2 2 2 2 2 2 2 2 2
left_child=2 -2 -1 -4 -5 -6 7 11 -8 10 -10 13 -13 -3 15 19 -17 -18 -19 20 25 -22 24 -24 -23 -11 -26 28 -21 -29
right_child=1 6 3 4 5 -7 8 -9 9 14 -12 12 -14 -15 -16 16 17 18 -20 27 21 22 23 -25 26 -27 -28 29 -30 -31
leaf_value=-47.611149909074761 97.223165961949888 68.901849006323843 36.049171246555936 -32.44417291223737 42.889102673397701 -687.59550281654413 111.3247765679714 -73.637703996984371 -1.4190065614687604 -64.308028240111156 16.848384508800756 468.75430841266189 19.140443059847808 -14.459428448348625 -3021.1364921513132 133.56759302561295 23.633875412753898 -69.501879374438388 10.152209411642628 -60.03291115367589 355.92162249759826 -35.966148845461603 227.83970024924929 -144.51657738373893 24.089012432628369 7.0335575029394795 -271.30154108616074 -38.842600723841855 46.097408386010358 50.873051292487176
leaf_weight=102 23 24 24 378 37 22 23 526 35 76 25 26 79 69 35 20 22 101 896 49 22 123 26 32 37 28 28 120 35 24
leaf_count=102 23 24 24 378 37 22 23 526 35 76 25 26 79 69 35 20 22 101 896 49 22 123 26 32 37 28 28 120 35 24
internal_value=-0.000386372 -0.000147765 -0.0014476 -0.000986986 -0.00133867 0.00177966 -0.000203548 -0.000925416 9.39089e-05 -1.15352e-05 0.00416667 0.00149038 0.00357143 -0.000698926 -0.000161292 -5.79634e-05 0.000486043 0.00034838 0.000215646 -0.001 -0.000161292 0.000783581 8.12996e-05 0.00448276 -0.0012766 -0.00259616 0.00269231 -0.00236842 -0.000238096 -0.00361111
internal_weight=3067 2504 563 461 437 59 2481 724 1757 1734 60 198 105 93 1674 1639 1039 1019 997 600 372 268 246 58 188 104 65 228 84 144
internal_count=3067 2504 563 461 437 59 2481 724 1757 1734 60 198 105 93 1674 1639 1039 1019 997 600 372 268 246 58 188 104 65 228 84 144
cat_boundaries=0 1
cat_threshold=1
is_linear=0
shrinkage=0.05


Tree=239
num_leaves=31
num_cat=0
split_feature=1 0 0 0 10 10 10 10 10 1 1 3 10 1 6 6 10 6 1 4 6 10 2 2 2 0 3 0 6 2
split_gain=0.262544 0.229821 0.250191 0.342271 0.21534 0.358871 0.243744 0.24189 0.36114 0.253806 0.643214 0.421259 0.380749 0.348725 0.409017 0.543773 0.8745 0.473158 0.320438 0.30028 0.299269 0.292077 0.334928 0.399902 0.28339 0.309444 0.338163 0.36782 0.358958 0.369011
threshold=79923.230000000025 68316.825000000026 81031.200000000026 84004.775000000009 199.50000000000003 203.50000000000003 205.50000000000003 192.50000000000003 188.50000000000003 306049.81500000006 317754.87000000005 306437.45071428578 122.50000000000001 349418.68500000006 126605.83024862045 108598.62113886322 139.50000000000003 99544.252073323514 191105.64500000005 299799.25750000012 135100.44332905117 41.500000000000007 255935.42000000004 365105.98000000004 454398.42500000005 326744.49500000005 479529.04714285722 868810.3400000002 367043.57300942176 702787.15000000014
decision_type=2 2 2 2 2 2 2 2 2 2 2 2 2 2 2 2 2 2 2 2 2 2 2 2 2 2 2 2 2 2
left_child=-1 -2 -3 -4 7 -6 -7 8 9 11 12 -5 -11 19 15 17 -17 -15 -13 -12 -16 -22 -23 -24 -25 -26 -27 28 29 -28
right_child=1 2 3 4 5 6 -8 -9 -10 10 13 18 -14 14 20 16 -18 -19 -20 -21 21 22 23 24 25 26 27 -29 -30 -31
leaf_value=-257.93339962520463 110.56886656201348 -66.012989190468019 7.0167708493715466 -4.5583370719588814 18.084916672506477 -301.13495365413678 2.4259346548755047 -34.280748534526204 204.57126715661434 8.9877568806365744 0.6062169332677656 119.1426807695202 421.82049373090888 24.0244035581117 -3352.9708825420116 5.905203185906446 345.8349864810516 -125.72620541799301 -598.50365203293939 -50.685358326242536 -608.06075184854774 -1725.2124119132177 62.067302431048176 -839.83887663528697 215.1839313349368 -448.59188242053943 921.43272081617727 -162.71503278658776 1176.8971229855294 -169.54080879322669
leaf_weight=83 20 48 37 1089 47 23 688 69 45 30 35 23 23 41 36 42 29 45 104 67 63 28 38 41 22 28 33 116 22 52
leaf_count=83 20 48 37 1089 47 23 688 69 45 30 35 23 23 41 36 42 29 45 104 67 63 28 38 41 22 28 33 116 22 52
internal_value=-0.000418977 -0.000341824 -0.000377869 -0.000318931 -0.000380342 0.000343007 6.32899e-05 -0.000638851 -0.000540937 -0.00064026 5.68888e-05 -0.00109375 0.00537736 -0.000325204 0.000110062 0.00232484 0.00556338 -0.000348838 -0.0038189 -0.00303922 -0.000615868 -0.000259595 0.000263157 0.000681817 9.55402e-05 0.000677654 0.000179282 0.000829595 0.00294392 0.00147059
internal_weight=3067 2984 2964 2916 2879 758 711 2121 2052 2007 791 1216 53 738 636 157 71 86 127 102 479 443 380 352 314 273 251 223 107 85
internal_count=3067 2984 2964 2916 2879 758 711 2121 2052 2007 791 1216 53 738 636 157 71 86 127 102 479 443 380 352 314 273 251 223 107 85
is_linear=0
shrinkage=0.05


Tree=240
num_leaves=31
num_cat=0
split_feature=2 7 0 5 1 1 0 7 10 7 5 6 1 10 5 10 6 6 2 1 1 5 1 0 0 1 0 0 1 5
split_gain=0.216932 0.329692 0.632099 0.236349 0.87991 0.546263 0.460952 0.330586 0.313524 0.579413 0.6698 1.05788 0.330263 0.311251 0.310398 0.444905 0.375039 0.308652 0.497203 0.451609 0.711767 0.469068 1.08178 0.577361 0.420044 0.416474 0.4 0.299153 0.306855 0.284717
threshold=84004.390000000014 1.5000000000000002 85521.315000000017 9994.8153390886564 133808.64500000005 138408.285 165035.91500000001 2.5000000000000004 42.500000000000007 5.5000000000000009 38299.814693230583 22564.928065616288 288947.88000000006 50.500000000000007 57483.940158256606 53.500000000000007 9452.1154460247708 161349.32619857075 400207.65500000009 304223.69000000006 393562.90000000008 140885.12103858995 436247.71500000003 507334.46000000008 523564.02500000008 129341.85500000001 366146.72000000003 479004.31000000006 173938.28500000003 68912.420012181989
decision_type=2 2 2 2 2 2 2 2 2 2 2 2 2 2 2 2 2 2 2 2 2 2 2 2 2 2 2 2 2 2
left_child=1 -1 -3 4 -2 -6 7 -7 9 10 11 -5 -11 -10 16 -16 -15 18 25 -20 -21 22 -22 26 -24 -17 -23 28 29 -27
right_child=3 2 -4 8 5 6 -8 -9 13 12 -12 -13 -14 14 15 17 -18 -19 19 20 21 23 24 -25 -26 27 -28 -29 -30 -31
leaf_value=-264.25996764256712 -2.9283547858498458 -199.27836525153197 102.74099780868812 -15.647570421729126 21.87375350330349 55.966658288706654 38.311140140758845 -81.977132619641822 -68.273048792971011 0.27604946458560331 -34.307680442768316 329.30921052643902 146.52515806113954 15.512560993103563 305.90788102062345 230.32670599656427 -10.829378768525794 -108.04625931929807 205.4315818271258 -183.65115215125209 77.261486393833422 395.33635496565961 -207.11058882707789 -45.76452933875764 48.825464033979713 2.1776993995653124 242.12350525942509 -301.74211087653424 9.6033111175730692 -298.53943885080611
leaf_weight=58 225 36 45 39 24 26 21 28 74 21 201 21 22 33 20 28 781 469 36 48 26 20 85 21 26 20 20 86 439 69
leaf_count=58 225 36 45 39 24 26 21 28 74 21 201 21 22 33 20 28 781 469 36 48 26 20 85 21 26 20 20 86 439 69
internal_value=-0.000192309 -0.0021223 -6.17296e-05 -0.000100718 0.00117284 0.00510101 0.003 0.000555554 -0.000259118 0.00125 0.000363983 0.005 0.00662791 -0.000458497 -0.000352493 9.55402e-05 -0.00113022 -1.07693e-05 0.000519479 0.0022695 0.00150406 0.00282828 0.00120438 0.00647541 -0.000945947 -0.000249222 0.01 -0.000521174 -7.57588e-05 -0.00275281
internal_weight=3068 139 81 2929 324 99 75 54 2605 304 261 60 43 2301 2227 1413 814 1393 924 282 246 198 137 61 111 642 40 614 528 89
internal_count=3068 139 81 2929 324 99 75 54 2605 304 261 60 43 2301 2227 1413 814 1393 924 282 246 198 137 61 111 642 40 614 528 89
is_linear=0
shrinkage=0.05


Tree=241
num_leaves=31
num_cat=0
split_feature=3 3 1 0 3 6 1 0 0 5 1 2 5 3 0 5 0 2 8 5 5 5 5 5 4 2 2 4 6 4
split_gain=0.241792 0.97854 0.533377 0.305194 0.309948 0.516849 0.752198 0.589091 0.309881 0.257254 0.562716 0.526544 0.226068 0.285156 0.216276 0.497283 0.467349 0.631292 0.662987 0.68615 0.565071 0.536846 0.450775 0.413628 0.526316 0.4 0.395928 0.349637 0.332348 0.317393
threshold=131836.65642857147 133264.5778571429 102141.07500000001 81031.200000000026 117725.64714285715 28711.429238970079 124051.74000000001 100913.70000000001 102404.03500000002 6233.2414089869762 87705.310000000012 94242.095000000016 7644.1984385971373 134149.84642857147 343228.20500000007 89646.028026548258 182422.28000000003 214222.48500000002 1.0000000180025095e-35 104116.03570179307 127358.78526881667 119512.71187824332 83996.429739810948 76082.003594417169 220050.96892857147 365105.98000000004 204398.89000000004 291125.76803571434 83349.271378533755 385148.46392857149
decision_type=2 2 2 2 2 2 2 2 2 2 2 2 2 2 2 2 2 2 2 2 2 2 2 2 2 2 2 2 2 2
left_child=3 -2 -3 -1 5 7 8 9 -7 10 -5 -12 -4 -14 15 22 -17 -18 20 25 -19 -21 23 28 -25 -20 -16 -28 -15 -23
right_child=1 2 12 4 -6 6 -8 -9 -10 -11 11 -13 13 14 26 16 17 18 19 21 -22 29 -24 24 -26 -27 27 -29 -30 -31
leaf_value=-188.92885650810274 71.733380177885394 175.94513364075036 13.897206952906467 -253.43469728202109 -34.231408173573364 484.10367703405041 -2.1663187522441376 67.94024189395013 123.6234876893494 -81.041811837071435 16.685850681448059 -2.2697343869448443 -52.394352500142297 -0.75494002218748424 -1268.9226177931323 -102.41404678603266 1010.2199305797278 44.195191380928108 519.4912465392423 -91.650084128874141 -103.5396167629047 91.813780679695356 -88.589312420956901 -15.216845261995978 105.23131500269005 51.140402850835443 73.669625400269268 -18.988428494333554 -303.43696008252306 189.64873452886928
leaf_weight=81 38 36 26 35 249 23 39 20 22 94 32 39 29 794 68 66 36 96 20 30 71 20 47 36 40 20 30 854 36 41
leaf_count=81 38 36 26 35 249 23 39 20 22 94 32 39 29 794 68 66 36 96 20 30 71 20 47 36 40 20 30 854 36 41
internal_value=-2.93363e-05 0.000197205 7.09504e-05 -0.000899055 -0.000479206 0.000592104 0.00392857 -0.000681819 0.00833333 -0.0015 0.000188678 0.00274648 -2.11876e-05 -7.28375e-05 -1.08472e-05 0.000395416 0.001875 0.00263473 0.00187919 0.00454198 -0.000209582 0.00214286 -0.000225605 2.20739e-05 0.00355263 0.01 -0.000588236 -0.000305431 -0.000301206 0.00483606
internal_weight=3068 2434 2396 634 553 304 84 220 45 200 106 71 2360 2334 2305 1353 400 334 298 131 167 91 953 906 76 40 952 884 830 61
internal_count=3068 2434 2396 634 553 304 84 220 45 200 106 71 2360 2334 2305 1353 400 334 298 131 167 91 953 906 76 40 952 884 830 61
is_linear=0
shrinkage=0.05


Tree=242
num_leaves=31
num_cat=0
split_feature=0 0 0 6 5 3 3 10 5 5 2 10 5 0 2 6 2 3 0 7 6 6 0 10 2 7 6 6 3 10
split_gain=0.20026 0.496496 0.351875 0.348429 0.803726 0.330524 0.33493 0.256725 0.25466 0.529471 0.476608 0.378261 0.4 0.375381 0.887966 0.273367 0.307762 0.565132 0.446383 0.22623 0.213825 0.363092 1.17487 0.266327 0.201356 0.584614 0.567426 0.666667 0.547401 1.10095
threshold=121806.11500000001 130407.67500000002 116945.16000000002 42898.718367399662 8689.2106798521982 115961.09571428572 126039.56857142858 261.50000000000006 48556.320582300948 50134.18121885624 99396.960000000006 125.50000000000001 54507.39339857109 95836.580000000016 92939.950000000026 34958.101065373776 84004.390000000014 90151.568571428594 86269.435000000012 2.5000000000000004 8964.6164863648683 10936.394521872739 142611.07500000004 126.50000000000001 244732.56000000003 1.0000000180025095e-35 14781.389963740332 45901.726176719465 223240.32214285719 92.500000000000014
decision_type=2 2 2 2 2 2 2 2 2 2 2 2 2 2 2 2 2 2 2 2 2 2 2 2 2 2 2 2 2 2
left_child=2 3 8 4 -2 -3 -7 20 10 -10 13 -11 -13 15 -15 16 -1 -18 -19 -12 -8 22 23 -22 25 26 -23 -28 29 -26
right_child=1 5 -4 -5 -6 6 7 -9 9 11 19 12 -14 14 -16 -17 17 18 -20 -21 21 24 -24 -25 28 -27 27 -29 -30 -31
leaf_value=-229.92158154662729 59.602865786966099 85.584708704124566 -72.858235566325178 262.91315641057884 -360.86485865184011 -102.93142560013365 -106.40186258219613 394.02657960794886 12.65457992865776 -369.2354718546531 -91.924258785424271 -146.00831492114952 639.44163150115367 111.29497420299263 -20.339673134968749 39.14674843347597 14.545950205232693 9.2069493805495721 -106.96826407118107 -117.74750772007457 6.2987787759024867 -54.071806098151455 52.62143005240975 -87.735016394600848 186.89377665440301 -17.409525673281429 168.81036734454636 406.92226440108561 -1.7137173440450451 -0.32607836745658592
leaf_weight=56 26 23 50 31 43 85 22 25 28 29 30 20 20 37 38 39 28 23 72 92 20 25 37 29 21 666 27 27 1345 54
leaf_count=56 26 23 50 31 43 85 22 25 28 29 30 20 20 37 38 39 28 23 72 92 20 25 37 29 21 666 27 27 1345 54
internal_value=-0.000143417 4.78839e-05 -0.000996442 0.0035 0.00152174 -9.55955e-05 -0.000153169 -3.91657e-05 -0.00060547 0.00170103 -0.00114458 -0.000652175 0.0025 -5.11957e-05 0.003 -0.00110092 -0.00192738 -0.000528456 -0.00236842 -0.00377049 -9.45898e-05 -4.66471e-05 0.00313953 -0.00193878 -0.000173211 -0.000838927 0.00322785 0.00611111 0.000176055 0.00433333
internal_weight=3068 2506 562 100 69 2406 2383 2298 512 97 415 69 40 293 75 218 179 123 95 122 2273 2251 86 49 2165 745 79 54 1420 75
internal_count=3068 2506 562 100 69 2406 2383 2298 512 97 415 69 40 293 75 218 179 123 95 122 2273 2251 86 49 2165 745 79 54 1420 75
is_linear=0
shrinkage=0.05


Tree=243
num_leaves=31
num_cat=0
split_feature=4 5 2 10 2 7 5 10 2 0 4 6 6 4 0 0 4 4 10 2 6 5 2 6 6 10 4 10 5 5
split_gain=0.235545 0.515512 0.713754 0.394737 0.286676 0.314998 0.664935 0.593939 0.545779 0.244558 0.364934 0.237613 0.237044 0.225 0.222527 0.284241 0.243296 0.836426 0.188287 0.179752 0.331151 0.503387 0.472403 0.389714 0.706175 0.483503 0.362209 0.586994 0.444038 0.294806
threshold=133147.27821428576 9035.634615971554 138408.285 130.50000000000003 183013.83500000005 4.5000000000000009 42350.848692379157 161.50000000000003 90508.205000000016 77696.615000000005 91465.769285714297 9452.1154460247708 10541.311884115556 91964.882142857168 96982.175000000003 123175.02500000001 148951.39517857143 152089.93303571429 16.500000000000004 244732.56000000003 102807.90043296338 105035.48597331518 188404.78000000003 74596.889212536436 69664.958911590904 158.50000000000003 175375.88928571434 166.50000000000003 11202.065064796345 33832.991519492149
decision_type=2 2 2 2 2 2 2 2 2 2 2 2 2 2 2 2 2 2 2 2 2 2 2 2 2 2 2 2 2 2
left_child=4 2 12 -4 5 9 8 -8 13 -1 -11 -3 -2 -7 -13 -16 -17 -18 -19 20 21 22 23 24 26 -26 27 28 -20 -21
right_child=1 11 3 -5 -6 6 7 -9 -10 10 -12 14 -14 -15 15 16 17 18 19 29 -22 -23 -24 -25 25 -27 -28 -29 -30 -31
leaf_value=-225.1458748321262 -56.768554419597415 15.858297367273806 66.66378761497586 1.9812817845416786 -44.698709141548051 -7.25737546452741 215.64559547670513 -5.0494947916365698 -105.95439843931607 167.3552758470511 -9.8641374708155478 103.61949461204661 76.673018714763586 24.254444015290606 -67.110880298504568 -29.688160523761056 143.49714471124918 20.925441769741425 167.59464462634799 -12.153233621042265 -174.86389973182295 904.97423210706302 -53.082303131477865 -169.74968872009308 422.82485919673894 -0.12034608883484854 -71.566528194770413 -16.479352186115474 7.0615622034005696 6.3679456599616779
leaf_weight=44 42 26 27 30 43 20 24 20 70 42 339 34 23 20 66 74 36 21 24 186 164 20 119 60 24 23 47 95 74 1231
leaf_count=44 42 26 27 30 43 20 24 20 70 42 339 34 23 20 66 74 36 21 24 186 164 20 119 60 24 23 47 95 74 1231
internal_value=-0.000192309 2.8617e-05 0.00319672 0.0072807 -0.00106109 -0.000768568 0.00116883 0.00636364 -0.000909092 -0.00147059 -0.00106299 -0.000137695 -0.000384617 0.00375 -0.000191472 -0.000251768 -0.000154687 -5.64984e-05 -0.000186783 -0.000234641 -0.000923078 -0.000267491 -0.00060086 0.000331411 0.00109756 0.00670213 -1.19209e-09 0.000958548 0.00367347 8.11562e-05
internal_weight=3068 2446 122 57 622 579 154 44 110 425 381 2324 65 40 2298 2264 2198 2124 2088 2067 650 486 466 347 287 47 240 193 98 1417
internal_count=3068 2446 122 57 622 579 154 44 110 425 381 2324 65 40 2298 2264 2198 2124 2088 2067 650 486 466 347 287 47 240 193 98 1417
is_linear=0
shrinkage=0.05


Tree=244
num_leaves=31
num_cat=0
split_feature=3 3 2 2 3 5 0 2 7 0 3 10 0 0 0 4 2 0 7 3 10 0 0 4 2 5 10 10 0 5
split_gain=0.228543 0.737698 0.296267 0.221678 0.324653 0.47083 0.359446 0.418974 0.781893 0.679559 0.225698 0.428979 0.216421 0.238882 0.19894 0.560977 0.179635 0.420684 0.436483 0.416887 1.25871 0.44971 0.386233 1.18139 0.581527 0.327579 0.323697 0.237165 0.275149 0.211071
threshold=131836.65642857147 133264.5778571429 183013.83500000005 171969.70000000004 123419.90785714287 49355.263571106691 95836.580000000016 92939.950000000026 1.5000000000000002 103849.62000000001 90151.568571428594 32.500000000000007 91936.055000000008 123175.02500000001 130407.67500000002 151448.80928571432 244732.56000000003 163833.70500000005 2.5000000000000004 223240.32214285719 148.50000000000003 234668.66000000003 138480.01000000004 173068.33892857147 181105.11500000002 9834.2204413155941 23.500000000000004 152.50000000000003 149575.01500000004 72743.067711366704
decision_type=2 2 2 2 2 2 2 2 2 2 2 2 2 2 2 2 2 2 2 2 2 2 2 2 2 2 2 2 2 2
left_child=2 -2 3 4 5 6 10 9 -9 -8 11 -1 -3 -14 15 -15 17 18 22 20 21 -18 -16 -24 -25 -19 -27 28 -20 -21
right_child=1 12 -4 -5 -6 -7 7 8 -10 -11 -12 -13 13 14 16 -17 19 25 27 29 -22 -23 23 24 -26 26 -28 -29 -30 -31
leaf_value=-167.62349323017088 69.830001350609948 65.047740827936025 -60.916257773376984 30.928872956663568 -151.66140525549349 2.4780301848597222 311.79497505196275 147.91311697615819 -49.262590371285768 -1.7349908814646213 -54.686929860050192 7.1295457269432836 -52.479434990040431 -108.1092742537129 -110.54960883339844 334.5715671821261 117.52420064215808 33.970617037746898 -95.776269031782476 -10.51401302791429 -11.699877508847862 4.6550566435526539 245.69930046025672 23.870594248692655 -89.073988649925695 114.55700375578429 -20.924162468585735 1.8696557619592089 26.854924015769157 2.7516011570850596
leaf_weight=31 38 20 46 22 120 21 21 33 74 37 199 30 75 37 21 21 20 21 64 249 33 21 23 34 23 22 501 81 20 1110
leaf_count=31 38 20 46 22 120 21 21 33 74 37 199 30 75 37 21 21 20 21 64 249 33 21 23 34 23 22 501 81 20 1110
internal_value=-0.000290092 -6.98451e-05 -0.00113565 -0.000833335 -0.00102474 -0.000403589 -0.000764707 0.0010606 -0.000794394 0.00448276 -0.00192308 0.000737704 -0.000179467 -0.000223065 -0.000132552 0.00275862 -0.000207313 -0.00080247 0.000827066 0.000129099 0.00378378 0.00963415 0.00341584 0.005 0.00114035 -0.00159927 -0.00184513 -0.000757577 -0.00261905 -6.99055e-05
internal_weight=3068 2434 634 588 566 446 425 165 107 58 260 61 2396 2376 2301 58 2243 810 266 1433 74 41 101 80 57 544 523 165 84 1359
internal_count=3068 2434 634 588 566 446 425 165 107 58 260 61 2396 2376 2301 58 2243 810 266 1433 74 41 101 80 57 544 523 165 84 1359
is_linear=0
shrinkage=0.05


Tree=245
num_leaves=31
num_cat=1
split_feature=3 6 2 4 4 6 1 3 0 0 11 6 2 2 6 7 6 6 2 6 6 1 4 4 7 2 0 4 0 0
split_gain=0.333364 0.265006 0.289967 0.27963 0.554043 0.403146 0.418691 0.48 0.317268 0.413581 0.370212 1.36822 0.681818 0.585309 0.477251 0.310067 0.910016 0.747374 0.557369 0.588593 0.310106 0.310292 0.541925 0.525871 0.519694 0.624352 0.704625 0.315772 0.658954 0.342105
threshold=87278.422857142883 6342.1610494499646 91868.070000000022 903807.27875000006 1020232.4850000002 382296.36668734596 1270417.1000000003 1043417.1457142859 482976.86500000005 473850.27500000008 0 120478.11991451381 396082.10500000004 546466.46000000008 186518.48434750325 1.0000000180025095e-35 122962.54071743919 113505.5981142065 365105.98000000004 101890.9396738996 107906.13446047829 144390.91500000001 156538.94821428575 120614.08482142859 1.5000000000000002 89783.920000000013 85521.315000000017 117809.06250000001 100913.70000000001 91936.055000000008
decision_type=2 2 2 2 2 2 2 2 2 2 1 2 2 2 2 2 2 2 2 2 2 2 2 2 2 2 2 2 2 2
left_child=-1 2 -2 8 -5 -6 7 -7 9 10 11 12 -3 14 -13 16 -12 18 20 -20 21 23 -23 27 -25 26 -26 28 29 -17
right_child=1 3 -4 4 5 6 -8 -9 -10 -11 15 13 -14 -15 -16 17 -18 -19 19 -21 -22 22 -24 24 25 -27 -28 -29 -30 -31
leaf_value=-215.81144929453018 0.92144571340104653 266.80174272765549 25.583283275321865 917.14467520299775 -279.75481548920652 -254.94538774645744 -661.17079070880209 1089.2546348618193 -60.158995946430288 23.153902412136446 1.4933107706131563 14.755690911298103 24.486912712331396 -456.81170023828565 202.56853317359071 -2.9117065689957151 214.5770718869511 -387.93674377625308 60.927446547689833 -58.487700743676584 103.45090302093784 -38.458238362454296 -5.4324003778057151 -126.63939412859906 -4.3969971497303559 5.6675628211972837 214.89630699565078 -43.171023213482712 141.67642605712584 -57.400216664179723
leaf_weight=35 39 33 30 26 90 20 29 30 373 21 263 157 22 77 28 76 22 168 32 33 32 148 690 79 22 304 38 77 25 52
leaf_count=35 39 33 30 26 90 20 29 30 373 21 263 157 22 77 28 76 22 168 32 33 32 148 690 79 22 304 38 77 25 52
internal_value=-0.000148161 -9.22278e-05 0.00297101 -0.000163466 0.00166667 0.000621301 0.00322785 0.006 -0.000292209 -8.12851e-05 -0.000142978 0.00142202 0.00863636 -3.81691e-05 0.00148649 -0.000388702 0.00114035 -0.000636262 -0.000304728 0.00423077 -0.000495789 -0.000598942 -0.00124105 0.000200593 0.00120767 0.00200549 0.00666667 -0.00173913 -0.000424838 -0.001875
internal_weight=3071 3036 69 2967 195 169 79 50 2772 2399 2378 317 55 262 185 2061 285 1776 1608 65 1543 1511 838 673 443 364 60 230 153 128
internal_count=3071 3036 69 2967 195 169 79 50 2772 2399 2378 317 55 262 185 2061 285 1776 1608 65 1543 1511 838 673 443 364 60 230 153 128
cat_boundaries=0 1
cat_threshold=4
is_linear=0
shrinkage=0.05


Tree=246
num_leaves=31
num_cat=0
split_feature=3 5 5 1 8 10 4 4 10 4 0 0 2 10 1 1 3 1 6 0 10 0 5 1 6 2 2 6 5 4
split_gain=0.337854 0.275642 0.286628 0.563333 0.452842 0.280189 0.264309 0.631431 0.211085 0.412585 0.475734 0.353528 0.605803 0.658464 0.527854 1.00701 1.14286 0.324966 0.905493 0.774573 0.517094 0.406349 0.384376 0.367939 0.287558 0.261044 0.724298 0.335634 0.273094 0.301514
threshold=87278.422857142883 407298.74586677196 6233.2414089869762 96519.655000000013 1.0000000180025095e-35 212.50000000000003 1099443.6676785718 1053184.051964286 39.500000000000007 120614.08482142859 77696.615000000005 407826.83000000007 285888.22500000003 27.500000000000004 155206.84000000003 96982.175000000003 119409.1792857143 121612.50000000001 40486.246300593797 144522.85000000003 103.50000000000001 128401.895 34741.368890882528 92318.240000000005 342164.97671014967 129389.77 133277.28500000003 9839.8124710019456 9035.634615971554 150629.87678571432
decision_type=2 2 2 2 2 2 2 2 2 2 2 2 2 2 2 2 2 2 2 2 2 2 2 2 2 2 2 2 2 2
left_child=-1 2 3 4 5 -2 7 -3 11 -10 -11 12 14 -14 15 -4 -17 18 22 20 -20 -19 -12 -22 -13 -23 -27 -28 -29 -30
right_child=1 6 8 -5 -6 -7 -8 -9 9 10 17 24 13 -15 -16 16 -18 21 19 -21 23 25 -24 -25 -26 26 27 28 29 -31
leaf_value=-205.0208768298036 -52.05443210511941 -936.39563507830269 -108.66996973495387 20.647774191905629 10.156777101054168 7.6664894627099587 -1212.2004093008491 4665.0868269063858 -13.787129288187632 84.173305374284183 37.949084301054192 -1367.516510085102 22.4215457404852 139.26057637284356 -36.054130073359595 478.23082268872844 14.207815835009725 -31.705654857345589 135.45191238222921 -453.53583571850231 132.36341642162066 -85.695709243386318 128.64223848536767 -118.16510319572299 262.23437699605415 32.81656987544104 -34.640007145848045 42.472927028762761 -71.908886424597952 -2.3718133122551506
leaf_weight=35 33 22 46 25 22 20 25 21 203 26 39 39 35 22 81 21 42 118 32 58 26 79 20 46 31 27 37 25 98 1717
leaf_count=35 33 22 46 25 22 20 25 21 203 26 39 39 35 22 81 21 42 118 32 58 26 79 20 46 31 27 37 25 98 1717
internal_value=-0.000115599 -5.92897e-05 -0.000131403 0.0025 0.000333332 -0.00216981 0.00308823 0.00546512 -0.000223153 -0.000374364 -0.000187395 0.00099369 0.00188259 0.00640351 0.000526315 0.00279816 0.00690476 -0.000262706 0.00156108 -0.000370372 0.00221154 -0.000454547 0.00686441 -0.00013889 -0.00214286 -0.000284923 -0.000168068 -0.00028503 -0.000190219 -0.000261709
internal_weight=3071 3036 2968 100 75 53 68 43 2868 2551 2348 317 247 57 190 109 63 2322 221 162 104 2101 59 72 70 1983 1904 1877 1840 1815
internal_count=3071 3036 2968 100 75 53 68 43 2868 2551 2348 317 247 57 190 109 63 2322 221 162 104 2101 59 72 70 1983 1904 1877 1840 1815
is_linear=0
shrinkage=0.05


Tree=247
num_leaves=31
num_cat=0
split_feature=1 10 1 0 10 5 7 5 0 5 4 0 5 2 0 0 0 0 10 0 0 2 2 4 4 1 0 5 7 0
split_gain=0.258022 0.242924 0.277622 0.473651 0.454109 0.753358 0.734307 0.482209 0.449748 0.440212 0.387124 0.414776 0.371663 0.652713 0.746675 0.582234 0.688923 0.427907 0.347679 0.294554 0.375813 0.338886 0.397297 0.372482 0.570639 0.313394 0.289486 0.268622 0.552273 0.586859
threshold=75388.630000000019 256.50000000000006 349418.68500000006 535414.21000000008 129.50000000000003 128357.81606349666 5.5000000000000009 136534.7931255649 301331.57500000007 188291.0587314321 383706.95732142864 399339.38000000006 156314.5847961297 873514.70000000007 966850.47500000021 381765.96500000003 494389.05500000005 1326924.3800000001 110.50000000000001 232009.21000000002 278159.82000000007 436138.15500000009 495609.40000000008 903807.27875000006 1020232.4850000002 950324.20000000007 386153.45500000002 6233.2414089869762 1.5000000000000002 92436.835000000006
decision_type=2 2 2 2 2 2 2 2 2 2 2 2 2 2 2 2 2 2 2 2 2 2 2 2 2 2 2 2 2 2
left_child=-1 2 3 9 18 6 8 -7 -6 10 11 27 15 26 -15 -9 -17 -16 19 -4 -21 -22 -23 -24 -25 -26 -14 28 -2 -30
right_child=1 -3 4 -5 5 7 -8 12 -10 -11 -12 -13 13 14 17 16 -18 -19 -20 20 21 22 23 24 25 -27 -28 -29 29 -31
leaf_value=-241.22741158875615 -203.3755050017229 -21.215469965681237 -65.657661099532291 -1294.7206489413413 178.32989306120177 -625.14696347364509 199.65433891851239 -739.39369759263172 10.157211360961156 266.30151659922382 -70.606602053219589 1212.0031267013999 86.159407239290658 3213.3640839233158 -1103.9922320560486 169.58340451050375 30.262730645942352 2041.4465576804896 -936.88708528120935 38.535425325571595 -229.90489982637007 139.63157763595382 -151.58666161108633 869.78577885118239 1252.2044706051729 -4625.2305481964286 -304.59700519332091 -2.9108572829443027 13.248829967130433 -12.350040462994166
leaf_weight=63 30 89 27 55 21 39 39 21 111 21 142 34 29 26 23 21 23 20 58 21 98 37 108 25 21 31 88 1684 35 31
leaf_count=63 30 89 27 55 21 39 39 21 111 21 142 34 29 26 23 21 23 20 58 21 98 37 108 25 21 31 88 1684 35 31
internal_value=-0.000245849 -0.000179522 -0.000101063 -0.00042323 0.000636977 0.00172451 0.00435672 0.000172413 0.00257576 -0.000295904 -0.000373212 -0.000176407 0.000976094 -0.000161292 0.00369565 0.00423077 0.0075 -0.000348838 -0.000539907 2.71727e-05 0.000425219 -1.19209e-09 0.00108108 0.000135134 0.00279221 -0.000192309 -0.0024359 -0.0002809 0.00229167 0.00484848
internal_weight=3071 3008 2919 2032 887 461 171 290 132 1977 1956 1814 251 186 69 65 44 43 426 368 341 320 222 185 77 52 117 1780 96 66
internal_count=3071 3008 2919 2032 887 461 171 290 132 1977 1956 1814 251 186 69 65 44 43 426 368 341 320 222 185 77 52 117 1780 96 66
is_linear=0
shrinkage=0.05


Tree=248
num_leaves=31
num_cat=1
split_feature=3 10 11 2 4 6 6 7 9 7 3 2 4 6 4 10 10 3 0 0 0 0 6 6 2 4 3 7 6 4
split_gain=0.331131 0.264299 0.294591 0.609618 1.21748 0.417751 0.387654 0.442901 0.305567 0.443072 0.427501 0.357192 0.268258 0.313365 0.25429 0.233106 0.759431 0.208208 0.391097 0.372024 0.203175 0.419048 0.195889 1.03109 0.384718 1.03083 0.331759 0.904531 0.512253 0.348792
threshold=87278.422857142883 256.50000000000006 0 365105.98000000004 292670.81812169316 107906.13446047829 42210.887596326334 3.5000000000000004 1.0000000180025095e-35 1.5000000000000002 798706.82857142866 77807.390000000014 401334.3548214286 114019.63656086488 91465.769285714297 48.500000000000007 63.500000000000007 126521.99000000001 147310.62000000002 133152.15500000003 240016.58500000005 143496.31500000003 120478.11991451381 117836.1444139721 373014.69000000006 394689.6166071429 437656.4114285715 1.0000000180025095e-35 138723.34230673066 464517.94517857145
decision_type=2 2 1 2 2 2 2 2 2 2 2 2 2 2 2 2 2 2 2 2 2 2 2 2 2 2 2 2 2 2
left_child=-1 2 3 5 -5 6 7 -2 11 -10 12 -4 13 -11 -13 -8 -17 -18 19 -19 21 -3 23 24 -16 -26 27 28 -24 -29
right_child=1 20 8 4 -6 -7 15 -9 9 10 -12 14 -14 -15 22 16 17 18 -20 -21 -22 -23 26 -25 25 -27 -28 29 -30 -31
leaf_value=-182.70846240887565 37.55927790594928 -33.856318294244794 94.323477926664864 47.20083027086455 -46.541653827658507 90.243439975211089 -40.871435307280542 -6.0400512740317875 -253.95480658721306 -3.5267702085082941 1359.5976146265612 143.90459728184499 -420.83849417010344 122.12884351865887 0.95370376427918169 166.40252268955265 -84.768616245903331 -153.35309989588856 -115.38297372042651 11.237348895180965 -73.080263790740503 414.7858724263258 190.71804496619561 150.83406039652937 184.31080617057421 -16.699020491920063 25.703667021661285 -147.83256795506958 -9.8254192563165628 47.907084003576308
leaf_weight=35 25 22 21 27 37 26 69 22 65 83 22 37 34 25 1128 34 98 28 217 20 48 20 23 21 32 33 521 240 22 36
leaf_count=35 25 22 21 27 37 26 69 22 65 83 22 37 34 25 1128 34 98 28 217 20 48 20 23 21 32 33 521 240 22 36
internal_value=-0.000164443 -0.000108697 -2.71567e-05 -0.00100326 0.00359375 -0.00156772 -0.00188109 0.00244681 0.000227368 -0.00150655 -0.000121952 0.000416271 -0.00112676 9.25914e-05 0.000351169 -0.0023176 -0.00185139 -0.00252066 -0.00179245 0.00229167 -0.00277778 -0.000238096 0.000277236 0.000683689 0.000490359 0.00423077 -0.00030879 -0.00157321 0.005 -0.00264493
internal_weight=3071 3036 2946 603 64 539 513 47 2343 229 164 2114 142 108 2093 466 397 363 265 48 90 42 2056 1214 1193 65 842 321 45 276
internal_count=3071 3036 2946 603 64 539 513 47 2343 229 164 2114 142 108 2093 466 397 363 265 48 90 42 2056 1214 1193 65 842 321 45 276
cat_boundaries=0 1
cat_threshold=2
is_linear=0
shrinkage=0.05


Tree=249
num_leaves=31
num_cat=1
split_feature=1 1 10 10 0 5 2 2 2 5 1 4 1 5 1 2 4 0 2 4 11 9 10 2 7 5 0 10 4 5
split_gain=0.322549 0.424861 0.334289 0.441926 0.595925 0.940104 0.643809 0.341926 0.372007 0.467015 0.420298 0.545403 0.532652 0.612751 0.53578 0.478076 0.806619 0.431034 0.404215 0.38586 0.307827 0.340432 0.326376 0.303391 0.387879 1.45455 0.302025 0.705275 0.326275 0.295589
threshold=286404.10000000003 291138.22500000003 255.50000000000003 223.50000000000003 292011.27500000008 101117.95492778243 715226.3600000001 251981.21500000003 313429.03000000009 85925.941363414211 604275.45000000007 464517.94517857145 508344.71500000008 103256.24612878035 388154.28000000009 586239.86000000022 669903.92625000014 439999.90000000008 424263.92000000004 418029.89910714288 0 1.0000000180025095e-35 59.500000000000007 272157.78500000009 3.5000000000000004 78113.717897721697 96982.175000000003 129.50000000000003 123252.52321428573 33832.991519492149
decision_type=2 2 2 2 2 2 2 2 2 2 2 2 2 2 2 2 2 2 2 2 1 2 2 2 2 2 2 2 2 2
left_child=20 -2 3 7 -5 -6 -7 -3 19 -10 11 12 13 14 -11 18 -17 -14 -13 23 22 29 -1 -9 25 -25 27 -24 -29 -22
right_child=1 2 -4 4 5 6 -8 8 9 10 -12 15 17 -15 -16 16 -18 -19 -20 -21 21 -23 26 24 -26 -27 -28 28 -30 -31
leaf_value=-21.45579524734493 82.194619882346643 -657.32452427554961 -82.75864959414281 115.93644931410304 71.79963244060005 -769.6547140960156 153.84245293412604 462.44625257290755 -10.82776989233081 -17.126639134938177 -70.328632301239963 39.239120377936779 217.56847667542638 -86.380230593949705 279.59413003836272 -291.9040512593819 3553.0296749861368 -44.39140429325316 395.32317026105648 -398.65831179344104 -4.8093261537904457 -19.760574412999656 43.528951415747045 157.19919507701613 3.0986328938192358 -148.80479527372276 -32.70121190290422 2.6086214836067692 -314.20355235140562 7.7710005195633061
leaf_weight=105 25 76 44 27 32 75 21 21 118 29 284 23 29 149 31 38 28 29 48 25 717 124 20 22 66 22 320 25 26 472
leaf_count=105 25 76 44 27 32 75 21 21 118 29 284 23 29 149 31 38 28 29 48 25 717 124 20 22 66 22 320 25 26 472
internal_value=-6.67547e-05 0.00054675 0.000416329 0.000574182 0.00306451 0.00164062 -0.000833335 0.000202311 0.000457379 2.48127e-05 0.000523255 0.0015594 0.000243445 -0.000933016 0.00333333 0.00412409 0.0010606 0.00448276 0.00697183 0.00269231 -0.00049475 -8.69248e-05 -0.0015415 0.00377862 0.00272727 0.00636364 -0.00090793 0.00204225 -0.00107843 0.000172413
internal_weight=3071 1262 1237 1193 155 128 96 1038 962 806 688 404 267 209 60 137 66 58 71 156 1809 1313 496 131 110 44 391 71 51 1189
internal_count=3071 1262 1237 1193 155 128 96 1038 962 806 688 404 267 209 60 137 66 58 71 156 1809 1313 496 131 110 44 391 71 51 1189
cat_boundaries=0 1
cat_threshold=2
is_linear=0
shrinkage=0.05


Tree=250
num_leaves=31
num_cat=0
split_feature=1 10 0 5 0 0 1 1 5 5 7 2 0 0 1 10 5 5 5 5 3 2 1 1 5 3 10 0 0 6
split_gain=0.756075 0.684282 1.27956 0.543658 0.552441 0.859585 0.895459 0.709788 0.636687 0.510445 0.568533 0.402381 0.356515 0.606801 0.648664 0.347042 0.645729 0.325399 0.452078 0.319737 0.314286 0.313187 0.268245 0.552533 0.517927 0.255956 0.325457 0.296946 1.21872 0.752074
threshold=349418.68500000006 121.50000000000001 237839.24000000002 173007.1862001144 372629.17500000005 494389.05500000005 500514.67500000005 411838.23500000004 135241.27525234167 292071.28661657387 2.5000000000000004 352487.06500000006 337547.21500000003 292011.27500000008 259784.71000000002 200.50000000000003 108516.60207817449 180203.9220039123 217629.27568927195 20431.333941662022 1109623.6864285718 255935.42000000004 288947.88000000006 304223.69000000006 67453.735831204875 235516.22000000003 206.50000000000003 141486.30000000002 143496.31500000003 11235.215696525898
decision_type=2 2 2 2 2 2 2 2 2 2 2 2 2 2 2 2 2 2 2 2 2 2 2 2 2 2 2 2 2 2
left_child=12 21 -3 4 15 6 7 -6 -8 -5 -11 -7 13 25 -15 16 -4 -14 -19 -16 -12 -2 -21 -24 -25 27 -27 -1 -29 -30
right_child=1 2 3 9 5 11 8 -9 -10 10 20 -13 17 14 19 -17 -18 18 -20 22 -22 -23 23 24 -26 26 -28 28 29 -31
leaf_value=-11.830001628773182 -1512.7617285725553 401.41429350120461 -20.352021674771368 -85.267789582367698 225.56008319465619 265.61450087003681 340.80899934503128 -33.032089292340352 215.54655913653042 -1987.2432089499516 915.32074332316665 -53.225517428359503 -156.04104605336852 206.51115414769293 -12.988254216535919 -256.17256736207406 33.082090623026005 418.12644596532914 -1701.3935756068433 -61.363406070670344 -2163.303335963009 -5.4209543228746426 124.3196959681746 -127.51561600372223 5.9570648099295518 -37.427159856304193 0.81534474650708821 62.411370661764501 38.07748908144179 -3.663494729189642
leaf_weight=817 38 29 26 80 37 21 25 39 21 43 35 84 201 39 57 54 27 22 28 21 20 378 23 30 21 204 59 25 46 546
leaf_count=817 38 29 26 80 37 21 25 39 21 43 35 84 201 39 57 54 27 22 28 21 20 378 23 30 21 204 59 25 46 546
internal_value=-0.000316539 0.000851618 0.00202403 0.00144531 0.00263473 0.00403084 0.00688524 0.00355263 0.0123913 -0.000786518 0.00163265 0.000714285 -0.000839178 -0.000603815 0.00206806 -0.000327104 0.00254717 -0.00260956 0.000999999 0.000592104 0.005 -0.000673078 0.00236842 0.00378378 0.000882352 -0.000904539 -0.0023384 -0.000641563 0.000186385 -0.000270271
internal_weight=3096 957 541 512 334 227 122 76 46 178 98 105 2139 1888 191 107 53 251 50 152 55 416 95 74 51 1697 263 1434 617 592
internal_count=3096 957 541 512 334 227 122 76 46 178 98 105 2139 1888 191 107 53 251 50 152 55 416 95 74 51 1697 263 1434 617 592
is_linear=0
shrinkage=0.05


Tree=251
num_leaves=31
num_cat=0
split_feature=1 10 5 4 3 10 4 7 4 5 1 10 10 1 4 4 2 2 3 1 7 2 10 10 4 10 4 1 2 1
split_gain=0.753048 0.47613 0.58178 0.535571 0.689936 0.470508 1.03896 1.0128 0.672043 0.524454 0.406269 0.388199 0.402618 0.338469 0.301266 0.429626 0.38127 0.696114 0.288854 0.27 0.255472 0.245451 0.545563 0.440018 0.380952 0.347829 0.295851 0.397137 0.432102 0.28985
threshold=337986.9150000001 128.50000000000003 164836.42297550617 378911.09035714291 366562.88500000007 190.50000000000003 395324.75696428574 2.5000000000000004 407998.79946428578 97608.568508544835 351953.66000000009 180.50000000000003 154.50000000000003 398065.95000000007 378911.09035714291 400155.21071428579 553620.76000000013 417986.48000000004 476012.27071428573 262282.68500000006 1.0000000180025095e-35 285888.22500000003 41.500000000000007 206.50000000000003 299015.84875000006 56.500000000000007 300305.93714285718 245193.81000000003 273660.16500000004 228639.60500000001
decision_type=2 2 2 2 2 2 2 2 2 2 2 2 2 2 2 2 2 2 2 2 2 2 2 2 2 2 2 2 2 2
left_child=14 10 3 13 -5 6 -6 8 -7 -9 -2 12 -8 -3 21 -16 17 19 -14 -17 -4 25 -23 -24 -25 -1 27 29 -29 -27
right_child=1 2 20 4 5 7 11 9 -10 -11 -12 -13 18 -15 15 16 -18 -19 -20 -21 -22 22 23 24 -26 26 -28 28 -30 -31
leaf_value=-40.81980296073759 154.6289154398635 -266.2804596277735 -2043.4525343041914 233.7086134693543 284.38302056972384 0.77477246646949105 294.73095956053749 119.01546671415656 167.83627757604262 -1284.9831794040924 -18.132506758167793 204.76925610045362 -1021.8280220609846 5.1051476568407068 -427.8026232499767 25.094095731138303 -306.01338851127525 258.89972997903408 23.919821949069867 -1022.4213956187713 8.5210243493019711 58.607031045345629 -5.1127849657406319 -6.0111957788495722 4.4104436998969936 -1.7706071346482526 -149.17180108031798 371.98921978446589 -13.704884947136032 -385.54039183188723
leaf_weight=339 22 29 25 27 22 32 20 20 30 66 432 21 23 34 96 20 32 27 26 30 166 40 182 21 21 1142 53 44 20 34
leaf_count=339 22 29 25 27 22 32 20 20 30 66 432 21 23 34 96 20 32 27 26 30 166 40 182 21 21 1142 53 44 20 34
internal_value=-0.00020349 0.000929647 0.00193161 0.00314286 0.00405923 0.00326923 0.00571428 0.00141892 0.00629032 -0.00209302 -0.000264318 0.00333333 0.00152174 -0.00103175 -0.000740125 -0.00256098 -0.000412845 0.00149351 -0.000918369 -0.002 -0.000287959 -0.00054325 0.000871211 -8.92869e-05 0.00452381 -0.00077206 -0.0003983 -0.000241937 0.00359375 -0.000450681
internal_weight=3096 995 541 350 287 260 112 148 62 86 454 90 69 63 2101 205 109 77 49 50 191 1896 264 224 42 1632 1293 1240 64 1176
internal_count=3096 995 541 350 287 260 112 148 62 86 454 90 69 63 2101 205 109 77 49 50 191 1896 264 224 42 1632 1293 1240 64 1176
is_linear=0
shrinkage=0.05


Tree=252
num_leaves=31
num_cat=1
split_feature=2 10 5 10 4 2 2 1 1 7 1 1 11 5 2 6 5 4 6 2 7 4 1 2 6 10 5 2 5 5
split_gain=0.680795 0.528779 0.525333 0.651486 0.608346 0.456589 0.939781 0.5464 0.428418 0.467291 0.421961 0.455431 0.401 1.28757 0.725932 0.725674 0.609081 0.572898 0.559889 0.726175 0.393492 0.477609 0.406279 0.385102 0.432557 0.486771 0.378996 0.368836 0.356919 0.805164
threshold=246961.92500000002 126.50000000000001 38817.407993640089 131.50000000000003 513273.52767857147 314722.19000000006 300053.88000000006 306049.81500000006 537380.32500000007 5.5000000000000009 351953.66000000009 420491.74500000005 0 103256.24612878035 546466.46000000008 102342.11368464198 73466.200920529096 464517.94517857145 121145.85760887423 449917.94000000006 2.5000000000000004 464517.94517857145 772552.72500000009 400207.65500000009 127006.17951327014 202.50000000000003 126584.91272437781 841203.67500000016 292071.28661657387 423354.85599922697
decision_type=2 2 2 2 2 2 2 2 2 2 2 2 1 2 2 2 2 2 2 2 2 2 2 2 2 2 2 2 2 2
left_child=26 5 -3 -4 8 6 -2 -8 9 12 -11 -12 14 15 17 16 -14 18 -5 -20 21 -7 -23 -10 -25 -26 -1 -6 -29 -30
right_child=1 2 3 4 27 20 7 -9 23 10 11 -13 13 -15 -16 -17 -18 -19 19 -21 -22 22 -24 24 25 -27 -28 28 29 -31
leaf_value=-4.9794515358907994 -6.2207902701149553 -7.1641180370397421 3980.9718437737338 23.128852233692289 -1238.3309156125117 -15.05347808880604 308.24739199770511 38.141919605793774 -8.8786977339150663 -2.3719789099515878 196.37865005858049 6.6168359534921253 28.550110398741573 -975.44081240356218 -85.21697665546688 305.53307432155907 -619.24530267728323 56.153806238658603 -24.138971505563532 168.07733766200121 -81.82225069853061 701.24568040371435 -438.28083109675617 276.38010621601052 -29.120798462097667 164.5465847784458 -1169.0440886587219 -144.97903034513087 2409.5862706713965 -3658.2896264595352
leaf_weight=1544 110 109 23 28 60 103 21 20 22 23 26 35 21 110 44 24 22 20 53 22 288 63 56 26 24 29 76 32 34 28
leaf_count=1544 110 109 23 28 60 103 21 20 22 23 26 35 21 110 44 24 22 20 53 22 288 63 56 26 24 29 76 32 34 28
internal_value=-0.00018734 0.00058943 0.00144172 0.00194051 0.00166179 -0.000461423 0.00195364 0.00841463 0.00246692 0.0017757 0.00511905 0.00729508 0.000959301 -0.000721926 0.00262712 0.00470149 0.000813952 0.0047561 0.00325243 0.000999999 -0.00117647 0.000405404 0.00256302 0.00539604 0.00702532 0.00443396 -0.000895063 -0.0011039 0.000851063 0.00306451
internal_weight=3096 1476 815 706 683 661 151 41 529 428 84 61 344 177 167 67 43 123 103 75 510 222 119 101 79 53 1620 154 94 62
internal_count=3096 1476 815 706 683 661 151 41 529 428 84 61 344 177 167 67 43 123 103 75 510 222 119 101 79 53 1620 154 94 62
cat_boundaries=0 1
cat_threshold=4
is_linear=0
shrinkage=0.05


Tree=253
num_leaves=31
num_cat=1
split_feature=1 0 5 2 2 4 0 11 2 2 5 4 4 6 1 2 7 1 2 4 4 2 0 5 5 1 1 5 5 4
split_gain=0.626861 0.56347 0.725069 0.542418 0.556949 0.520445 0.374474 0.371008 0.367696 1.30432 0.380486 0.877649 0.328625 0.331936 0.325328 0.484508 0.446837 0.478632 0.297865 0.287049 0.388029 0.267551 0.237839 0.376855 0.270104 0.231911 0.272345 0.627346 0.261933 0.316394
threshold=349418.68500000006 237839.24000000002 127358.78526881667 246961.92500000002 283675.44500000007 294276.57428571436 479004.31000000006 0 334676.59500000003 356720.39500000008 136534.7931255649 414646.92553571431 440513.60017857148 121803.69412352426 537380.32500000007 635191.79000000015 5.5000000000000009 453839.63000000006 415228.49000000005 525395.09267857147 738330.17464285728 365105.98000000004 372629.17500000005 121332.18348206226 108516.60207817449 591945.27000000014 1340411.5150000004 324285.28731276351 380985.83631915052 1082648.0912500001
decision_type=2 2 2 2 2 2 2 1 2 2 2 2 2 2 2 2 2 2 2 2 2 2 2 2 2 2 2 2 2 2
left_child=6 2 -2 -3 -5 -6 12 14 -9 -10 18 -12 13 21 16 -16 17 -7 -11 -13 -21 22 23 24 -1 -22 28 -28 -27 -30
right_child=1 3 -4 4 5 7 -8 8 9 10 11 19 -14 -15 15 -17 -18 -19 -20 20 25 -23 -24 -25 -26 26 27 -29 29 -31
leaf_value=-2.8012055271571192 278.38127252129465 -1079.3810175521728 39.203569835670635 72.651620444148008 12.278979332923553 -1203.5290233385372 -92.773009506459346 -1144.4446540797599 63.184189784071634 162.66477855166826 171.10162303051814 -100.64788052222464 197.24300898608371 -231.3041276438552 259.90582522374575 -3.7896435674842941 87.633647883317735 497.65666380241282 -545.46610180759069 881.57002460259628 3481.4011212012792 45.218545765533037 -881.72313879739909 117.26525569495898 -688.05651565968287 -94.536250648698484 2840.2411903596358 -1941.7813155993886 68.696091952556444 -223.14127665866692
leaf_weight=1747 23 60 40 33 29 42 92 40 20 29 24 62 32 118 41 23 33 39 120 21 27 34 51 30 35 145 21 41 23 21
leaf_count=1747 23 60 40 33 29 42 92 40 20 29 24 62 32 118 41 23 33 39 120 21 27 34 51 30 35 145 21 41 23 21
internal_value=-0.000316539 0.000747125 0.00531746 0.000425055 0.000755394 0.000493132 -0.000792428 0.000246113 -0.00036424 -3.61023e-05 -0.000505619 0.000324674 -0.000652175 -0.000732011 0.00218085 0.00515625 0.000701753 -0.0012963 -0.00265101 -0.00029086 0.000351169 -0.000571957 -0.000652175 -0.000557396 -0.000650955 -0.000143886 -0.000617531 0.00225806 -0.00156085 0.00181818
internal_weight=3096 957 63 894 834 801 2139 772 594 554 534 385 2047 2015 178 64 114 81 149 361 299 1897 1863 1812 1782 278 251 62 189 44
internal_count=3096 957 63 894 834 801 2139 772 594 554 534 385 2047 2015 178 64 114 81 149 361 299 1897 1863 1812 1782 278 251 62 189 44
cat_boundaries=0 1
cat_threshold=1
is_linear=0
shrinkage=0.05


Tree=254
num_leaves=31
num_cat=0
split_feature=2 10 2 10 5 6 5 2 4 10 5 3 7 3 4 10 3 6 5 3 3 6 10 7 5 3 3 7 2 2
split_gain=0.601535 0.533997 0.750601 0.791152 0.423889 0.682284 0.9199 0.407609 0.576563 0.414742 0.337981 0.464957 0.520478 0.436739 0.344612 0.336769 0.467941 0.316433 0.280979 0.516936 0.338765 0.672773 0.297357 0.329862 0.544019 0.540868 0.908793 0.299667 0.2828 0.392727
threshold=295734.82000000007 158.50000000000003 313429.03000000009 103.50000000000001 127358.78526881667 125968.22431192714 104116.03570179307 471632.68500000011 394689.6166071429 173.50000000000003 132039.35559258223 390804.81071428576 4.5000000000000009 519856.9671428572 1119888.7521428575 31.500000000000004 90151.568571428594 22564.928065616288 60221.238444549301 217662.20214285716 286942.57000000012 99544.252073323514 38.500000000000007 3.5000000000000004 380985.83631915052 856184.22142857162 608100.7571428573 2.5000000000000004 586239.86000000022 373014.69000000006
decision_type=2 2 2 2 2 2 2 2 2 2 2 2 2 2 2 2 2 2 2 2 2 2 2 2 2 2 2 2 2 2
left_child=15 2 3 -2 5 7 -7 9 -9 -3 -6 -12 14 -14 -13 -1 -17 -11 -4 -20 -21 -22 -23 24 25 26 27 28 29 -24
right_child=1 4 18 -5 10 6 -8 8 -10 17 11 12 13 -15 -16 16 -18 -19 19 20 21 22 23 -25 -26 -27 -28 -29 -30 -31
leaf_value=-93.507806421782917 294.14675525087375 53.95772060432796 -146.26811729515927 -4.1506158529452684 -854.14952406372822 3.9156936188935556 321.72972670900413 154.51891663796636 -2074.1981883923945 7.763622418350038 26.806231659970297 -125.32555665369409 37.882700631533716 398.75485509286449 378.08728238452585 12.805378616243386 -4.2178509075104706 -10.060480638766728 57.701865104669537 -316.65824138660923 27.230500840149229 -989.67413510665597 46.135879776615653 -51.581153310501136 3515.3942733703525 -1001.1565387815419 1889.3220906220999 -293.76783286087198 246.91045293611612 -82.145512053736383
leaf_weight=181 38 21 56 21 25 27 40 25 21 20 41 133 38 30 21 41 1633 97 20 42 29 75 20 177 28 42 38 30 31 55
leaf_count=181 38 21 56 21 25 27 40 25 21 20 41 133 38 30 21 41 1633 97 20 42 29 75 20 177 28 42 38 30 31 55
internal_value=-0.00017119 0.000680901 -0.000227921 0.00516949 0.00186456 0.00336653 0.00768657 0.00179348 0.00586956 0.000434781 0.000555554 0.00108365 0.000180179 0.00382353 -0.00142857 -0.000741241 -0.000519714 -0.000726497 -0.000723174 -0.000400342 -0.000679014 -0.000333335 -0.00076613 -0.000249407 0.000942622 9.25914e-05 0.00132184 -0.000588236 0.000660376 -0.001
internal_weight=3096 1241 702 59 539 251 67 184 46 138 288 263 222 68 154 1855 1674 117 643 587 567 525 496 421 244 216 174 136 106 75
internal_count=3096 1241 702 59 539 251 67 184 46 138 288 263 222 68 154 1855 1674 117 643 587 567 525 496 421 244 216 174 136 106 75
is_linear=0
shrinkage=0.05


Tree=255
num_leaves=31
num_cat=2
split_feature=11 7 4 7 10 4 5 10 10 10 4 2 10 10 11 2 4 1 1 1 2 1 5 5 2 0 0 5 2 4
split_gain=0.420455 1.00144 1.24733 0.670206 0.52985 1.37148 0.748052 1.01879 0.503885 0.593597 0.728571 0.458987 0.45735 0.487197 0.398618 0.499114 0.71065 0.452246 0.780884 1.39645 0.580645 0.509916 0.433728 0.584261 0.832661 0.455992 0.396355 0.378512 0.441805 0.617752
threshold=0 1.0000000180025095e-35 542050.73750000016 1.5000000000000002 241.50000000000003 414646.92553571431 39881.807417089971 254.50000000000003 162.50000000000003 85.500000000000014 385792.8457142858 378362.99000000005 31.500000000000004 38.500000000000007 1 593943.68000000005 903807.27875000006 568239.64000000001 436247.71500000003 474212.97000000003 440523.68500000006 245193.81000000003 110182.05823445389 78868.886002430081 283675.44500000007 87731.375000000015 436138.15500000009 154024.64881952255 491074.49500000005 386921.28892857151
decision_type=1 2 2 2 2 2 2 2 2 2 2 2 2 2 1 2 2 2 2 2 2 2 2 2 2 2 2 2 2 2
left_child=1 2 8 -2 14 6 -6 -8 9 -1 -11 -10 -5 -14 15 17 -17 18 21 -20 -21 -3 23 25 -25 -16 -13 28 29 -23
right_child=3 4 -4 12 5 -7 7 -9 11 10 -12 26 13 -15 22 16 -18 -19 19 20 -22 27 -24 24 -26 -27 -28 -29 -30 -31
leaf_value=37.684910850594989 -89.769449858515713 216.02075470711389 -1274.8740947185761 -33.2509230557121 -39.183410445262751 -1541.3660571871567 239.94749035721412 22.413900026550191 -1.3884138126126624 991.90261540768722 50.424043069245016 69.077504814658852 77.791557767778372 0.71430385786580974 15.059987616684229 -439.36779609102882 99.563262302866036 -31.643028557478164 105.86209738957631 -385.4499665623332 107.65641744343792 -801.44433385726097 -259.11302502825731 794.38446313347094 -0.28709103978441997 -17.980019198969202 -0.038222912871379772 -1030.3799431713687 -2049.1688251151058 210.5845546779201
leaf_weight=50 424 35 54 90 22 53 30 25 40 30 21 22 30 915 47 123 140 91 22 31 31 28 175 20 47 338 23 33 23 55
leaf_count=50 424 35 54 90 22 53 30 25 40 30 21 22 30 915 47 123 140 91 22 31 31 28 175 20 47 338 23 33 23 55
internal_value=3.25826e-06 0.000558986 0.00354167 -0.000609259 4.01741e-05 0.00307692 0.00733766 0.0104545 0.00548387 0.00787129 0.0116667 0.00264706 7.24626e-05 0.000396824 -0.000278452 0.000627008 -0.00100761 0.00187679 0.00294574 0.00690476 0.00306451 0.00103448 -0.00115385 -0.000353983 0.00395522 -0.0011039 0.00611111 -0.000323742 0.00113207 0.00283132
internal_weight=3068 1609 240 1459 1369 130 77 55 186 101 51 85 1035 945 1239 612 263 349 258 84 62 174 627 452 67 385 45 139 106 83
internal_count=3068 1609 240 1459 1369 130 77 55 186 101 51 85 1035 945 1239 612 263 349 258 84 62 174 627 452 67 385 45 139 106 83
cat_boundaries=0 1 2
cat_threshold=5 4
is_linear=0
shrinkage=0.05


Tree=256
num_leaves=31
num_cat=1
split_feature=6 3 11 6 4 1 9 4 0 6 6 1 6 5 6 7 5 4 5 6 4 6 6 3 3 5 5 6 1 1
split_gain=0.383985 0.44904 0.818046 0.858555 1.2803 0.436364 0.410357 0.347573 0.360365 0.364744 0.522051 0.321993 0.520433 0.625199 0.406406 0.573673 0.317296 0.53578 0.304201 0.637568 0.325696 0.316774 0.478389 0.341822 0.284378 0.281214 0.36883 0.978209 0.452945 0.436705
threshold=415433.35128896585 825259.9921428574 0 118969.01629422152 400155.21071428579 349418.68500000006 1.0000000180025095e-35 805789.245 678984.24500000023 270874.48256614216 216769.50933962673 479155.55500000005 135100.44332905117 124216.35452310253 104908.1793161301 5.5000000000000009 105817.25042322236 294276.57428571436 68912.420012181989 68069.032986903228 221461.39178571434 79916.668306420775 72657.237655223566 308121.18285714294 382961.56142857147 60221.238444549301 29999.611967090146 30907.185220021776 319151.15000000008 102141.07500000001
decision_type=2 2 1 2 2 2 2 2 2 2 2 2 2 2 2 2 2 2 2 2 2 2 2 2 2 2 2 2 2 2
left_child=1 2 3 4 5 -1 -3 8 9 10 -5 14 13 -13 16 -16 18 -18 19 25 -20 22 -22 -23 -17 26 28 -28 -4 -29
right_child=-2 6 11 7 -6 -7 -8 -9 -10 -11 -12 12 -14 -15 15 24 17 -19 20 -21 21 23 -24 -25 -26 -27 27 29 -30 -31
leaf_value=51.839470673240129 157.08098170359335 -539.40239227628047 -7.1660942903911211 13.705073225914649 -3395.6431809219885 323.11427446696371 727.2951212189231 2961.3407567588383 -507.70786853335505 -137.05854234658679 48.620615796718781 411.61266662817991 -166.72079382922016 1.1885995828074338 -175.12449905602034 -43.816560884718747 110.16689796509327 -133.35020221565097 -73.343861365921057 86.442044863198788 -1.3521967144408424 -32.478586307830199 255.69331615907015 57.386690792226318 195.61333460407849 -202.98352714096654 103.81236418199349 14.289944006510291 10.127702099014051 -2.4856492332715434
leaf_weight=24 48 187 852 372 22 20 22 20 53 22 21 24 45 33 262 23 31 29 156 67 27 83 22 23 20 31 47 166 29 287
leaf_count=24 48 187 852 372 22 20 22 20 53 22 21 24 45 33 262 23 31 29 156 67 27 83 22 23 20 31 47 166 29 287
internal_value=-6.19308e-05 -0.000132452 3.37946e-05 0.00173759 0.00712121 0.0120455 -0.00236842 0.00104508 0.00076923 0.00126506 0.00161577 -0.000390385 0.00235294 0.00552631 -0.000522043 -0.00221312 -0.000243244 0.00333333 -0.00036313 -6.42338e-05 -0.00178457 -0.000161292 0.00316326 -0.00169811 0.00313953 -0.000290369 -0.00018465 0.000899999 -0.000800228 0.000187637
internal_weight=3068 3020 2811 554 66 44 209 488 468 415 393 2257 102 57 2155 305 1850 60 1790 1479 311 155 49 106 43 1412 1381 500 881 453
internal_count=3068 3020 2811 554 66 44 209 488 468 415 393 2257 102 57 2155 305 1850 60 1790 1479 311 155 49 106 43 1412 1381 500 881 453
cat_boundaries=0 1
cat_threshold=4
is_linear=0
shrinkage=0.05


Tree=257
num_leaves=31
num_cat=1
split_feature=11 2 5 6 4 3 10 6 10 10 10 10 10 7 4 2 4 6 5 4 10 4 10 10 6 7 10 10 2 7
split_gain=0.40591 0.986326 0.677352 0.650035 0.87511 0.794948 0.248654 0.651679 0.436292 1.00472 0.380068 0.348594 0.308796 0.644128 0.286169 0.428416 0.345701 0.428456 0.702485 0.306878 0.281674 0.243763 0.214981 0.525256 0.707071 0.264275 0.248016 0.244447 0.26785 0.235643
threshold=0 216459.97500000001 128357.81606349666 118969.01629422152 400155.21071428579 366562.88500000007 68.500000000000014 198991.00324744967 130.50000000000003 139.50000000000003 103.50000000000001 83.500000000000014 41.500000000000007 2.5000000000000004 1099443.6676785718 560115.69500000018 393615.5246428572 155481.2509383517 112993.80064450284 491220.28318783076 208.50000000000003 903807.27875000006 31.500000000000004 38.500000000000007 24710.563569740498 1.0000000180025095e-35 35.500000000000007 41.500000000000007 77807.390000000014 5.5000000000000009
decision_type=1 2 2 2 2 2 2 2 2 2 2 2 2 2 2 2 2 2 2 2 2 2 2 2 2 2 2 2 2 2
left_child=1 2 -1 4 5 -3 7 -5 10 -10 11 -8 21 -14 15 16 -11 18 -18 -19 -20 -9 25 24 -24 -2 -26 -25 -29 -27
right_child=22 3 -4 6 -6 -7 8 12 9 14 -12 -13 13 -15 -16 -17 17 19 20 -21 -22 -23 23 27 26 29 -28 28 -30 -31
leaf_value=1506.2036818891995 116.12543737008221 35.547620040674012 2385.6752434464529 29.01055242254435 -3225.8610218758868 172.05001375871529 -111.85270278160129 -1178.6365350404192 3724.1825803945867 -64.019177390014946 -429.75886665204882 46.435555278477999 3528.4348064172091 -2100.768067599834 47.549917766587157 -1015.3467756348866 -32.366724907533772 -124.56131613408172 183.3783731513854 23.386341643847548 80.323415950284641 121.19472329659455 134.91309494123337 -144.11503336650688 -367.09292581197678 -152.00733848319672 21.654840354932826 21.566051122164779 -1.7518422693231537 -0.36935960113643529
leaf_weight=20 36 20 21 41 22 21 45 38 22 49 81 66 21 23 55 97 24 29 37 27 20 23 21 29 24 145 21 33 1924 33
leaf_count=20 36 20 21 41 22 21 45 38 22 49 81 66 21 23 55 97 24 29 37 27 20 23 21 29 24 145 21 33 1924 33
internal_value=-0.000110823 0.000849753 0.00841463 0.00045335 0.00531746 0.00963415 1.43255e-05 0.00184931 -0.000471016 0.000555554 -0.00239583 -0.000495497 -0.000238096 0.00295454 -0.000118344 -0.000759719 0.00064516 0.00193431 0.00425926 -0.00142857 0.0072807 -0.00254098 -0.00045255 -0.000297272 0.00409091 -0.00196262 0.000555554 -0.000443103 -0.000375576 -0.00275281
internal_weight=3068 802 41 761 63 41 698 146 552 360 192 111 105 44 338 283 186 137 81 56 57 61 2266 2052 66 214 45 1986 1957 178
internal_count=3068 802 41 761 63 41 698 146 552 360 192 111 105 44 338 283 186 137 81 56 57 61 2266 2052 66 214 45 1986 1957 178
cat_boundaries=0 1
cat_threshold=4
is_linear=0
shrinkage=0.05


Tree=258
num_leaves=31
num_cat=2
split_feature=6 0 3 7 11 6 1 4 3 7 6 6 7 6 6 7 1 1 4 7 6 5 4 0 0 3 6 11 4 3
split_gain=0.409792 0.3607 0.523442 0.350074 0.877553 0.524836 0.523882 0.8793 0.522576 0.763651 0.557184 0.537281 0.418044 0.448479 0.667472 0.578232 0.561378 0.404858 1.00534 0.905242 0.902668 0.438883 0.521718 0.97507 0.378671 0.34762 0.427563 0.33715 0.335522 0.352373
threshold=415433.35128896585 1253947.2600000002 1157977.4778571432 1.0000000180025095e-35 0 157393.97457162139 270358.84000000003 153694.26196428572 423273.4285714287 4.5000000000000009 138723.34230673066 121803.69412352426 1.5000000000000002 124518.64445812728 110373.15389610942 3.5000000000000004 307569.87000000005 102141.07500000001 121805.80410714286 2.5000000000000004 45113.758009726582 6373.6310542160963 91719.473214285725 91936.055000000008 339188.5500000001 120660.18285714286 8964.6164863648683 1 449424.16089285718 403279.36928571435
decision_type=2 2 2 2 1 2 2 2 2 2 2 2 2 2 2 2 2 2 2 2 2 2 2 2 2 2 2 1 2 2
left_child=1 2 3 4 6 8 7 -1 12 11 -11 -10 27 14 17 -16 -17 18 21 -20 -21 22 -14 -24 -18 -19 -27 -5 -7 -30
right_child=-2 -3 -4 5 -6 28 -8 -9 9 10 -12 -13 13 -15 15 16 24 25 19 20 -22 -23 23 -25 -26 26 -28 -29 29 -31
leaf_value=50.587682379180819 176.56364236392756 -3325.8231513240703 1985.9749251760529 1.6912541704637409 -11.50315210670753 -1741.3378945469449 17.76173908156434 1215.4808450092983 35.099328980488728 61.859875077323011 593.27633320768996 -69.841820617992383 -17.205426576595862 -186.69439594274957 -3.1084696603289617 141.57827165384029 -3.5099257759478917 -18.871367080750023 -29.140800181548286 17.764442855184708 257.88250976115791 -12.867788716255873 14.961104288806911 -8.3846422476890705 534.19540324907462 28.748410097828057 -2.3424777925060782 -220.83327347504178 85.395236276435128 -137.37733235684448
leaf_weight=38 48 59 25 126 216 83 151 34 20 25 21 76 35 123 46 22 30 63 33 28 25 147 21 30 22 28 978 208 20 287
leaf_count=38 48 59 25 126 216 83 151 34 20 25 21 76 35 123 46 22 30 63 33 28 25 147 21 30 22 28 978 208 20 287
internal_value=-0.000208606 -0.000281458 -0.000204324 -0.000265669 0.00103645 -0.000494595 0.00315451 0.00680555 -0.000182725 0.00274648 0.00804348 0.000208332 -0.000394403 -6.43789e-05 0.000172413 0.00375 0.00648649 -0.000136889 0.00142633 0.00604651 0.0100943 -0.000278971 0.00255814 0.00578431 0.00365384 -0.000603369 -0.000377735 -0.00200599 -0.00217949 -0.00141694
internal_weight=3068 3020 2961 2936 439 2497 223 72 2107 142 46 96 1965 1631 1508 120 74 1388 319 86 53 233 86 51 52 1069 1006 334 390 307
internal_count=3068 3020 2961 2936 439 2497 223 72 2107 142 46 96 1965 1631 1508 120 74 1388 319 86 53 233 86 51 52 1069 1006 334 390 307
cat_boundaries=0 1 2
cat_threshold=5 5
is_linear=0
shrinkage=0.05


Tree=259
num_leaves=31
num_cat=0
split_feature=6 10 3 4 9 6 1 7 2 4 2 6 6 3 1 1 7 5 10 6 5 7 3 6 3 1 1 4 2 10
split_gain=0.260715 0.529101 0.274555 0.484043 0.380524 0.321439 0.297174 0.321122 0.46919 0.432933 0.544628 0.51205 0.384314 0.441659 0.297335 0.402549 0.307967 0.220779 0.196475 0.269054 0.435747 0.212855 0.192461 0.278436 0.410131 0.433929 0.404415 0.218695 0.183433 0.158716
threshold=415433.35128896585 205.50000000000003 825259.9921428574 805789.245 1.0000000180025095e-35 281981.5255516576 388154.28000000009 1.0000000180025095e-35 369476.97500000003 388845.3776785715 471632.68500000011 118969.01629422152 115555.99780710715 452915.53785714292 355233.51000000007 349418.68500000006 5.5000000000000009 355492.42104653973 31.500000000000004 26256.308644036351 38299.814693230583 4.5000000000000009 390804.81071428576 144669.74872500729 448650.97928571433 494655.77000000008 515226.29500000004 525395.09267857147 356720.39500000008 34.500000000000007
decision_type=2 2 2 2 2 2 2 2 2 2 2 2 2 2 2 2 2 2 2 2 2 2 2 2 2 2 2 2 2 2
left_child=2 -2 3 5 17 6 14 8 -8 10 11 -9 -10 -14 15 18 -16 -4 19 -1 -21 -22 -11 24 26 -26 -24 28 -25 -20
right_child=1 -3 4 -5 -6 -7 7 9 12 22 -12 -13 13 -15 16 -17 -18 -19 29 20 21 -23 23 27 25 -27 -28 -29 -30 -31
leaf_value=-100.86614241902788 -2895.0411417684008 335.1450904235486 -1142.1751578868618 2897.0351020487597 691.73949561097663 -1950.914522451033 -434.45625630060124 155.00231662515876 10.846469623704978 19.870526593081259 -204.53924705767645 -414.89322552225013 46.095809146462386 18.181934192866567 -622.69190199493733 174.07270043451962 55.513194393528934 -317.02154353159017 20.48988709870147 205.91867192367863 -128.57299083401381 52.318034352707585 -183.53262279837776 -3.2815709499966808 721.89668819272197 -40.482801145087926 152.17663294217954 30.261724456330775 -453.86239527791497 -1.1988824113442476
leaf_weight=92 27 21 119 20 22 55 24 33 34 39 24 26 26 25 67 22 22 68 30 23 64 30 51 30 20 28 22 44 96 1864
leaf_count=92 27 21 119 20 22 55 24 33 34 39 24 26 26 25 67 22 22 68 30 23 64 30 51 30 20 28 22 44 96 1864
internal_value=-0.000322687 0.00333333 -0.000380796 -0.000250802 -0.00212919 -0.000306343 -0.000230264 0.000842911 0.00325688 0.00020581 0.00343373 0.00601695 0.005 0.0077451 -0.000483289 -0.000364707 -0.00331461 -0.00286096 -0.000435094 -0.00188995 -0.000299146 -0.00180851 -0.000606062 -0.00104811 0.000785123 0.004375 -0.00157534 -0.00235294 -0.0034127 -0.000274552
internal_weight=3068 48 3020 2811 209 2791 2736 522 109 413 83 59 85 51 2214 2125 89 187 2103 209 117 94 330 291 121 48 73 170 126 1894
internal_count=3068 48 3020 2811 209 2791 2736 522 109 413 83 59 85 51 2214 2125 89 187 2103 209 117 94 330 291 121 48 73 170 126 1894
is_linear=0
shrinkage=0.05


Tree=260
num_leaves=31
num_cat=1
split_feature=11 1 3 1 2 10 0 2 7 7 0 2 2 1 5 10 10 0 1 10 0 7 2 10 0 10 1 7 5 3
split_gain=0.368489 0.699963 0.76374 0.782609 0.569166 1.01676 0.559715 0.451063 0.507088 0.562313 0.632353 0.538513 1.89787 0.728904 0.725726 0.646862 0.526316 0.490311 0.609322 0.482807 0.70259 0.376458 0.982477 0.384058 0.361991 0.35 0.324638 0.790289 0.459638 0.323695
threshold=0 508344.71500000008 426113.06142857141 668406.84500000009 463800.83000000007 182.50000000000003 337547.21500000003 84004.390000000014 3.5000000000000004 1.5000000000000002 566263.16500000015 269068.82000000007 308673.01500000007 291138.22500000003 13171.136983466056 214.50000000000003 178.50000000000003 280013.45000000007 558054.69500000018 136.50000000000003 1002513.7500000001 1.0000000180025095e-35 164780.69500000004 32.500000000000007 246158.66500000001 143.50000000000003 94954.195000000022 2.5000000000000004 45327.026397994567 384851.28857142857
decision_type=1 2 2 2 2 2 2 2 2 2 2 2 2 2 2 2 2 2 2 2 2 2 2 2 2 2 2 2 2 2
left_child=7 4 -3 -4 6 -6 21 -1 9 -9 11 14 -13 -14 15 16 25 -15 -19 20 -12 22 -2 -23 -24 -11 27 -25 -29 -28
right_child=1 2 3 -5 5 -7 -8 8 -10 10 19 12 13 17 -16 -17 -18 18 -20 -21 -22 23 24 26 -26 -27 29 28 -30 -31
leaf_value=-215.17879183624697 309.38153635557876 -43.015586194090872 412.20735610588304 29.347843198785327 -555.71513101443236 68.841569084797683 -904.27853098260243 -1.0308247544950531 -3.5303660325967758 33.807140533221066 -1398.7770470727146 99.704184971203205 752.48904701779747 148.06148631569963 -78.679190591805778 -21.454036159520737 134.13787165313849 -81.522707828276282 423.56150583811655 -426.1053633683415 3455.2402044479591 -115.50716958647345 -49.149742294538768 -44.074892025733895 190.90649698902183 -40.295640153569224 -10.662391972878254 52.018074385722379 8.9502505440760931 144.99643735925085
leaf_weight=38 31 41 23 23 35 29 194 430 680 70 36 20 20 43 45 29 24 62 26 43 21 102 65 72 20 20 680 35 33 44
leaf_count=38 31 41 23 23 35 29 194 430 680 70 36 20 20 43 45 29 24 62 26 43 21 102 65 72 20 20 680 35 33 44
internal_value=-0.000138432 -0.000720252 0.00362069 0.00804348 -0.00100746 0.00359375 -0.00123825 0.000380333 0.000513064 0.00129921 0.00251634 0.00349582 0.00552631 0.00360927 0.00164893 0.00339161 0.00508772 0.00225191 0.000113635 -0.001 0.00201754 -0.000794826 0.00189655 -0.00111801 -0.000882354 0.00333333 -0.000775464 0.00142857 0.00529412 -0.00120166
internal_weight=3034 1427 87 46 1340 64 1276 1607 1569 889 459 359 171 151 188 143 114 131 88 100 57 1082 116 966 85 90 864 140 68 724
internal_count=3034 1427 87 46 1340 64 1276 1607 1569 889 459 359 171 151 188 143 114 131 88 100 57 1082 116 966 85 90 864 140 68 724
cat_boundaries=0 1
cat_threshold=12
is_linear=0
shrinkage=0.05


Tree=261
num_leaves=31
num_cat=1
split_feature=11 2 1 4 0 0 6 1 2 2 1 6 0 10 10 10 10 1 0 6 1 0 0 10 10 4 3 1 10 10
split_gain=0.281922 0.36533 0.36371 0.51777 0.741342 0.846155 1.3172 1.17193 0.480886 0.616337 0.581475 0.351871 0.340533 0.336172 0.435605 0.464948 0.544942 0.404586 0.603001 2.07479 0.716711 0.68906 0.570586 0.56338 0.317421 0.309256 0.745611 0.407101 0.325115 0.301296
threshold=0 454398.42500000005 772552.72500000009 428947.87321428576 453330.6750000001 390224.83000000002 127006.17951327014 393562.90000000008 174612.23000000001 170725.78500000003 537380.32500000007 314635.54880529764 150857.66000000003 31.500000000000004 38.500000000000007 62.500000000000007 202.50000000000003 203052.28000000003 142611.07500000004 12212.008836534076 92933.49500000001 97677.235000000015 84004.775000000009 107.50000000000001 255.50000000000003 391241.97714285721 378768.98714285722 351953.66000000009 43.500000000000007 97.500000000000014
decision_type=1 2 2 2 2 2 2 2 2 2 2 2 2 2 2 2 2 2 2 2 2 2 2 2 2 2 2 2 2 2
left_child=1 -1 3 4 5 8 7 -7 9 13 12 -4 -10 -2 -15 -16 17 18 20 -20 21 -17 -22 -21 -18 26 28 -28 -14 -13
right_child=2 -3 11 -5 -6 6 -8 -9 10 -11 -12 29 25 14 15 16 24 -19 19 23 22 -23 -24 -25 -26 -27 27 -29 -30 -31
leaf_value=-14.476953429158698 -38.138740545235713 9.574695521493723 -1049.2488628898959 32.041400288908278 -76.964731448583436 1351.6277576979355 -39.197014661660688 23.993074932218398 -117.66826056463533 30.453107920786966 169.4903394439992 171.57612186119994 70.696767765367369 66.48971612152404 -66.143651118508146 11.79890917478185 -8.0742184317100278 -837.12324942541045 50.032347519219449 100.75570326432364 16.222655534682072 87.1121392552771 -9.2452244023144559 -10.9085438897107 6.4169765046164615 -181.77878571982305 138.43317583759355 6.8080423367718854 -13.147381770194526 -68.646459092678768
leaf_weight=590 83 26 85 376 157 24 39 35 59 32 27 52 72 30 79 62 169 20 30 29 26 23 192 57 29 102 23 25 381 100
leaf_count=590 83 26 85 376 157 24 39 35 59 32 27 52 72 30 79 62 169 20 30 29 26 23 192 57 29 102 23 25 381 100
internal_value=-0.000220832 -0.00116614 2.47105e-05 0.000226959 -0.000124655 0.000188106 0.00469388 0.00940678 -9.67754e-05 0.000691056 -0.00108128 -0.00183544 -0.00137462 0.000428226 0.000764074 0.000516759 0.000965462 0.00194761 0.00227924 0.00534483 0.00110561 0.005 -0.000412845 0.00139535 -0.00121212 -0.0010199 -0.000508983 0.00541667 -0.00113687 -0.000394738
internal_weight=3034 616 2418 2181 1805 1648 98 59 1550 861 689 237 662 829 746 716 637 439 419 116 303 85 218 86 198 603 501 48 453 152
internal_count=3034 616 2418 2181 1805 1648 98 59 1550 861 689 237 662 829 746 716 637 439 419 116 303 85 218 86 198 603 501 48 453 152
cat_boundaries=0 1
cat_threshold=2
is_linear=0
shrinkage=0.05


Tree=262
num_leaves=31
num_cat=0
split_feature=3 0 2 10 0 2 4 0 0 2 4 7 2 0 1 0 1 1 10 10 6 3 4 4 7 0 3 1 1 1
split_gain=0.299697 0.599412 0.654889 0.481907 0.426599 0.383436 0.292773 0.598522 0.619466 0.941704 0.929714 0.63552 0.482143 0.289286 0.275654 0.257168 0.739565 1.53636 0.426136 0.4375 0.274828 0.307482 0.562542 0.339638 0.285386 0.58072 0.333461 0.264221 0.253868 0.47398
threshold=417617.69214285718 661823.4800000001 261101.73000000001 50.500000000000007 449186.14500000008 290950.18000000005 440513.60017857148 306470.57000000001 463300.02500000008 524753.90000000014 513273.52767857147 5.5000000000000009 383049.25000000006 405023.70000000007 432365.23500000004 369617.96500000003 223792.88500000004 321270.94000000006 211.50000000000003 121.50000000000001 122962.54071743919 384851.28857142857 390239.97857142863 334480.92495879129 1.5000000000000002 257982.52000000005 393750.56428571435 398065.95000000007 167458.51500000004 162530.45500000005
decision_type=2 2 2 2 2 2 2 2 2 2 2 2 2 2 2 2 2 2 2 2 2 2 2 2 2 2 2 2 2 2
left_child=4 2 -2 -4 15 -5 12 -8 11 -10 -11 -9 -7 -14 -3 20 -17 -18 19 -19 21 23 -23 27 25 -22 -26 28 29 -1
right_child=1 14 3 5 -6 6 7 8 9 10 -12 -13 13 -15 -16 16 17 18 -20 -21 24 22 -24 -25 26 -27 -28 -29 -30 -31
leaf_value=-0.5451770803674153 -837.55068915515915 89.49359306435322 -131.3912158152996 28.63162469432034 -66.801890127343981 111.29775671612802 365.55495960441129 -203.06676514566166 -520.7393794351882 2333.9364630261548 258.01114649358317 176.342207913556 39.397411603360275 -2841.3078633356122 -234.29561250490525 -1518.7678077597707 2607.7918933464534 -94.570242983620773 -1038.0749184191968 490.17283717623917 338.36517542230104 1507.8941945359823 -189.03931921678839 -66.468797794281372 -583.22016095616743 -940.55874407433657 2.0941613244520663 3.4190390836060089 -11.732039260174053 7.1288692327781353
leaf_weight=963 43 29 30 20 140 28 29 65 35 22 32 20 20 36 272 32 22 36 24 28 21 20 26 40 97 20 22 33 771 58
leaf_count=963 43 29 30 20 140 28 29 65 35 22 32 20 20 36 272 32 22 36 24 28 21 20 26 40 97 20 22 33 771 58
internal_value=-0.000270271 0.00065345 0.00197368 0.00271513 -0.000537613 0.00330619 0.00283972 0.00386699 0.00275862 0.00567416 0.00981481 -0.000294119 0.000357142 -0.00232143 -0.00101329 -0.00036828 0.00169014 0.00363636 0.000681817 0.0028125 -0.000509417 -0.000342754 0.00369565 -0.00044236 -0.0025 0.00109756 -0.0037395 -0.000342467 -0.000424108 9.30448e-05
internal_weight=3034 681 380 337 2353 307 287 203 174 89 54 85 84 56 301 2213 142 110 88 64 2071 1911 46 1865 160 41 119 1825 1792 1021
internal_count=3034 681 380 337 2353 307 287 203 174 89 54 85 84 56 301 2213 142 110 88 64 2071 1911 46 1865 160 41 119 1825 1792 1021
is_linear=0
shrinkage=0.05


Tree=263
num_leaves=31
num_cat=1
split_feature=11 2 3 3 2 5 6 0 5 5 6 7 2 2 3 2 5 0 7 7 2 5 5 5 1 3 2 1 5 3
split_gain=0.272182 0.36533 0.203025 0.837181 0.296445 0.341597 0.274646 0.196211 0.384284 1.02117 0.552273 0.545261 0.817297 0.849154 0.544585 0.490668 0.369314 0.387491 0.414039 0.377947 0.362807 0.333742 0.3105 0.708511 0.623741 0.408931 0.324865 0.457284 0.305019 0.616315
threshold=0 454398.42500000005 118964.325 117069.04785714288 227828.70500000005 78113.717897721697 107906.13446047829 489052.80000000005 79901.07296397032 90564.208972458073 117836.1444139721 4.5000000000000009 579120.67000000004 436138.15500000009 472807.17642857152 283675.44500000007 128357.81606349666 326744.49500000005 2.5000000000000004 1.0000000180025095e-35 687025.37000000011 149492.29939356982 46739.233436995681 39881.807417089971 102141.07500000001 147745.96357142858 135223.47000000003 177623.85000000001 163323.57170830676 460756.10428571433
decision_type=1 2 2 2 2 2 2 2 2 2 2 2 2 2 2 2 2 2 2 2 2 2 2 2 2 2 2 2 2 2
left_child=1 2 3 -1 -4 -6 -7 8 22 10 -10 16 13 14 15 -13 17 18 -11 -19 -18 -9 23 -2 -25 -24 -26 -28 29 -23
right_child=7 -3 4 -5 5 6 -8 21 9 11 -12 12 -14 -15 -16 -17 20 19 -20 -21 -22 28 25 24 26 -27 27 -29 -30 -31
leaf_value=-169.34734537180066 -1.1071068160370445 8.9250087912393976 -40.355535602202423 3.509730321726189 56.754525680296609 -27.37341549066214 126.45841467608305 -71.550466319478389 337.26456594615075 339.28952897969077 7.5914232920979989 615.39372528126557 -3752.4290091788134 248.12880249991295 191.86635263302918 -244.90836903137438 -88.725613082875867 30.118550701105995 -23.558974704079176 -542.99850965543908 98.481934191718977 -1945.4661174634957 20.895916813140975 114.59241558739967 -28.62905235768055 -52.131220158829819 299.31163580354018 1.0240626179757191 -67.347971154168789 1867.9914034934322
leaf_weight=33 984 26 352 21 31 131 22 129 24 29 20 28 27 42 21 57 162 26 35 76 31 21 38 25 24 201 20 29 344 25
leaf_count=33 984 26 352 21 31 131 22 129 24 29 20 28 27 42 21 57 162 26 35 76 31 21 38 25 24 201 20 29 344 25
internal_value=-0.000237312 -0.00116614 -0.00144068 0.00148148 -0.00173508 -0.000108697 -0.00107843 4.11743e-06 0.000239599 0.00131488 0.00863636 0.000711609 0.003 0.00445946 0.00207547 0.000294116 -0.000403901 0.0013253 0.004375 -0.000588236 -0.00189119 -0.000857419 -0.000230887 0.000129389 0.00418367 -0.00186193 0.00184931 0.00418367 -0.000128206 0.00369565
internal_weight=3034 616 590 54 536 184 153 2418 1899 578 44 534 175 148 106 85 359 166 64 102 193 519 1321 1082 98 239 73 49 390 46
internal_count=3034 616 590 54 536 184 153 2418 1899 578 44 534 175 148 106 85 359 166 64 102 193 519 1321 1082 98 239 73 49 390 46
cat_boundaries=0 1
cat_threshold=2
is_linear=0
shrinkage=0.05


Tree=264
num_leaves=31
num_cat=0
split_feature=10 1 7 1 1 1 4 10 2 4 10 10 2 0 7 10 1 1 5 5 7 1 1 0 5 10 10 1 1 7
split_gain=0.325618 0.235979 0.586446 0.277526 0.191606 0.410677 0.62438 0.616556 0.383418 0.366288 0.478815 0.664866 0.216091 0.208854 0.260856 0.266602 0.169124 0.61933 0.703463 0.522918 0.385653 0.283641 0.838225 0.306436 0.267047 0.379795 0.343734 0.161429 0.521643 0.539803
threshold=59.500000000000007 1340411.5150000004 2.5000000000000004 1078049.9500000002 78050.005000000019 92933.49500000001 121805.80410714286 136.50000000000003 116554.55500000001 92051.925357142871 211.50000000000003 115.50000000000001 120477.31000000001 102404.03500000002 3.5000000000000004 152.50000000000003 136842.61500000002 96982.175000000003 45327.026397994567 10184.561905624718 4.5000000000000009 453839.63000000006 524288.31500000006 868810.3400000002 40656.314985334488 43.500000000000007 29.500000000000004 309067.88500000007 436247.71500000003 1.5000000000000002
decision_type=2 2 2 2 2 2 2 2 2 2 2 2 2 2 2 2 2 2 2 2 2 2 2 2 2 2 2 2 2 2
left_child=16 3 -3 4 -2 6 9 -8 13 10 11 -6 -10 14 -7 -16 17 20 19 -19 -1 24 -23 -24 25 26 -18 -14 29 -29
right_child=1 2 -4 -5 5 8 7 -9 12 -11 -12 -13 27 -15 15 -17 21 18 -20 -21 -22 22 23 -25 -26 -27 -28 28 -30 -31
leaf_value=-102.45432820134704 -152.57675791033913 3732.7729567106853 -168.40523231963843 -2604.4720522372645 -51.34609423648061 -40.816722388526387 124.8458673742153 2.4352272783927744 9.5592100628635777 -125.55133990016607 -50.88567146731409 28.931808411457883 -2.300893617625777 -128.51683745454224 -7.4116901867362133 7.6661488017841863 -25.538895263624557 29.910691868111741 28.951174913235441 -107.27318161097151 20.491959686482378 13.993956469290097 -311.42889013968096 136.58426596627294 -98.354184072996674 -63.193923023163237 161.25130427024408 62.76778227415479 -5.144113727426193 10.581721683988107
leaf_weight=77 36 20 27 46 21 72 26 35 26 50 24 20 1101 74 21 31 34 22 22 34 26 21 56 37 198 33 35 74 460 275
leaf_count=77 36 20 27 46 21 72 26 35 26 50 24 20 1101 74 21 31 34 22 22 34 26 21 56 37 198 33 35 74 460 275
internal_value=-0.000253792 2.04883e-06 0.00351064 -6.68908e-05 8.52396e-06 6.49339e-05 0.00238636 0.00647541 -0.000126524 0.00021739 0.00269231 0.00597561 8.78087e-05 -0.00222222 -0.000967743 0.00173077 -0.00130252 -2.76255e-05 0.00333333 0.000357142 -0.00257282 -0.0018599 0.000263157 -0.00177419 -0.00266667 -0.000588236 0.00152174 2.61768e-05 0.000562422 0.00202006
internal_weight=3034 2439 47 2392 2346 2310 176 61 2134 115 65 41 1936 198 124 52 595 181 78 56 103 414 114 93 300 102 69 1910 809 349
internal_count=3034 2439 47 2392 2346 2310 176 61 2134 115 65 41 1936 198 124 52 595 181 78 56 103 414 114 93 300 102 69 1910 809 349
is_linear=0
shrinkage=0.05


Tree=265
num_leaves=31
num_cat=1
split_feature=1 1 5 1 0 2 2 0 0 5 5 7 4 5 11 5 4 6 6 1 0 0 0 2 7 6 1 6 0 2
split_gain=0.316376 0.283125 0.442635 0.32164 0.254366 0.445323 0.219035 0.19651 0.58271 0.391033 0.47671 0.481857 0.371527 0.307429 0.274213 0.464362 0.535701 1.13614 0.381092 0.46304 0.372958 0.386974 0.494391 0.450494 0.361815 1.08282 0.861538 0.562372 0.741405 0.711111
threshold=87705.310000000012 92933.49500000001 42715.319169421877 94954.195000000022 96982.175000000003 92382.135000000024 1466779.4400000002 494389.05500000005 468425.10000000003 285611.02608859289 371384.67775465845 4.5000000000000009 473149.82553571434 97608.568508544835 0 125344.4409958035 407998.79946428578 157393.97457162139 174070.62251378351 537380.32500000007 337547.21500000003 180691.23000000001 183355.71000000005 202780.73000000001 3.5000000000000004 100178.02530066804 288947.88000000006 72657.237655223566 292011.27500000008 305767.98500000004
decision_type=2 2 2 2 2 2 2 2 2 2 2 2 2 2 1 2 2 2 2 2 2 2 2 2 2 2 2 2 2 2
left_child=-1 2 4 -3 5 -2 7 8 14 13 11 -11 -10 -9 15 -5 -17 -18 19 20 21 23 -23 -16 27 -26 -27 28 -24 -30
right_child=1 3 -4 6 -6 -7 -8 9 12 10 -12 -13 -14 -15 18 16 17 -19 -20 -21 -22 22 24 -25 25 26 -28 -29 29 -31
leaf_value=-109.26253890456442 21.687306423571318 -28.738265430817627 -67.082289050154074 68.181988971465017 3.5854825421725138 -7.3242568401858721 164.42833131967211 166.51013149847907 180.72164600777157 74.992447705395577 -445.90797808953198 5232.5865233274781 -72.35916891701693 -122.13699093767694 -1.0160463021191255 -83.601498198074282 405.59470907343626 -22.452556261791475 -1690.8430601073267 214.98173910122037 -236.17967215368077 71.747997375388749 -5.6061754329190148 -105.44698380217945 -2.8685799947068085 197.28903397751347 23.319597415921777 -231.25352731960393 155.98597722673225 -39.102846467231508
leaf_weight=199 24 32 25 132 26 22 33 23 33 66 79 29 20 314 854 71 29 95 40 20 158 28 181 74 193 26 65 114 36 24
leaf_count=199 24 32 25 132 26 22 33 23 33 66 79 29 20 314 854 71 29 95 40 20 158 28 181 74 193 26 65 114 36 24
internal_value=-5.70974e-05 7.67608e-05 0.00273196 -1.62525e-05 0.00472222 0.00695652 4.20156e-05 -7.39764e-06 0.000198357 -0.000890412 0.00103448 0.00342105 0.00537736 -0.00188427 7.00923e-05 0.00137982 -0.000128206 0.00185484 -0.000172793 -6.4863e-05 -0.000151171 7.83687e-05 0.000997 -0.000581898 0.000712049 0.00204225 0.00653846 -0.000352114 0.0010166 0.00583333
internal_weight=3065 2866 97 2769 72 46 2737 2704 2193 511 174 95 53 337 2140 327 195 124 1813 1773 1753 1595 667 928 639 284 91 355 241 60
internal_count=3065 2866 97 2769 72 46 2737 2704 2193 511 174 95 53 337 2140 327 195 124 1813 1773 1753 1595 667 928 639 284 91 355 241 60
cat_boundaries=0 1
cat_threshold=4
is_linear=0
shrinkage=0.05


Tree=266
num_leaves=31
num_cat=0
split_feature=10 0 0 6 1 3 3 0 0 3 2 2 3 6 6 6 3 4 6 2 1 0 6 7 10 10 1 10 4 6
split_gain=0.596245 0.39972 0.353461 0.806162 0.334223 0.771803 0.937643 0.562597 0.444407 0.439175 0.581236 0.659726 0.512422 0.434419 0.687013 0.506745 0.443448 0.47257 0.376722 0.425876 0.699687 0.452586 0.555882 0.60024 0.329899 0.581949 0.596521 0.505987 0.413354 0.40648
threshold=59.500000000000007 868810.3400000002 343228.20500000007 111103.17560738053 309067.88500000007 390804.81071428576 386413.44285714289 229852.89000000004 222265.33500000005 308121.18285714294 405998.49000000005 479878.03000000009 301883.79785714293 121145.85760887423 115555.99780710715 111103.17560738053 423273.4285714287 389411.87053571432 149035.15484648271 484419.0500000001 436247.71500000003 329972.81500000006 21928.124730430602 3.5000000000000004 215.50000000000003 205.50000000000003 591945.27000000014 86.500000000000014 476945.73303571431 364628.79054146173
decision_type=2 2 2 2 2 2 2 2 2 2 2 2 2 2 2 2 2 2 2 2 2 2 2 2 2 2 2 2 2 2
left_child=1 2 3 -1 9 6 7 -6 -7 12 -11 -12 -2 14 15 -10 -15 -18 19 20 21 22 -9 -24 25 26 27 -19 -29 -26
right_child=4 -3 -4 -5 5 8 -8 18 13 10 11 -13 -14 16 -16 -17 17 24 -20 -21 -22 -23 23 -25 29 -27 -28 28 -30 -31
leaf_value=-11.495791555823729 0.25149295968266633 187.30833612146969 -294.88111809450862 63.843624671347754 -65.653007579575316 185.06741483208137 97.462095770908178 -14.076560558239315 283.35152495414195 -183.23012239322688 23.99765865001061 -88.748182775388429 92.24253962081599 -422.25847788150622 70.152823689064078 -2861.9146314188183 75.885365011616429 2918.7065124445376 55.952436706330744 256.79984451927663 -327.49056450709639 -247.13898231729058 131.21246311460439 9.564747961221066 -1136.6389010732953 288.58138237093499 -106.98652544125267 -2366.1131431414137 311.8625984143647 159.33785780434968
leaf_weight=409 1326 42 118 23 44 20 22 20 31 128 22 37 24 70 22 24 20 25 20 35 31 40 36 49 69 23 215 22 70 28
leaf_count=409 1326 42 118 23 44 20 22 20 31 128 22 37 24 70 22 24 20 25 20 35 31 40 36 49 69 23 215 22 70 28
internal_value=5.70951e-05 -0.00136824 -0.00172727 -0.00106482 0.0003983 0.00114316 0.00324916 0.00245454 0.000164318 -5.53037e-05 -0.0023262 0.00177966 0.000259258 -7.26991e-05 0.00344156 0.000454544 -0.000571957 -2.11876e-05 0.00344156 0.0028199 0.00181818 0.00327586 0.005 0.0067647 -0.000353983 0.000352111 -0.000180724 0.00269231 0.00097826 -0.00293815
internal_weight=3065 592 550 432 2473 936 297 275 639 1537 187 59 1350 619 77 55 542 472 231 211 176 145 105 85 452 355 332 117 92 97
internal_count=3065 592 550 432 2473 936 297 275 639 1537 187 59 1350 619 77 55 542 472 231 211 176 145 105 85 452 355 332 117 92 97
is_linear=0
shrinkage=0.05


Tree=267
num_leaves=31
num_cat=0
split_feature=10 0 1 1 10 3 3 0 6 0 10 6 7 5 5 5 5 7 5 5 10 0 1 0 3 3 5 1 1 6
split_gain=0.500269 0.422088 0.466734 0.384208 0.5994 0.599058 0.790171 0.30262 0.699443 0.535568 0.69516 0.679752 0.592881 0.705758 0.853108 0.471272 0.623077 0.39603 0.71846 0.695234 1.77465 0.465878 0.430414 0.656082 1.04752 0.561681 1.01331 0.454909 0.395894 0.393494
threshold=89.500000000000014 868810.3400000002 906157.57000000018 166583.71000000002 18.500000000000004 171262.29071428574 207412.97 527967.51000000013 361361.47975868621 463300.02500000008 132.50000000000003 118969.01629422152 1.0000000180025095e-35 27943.878949590802 41317.756906491202 371384.67775465845 301338.93343541614 3.5000000000000004 34194.460926803331 20726.6165526 123.50000000000001 87111.185000000012 171624.54500000001 322255.61000000004 362402.9671428572 373623.22571428574 139335.16524784229 188533.93500000003 100706.99000000001 118969.01629422152
decision_type=2 2 2 2 2 2 2 2 2 2 2 2 2 2 2 2 2 2 2 2 2 2 2 2 2 2 2 2 2 2
left_child=1 3 -3 5 -5 -1 -7 9 -9 12 -11 -12 13 -2 -15 16 -10 19 -19 20 -14 -20 28 25 -25 27 -27 -24 -23 -16
right_child=7 2 -4 4 -6 6 -8 8 15 10 11 -13 17 14 29 -17 -18 18 21 -21 -22 22 23 24 -26 26 -28 -29 -30 -31
leaf_value=-15.619080431004125 -10.219268848886173 3617.6492721833733 -88.432178840945653 5.3443268733363167 -29.380305052482829 181.16892968378889 6.4656142578860019 -252.80939584443323 41.878723640197023 894.68739272360335 312.98486191003235 -12.866973751638438 381.11165362347833 67.944456337432982 34.348353162880031 -174.34297529936634 5702.4828211090889 -3.966717426556519 18.917586596462701 -35.153506337430947 -4.7315216548182466 4.7840701547482878 82.857775819218887 525.27440355231727 -197.55256852680128 199.84989418125505 15.368254784225911 8.1421897715807177 -121.48313979793855 148.94415354188436
leaf_weight=293 78 40 41 32 477 20 45 206 32 20 20 58 36 21 88 61 20 287 21 495 178 28 25 20 101 20 31 149 76 46
leaf_count=293 78 40 41 32 477 20 45 206 32 20 20 58 36 21 88 61 20 287 21 495 178 28 25 20 101 20 31 149 76 46
internal_value=-8.97239e-05 -0.0010443 0.00240741 -0.00136678 -0.00224951 -0.000111733 0.00423077 0.000337741 -0.00108151 0.000589543 0.00418367 0.00205128 0.000382352 0.00272532 0.00467742 0.00207964 0.00557692 1.02238e-05 0.000804748 -0.000839211 0.00154205 0.00200637 0.00166667 0.00251445 -0.000454547 0.00411111 0.00872549 0.00275862 -0.00115385 0.00320895
internal_weight=3065 948 81 867 509 358 65 2117 319 1798 98 78 1700 233 155 113 52 1467 758 709 214 471 450 346 121 225 51 174 104 134
internal_count=3065 948 81 867 509 358 65 2117 319 1798 98 78 1700 233 155 113 52 1467 758 709 214 471 450 346 121 225 51 174 104 134
is_linear=0
shrinkage=0.05


Tree=268
num_leaves=31
num_cat=0
split_feature=10 0 2 0 2 4 0 1 2 1 0 0 2 4 5 1 2 0 6 6 1 2 10 4 9 10 8 0 10 10
split_gain=0.457664 0.354786 0.682549 0.409737 0.389785 0.342678 0.603571 0.313041 1.2991 0.702627 0.295831 0.661214 1.06033 0.431166 0.515341 0.437846 0.425083 0.997343 0.373177 0.316397 0.379048 0.469207 0.490767 0.662879 0.440622 0.37641 0.332412 0.366513 1.33668 0.303103
threshold=92.500000000000014 868810.3400000002 651454.24500000023 343228.20500000007 1006985.9500000001 304008.04589285719 293712.02500000008 139946.47000000003 150388.00000000003 132956.40500000003 527967.51000000013 436138.15500000009 326119.78000000009 412390.29964285716 171267.9743014519 388154.28000000009 1083362.1950000001 966850.47500000021 415433.35128896585 281981.5255516576 311341.90000000008 311015.33000000002 107.50000000000001 250432.3978571429 1.0000000180025095e-35 106.50000000000001 1.0000000180025095e-35 275240.94500000007 213.50000000000003 121.50000000000001
decision_type=2 2 2 2 2 2 2 2 2 2 2 2 2 2 2 2 2 2 2 2 2 2 2 2 2 2 2 2 2 2
left_child=1 3 -3 5 -4 7 -7 8 9 -1 11 19 -13 15 -15 -14 18 -18 -12 20 21 22 23 -2 25 -22 27 28 -27 -24
right_child=10 2 4 -5 -6 6 -8 -9 -10 -11 16 12 13 14 -16 -17 17 -19 -20 -21 24 -23 29 -25 -26 26 -28 -29 -30 -31
leaf_value=-32.271820586128001 10.971839270377261 3771.9214667905153 -4612.908738104913 -195.24512452638544 271.17226571680078 -11.093855713523752 1243.4248523475492 -8.7412894142601338 385.05591619441583 21.87535976541459 -238.54404579636343 -274.23800133689855 69.786044385125621 -17.002662082318285 7205.783158722289 328.68761417294343 1142.5041530869885 -1137.9285022405281 61.990839941221225 -2324.6184182374022 -577.75567550127778 -27.82999602154122 -231.0647138864164 367.97574761437488 76.919652701330975 8.2731841802302259 -9.2111479804259897 22.860416988188707 1044.937330877862 0.82687697659655068
leaf_weight=216 56 25 29 221 31 36 20 353 20 31 221 36 21 39 20 26 27 41 22 45 22 95 91 21 27 36 109 129 21 978
leaf_count=216 56 25 29 221 31 36 20 353 20 31 221 36 21 39 20 26 27 41 22 45 22 95 91 21 27 36 109 129 21 978
internal_value=-0.000138664 -0.00102851 0.00205882 -0.00132107 -0.000833335 -0.00071006 0.00303571 -0.00104839 0.000243445 -0.000748989 0.000280844 0.000530473 0.00380282 0.00632075 0.00347458 0.00989362 -0.00114148 0.00235294 -0.00211934 0.000245398 0.000362775 -4.43203e-05 0.000235601 0.00409091 0.00183139 0.00130915 0.00177966 0.00306451 0.00640351 -4.20966e-05
internal_weight=3065 982 85 897 60 676 56 620 267 247 2083 1772 142 106 59 47 311 68 243 1630 1585 1241 1146 77 344 317 295 186 57 1069
internal_count=3065 982 85 897 60 676 56 620 267 247 2083 1772 142 106 59 47 311 68 243 1630 1585 1241 1146 77 344 317 295 186 57 1069
is_linear=0
shrinkage=0.05


Tree=269
num_leaves=31
num_cat=0
split_feature=10 4 0 6 3 6 10 7 7 6 2 3 2 3 10 6 10 2 2 6 3 10 4 10 6 10 3 10 3 10
split_gain=0.452886 0.455335 0.437262 0.755093 0.367877 0.596073 0.406481 0.568343 0.385182 0.459126 0.622458 0.335027 0.688026 0.622031 0.921818 0.471593 0.523329 0.423944 0.371788 0.836465 0.506442 0.442735 0.379639 0.335291 0.351687 0.319296 0.647979 0.510213 0.587121 0.6726
threshold=85.500000000000014 1007908.373881579 416304.46500000003 138723.34230673066 503643.45642857143 361361.47975868621 154.50000000000003 4.5000000000000009 1.0000000180025095e-35 24710.563569740498 162563.47000000003 170582.22500000003 137770.52500000002 174251.78214285718 172.50000000000003 46900.147219338738 202.50000000000003 185465.33000000005 94242.095000000016 37188.494001121588 117725.64714285715 140.50000000000003 91964.882142857168 152.50000000000003 10936.394521872739 181.50000000000003 468749.88285714295 173.50000000000003 301883.79785714293 157.50000000000003
decision_type=2 2 2 2 2 2 2 2 2 2 2 2 2 2 2 2 2 2 2 2 2 2 2 2 2 2 2 2 2 2
left_child=1 2 3 -1 8 -6 -7 -8 9 -2 -11 12 15 14 -13 16 18 -15 20 23 22 -21 -10 -20 -25 26 27 28 29 -19
right_child=4 -3 -4 -5 5 6 7 -9 11 10 -12 13 -14 17 -16 -17 -18 25 19 21 -22 -23 -24 24 -26 -27 -28 -29 -30 -31
leaf_value=-8.6306605780867596 -7.3728693321758163 1179.3157905740247 -246.70060475834589 1244.9583711162859 -291.46091843069058 -142.81955439809013 -49.975004989838148 1996.3314530220516 -5.9903939366949297 291.17208397731162 38.588320068577332 47.542059710639883 -21.02096310398467 -81.344450222746062 -22.231787855252705 -67.736815994658556 -14.292989713215366 98.574133162450536 -46.423039833221225 14.324651690202039 -326.01075632764787 18.455182677589576 15.996995003188765 15.211045363544081 -3.0704425489724256 -0.71993713372753421 430.86676509056252 101.56616882729642 -67.782885502532196 -418.74597705087575
leaf_weight=666 76 46 161 23 177 62 45 23 28 21 166 25 195 161 30 53 150 121 53 21 33 23 30 26 21 377 28 38 164 22
leaf_count=666 76 46 161 23 177 62 45 23 28 21 166 25 195 161 30 53 150 121 53 21 33 23 30 26 21 377 28 38 164 22
internal_value=-0.000203916 -0.00114955 -0.00141177 -0.000863572 0.000186721 -0.00141694 0.00115384 0.00382353 0.000451127 0.00222433 0.00355615 0.000159473 -0.000734598 0.00074534 0.00590909 0.000365296 0.000974025 0.000433588 0.00244681 0.00402778 -5.49462e-05 0.00977273 0.00275862 0.0015 0.00457447 0.000933332 0.00197051 0.00137681 0.000700325 0.00304196
internal_weight=3065 896 850 689 2169 307 130 68 1862 263 187 1599 633 966 55 438 385 911 235 144 91 44 58 100 47 750 373 345 307 143
internal_count=3065 896 850 689 2169 307 130 68 1862 263 187 1599 633 966 55 438 385 911 235 144 91 44 58 100 47 750 373 345 307 143
is_linear=0
shrinkage=0.05


Tree=270
num_leaves=31
num_cat=0
split_feature=10 3 6 5 2 0 10 10 1 2 10 10 0 0 5 6 2 5 10 6 5 6 0 2 1 7 10 1 0 3
split_gain=0.434259 0.808173 0.220961 0.346419 0.309161 0.359003 0.50963 0.444471 0.307583 0.248493 0.502537 1.15556 0.433787 0.343495 0.630684 0.416465 0.4992 0.306548 0.394011 0.276963 0.27032 0.369863 0.547134 0.496119 0.395693 0.416788 0.393857 0.544823 0.704167 0.440381
threshold=259.50000000000006 294656.28928571433 409503.07349757577 439966.3942250454 729229.20000000007 798871.29500000004 42.500000000000007 137.50000000000003 950324.20000000007 295734.82000000007 242.50000000000003 248.50000000000003 213621.71500000003 299583.55000000005 48174.393479078251 92715.057187837127 159031.20500000002 102828.78558203026 160.50000000000003 181076.79929150551 19029.594003647424 118969.01629422152 479004.31000000006 356720.39500000008 436247.71500000003 3.5000000000000004 38.500000000000007 327504.38500000007 318444.77500000008 400956.68571428576
decision_type=2 2 2 2 2 2 2 2 2 2 2 2 2 2 2 2 2 2 2 2 2 2 2 2 2 2 2 2 2 2
left_child=2 -2 4 8 9 -6 -7 -8 -4 12 20 -12 -1 17 -15 16 -16 -14 -19 -17 -11 22 26 24 25 -23 -22 28 -28 -29
right_child=1 -3 3 -5 5 6 7 -9 -10 10 11 -13 13 14 15 19 -18 18 -20 -21 21 23 -24 -25 -26 -27 27 29 -30 -31
leaf_value=0.7174945368890755 -1.8587696461214873 277.15965175234527 78.030017147854622 -4007.0113517694808 -655.51154717664565 198.64791343218124 -1026.7926758644394 64.677273528825893 4042.708162204377 -9.6454118222658263 157.92993682216627 9.4843486901174696 -133.07842236087657 60.74048360953018 -1088.9496175060158 -436.86795031415591 842.097531461583 202.85570972180065 -877.51870704246949 2321.0925740550401 25.260974649834758 26.622771062399529 120.39055876848067 -34.380438480329346 226.61062919419993 -779.08170911203115 38.232934960167668 -42.155956650217171 -83.136526744384923 396.67319413356574
leaf_weight=1390 32 20 20 20 85 21 64 40 23 38 20 45 147 31 21 133 23 27 20 29 36 23 35 406 26 28 80 105 40 20
leaf_count=1390 32 20 20 20 85 21 64 40 23 38 20 45 147 31 21 133 23 27 20 29 36 23 35 406 26 28 80 105 40 20
internal_value=8.53006e-05 0.00461538 6.67438e-06 0.00293651 -5.62576e-05 -0.00190476 -0.000200001 -0.00163462 0.00546512 8.63007e-05 0.000764966 0.005 -0.000249864 -0.00163573 -0.000358651 -0.00135922 0.00295454 -0.00319588 0.000319148 -0.00253087 0.00043608 0.000632039 0.00196202 -0.000238096 0.00344156 0.000882352 0.00122776 0.000510203 0.00291667 -0.0018
internal_weight=3048 52 2996 63 2933 210 125 104 43 2723 902 65 1821 431 237 206 44 194 47 162 837 799 316 483 77 51 281 245 120 125
internal_count=3048 52 2996 63 2933 210 125 104 43 2723 902 65 1821 431 237 206 44 194 47 162 837 799 316 483 77 51 281 245 120 125
is_linear=0
shrinkage=0.05


Tree=271
num_leaves=31
num_cat=0
split_feature=10 3 6 10 1 1 4 10 9 10 5 5 3 5 5 1 10 6 10 10 4 4 4 9 6 3 3 5 5 6
split_gain=0.43741 0.808173 0.327062 0.48 0.214815 0.456058 1.16366 0.725743 0.345666 0.271174 0.242617 0.238211 0.347487 0.312684 0.348011 0.363636 0.205132 0.219517 0.609524 0.208559 0.210436 0.359023 0.436047 0.205557 0.278023 0.64328 0.332657 0.191509 0.490282 0.361603
threshold=259.50000000000006 294656.28928571433 415433.35128896585 205.50000000000003 712211.72500000021 508344.71500000008 385792.8457142858 233.50000000000003 1.0000000180025095e-35 56.500000000000007 184217.46425335514 118470.56287015569 409974.92000000004 142335.75914286054 163323.57170830676 604275.45000000007 27.500000000000004 6212.6344031628169 116.50000000000001 29.500000000000004 660593.7082142859 517126.32982142863 506212.04999999999 1.0000000180025095e-35 74596.889212536436 352271.63285714295 124524.91428571429 68912.420012181989 65584.703715809868 83349.271378533755
decision_type=2 2 2 2 2 2 2 2 2 2 2 2 2 2 2 2 2 2 2 2 2 2 2 2 2 2 2 2 2 2
left_child=2 -2 4 -4 5 16 -7 9 10 -8 -6 -11 -13 -14 -15 -16 -1 18 -18 -19 21 22 23 27 26 -26 -25 28 -21 -29
right_child=1 -3 3 -5 8 6 7 -9 -10 11 -12 12 13 14 15 -17 17 19 -20 20 -22 -23 -24 24 25 -27 -28 29 -30 -31
leaf_value=-32.585600672730607 -1.7658311638155793 263.30166916472882 -430.92042432595372 626.92215547728631 35.616075500713279 125.02706067596367 -388.28775113313566 361.01449921448096 299.49827707919991 -891.29753878270117 -514.34354903744372 169.81727398593404 -2105.4642488319842 1382.1967823276859 828.65924502533801 -2410.3635204366215 -25.596930009611384 350.67549825388369 188.39462023627291 0.9057626962501889 465.25143670477968 -1772.8171067529145 37.15699313508037 3.9915118123044127 115.2035601358557 -188.20198554502491 -114.98478074010558 -37.021345190276968 37.112440474268666 -0.63532239546181524
leaf_weight=172 32 20 30 20 28 22 24 20 29 29 186 25 21 20 22 22 28 20 20 1184 27 38 33 34 32 38 82 172 30 588
leaf_count=172 32 20 30 20 28 22 24 20 29 29 186 25 21 20 22 22 28 20 20 1184 27 38 33 34 32 38 82 172 30 588
internal_value=6.88964e-05 0.00461538 -1.00145e-05 0.004 -7.80732e-05 4.99433e-05 0.00231707 0.00101093 -0.00150206 -9.20257e-05 -0.00219626 0.000755394 0.00181818 0.000294116 0.00203125 -0.000454547 -0.00013611 -1.28989e-05 0.00333333 -8.34077e-05 -0.000128433 -0.000181534 -9.80404e-05 -0.000185186 -0.00177419 0.000714285 -0.00327586 -3.54622e-05 0.0003542 -0.000657896
internal_weight=3048 52 2996 50 2946 2703 205 183 243 163 214 139 110 85 64 44 2498 2326 48 2278 2258 2231 2193 2160 186 70 116 1974 1214 760
internal_count=3048 52 2996 50 2946 2703 205 183 243 163 214 139 110 85 64 44 2498 2326 48 2278 2258 2231 2193 2160 186 70 116 1974 1214 760
is_linear=0
shrinkage=0.05


Tree=272
num_leaves=31
num_cat=0
split_feature=10 3 6 10 1 1 6 10 3 2 5 5 5 3 1 3 3 0 3 10 2 3 5 3 10 0 3 3 1 1
split_gain=0.434259 0.808173 0.324346 0.48 0.208508 0.494889 0.85051 0.385936 0.328484 0.258182 0.334259 0.388054 0.264963 0.219582 0.452624 0.442405 0.818627 0.383246 0.451243 0.653542 0.451332 0.54552 0.832371 0.570201 0.785334 0.839683 0.371315 0.657744 0.446969 0.50297
threshold=259.50000000000006 294656.28928571433 415433.35128896585 205.50000000000003 647897.77500000002 508344.71500000008 118969.01629422152 85.500000000000014 406457.7028571429 1083362.1950000001 355492.42104653973 285611.02608859289 160148.23591941161 222386.66500000001 311341.90000000008 250887.78285714288 281161.68142857146 227601.43500000003 169933.02428571432 228.50000000000003 155175.46000000002 211824.96428571429 63529.329816426594 174251.78214285718 89.500000000000014 174933.97500000003 305341.66285714292 308121.18285714294 349418.68500000006 359202.95500000002
decision_type=2 2 2 2 2 2 2 2 2 2 2 2 2 2 2 2 2 2 2 2 2 2 2 2 2 2 2 2 2 2
left_child=2 -2 4 -4 5 13 -7 -8 -9 12 11 -11 -6 14 17 -15 -17 18 -1 20 -20 22 23 24 -22 -26 -18 -28 -29 -30
right_child=1 -3 3 -5 9 6 7 8 -10 10 -12 -13 -14 15 -16 16 26 -19 19 -21 21 -23 -24 -25 25 -27 27 28 29 -31
leaf_value=-0.88557155570207746 -1.6775396056244571 250.13658570649497 -409.37440310966088 595.57604770341936 15.138636796835762 267.88602209848824 -133.35497213897995 -450.90398239219496 318.50677133205863 -540.25066204894449 -5245.0581793262972 1959.2644532417446 -349.16647264074135 -103.59663229507346 28.959465110088054 397.56831345561625 -7.5471162808555565 -276.23385735304333 33.952761579900049 -28.644233995214648 -44.354476711133664 -36.690443152232547 307.06417747476968 -19.626609867680934 11.072975081777464 22.686584838783588 108.90956903368021 -30.356547059056432 97.083023110135073 7.8596574054381954
leaf_weight=1025 32 20 30 20 38 29 34 22 76 23 27 22 177 110 31 26 299 67 29 29 41 54 23 67 21 24 22 293 28 309
leaf_count=1025 32 20 30 20 38 29 34 22 76 23 27 22 177 110 31 26 299 67 29 29 41 54 23 67 21 24 22 293 28 309
internal_value=8.53006e-05 0.00461538 6.67438e-06 0.004 -6.1101e-05 7.70955e-05 0.00276397 0.0010606 0.00265306 -0.00134146 0.00125 0.00388889 -0.0022093 -9.60781e-05 0.000315378 -0.000630176 -0.000291711 0.000181158 0.000369382 0.00211805 0.00291506 0.00217391 0.00352273 0.00218954 0.00488372 0.00944444 -0.000531021 0.000138036 -0.000158731 0.00108308
internal_weight=3048 52 2996 50 2946 2659 161 132 98 287 72 45 215 2498 1411 1087 977 1380 1313 288 259 230 176 153 86 45 951 652 630 337
internal_count=3048 52 2996 50 2946 2659 161 132 98 287 72 45 215 2498 1411 1087 977 1380 1313 288 259 230 176 153 86 45 951 652 630 337
is_linear=0
shrinkage=0.05


Tree=273
num_leaves=31
num_cat=1
split_feature=10 6 10 10 0 5 10 6 5 7 5 4 10 0 7 6 4 6 11 5 5 10 10 4 1 10 10 0 5 0
split_gain=0.434259 0.808173 0.205505 0.484016 0.595577 0.461196 0.369917 0.305687 0.35497 0.690483 0.290442 0.445141 0.284422 0.574783 0.809502 0.305824 0.598727 0.25 0.233267 0.375753 0.547456 0.326684 0.484344 0.485496 0.557849 0.233521 0.345869 0.490281 0.531258 0.958799
threshold=259.50000000000006 75939.08489602503 50.500000000000007 42.500000000000007 902965.40000000014 105817.25042322236 31.500000000000004 26256.308644036351 38299.814693230583 4.5000000000000009 48556.320582300948 154388.71630952385 64.500000000000014 166863.00000000003 4.5000000000000009 79916.668306420775 391241.97714285721 24934.738109092988 0 70882.235317453786 62203.770036301787 241.50000000000003 254.50000000000003 383706.95732142864 515226.29500000004 85.500000000000014 123.50000000000001 90460.950000000026 22392.386967851773 162742.00000000003
decision_type=2 2 2 2 2 2 2 2 2 2 2 2 2 2 2 2 2 2 1 2 2 2 2 2 2 2 2 2 2 2
left_child=2 -2 3 4 5 6 7 -1 -9 -10 11 17 13 14 -4 -15 -17 -8 21 20 25 -14 23 -23 -25 -20 27 -27 29 -29
right_child=1 -3 12 -5 -6 -7 10 8 9 -11 -12 -13 18 15 -16 16 -18 -19 19 -21 -22 22 -24 24 -26 26 -28 28 -30 -31
leaf_value=-62.699506874455665 -1.5936626253435462 237.62975642117019 2.2020349076194825 -112.54592544600661 105.35762624891309 -1227.5882659949282 69.453739358736883 180.00210291255337 -214.8183416944629 154.43355242251189 -47.321714646721794 97.402550071146308 2.7868594840380343 -101.40596648789472 153.32693660848921 259.42607764038524 -216.73493053430082 -178.16832006195241 -77.9163498381685 -28.083071126792358 32.193632733737445 143.72647920661981 -326.83235372866824 -51.400617639099039 72.506458264625991 38.823701220214645 -1.6767267742542384 -33.754993537680114 -31.297689203596583 90.788612356106427
leaf_weight=87 32 20 37 101 24 70 25 22 57 36 37 23 1130 37 21 34 38 20 86 262 30 25 33 31 22 21 555 53 40 39
leaf_count=87 32 20 37 101 24 70 25 22 57 36 37 23 1130 37 21 34 38 20 86 262 30 25 33 31 22 21 555 53 40 39
internal_value=8.53006e-05 0.00461538 6.67438e-06 -0.000916336 -0.000137158 -0.000623343 0.000211725 -0.00103961 0.000652173 -0.000698926 0.00261905 0.00455882 0.000192461 0.00218563 0.0062069 4.58704e-05 0.00194444 0.00166667 4.94187e-05 -0.000483578 3.64066e-05 0.000515586 0.00310811 0.00525641 0.00254717 -0.000214107 8.47446e-05 0.00218954 0.0010606 0.00315217
internal_weight=3048 52 2996 502 401 377 307 202 115 93 105 68 2494 167 58 109 72 45 2327 1086 824 1241 111 78 53 794 708 153 132 92
internal_count=3048 52 2996 502 401 377 307 202 115 93 105 68 2494 167 58 109 72 45 2327 1086 824 1241 111 78 53 794 708 153 132 92
cat_boundaries=0 1
cat_threshold=5
is_linear=0
shrinkage=0.05


Tree=274
num_leaves=31
num_cat=0
split_feature=10 2 10 6 6 5 5 5 2 2 3 10 1 2 2 2 3 6 7 10 1 1 1 1 3 3 10 2 7 3
split_gain=0.299212 0.308417 0.277138 0.514063 0.96727 0.364684 0.255018 0.601768 0.481221 0.243965 0.30883 0.466667 0.423559 0.381238 0.256999 0.650992 0.442269 0.47091 0.495454 0.363189 0.53711 0.530508 0.40927 0.60158 0.300181 0.377005 0.417044 0.419252 0.569693 0.457458
threshold=25.500000000000004 1466779.4400000002 243.50000000000003 127006.17951327014 157393.97457162139 8689.2106798521982 31441.735362379535 42715.319169421877 308673.01500000007 1270417.1000000003 968199.37000000011 188.50000000000003 924534.84500000009 651454.24500000023 400207.65500000009 409340.1650000001 476012.27071428573 135100.44332905117 1.5000000000000002 88.500000000000014 453839.63000000006 544882.56500000006 568239.64000000001 647897.77500000002 222386.66500000001 169933.02428571432 195.50000000000003 227828.70500000005 4.5000000000000009 174251.78214285718
decision_type=2 2 2 2 2 2 2 2 2 2 2 2 2 2 2 2 2 2 2 2 2 2 2 2 2 2 2 2 2 2
left_child=-1 2 9 5 -5 -4 -7 -8 -9 10 13 12 -12 14 16 -16 17 24 -19 20 -17 -22 -21 -24 25 -2 27 28 29 -27
right_child=1 -3 3 4 -6 6 7 8 -10 -11 11 -13 -14 -15 15 19 -18 18 -20 22 21 -23 23 -25 -26 26 -28 -29 -30 -31
leaf_value=-36.948891293218878 -2.4135693795340858 162.11915530875888 2.9307149591820645 134.42092797747989 -2221.1231269368668 -26.794308706295851 41.530066798132239 -61.383748725241269 83.091461974893335 -6192.329834339188 100.91982583397282 4860.5746426490459 -708.45510110209716 -328.9279171047724 298.7649750774749 -42.92763487760223 -521.48549145067125 350.72081211933823 7.3307442188525584 -19.553795561029887 1402.7370199996276 28.237565868965994 414.01304646247621 -106.24195820201327 -11.094053700624222 41.607730897761996 -11.494516557474569 295.81257215575221 -40.345557808556464 8.5050239756633808
leaf_weight=169 880 36 22 39 22 56 29 41 30 25 27 21 57 147 20 30 66 29 67 209 23 28 24 27 601 55 65 41 50 112
leaf_count=169 880 36 22 39 22 56 29 41 30 25 27 21 57 147 20 30 66 29 67 209 23 28 24 27 601 55 65 41 50 112
internal_value=3.27965e-06 0.000123306 6.50709e-05 0.00169456 0.00565574 0.000337077 -0.000512822 0.000999999 -0.00147887 -8.44866e-05 -3.68372e-05 0.00261905 0.00095238 -0.000149557 6.44488e-06 0.00123269 -0.000218719 -7.89486e-05 0.00333333 0.000718474 0.00364197 0.0067647 -0.000192309 0.00382353 -0.000260533 0.000195344 0.00165635 0.00255814 0.00168203 0.00308383
internal_weight=3048 2879 2843 239 61 178 156 100 71 2604 2579 105 84 2474 2327 361 1966 1900 96 341 81 51 260 51 1804 1203 323 258 217 167
internal_count=3048 2879 2843 239 61 178 156 100 71 2604 2579 105 84 2474 2327 361 1966 1900 96 341 81 51 260 51 1804 1203 323 258 217 167
is_linear=0
shrinkage=0.05


Tree=275
num_leaves=31
num_cat=0
split_feature=10 10 10 6 2 3 3 1 9 10 10 5 3 1 5 2 8 5 1 10 5 2 2 10 3 2 6 6 3 6
split_gain=0.234511 0.778661 0.659515 0.639771 0.45873 0.291365 0.8165 0.46118 0.342751 0.350242 0.399151 0.369175 0.344793 0.455622 0.317303 0.264169 0.245231 0.211537 0.829459 0.598194 0.303754 0.35403 0.494118 0.284313 0.677738 0.585027 0.429504 0.380424 0.358566 0.768065
threshold=210.50000000000003 215.50000000000003 203.50000000000003 122962.54071743919 186863.08000000005 452915.53785714292 417617.69214285718 428246.89500000008 1.0000000180025095e-35 247.50000000000003 242.50000000000003 89646.028026548258 389106.43214285723 116704.96500000001 42350.848692379157 136949.85500000001 1.0000000180025095e-35 228399.33823534072 906157.57000000018 86.500000000000014 278887.53271303652 841203.67500000016 1028137.0450000002 31.500000000000004 90151.568571428594 77807.390000000014 6026.702314369385 98056.32649148276 104367.94928571432 9343.580700110957
decision_type=2 2 2 2 2 2 2 2 2 2 2 2 2 2 2 2 2 2 2 2 2 2 2 2 2 2 2 2 2 2
left_child=2 3 17 4 -2 6 8 -8 9 10 12 15 13 -3 -12 -11 -7 18 23 20 -19 -22 -23 27 -25 -26 -27 -1 -28 -30
right_child=1 5 -4 -5 -6 16 7 -9 -10 11 14 -13 -14 -15 -16 -17 -18 19 -20 -21 21 22 -24 24 25 26 28 -29 29 -31
leaf_value=-34.548020944047522 20.021800881615878 -93.633069398784173 -121.3015123043381 3022.8361041651478 -889.83279717304106 -905.57592678516323 40.417195570261704 282.52918948957438 -245.05126432822226 1.1834228237981403 50.737641204444998 40.018012584666906 -124.39348435991462 12.095359800286586 -0.55152471141616932 -43.90230324147138 340.2077441262752 -133.10979404916006 2467.857541710142 -618.8057102228762 3397.4795909097847 -6045.2585341152917 621.39004430411558 14.561093584167956 57.903819128209889 147.9911405365294 -34.303302726970593 32.372452372951294 22.709995237449306 1.4123095138709958
leaf_weight=200 24 45 82 22 21 70 21 23 28 45 23 28 22 144 22 73 29 25 24 158 27 21 30 26 28 20 94 36 25 1606
leaf_count=200 24 45 82 22 21 70 21 23 28 45 23 28 22 144 22 73 29 25 24 158 27 21 30 26 28 20 94 36 25 1606
internal_value=0.00024326 0.00109375 1.66516e-05 0.00619403 0.00277778 0.000497381 0.00101266 0.0075 0.000348836 0.000721392 0.00183594 -0.00123288 0.000924169 0.00161376 0.00611111 -0.00245763 -0.0019697 0.000172413 0.000342398 -0.00116858 0.00179612 0.00333333 0.000882352 0.000233414 0.00044747 0.000329948 0.000214899 -0.00139831 0.000130434 0.000303494
internal_weight=3042 640 2402 67 45 573 474 44 430 402 256 146 211 189 45 118 99 2320 2059 261 103 78 51 2035 1799 1773 1745 236 1725 1631
internal_count=3042 640 2402 67 45 573 474 44 430 402 256 146 211 189 45 118 99 2320 2059 261 103 78 51 2035 1799 1773 1745 236 1725 1631
is_linear=0
shrinkage=0.05


Tree=276
num_leaves=31
num_cat=0
split_feature=6 6 4 2 2 3 6 6 6 5 4 6 3 7 4 2 4 5 10 3 2 10 2 2 1 7 10 10 7 2
split_gain=0.173724 0.572899 0.213021 0.721645 0.29489 0.383972 0.493335 0.367845 0.466753 0.516196 0.642857 0.728139 0.36295 0.653333 0.539576 0.451622 0.878614 0.942308 0.311001 0.385578 0.302843 0.317213 0.348923 0.311214 0.482359 0.804138 0.326869 0.298411 0.277032 0.542086
threshold=367043.57300942176 361361.47975868621 1039200.7830357144 1083362.1950000001 755449.18500000017 779153.05857142864 211869.44353650193 110373.15389610942 102807.90043296338 102828.78558203026 296472.4780357143 98684.841549004734 352271.63285714295 4.5000000000000009 357759.90303571435 269068.82000000007 383706.95732142864 140885.12103858995 31.500000000000004 90151.568571428594 365105.98000000004 236.50000000000003 80961.35000000002 329237.01500000007 313503.2950000001 2.5000000000000004 225.50000000000003 230.50000000000003 2.5000000000000004 415228.49000000005
decision_type=2 2 2 2 2 2 2 2 2 2 2 2 2 2 2 2 2 2 2 2 2 2 2 2 2 2 2 2 2 2
left_child=1 2 3 4 5 6 7 8 9 18 11 -11 13 14 -9 -14 17 -17 -1 -20 21 22 -21 24 26 -26 -24 -28 29 -18
right_child=-2 -3 -4 -5 -6 -7 -8 12 -10 10 -12 -13 15 -15 -16 16 28 -19 19 20 -22 -23 23 -25 25 -27 27 -29 -30 -31
leaf_value=-34.499434974452875 -157.1900280398151 640.03373115883926 -2039.6970859341779 148.04013406526056 -400.29626404909868 3431.9893305665582 -1281.7232236119928 -117.84663778612344 -99.954914149593804 888.04235316380675 -13.387246136115406 45.587465845782226 -275.22070550835736 373.53669511411613 1029.4062906016377 -34.913163710490004 -59.941861238969857 236.3720441764028 8.8908177259103649 55.008594951097294 46.394663797956134 -10.328603616555334 -1.0233793251722541 -271.16369769844738 277.82370638504614 -15.286783438529875 21.738371900974471 -12.619653924124604 -13.942388206627985 74.7509417615844
leaf_weight=197 158 23 37 26 75 27 64 52 128 20 21 22 96 25 23 26 62 26 40 48 30 172 1110 30 34 37 23 28 253 129
leaf_count=197 158 23 37 26 75 27 64 52 128 20 21 22 96 25 23 26 62 26 40 48 30 172 1110 30 34 37 23 28 253 129
internal_value=9.53308e-05 0.000183771 0.000120586 0.00016997 9.29223e-05 0.000178111 0.000118693 0.000224163 -0.000128867 7.72615e-05 0.00452381 0.00809524 0.00121387 0.004 0.00166667 0.000743242 0.00135081 0.0075 -8.29057e-05 0.000154638 2.64538e-05 -7.42252e-05 0.000190839 3.16945e-05 0.00015422 0.00415493 -9.04405e-05 0.00382353 0.000630629 0.00206806
internal_weight=3042 2884 2861 2824 2798 2723 2696 2632 1940 1812 63 42 692 100 75 592 496 52 1749 1552 1512 1482 1310 1262 1232 71 1161 51 444 191
internal_count=3042 2884 2861 2824 2798 2723 2696 2632 1940 1812 63 42 692 100 75 592 496 52 1749 1552 1512 1482 1310 1262 1232 71 1161 51 444 191
is_linear=0
shrinkage=0.05


Tree=277
num_leaves=31
num_cat=1
split_feature=11 2 5 3 4 6 10 0 0 4 2 2 2 0 6 10 2 2 10 2 2 4 0 10 2 10 2 4 2 10
split_gain=0.169843 0.530161 0.400502 0.526762 0.403951 0.391382 0.399449 0.387741 0.328907 0.402453 0.468519 0.421106 0.322307 0.511402 0.508093 0.75 0.816667 0.595238 0.420779 0.420554 0.312554 0.312554 0.296053 0.263876 0.259639 0.256744 0.273648 0.419841 0.256629 1.16159
threshold=0 210554.06000000003 228399.33823534072 920924.44071428583 1020232.4850000002 114019.63656086488 46.500000000000007 337547.21500000003 395669.96500000003 291125.76803571434 436138.15500000009 524753.90000000014 546466.46000000008 601181.03000000014 135100.44332905117 174.50000000000003 400207.65500000009 415228.49000000005 144.50000000000003 440523.68500000006 702787.15000000014 400155.21071428579 390224.83000000002 31.500000000000004 73314.755000000019 23.500000000000004 86338.800000000003 119463.68892857144 356720.39500000008 105.50000000000001
decision_type=1 2 2 2 2 2 2 2 2 2 2 2 2 2 2 2 2 2 2 2 2 2 2 2 2 2 2 2 2 2
left_child=1 -1 5 -4 -5 -3 -7 23 -9 -10 -11 -12 13 14 19 17 -17 -16 20 22 -14 -21 -8 25 -25 26 -2 -28 -26 -30
right_child=7 2 3 4 -6 6 12 8 9 10 11 -13 18 -15 15 16 -18 -19 -20 21 -22 -23 -24 24 28 -27 27 -29 29 -31
leaf_value=1353.2719586390508 -103.63960216713379 -69.484770675099284 -900.4445781273115 356.51571375962635 -130.87789708071855 65.447321441526725 -796.70359951232649 -200.88829213604947 1752.2840294581108 -1148.9404528135028 86.878901821703593 -17.910378523401658 2094.5748228472489 -430.73134689686526 66.25985681657788 11.157677821244292 563.50301514832654 -213.50991238982652 -355.47240829294037 -27.517828767613082 -127.53960135591512 432.88094871209171 6.1557571551206856 92.396059549120736 0.18315698406873607 -147.87534011774713 57.072256460699421 -15.448069346336951 -798.6023224634896 123.13690649508004
leaf_weight=40 23 24 102 27 156 34 36 108 24 94 33 57 27 46 35 30 30 40 70 20 28 22 40 24 1609 83 20 70 39 51
leaf_count=40 23 24 102 27 156 34 36 108 24 94 33 57 27 46 35 30 30 40 70 20 28 22 40 24 1609 83 20 70 39 51
internal_value=1.31481e-05 0.000630354 0.000345501 -0.00114035 0.00046448 0.00122407 0.00155022 -0.000211582 -0.00183544 -0.000673078 -0.00146739 0.00111111 0.00113207 0.00202341 0.00290514 0.005 0.00916667 0.00166667 -0.001 0.000508473 0.00227273 0.00452381 -0.00171053 5.47148e-05 0.000252465 -0.00168367 -0.000132745 0.00111111 0.000179516 0.00277778
internal_weight=3042 807 767 285 183 482 458 2235 316 208 184 90 424 299 253 135 60 75 125 118 55 42 76 1919 1723 196 113 90 1699 90
internal_count=3042 807 767 285 183 482 458 2235 316 208 184 90 424 299 253 135 60 75 125 118 55 42 76 1919 1723 196 113 90 1699 90
cat_boundaries=0 1
cat_threshold=4
is_linear=0
shrinkage=0.05


Tree=278
num_leaves=31
num_cat=1
split_feature=1 11 0 7 7 0 5 5 1 0 0 0 0 0 4 1 2 5 2 2 1 1 5 7 1 5 0 3 1 2
split_gain=0.200192 0.179538 0.926987 0.653819 0.4753 0.358377 0.330097 0.56901 0.384015 0.501627 0.531868 0.402269 0.401389 0.42 0.933333 0.48 0.351967 0.264775 0.398338 0.292465 0.33943 0.523926 0.371873 0.263736 0.25357 0.798122 0.308304 0.266773 0.254333 0.293393
threshold=69474.885000000009 0 222265.33500000005 3.5000000000000004 5.5000000000000009 278159.82000000007 292071.28661657387 380985.83631915052 906157.57000000018 601181.03000000014 551425.88500000013 507334.46000000008 473850.27500000008 399339.38000000006 418029.89910714288 367511.24500000005 586239.86000000022 371384.67775465845 1170112.9500000002 415228.49000000005 351953.66000000009 411838.23500000004 140885.12103858995 1.5000000000000002 144390.91500000001 75007.560835817465 128401.895 122582.9635714286 130257.54500000001 141486.30000000002
decision_type=2 1 2 2 2 2 2 2 2 2 2 2 2 2 2 2 2 2 2 2 2 2 2 2 2 2 2 2 2 2
left_child=-1 2 -2 5 24 -4 8 -8 9 10 11 12 13 14 -7 -15 -11 18 19 20 -5 -22 -23 -9 25 28 -26 -28 29 -3
right_child=1 4 3 17 -6 6 7 23 -10 16 -12 -13 -14 15 -16 -17 -18 -19 -20 -21 21 22 -24 -25 26 -27 27 -29 -30 -31
leaf_value=-200.50199082205779 142.66347993575732 -0.5286703100653023 -425.18715933707767 -362.76121709834518 7.1692502662546831 -18.130291398571554 -1599.5358803496786 -52.580194988749469 494.14919348783201 -394.50871674259247 216.14266012322582 -43.838392587140433 4837.6159117034704 129.4153459465285 831.88323934929087 -1601.9288893546436 93.022052992750417 -6634.2757237761289 188.6895960776562 -138.35206573973869 795.81215969427376 -1511.812611692606 41.575811633854769 2496.6774772756989 -290.89059060817817 220.88354169214 2.157557511928041 -8.0044476983700594 21.068834258855698 -147.6519909267796
leaf_weight=36 37 500 32 33 313 40 63 28 35 34 22 26 24 20 30 30 35 42 24 153 21 22 29 24 64 30 27 1088 146 34
leaf_count=36 37 500 32 33 313 40 63 28 35 34 22 26 24 20 30 30 35 42 24 153 21 22 29 24 64 30 27 1088 146 34
internal_value=9.53308e-05 0.000139719 0.000773955 0.00041069 -9.49379e-05 0.00165914 0.00205596 -0.000217392 0.00293919 0.00227969 0.00359375 0.00264706 0.00368055 0.0025 0.005 -0.001 -0.00137681 -0.0012963 -0.000744682 -0.00131783 0.000714285 0.00263889 -9.80404e-05 0.00365384 -0.00039439 0.000352111 -0.000843937 -0.000650225 -1.19209e-09 -0.000505619
internal_weight=3042 3006 804 767 2202 443 411 115 296 261 192 170 144 120 70 50 69 324 282 258 105 72 51 52 1889 710 1179 1115 680 534
internal_count=3042 3006 804 767 2202 443 411 115 296 261 192 170 144 120 70 50 69 324 282 258 105 72 51 52 1889 710 1179 1115 680 534
cat_boundaries=0 1
cat_threshold=4
is_linear=0
shrinkage=0.05


Tree=279
num_leaves=31
num_cat=1
split_feature=10 10 7 3 6 7 2 1 2 1 9 5 11 6 10 10 1 10 5 10 10 1 5 7 5 1 6 10 1 1
split_gain=0.175635 0.578303 0.345395 0.294553 0.227748 0.226914 0.649966 0.627557 0.39381 0.422138 0.294687 0.271308 0.246772 0.636524 0.319273 0.571024 2.27811 0.334924 0.30057 0.472901 0.280347 0.260266 0.476016 0.340868 0.191753 0.403994 0.187757 0.237059 0.176611 0.168256
threshold=35.500000000000007 39.500000000000007 1.0000000180025095e-35 301883.79785714293 6026.702314369385 1.5000000000000002 87111.185000000012 88895.295000000013 119288.73000000003 123051.55500000001 1.0000000180025095e-35 12681.974210476614 0 73005.27195932687 204.50000000000003 183.50000000000003 284169.10500000004 100.50000000000001 127358.78526881667 141.50000000000003 247.50000000000003 591945.27000000014 115916.17200422524 1.0000000180025095e-35 12916.928695511595 100706.99000000001 45507.843043542198 18.500000000000004 869690.97500000021 92933.49500000001
decision_type=2 2 2 2 2 2 2 2 2 2 2 2 1 2 2 2 2 2 2 2 2 2 2 2 2 2 2 2 2 2
left_child=2 3 -1 -2 -3 8 7 -7 -6 -10 11 -11 13 -13 15 17 -17 21 -19 -20 -16 22 23 -14 25 -4 -26 -28 -29 -8
right_child=1 4 24 -5 5 6 29 -9 9 10 -12 12 14 -15 20 16 -18 18 19 -21 -22 -23 -24 -25 26 -27 27 28 -30 -31
leaf_value=117.62627201102134 9.3607151855896564 149.49930946567974 -16.137944090504714 75.850479774508557 -196.37860353756767 138.89336978871745 10.429365179715525 5.9450145239272407 50.862489475358302 -74.394590588249926 -135.58420019740967 15.517521899949081 -1.8988345449899962 -1364.9763717069309 -93.921933634640311 1158.1223373029616 -403.89982897824109 -17.48980835535728 -207.46748153441843 186.06575964258366 16.507484009046117 -123.66029845822025 2879.1206238107743 1.6433964739819356 -63.217614698228829 36.208995880633502 52.829750250214424 -196.99634771704461 -440.97240326954648 -0.79795574849061757
leaf_weight=44 34 26 27 20 73 20 108 44 22 47 74 37 31 70 83 21 27 91 34 25 35 28 23 22 102 23 24 84 22 1721
leaf_count=44 34 26 27 20 73 20 108 44 22 47 74 37 31 70 83 21 27 91 34 25 35 28 23 22 102 23 24 84 22 1721
internal_value=-6.90347e-05 6.25909e-05 -0.00116565 0.00518518 -4.13235e-05 -8.72546e-05 0.00020338 0.00515625 -0.000827727 -0.000447762 -0.000679014 -0.000296168 2.84618e-05 -0.00200855 0.000581394 0.00145695 0.00645833 0.00051181 -0.001 0.00177966 -0.00161017 0.00269231 0.00421053 0.00160377 -0.00180851 0.000999999 -0.00241379 -0.00115385 -0.00216981 3.00699e-05
internal_weight=3042 2716 326 54 2662 2636 1893 64 743 670 648 574 527 107 420 302 48 254 150 59 118 104 76 53 282 50 232 130 106 1829
internal_count=3042 2716 326 54 2662 2636 1893 64 743 670 648 574 527 107 420 302 48 254 150 59 118 104 76 53 282 50 232 130 106 1829
cat_boundaries=0 1
cat_threshold=2
is_linear=0
shrinkage=0.05


Tree=280
num_leaves=31
num_cat=0
split_feature=3 3 6 5 10 10 3 7 10 10 4 3 5 0 10 4 0 6 4 0 5 0 7 10 4 4 5 3 7 4
split_gain=0.558366 0.576613 0.366591 0.475847 0.356961 0.391 0.268374 0.430282 0.415722 0.249639 0.5369 0.826934 0.423332 0.354775 0.631911 0.597757 0.959604 0.726301 0.672758 0.776704 0.818437 0.5167 0.396931 0.521588 0.356125 0.321358 0.503671 0.476352 0.314658 0.291864
threshold=90550.175714285724 91164.116428571433 7816.898001939544 8481.9218015551087 131.50000000000003 213.50000000000003 115961.09571428572 1.5000000000000002 62.500000000000007 102.50000000000001 903807.27875000006 1009431.5150000001 12681.974210476614 535414.21000000008 106.50000000000001 301775.62375000009 195215.27000000005 127006.17951327014 405819.34464285715 390224.83000000002 103256.24612878035 265544.56500000006 4.5000000000000009 188.50000000000003 304008.04589285719 510112.9064285715 176176.98395671838 380580.67428571434 5.5000000000000009 487485.96125000005
decision_type=2 2 2 2 2 2 2 2 2 2 2 2 2 2 2 2 2 2 2 2 2 2 2 2 2 2 2 2 2 2
left_child=-1 -2 -3 4 -4 -6 7 -5 -9 10 12 -12 -8 14 -11 -16 -17 18 19 21 -21 -18 29 -24 -23 26 27 -19 -29 -15
right_child=1 2 3 6 5 -7 9 8 -10 13 11 -13 -14 22 15 16 17 25 -20 20 -22 24 23 -25 -26 -27 -28 28 -30 -31
leaf_value=-39.439909359693402 51.500846323668021 -11.726511845510544 42.073720674082878 27.078540519785037 -62.279004468985789 88.946477549194313 32.353579373608959 -725.97219269451216 147.02164332764175 202.65025376792224 667.6841886068911 -798.39602980726875 -23.643634330083579 -918.47710568821731 -1.4505611982692312 198.58305992144759 115.84554467788553 52.677106853935996 199.38183873617777 299.6429677508844 5.9903505783417712 6.9931048715169757 -186.18483330723905 1824.1734825780634 -27.09436505385856 -1535.2507206997625 158.32596473503608 -59.956719826259054 247.30220144654811 -63.717536500064661
leaf_weight=108 35 114 36 27 35 22 56 22 27 32 31 49 778 71 908 20 32 37 29 23 34 30 34 29 78 51 31 121 24 155
leaf_count=108 35 114 36 27 35 22 56 22 27 32 31 49 778 71 908 20 32 37 29 23 34 30 34 29 78 51 31 121 24 155
internal_value=-7.95725e-05 4.88039e-05 -2.72491e-05 8.50449e-05 0.00360215 0.00114035 -3.48125e-05 0.00289474 0.00010204 -0.000118735 -0.000787747 0.003125 -0.00116307 0.000232891 0.000551723 0.000394921 0.0017647 0.00132653 0.00340708 0.0023604 0.0072807 0.000357142 -0.00136678 0.00214286 -0.0012963 -0.000454547 0.00039906 -0.000604397 -0.00189655 -0.00234513
internal_weight=3079 2971 2936 2822 93 57 2729 76 49 2653 914 80 834 1739 1450 1418 510 490 226 197 57 140 289 63 108 264 213 182 145 226
internal_count=3079 2971 2936 2822 93 57 2729 76 49 2653 914 80 834 1739 1450 1418 510 490 226 197 57 140 289 63 108 264 213 182 145 226
is_linear=0
shrinkage=0.05


Tree=281
num_leaves=31
num_cat=0
split_feature=1 6 4 4 0 2 2 2 0 4 6 2 1 4 6 2 2 0 0 5 5 10 2 5 1 2 4 6 6 10
split_gain=0.406203 0.650246 0.760521 1.21 0.521497 0.485671 0.527665 0.452704 0.440246 0.358137 0.330451 0.63122 0.437457 0.598394 0.942308 0.28906 1.19472 0.472028 0.356004 0.617878 0.292401 0.27885 0.268236 0.327286 0.542402 0.483491 0.296202 0.371153 0.355271 0.592347
threshold=306049.81500000006 127006.17951327014 405819.34464285715 420279.74303571432 265544.56500000006 251981.21500000003 300053.88000000006 84004.390000000014 213621.71500000003 299689.54392857145 121145.85760887423 305767.98500000004 211662.92000000001 224455.03446428574 81664.153204817194 337313.51000000007 352487.06500000006 271484.84500000003 372629.17500000005 102828.78558203026 20431.333941662022 182.50000000000003 189547.73500000002 63529.329816426594 181311.70500000002 180361.31500000003 175699.42982142861 49149.38181282374 44395.902811311913 76.500000000000014
decision_type=2 2 2 2 2 2 2 2 2 2 2 2 2 2 2 2 2 2 2 2 2 2 2 2 2 2 2 2 2 2
left_child=4 2 5 -4 7 -2 9 -1 -3 -7 12 -12 13 22 -15 20 -17 -18 -19 -20 -8 -21 23 24 26 -26 27 28 -9 -30
right_child=1 8 3 -5 -6 6 15 10 -10 -11 11 -13 -14 14 -16 16 17 18 19 21 -22 -23 -24 -25 25 -27 -28 -29 29 -31
leaf_value=-117.37268577876466 -1010.9089530039515 158.01012190814643 196.34957140844153 -61.944800637384709 -53.192371824323999 77.286175059791333 13.13189989428821 -0.14981942467381082 -18.758699122496541 31.931340562321413 48.917701904004012 -812.71590032732433 -41.930465775692369 251.47846106206222 -16.771229006198848 217.74848937850786 55.623544645523012 -42.693970952752061 209.90895800453586 12.19704834338533 -13.667291789882114 -779.91976429122406 -27.301491358554109 -80.605441416993045 -6.5865815193094939 208.87898287745986 20.203614640544711 -330.2179165760088 -44.542080519844319 18.55405005730784
leaf_weight=139 27 34 20 25 375 21 22 752 694 25 23 26 158 26 26 26 30 70 32 37 78 26 97 85 34 31 23 34 25 58
leaf_count=139 27 34 20 25 375 21 22 752 694 25 23 26 158 26 26 26 30 70 32 37 78 26 97 85 34 31 23 34 25 58
internal_value=-7.95725e-05 0.000655526 0.0021754 0.00833333 -0.000528244 0.00147208 0.00194823 -0.000120366 -0.00026099 0.00695652 0.000150213 0.00418367 3.70526e-06 0.000331653 0.00557692 0.00123053 0.00223982 0.000897435 -0.000151516 0.0018421 -0.001 -0.00103175 9.21849e-05 0.000326294 0.000590385 0.005 0.000269057 0.000120827 0.00032934 0.00343373
internal_weight=3079 1167 439 45 1912 394 367 1537 728 46 1398 49 1349 1191 52 321 221 195 165 95 100 63 1139 1042 957 65 892 869 835 83
internal_count=3079 1167 439 45 1912 394 367 1537 728 46 1398 49 1349 1191 52 321 221 195 165 95 100 63 1139 1042 957 65 892 869 835 83
is_linear=0
shrinkage=0.05


Tree=282
num_leaves=31
num_cat=0
split_feature=6 5 10 4 2 5 2 1 0 10 6 2 2 10 2 2 6 0 2 10 6 10 0 10 1 1 0 2 5 2
split_gain=0.332774 0.509097 0.346681 0.507937 0.285435 0.430941 0.442336 0.252211 0.813068 1.16684 0.45359 0.882692 0.550926 0.521605 0.393629 0.561333 0.390352 0.381253 0.377802 0.372561 0.348964 0.708929 0.573172 0.702705 0.49973 1.07143 0.324355 0.422609 0.30213 0.41409
threshold=7816.898001939544 8481.9218015551087 131.50000000000003 135965.0325 89783.920000000013 6233.2414089869762 94242.095000000016 407176.96500000003 237839.24000000002 123.50000000000001 127006.17951327014 338602.64000000007 405998.49000000005 218.50000000000003 173950.72500000003 170725.78500000003 124518.64445812728 210298.58000000002 177520.34500000003 257.50000000000006 44395.902811311913 224.50000000000003 162742.00000000003 181.50000000000003 133808.64500000005 116704.96500000001 372629.17500000005 495609.40000000008 193358.77887970794 479878.03000000009
decision_type=2 2 2 2 2 2 2 2 2 2 2 2 2 2 2 2 2 2 2 2 2 2 2 2 2 2 2 2 2 2
left_child=4 2 -2 -4 -1 6 -6 14 9 -9 11 -10 -13 26 15 16 17 19 -16 20 -3 22 23 24 25 -22 -14 -28 29 -20
right_child=1 7 3 -5 5 -7 -8 8 10 -11 -12 12 13 -15 18 -17 -18 -19 28 -21 21 -23 -24 -25 -26 -27 27 -29 -30 -31
leaf_value=-160.31361770155013 39.977525611611789 -4.4227186231086586 19.585077336881657 -130.80192372065738 19.686089747432703 -16.489455533068021 -1.6414219256215909 -23.75735620147627 53.051278808733855 340.4435625220006 -25.961393485979308 -54.105280804058012 1.7275144542338987 -759.45048061661055 -57.948692647111606 37.350120311624799 42.296297419664818 -596.74121561529728 -3.4076376407371627 39.188132092679439 0.77909839756539612 53.375472313879676 -548.52675861752448 -104.29092242387954 -10.910460984314611 35.161745958192284 216.38607114173431 112.08169322050342 111.67515809130519 -23.801474758441156
leaf_weight=79 36 476 42 21 23 77 36 23 20 22 580 28 33 27 55 34 27 69 968 21 35 28 35 37 39 21 23 25 58 81
leaf_count=79 36 476 42 21 23 77 36 23 20 22 580 28 33 27 55 34 27 69 968 21 35 28 35 37 39 21 23 25 58 81
internal_value=-7.95725e-05 6.2848e-05 0.00358586 0.00134921 -0.00197675 -0.000588236 0.00262712 -6.32923e-05 0.000697822 0.00722222 0.000298912 0.00269231 0.00125 0.00287037 -0.000362904 0.000474451 0.000203044 -6.57149e-06 -0.000955251 0.00034682 0.000141579 0.00192308 0.000688622 0.00219697 0.00447368 0.0075 0.00487654 0.0075 -0.000754292 -0.000948524
internal_weight=3079 2864 99 63 215 136 59 2765 781 45 736 156 136 108 1984 822 788 761 1162 692 671 195 167 132 95 56 81 48 1107 1049
internal_count=3079 2864 99 63 215 136 59 2765 781 45 736 156 136 108 1984 822 788 761 1162 692 671 195 167 132 95 56 81 48 1107 1049
is_linear=0
shrinkage=0.05


Tree=283
num_leaves=31
num_cat=0
split_feature=3 0 5 3 3 3 4 5 2 5 4 2 4 0 4 10 2 10 10 2 0 3 4 0 4 7 3 10 0 2
split_gain=0.435057 0.295756 0.408519 0.224425 0.402757 0.388503 0.656671 0.320472 0.658949 0.296698 0.238566 0.347093 0.458009 0.346091 0.436025 0.482143 0.381349 0.199141 0.785518 0.46102 0.381349 0.595238 0.339648 0.664403 0.343696 0.332239 0.252514 0.220029 0.453605 0.553748
threshold=90550.175714285724 84004.775000000009 47685.674120121177 91164.116428571433 104367.94928571432 115961.09571428572 118687.7460714286 8481.9218015551087 138408.285 7318.200877185036 125017.97535714287 98692.750000000015 153694.26196428572 132294.65000000005 122945.75500000002 189.50000000000003 119288.73000000003 233.50000000000003 223.50000000000003 185465.33000000005 420963.16000000009 296702.07214285719 395324.75696428574 381765.96500000003 414646.92553571431 5.5000000000000009 131836.65642857147 208.50000000000003 318444.77500000008 160427.07000000004
decision_type=2 2 2 2 2 2 2 2 2 2 2 2 2 2 2 2 2 2 2 2 2 2 2 2 2 2 2 2 2 2
left_child=-1 2 -2 -3 -5 6 -6 8 9 -7 13 12 -12 14 15 16 -9 18 26 -20 21 -21 25 -24 -25 -19 -13 -28 29 -29
right_child=1 3 -4 4 5 7 -8 10 -10 -11 11 17 -14 -15 -16 -17 -18 22 19 20 -22 -23 23 24 -26 -27 27 28 -30 -31
leaf_value=-37.37835182419439 -1.451927634850013 60.257906370318778 26.270610311425258 -20.934963022131445 313.27461198646097 -85.372613916342033 -2.7628837013806731 -197.37447674911559 36.683189080880759 15.056784684248374 149.05835487261666 -510.75494675495111 -46.212725656376051 -115.701614527571 -65.647306909690116 134.1162546582427 57.494581697016365 -25.008811042190704 9.145415105976948 -0.005066450617477309 -309.11854476299118 111.80467496916502 144.81716470901088 22.158342042981435 -835.68801469933214 6.4381978927847401 -1.2448000421778638 -69.55368817068414 -223.40036713585297 176.21389129987014
leaf_weight=108 58 33 38 105 22 23 32 36 39 34 20 26 22 96 46 28 20 146 22 21 30 21 22 21 68 27 1777 20 65 53
leaf_count=108 58 33 38 105 22 23 32 36 39 34 20 26 22 96 46 28 20 146 22 21 30 21 22 21 68 27 1777 20 65 53
internal_value=-3.08554e-05 8.24626e-05 0.0028125 -8.69684e-06 -5.62996e-05 6.02838e-05 0.00425926 -2.42278e-05 0.0028125 -0.000614036 -0.000129495 1.90585e-05 0.00452381 -0.00168142 -1.19209e-09 0.00214286 -0.000535715 -6.25281e-05 0.000110564 0.00457447 0.00263889 0.00571428 -0.00130282 0.000855855 -0.00106742 -0.00268786 -0.000105617 -3.91657e-05 0.00188406 0.00458904
internal_weight=3079 2971 96 2875 2842 2737 54 2683 96 57 2587 2361 42 226 130 84 56 2319 2035 94 72 42 284 111 89 173 1941 1915 138 73
internal_count=3079 2971 96 2875 2842 2737 54 2683 96 57 2587 2361 42 226 130 84 56 2319 2035 94 72 42 284 111 89 173 1941 1915 138 73
is_linear=0
shrinkage=0.05


Tree=284
num_leaves=31
num_cat=0
split_feature=1 0 4 0 0 1 6 6 4 4 4 2 6 6 6 4 0 1 1 0 4 1 5 6 6 1 4 4 5 5
split_gain=0.391196 0.221205 1.07469 0.851302 0.543478 0.480497 0.374817 0.369447 0.918765 1.21 0.352509 0.304133 0.497726 0.591066 0.390333 0.541216 0.976619 0.331579 0.426518 0.327389 0.287596 0.353062 0.373502 0.510071 0.365764 0.434211 0.376869 0.51107 0.319565 0.270003
threshold=81082.300000000017 146575.25500000003 224455.03446428574 142611.07500000004 144522.85000000003 302096.73000000004 12743.038189134628 127006.17951327014 405819.34464285715 420279.74303571432 173329.87660714288 159031.20500000002 34958.101065373776 36888.230992773686 38761.893008739375 122945.75500000002 94883.685000000012 100706.99000000001 128088.22000000002 97677.235000000015 136095.90785714288 87705.310000000012 11491.827503407048 10172.673165672535 9452.1154460247708 132956.40500000003 92183.090535714306 91719.473214285725 32234.866698631249 20431.333941662022
decision_type=2 2 2 2 2 2 2 2 2 2 2 2 2 2 2 2 2 2 2 2 2 2 2 2 2 2 2 2 2 2
left_child=-1 2 3 11 -5 6 10 8 29 -10 -3 12 20 -14 -15 16 -16 -17 -19 -20 21 -2 23 24 25 26 27 -23 -24 -7
right_child=1 5 -4 4 -6 7 -8 -9 9 -11 -12 -13 13 14 15 17 -18 18 19 -21 -22 22 28 -25 -26 -27 -28 -29 -30 -31
leaf_value=-130.59575662284968 -136.13906924107701 84.416690225933507 644.07203906561097 37.313288450847203 -7.903815164303591 66.63450156696841 -10.135304260452413 -9.506553326377869 189.98584280837053 -66.009975536920862 -36.880320538250757 -69.51435965198398 235.28869373478688 -262.44549449329554 1.8741742362290765 56.85695920501054 322.49233164240968 -188.65739944309396 7.9793125001744034 -35.665959496141532 -81.198016444406079 -2.7882842879581986 -104.04626354195712 51.021465730023756 -152.71770459616755 130.87685843907988 -13.643651120866886 11.503719578377122 32.311644554822571 1.0598692606777915
leaf_weight=105 69 37 30 23 23 35 925 719 20 25 29 90 24 22 39 38 20 43 22 30 36 43 49 33 27 24 64 45 20 370
leaf_count=105 69 37 30 23 23 35 925 719 20 25 29 90 24 22 39 38 20 43 22 30 36 43 49 33 27 24 64 45 20 370
internal_value=-9.58115e-05 1.00862e-05 0.00071253 0.000357142 0.00695652 -0.000254631 -0.00106458 0.000431992 0.00155555 0.00833333 0.00257576 -5.42017e-05 0.000324073 0.00214286 0.00130841 0.00203125 0.00601695 0.000263157 -0.00131579 0.00173077 -0.000731709 -0.000320857 0.000409835 0.00135593 0.000418718 0.00125 0.000263157 0.00238636 -0.00282609 0.000802468
internal_weight=3079 2974 814 784 46 2160 991 1169 450 45 66 738 648 238 214 192 59 133 95 52 410 374 305 236 203 176 152 88 69 405
internal_count=3079 2974 814 784 46 2160 991 1169 450 45 66 738 648 238 214 192 59 133 95 52 410 374 305 236 203 176 152 88 69 405
is_linear=0
shrinkage=0.05


Tree=285
num_leaves=31
num_cat=1
split_feature=4 0 5 4 6 2 0 3 6 7 6 11 2 2 2 6 0 4 3 2 3 5 0 4 4 6 4 6 5 0
split_gain=0.233856 0.777623 0.504167 0.4332 0.785043 0.483285 0.462722 0.432586 0.4 0.307605 0.812676 0.501807 1.15189 0.417201 0.866232 0.567037 0.54272 0.621724 0.456405 0.342804 0.305807 0.660849 0.416843 0.27466 0.887044 0.777351 0.564504 0.358011 0.296063 0.550298
threshold=409704.43375000008 306470.57000000001 180203.9220039123 494266.58017857152 164136.70395113775 524753.90000000014 591652.38000000012 420395.72500000009 155481.2509383517 1.0000000180025095e-35 122962.54071743919 0 161367.42000000004 173950.72500000003 170725.78500000003 12743.038189134628 167935.79000000004 217614.23589285716 444401.80285714293 147200.40000000002 148912.87142857147 78113.717897721697 262709.99500000005 91719.473214285725 92051.925357142871 7163.1150196360077 119907.76926948053 36888.230992773686 13491.805258870227 98820.410000000018
decision_type=2 2 2 2 2 2 2 2 2 2 2 1 2 2 2 2 2 2 2 2 2 2 2 2 2 2 2 2 2 2
left_child=9 2 8 4 5 7 -5 -3 -2 10 11 12 -1 14 16 -15 17 19 -17 23 -14 22 -22 -11 25 -25 27 -26 -28 -30
right_child=1 3 -4 6 -6 -7 -8 -9 -10 13 -12 -13 20 15 -16 18 -18 -19 -20 -21 21 -23 -24 24 26 -27 28 -29 29 -31
leaf_value=235.57439145885334 170.56990231277851 47.394246291870445 250.31705754615965 -149.69233225396871 1309.169661937924 166.66365713124208 6.2232682689175096 -1109.4041486305275 -367.15060853458886 -21.249796127372576 167.29849102337022 -44.83989629453815 -41.584997029575561 146.66784787720599 97.992506192052659 -11.542550418598706 -94.617082534750352 34.466323750182987 48.163968069891901 -15.399584736343275 41.857210380171672 -73.524248136521848 780.23306320357722 14.533151898505398 -52.81764345973609 -1.4696601381599081 12.610696049675765 5.06217373692634 14.854674616727829 -45.519308887015512
leaf_weight=23 20 30 24 133 36 33 315 56 20 99 39 129 48 28 35 968 173 33 32 77 22 58 21 20 100 23 127 37 120 160
leaf_count=23 20 30 24 133 36 33 315 56 20 99 39 129 48 28 35 968 173 33 32 77 22 58 21 20 100 23 127 37 120 160
internal_value=-0.000129978 0.00069715 0.0059375 0.000140961 0.00241935 0.000462184 -0.000647323 -0.00151163 0.0025 -0.000362564 0.00102941 0.0001495 0.00186813 -0.000595474 0.000129481 -0.0013035 -0.00014964 0.000402009 -0.0015 0.000111401 0.000369126 0.00193069 0.00662791 0.000466471 0.000877341 0.0077907 0.000330881 -0.00244526 0.00126536 0.000357142
internal_weight=3039 667 64 603 155 119 448 86 40 2372 340 301 172 2032 1004 1028 969 796 1000 763 149 101 43 686 587 43 544 137 407 280
internal_count=3039 667 64 603 155 119 448 86 40 2372 340 301 172 2032 1004 1028 969 796 1000 763 149 101 43 686 587 43 544 137 407 280
cat_boundaries=0 1
cat_threshold=3
is_linear=0
shrinkage=0.05


Tree=286
num_leaves=31
num_cat=0
split_feature=1 1 2 4 0 5 10 6 6 10 0 1 0 4 10 6 4 6 6 1 1 1 6 4 6 5 6 6 5 2
split_gain=0.181755 0.446664 0.600851 0.349238 0.683388 0.904274 0.489879 0.337254 0.66556 1.48966 0.587357 0.366305 0.383042 0.946753 0.525974 0.494949 0.727867 0.456441 1.21263 0.352941 0.32191 0.598554 0.310685 0.302847 0.439376 0.282051 0.281318 0.429383 0.464291 0.62006
threshold=140502.31000000003 136164.27500000005 140536.59500000003 396645.29946428578 306470.57000000001 180203.9220039123 199.50000000000003 102807.90043296338 44578.192004132761 93.500000000000014 97677.235000000015 124051.74000000001 95836.580000000016 92051.925357142871 62.500000000000007 40486.246300593797 120614.08482142859 37188.494001121588 42210.887596326334 117803.21000000001 162530.45500000005 165720.92000000001 9135.3004326359351 391241.97714285721 172782.68422723815 27943.878949590802 143520.64543863767 110373.15389610942 107301.43079407841 436138.15500000009
decision_type=2 2 2 2 2 2 2 2 2 2 2 2 2 2 2 2 2 2 2 2 2 2 2 2 2 2 2 2 2 2
left_child=1 7 -3 20 5 6 -5 8 11 -10 -11 12 17 -14 -15 16 25 -1 -19 -18 -2 -22 -13 24 -23 -16 27 -6 -29 -30
right_child=3 2 -4 4 26 -7 -8 -9 9 10 -12 22 13 14 15 -17 19 18 -20 -21 21 23 -24 -25 -26 -27 -28 28 29 -31
leaf_value=-22.524824189837858 -34.779672548364374 89.869824713119513 -30.261590481228769 -696.28151861552999 -539.35870543155386 216.89854583426046 52.34359801504533 -1839.845300245363 136.71301272146806 7.9387454983047538 -135.24248005049702 3.8104393376373253 67.285533557825474 -138.3452416559501 -49.81982303407807 -188.36319701402337 124.22252930411298 47.430834206900691 -123.83283211348865 37.607593362255663 23.351950657014189 -4.3316643843629414 -36.481558774298222 -496.92742577582123 104.70838949665267 18.554885424932234 -37.316077723738005 -201.60088167067133 -66.216543633477372 175.63224879330176
leaf_weight=213 220 37 27 38 22 26 26 32 39 28 55 20 30 36 22 33 27 30 36 24 38 1100 86 82 22 26 510 46 49 59
leaf_count=213 220 37 27 38 22 26 26 32 39 28 55 20 30 36 22 33 27 30 36 24 38 1100 86 82 22 26 510 46 49 59
internal_value=-0.000278053 0.000368288 0.004375 -0.000509385 0.000347937 0.00444444 0.00125 2.03516e-05 0.000248226 0.00360656 -0.000180724 -0.000454547 0.000136267 0.00181818 0.000357142 0.00181818 0.00358586 -0.00105735 0.00257576 0.0077451 -0.000964433 -0.000652175 -0.00311321 -0.000847177 -0.0006328 -0.000833335 -0.000189506 0.00153409 0.00246753 0.00425926
internal_weight=3039 801 64 2238 776 90 64 737 705 122 83 583 477 198 168 132 99 279 66 51 1462 1242 106 1204 1122 48 686 176 154 108
internal_count=3039 801 64 2238 776 90 64 737 705 122 83 583 477 198 168 132 99 279 66 51 1462 1242 106 1204 1122 48 686 176 154 108
is_linear=0
shrinkage=0.05


Tree=287
num_leaves=31
num_cat=0
split_feature=7 3 10 10 3 3 3 9 6 3 0 7 6 0 0 1 10 3 0 1 10 10 3 5 5 10 10 0 1 1
split_gain=0.298366 0.444921 0.430258 0.4524 0.90923 0.757207 0.43584 0.521843 0.341856 0.30235 1.49439 0.576956 0.325192 0.562542 0.540109 0.429386 0.609524 0.306856 0.303655 0.447353 0.286508 0.27 0.269141 0.27 0.237429 0.216176 0.601043 0.241304 0.209921 0.207491
threshold=5.5000000000000009 91388.61500000002 224.50000000000003 119.50000000000001 225722.15785714288 120660.18285714286 498526.83071428578 1.0000000180025095e-35 15151.481715867514 406457.7028571429 306470.57000000001 3.5000000000000004 120478.11991451381 416304.46500000003 577566.06000000017 552618.79500000004 201.50000000000003 397755.18857142859 1074964.1100000001 1270417.1000000003 204.50000000000003 42.500000000000007 409974.92000000004 69911.154821609802 4874.8839069713058 90.500000000000014 134.50000000000003 902965.40000000014 364003.37000000005 469258.57000000007
decision_type=2 2 2 2 2 2 2 2 2 2 2 2 2 2 2 2 2 2 2 2 2 2 2 2 2 2 2 2 2 2
left_child=9 -2 3 4 5 -3 7 -5 -7 17 11 -11 13 -12 29 16 28 24 19 25 -20 -6 23 -4 -1 27 -27 -17 -16 -14
right_child=1 2 22 6 21 8 -8 -9 -10 10 12 -13 14 -15 15 18 -18 -19 20 -21 -22 -23 -24 -25 -26 26 -28 -29 -30 -31
leaf_value=-72.872781286522965 7.3735627892861615 -174.12723940705544 2.5587496896247708 -34.606918314517763 62.470760964510944 1.4474241779029757 182.83052240368042 5.0906353539227025 25.013725154252878 29.430036774965345 180.11764910259899 291.7908359105474 -302.22355259629387 -199.48562354720457 95.262869007645705 -1071.248527301741 -1023.4990992319061 -154.27360525503641 -1176.8506752039236 1276.5793381403489 370.62736898442961 -219.85774870889233 398.45597408764411 -80.741193652021707 -3.6000087083496597 801.35189995244787 -68.950346120828272 -491.80376013467878 2859.3801340247974 -62.889939506527746
leaf_weight=32 24 20 30 140 25 22 20 21 32 37 20 20 93 26 20 37 24 43 70 25 20 75 22 20 1888 29 39 23 36 106
leaf_count=32 24 20 30 140 25 22 20 21 32 37 20 20 93 26 20 37 24 43 70 25 20 75 22 20 1888 29 39 23 36 106
internal_value=-0.000310959 0.00087583 0.000503512 -0.000211269 0.00160919 0.00581081 -0.00196133 -0.00282609 0.00888889 -0.000517776 0.000439999 0.00815789 -0.000334508 0.00369565 -0.000689656 0.000572754 0.00375 -0.000822722 -0.000473252 0.000882352 -0.00277778 -0.0015 0.00402778 0.002 -0.000729168 -0.000312501 0.00161765 -0.0025 0.00660714 -0.00273869
internal_weight=3039 451 427 355 174 74 181 161 54 2588 625 57 568 46 522 323 80 1963 243 153 90 100 72 50 1920 128 68 60 56 199
internal_count=3039 451 427 355 174 74 181 161 54 2588 625 57 568 46 522 323 80 1963 243 153 90 100 72 50 1920 128 68 60 56 199
is_linear=0
shrinkage=0.05


Tree=288
num_leaves=31
num_cat=0
split_feature=6 10 10 6 0 0 10 6 6 10 0 6 0 6 5 5 6 3 5 2 4 5 6 5 0 2 4 2 6 10
split_gain=0.174984 0.290033 0.700606 0.4 0.185764 0.55 0.432549 0.500525 0.686644 0.396023 0.176867 0.168416 0.611616 0.198192 0.230129 0.422159 0.17543 0.53389 0.825714 0.603571 0.300812 0.542457 0.501958 0.894622 0.489143 0.443617 0.344309 0.285421 0.271124 0.261865
threshold=7816.898001939544 184.50000000000003 121.50000000000001 6927.7645778391561 96982.175000000003 94883.685000000012 161.50000000000003 37188.494001121588 42210.887596326334 116.50000000000001 106896.07000000002 9452.1154460247708 138480.01000000004 9839.8124710019456 9035.634615971554 8278.0665702847164 110373.15389610942 310743.97214285721 71742.172016100943 324265.02000000008 398491.41375000007 103256.24612878035 124518.64445812728 119512.71187824332 306470.57000000001 417986.48000000004 491220.28318783076 356720.39500000008 106377.10293599313 184.50000000000003
decision_type=2 2 2 2 2 2 2 2 2 2 2 2 2 2 2 2 2 2 2 2 2 2 2 2 2 2 2 2 2 2
left_child=1 2 -1 -4 5 6 7 -2 -9 -10 -6 12 -12 -13 15 -15 28 18 -18 -20 21 27 23 -22 25 -24 -27 -19 -16 -26
right_child=4 -3 3 -5 10 -7 -8 8 9 -11 11 13 -14 14 16 -17 17 20 19 -21 22 -23 24 -25 29 26 -28 -29 -30 -31
leaf_value=-19.89618072194596 -62.402560411169986 -10.132407783059596 66.930976983688623 -25.097598468312384 -30.835073915274183 130.18886346497956 -9.6575093574014197 53.74277913909259 -101.16500159468572 15.573091475474676 -122.76680865722341 -48.723936813811626 14.842566994297336 -1.2733651800382308 -3.949619444380426 43.604809280591219 -919.60375584486428 1065.2364994853558 95.46648612389977 97.480494757185113 -144.24657638784217 -106.12306374789465 -854.89527552962556 308.66641729482217 -107.4844492596754 4.5168406281069284 256.83875753510017 -0.73868571842515429 -259.03868792821601 75.165116477231592
leaf_weight=110 49 52 20 20 55 22 70 20 39 20 28 23 34 43 1297 23 25 20 24 21 33 195 26 23 425 20 21 31 58 192
leaf_count=110 49 52 20 20 55 22 70 20 39 20 28 23 34 43 1297 23 25 20 24 21 33 195 26 23 425 20 21 31 58 192
internal_value=-0.000360317 -0.00178218 -0.000666668 0.005 -0.000259078 0.00113636 0.000303029 0.00203125 0.00449367 0.00177966 -0.000376386 -0.00031616 0.00225806 -0.000380001 -0.000337103 0.00257576 -0.000416841 6.62867e-05 0.00428571 0.00833333 -0.000233267 -0.00174797 0.000270269 0.00482143 -0.00010234 0.00395522 0.00719512 0.00284314 -0.000793359 -0.000542951
internal_weight=3039 202 150 40 2837 220 198 128 79 59 2617 2562 62 2500 2477 66 2411 1056 70 45 986 246 740 56 684 67 41 51 1355 617
internal_count=3039 202 150 40 2837 220 198 128 79 59 2617 2562 62 2500 2477 66 2411 1056 70 45 986 246 740 56 684 67 41 51 1355 617
is_linear=0
shrinkage=0.05


Tree=289
num_leaves=31
num_cat=1
split_feature=2 3 2 2 7 2 10 6 6 2 0 7 6 2 10 10 7 3 2 0 0 10 11 10 10 7 0 1 10 0
split_gain=0.30572 0.52883 0.392908 0.44485 0.386422 0.527019 1.22261 0.319644 0.369127 0.414216 0.312554 0.297273 0.545483 0.739192 0.572659 0.397651 0.355005 0.32948 0.516822 0.77203 0.663693 0.962791 0.421695 0.43126 0.633268 0.356487 0.34019 0.43877 0.386622 0.647052
threshold=1028137.0450000002 856184.22142857162 924534.84500000009 841203.67500000016 5.5000000000000009 193901.95500000005 70.500000000000014 398738.94413311017 342164.97671014967 1349801.5700000001 125164.31500000002 1.0000000180025095e-35 23662.505942467422 160427.07000000004 36.500000000000007 85.500000000000014 1.5000000000000002 92084.120714285731 92939.950000000026 100913.70000000001 88854.420000000013 136.50000000000003 0 229.50000000000003 223.50000000000003 3.5000000000000004 136949.85500000001 164631.90500000003 102.50000000000001 142611.07500000004
decision_type=2 2 2 2 2 2 2 2 2 2 2 2 2 2 2 2 2 2 2 2 2 2 1 2 2 2 2 2 2 2
left_child=2 -2 3 4 11 6 10 8 -3 -10 -6 12 -1 -14 -15 -16 -13 -18 19 20 21 -19 25 24 26 -20 -24 28 -28 -30
right_child=1 7 -4 -5 5 -7 -8 -9 9 -11 -12 16 13 14 15 -17 17 18 22 -21 -22 -23 23 -25 -26 -27 27 -29 29 -31
leaf_value=-45.360991643444123 494.15164737937198 -4813.633840662721 -2943.9932446696703 638.39750086669108 42.834840486074135 -2.5096944915046842 0.18024394090326634 -1568.3924720851819 425.33192673413998 -245.08647772558732 34.026081765670618 -40.37939718451549 339.05191318750963 130.56638360225051 -55.913626440413651 15.53889753851835 -7.352916982465759 51.055640182137864 -390.98035191710881 -34.782698716032684 268.17530224442669 -162.46004817642404 -7.653879369068779 -43.185457889771179 63.012822152775897 -4.4340245086091192 0.72063817386038287 -0.18995844709794762 -3.4587896107861336 118.06762362893244
leaf_weight=104 21 23 47 34 22 247 132 33 24 27 20 390 23 22 60 198 113 20 190 51 30 23 130 135 22 195 40 611 21 31
leaf_count=104 21 23 47 34 22 247 132 33 24 27 20 390 23 22 60 198 113 20 190 51 30 23 130 135 22 195 40 611 21 31
internal_value=-0.000360317 0.00203125 -0.000465477 -0.000391063 -0.000459365 0.000938241 0.00304598 0.000607475 0.00243243 0.00480392 0.0104762 -0.000703613 0.000528254 0.00160066 0.000892856 0.000232557 -0.000954047 -0.000626552 -0.000430288 0.00266129 0.0059589 0.00197674 -0.000709092 -0.000150001 0.000263157 -0.00208861 4.20156e-05 0.000476528 0.00369565 0.00653846
internal_weight=3039 128 2911 2864 2830 421 174 107 74 51 42 2409 407 303 280 258 2002 1612 1499 124 73 43 1375 990 855 385 833 703 92 52
internal_count=3039 128 2911 2864 2830 421 174 107 74 51 42 2409 407 303 280 258 2002 1612 1499 124 73 43 1375 990 855 385 833 703 92 52
cat_boundaries=0 1
cat_threshold=1
is_linear=0
shrinkage=0.05


Tree=290
num_leaves=31
num_cat=0
split_feature=2 7 2 10 7 9 5 5 2 2 2 3 10 1 3 4 4 4 3 1 2 2 3 10 3 1 4 10 5 1
split_gain=0.393501 0.494929 0.543972 0.452913 0.418213 0.350417 0.34955 0.447386 0.330263 0.300129 0.503808 0.353057 0.445455 0.533597 0.288673 0.833882 0.277778 0.324813 0.266129 0.688923 0.252723 0.54277 0.81 0.25 0.212208 1.07378 1.49899 0.942297 0.676692 0.492091
threshold=819491.67500000016 5.5000000000000009 99396.960000000006 35.500000000000007 5.5000000000000009 1.0000000180025095e-35 160148.23591941161 324285.28731276351 87837.290000000023 195687.98500000002 131490.65000000002 498526.83071428578 119.50000000000001 286404.10000000003 1082063.2450000001 903807.27875000006 1061388.8887500002 1099443.6676785718 147745.96357142858 168962.67000000001 570289.31000000017 538185.72500000009 400956.68571428576 95.500000000000014 448650.97928571433 432365.23500000004 400155.21071428579 188.50000000000003 103256.24612878035 367511.24500000005
decision_type=2 2 2 2 2 2 2 2 2 2 2 2 2 2 2 2 2 2 2 2 2 2 2 2 2 2 2 2 2 2
left_child=1 20 8 -4 6 9 -2 14 -3 10 -5 12 13 -11 15 -8 23 -18 -12 -20 21 24 -23 -9 25 29 28 -28 -27 -1
right_child=4 2 3 5 -6 -7 7 16 -10 11 18 -13 -14 -15 -16 -17 17 -19 19 -21 -22 22 -24 -25 -26 26 27 -29 -30 -31
leaf_value=-2.6103495079898287 -976.61174346839107 6.1345598657561204 -19.126150996800874 -5.0559003520569821 -545.12671294583424 13.611327359197041 78.659032261225107 -5672.0365058339994 37.601800428151634 -94.163757645727756 0.045227855889572455 85.281528001272704 -34.121447103122719 43.943102624486798 -30.422369218459494 1197.2738349090919 1077.0465805931615 -728.39442630691167 179.17980764352856 70.770123691891612 -71.354395827879998 -48.222708005021836 3633.67001736369 80.106893719895609 -128.70480956854755 369.97498432685643 40.513190086076477 567.66432131733745 -54.522124131694888 -386.74767942082258
leaf_weight=1819 24 21 32 26 32 31 32 25 22 20 31 32 99 46 23 25 23 22 21 23 174 25 20 20 192 20 30 21 56 85
leaf_count=1819 24 21 32 26 32 31 32 25 22 20 31 32 99 46 23 25 23 22 21 23 174 25 20 20 192 20 30 21 56 85
internal_value=-0.000149741 -0.000309207 0.00131188 0.000678669 0.00185841 0.001231 0.00273196 0.00352941 0.00662791 0.000704697 0.00292079 -0.000431473 -0.00136364 0.00181818 0.00625 0.00815789 0.00111111 0.00388889 0.005 0.0075 -0.000577397 -0.000436509 0.005 -0.00166667 -0.00054656 -0.000396358 0.00405512 0.0106863 -0.000394738 -0.000693279
internal_weight=3072 2846 404 361 226 329 194 170 43 298 101 197 165 66 80 57 90 45 75 44 2442 2268 45 45 2223 2031 127 51 76 1904
internal_count=3072 2846 404 361 226 329 194 170 43 298 101 197 165 66 80 57 90 45 75 44 2442 2268 45 45 2223 2031 127 51 76 1904
is_linear=0
shrinkage=0.05


Tree=291
num_leaves=31
num_cat=0
split_feature=2 7 1 1 5 2 10 4 0 0 2 5 10 4 2 2 10 10 0 10 4 4 10 2 5 2 5 0 1 0
split_gain=0.446427 0.411887 0.367584 0.51979 0.337964 0.548891 0.500998 0.318524 0.390178 0.242422 0.312871 0.506897 0.445908 0.293458 0.232012 0.410915 0.2703 0.493554 0.601186 0.277473 0.269242 0.381084 0.481349 0.438027 0.462268 0.866351 0.611037 0.429731 0.4 0.380983
threshold=841203.67500000016 5.5000000000000009 112560.93500000001 90460.950000000026 90564.208972458073 479878.03000000009 210.50000000000003 296472.4780357143 320408.80000000005 124164.94500000002 337313.51000000007 34194.460926803331 70.500000000000014 150629.87678571432 570289.31000000017 553620.76000000013 81.500000000000014 86.500000000000014 292011.27500000008 75.500000000000014 513273.52767857147 398491.41375000007 228.50000000000003 261101.73000000001 116729.40733952666 431588.42000000004 144382.88999112198 337547.21500000003 411838.23500000004 317020.21500000003
decision_type=2 2 2 2 2 2 2 2 2 2 2 2 2 2 2 2 2 2 2 2 2 2 2 2 2 2 2 2 2 2
left_child=1 14 3 -3 9 6 7 -6 -9 -4 11 12 -11 -13 15 16 19 18 -18 -1 21 27 23 -23 28 26 -26 29 -25 -19
right_child=-2 2 4 -5 5 -7 -8 8 -10 10 -12 13 -14 -15 -16 -17 17 20 -20 -21 -22 22 -24 24 25 -27 -28 -29 -30 -31
leaf_value=-6.7079367854631231 167.71239801678206 2.0362095700043432 -16.201334911171113 96.66855452028058 -38.430320023310806 -224.0421437590233 476.7536344612858 68.195587661179431 32.649137556405641 4.1546964856031234 -49.352896826428726 -15.692897606656969 -43.642686870558613 62.914151550599712 -53.628139544336911 1067.1220316091214 -68.798915518972237 -1.9251969958231645 7483.0226696140835 -69.800237395431225 -219.55406350512209 -217.41794837464627 -25.451664921451229 -2919.5184325980745 482.87244488733631 10.709775650595359 132.8102285112144 -42.609833649209342 76.877184281471443 12.243563234030557
leaf_weight=574 213 27 29 22 22 50 26 20 39 20 27 21 67 37 184 22 23 1080 22 49 65 24 54 20 20 36 31 179 20 49
leaf_count=574 213 27 29 22 22 50 26 20 39 20 27 21 67 37 184 22 23 1080 22 49 65 24 54 20 20 36 31 179 20 49
internal_value=-0.000166017 -0.000330536 0.0011425 0.00520408 0.000586591 0.00232484 0.00434579 0.00240741 0.00432203 -0.000771145 -5.81407e-05 0.000862068 -0.00155173 0.00448276 -0.000575042 -0.000436509 -0.000503118 -0.000163279 0.005 -0.00138844 -0.000310521 -0.00017515 0.00182927 0.00327814 0.00444882 0.00649425 0.0106863 -0.000489298 -1.19209e-09 -0.000128433
internal_weight=3072 2859 407 49 358 157 107 81 59 201 172 145 87 58 2452 2268 2246 1623 45 623 1578 1513 205 151 127 87 51 1308 40 1129
internal_count=3072 2859 407 49 358 157 107 81 59 201 172 145 87 58 2452 2268 2246 1623 45 623 1578 1513 205 151 127 87 51 1308 40 1129
is_linear=0
shrinkage=0.05


Tree=292
num_leaves=31
num_cat=1
split_feature=2 7 11 1 4 2 4 2 3 4 3 3 6 2 10 2 2 2 3 3 3 10 3 1 6 10 10 7 4 2
split_gain=0.52175 0.281493 0.645851 1.16963 0.497399 0.489733 0.396355 0.326785 0.398626 0.446413 0.304593 0.261886 0.395928 0.33218 0.331829 0.260825 0.257259 0.245141 0.255256 0.279771 0.333062 0.244482 0.238636 0.492816 0.185343 0.177914 0.347254 0.219927 0.219446 0.393381
threshold=841203.67500000016 1.5000000000000002 0 140502.31000000003 218950.02750000005 458903.97500000003 250432.3978571429 729229.20000000007 779153.05857142864 1020232.4850000002 572687.07071428583 703693.51000000013 382296.36668734596 1170112.9500000002 42.500000000000007 546466.46000000008 516985.39500000008 479878.03000000009 519856.9671428572 468749.88285714295 437656.4114285715 111.50000000000001 389106.43214285723 578635.78500000015 42898.718367399662 86.500000000000014 100.50000000000001 1.0000000180025095e-35 299498.07750000007 172731.66000000003
decision_type=2 2 1 2 2 2 2 2 2 2 2 2 2 2 2 2 2 2 2 2 2 2 2 2 2 2 2 2 2 2
left_child=1 2 3 -1 24 6 -6 8 10 -10 15 -2 14 -14 -13 16 17 18 19 20 -3 -16 -7 -24 -5 -4 -27 28 29 -28
right_child=11 7 25 4 5 22 -8 -9 9 -11 -12 12 13 -15 21 -17 -18 -19 -20 -21 -22 -23 23 -25 -26 26 27 -29 -30 -31
leaf_value=293.72362701555375 71.054429223787153 -0.074451531351329578 -102.92421848063326 -1.8415434778329318 32.091138625557868 -11.974643398935719 315.82390101272472 -247.63848675631309 2748.9138140322066 -257.08096855902073 -2273.5890400296485 105.61105279336698 3868.8516989829945 244.12423187376589 -6237.8091234853291 -220.57986342909203 128.58041574482544 -376.14866144169235 131.65004128010565 -203.51277292415134 466.00255546982203 3.8950208564111102 221.01369747427077 -191.11941083024158 -117.48488392279518 32.927953615372189 -42.581049667408102 -188.24694152276103 -34.072743221415195 32.134310817698342
leaf_weight=20 31 1670 174 45 23 21 22 35 25 23 33 26 25 38 36 76 25 43 25 62 29 57 27 29 49 29 55 196 72 51
leaf_count=20 31 1670 174 45 23 21 22 35 25 23 33 26 25 38 36 76 25 43 25 62 29 57 27 29 49 29 55 196 72 51
internal_value=-0.000345053 -0.000522911 -0.00130996 0.000894308 -0.00013889 0.00196721 0.00611111 -0.000210167 -0.000126804 0.004375 -0.000236884 0.00204225 0.00131868 0.00452381 -0.000378152 -0.000155442 -3.77574e-05 -0.000106617 -1.67985e-05 -8.80194e-05 3.23708e-05 -0.00177419 -0.000454547 0.00125 -0.00287234 -0.0021891 -0.00165013 -0.00205882 -0.000786518 0.000660376
internal_weight=3072 2859 813 236 216 122 45 2046 2011 48 1963 213 182 63 119 1930 1854 1829 1786 1761 1699 93 77 56 94 577 403 374 178 106
internal_count=3072 2859 813 236 216 122 45 2046 2011 48 1963 213 182 63 119 1930 1854 1829 1786 1761 1699 93 77 56 94 577 403 374 178 106
cat_boundaries=0 1
cat_threshold=1
is_linear=0
shrinkage=0.05


Tree=293
num_leaves=31
num_cat=0
split_feature=2 0 4 4 5 10 8 4 4 1 2 0 4 10 10 2 6 6 4 5 5 2 6 9 0 4 4 5 6 0
split_gain=0.51466 0.359709 0.514733 0.58551 0.402631 0.335175 0.357672 0.5625 0.34208 0.568562 0.328369 0.324235 0.277906 0.264543 0.274446 0.259387 0.254004 0.259562 0.508094 0.345346 0.310904 0.592717 0.442781 0.399882 0.456049 0.261345 0.870144 0.68225 0.544485 1.26715
threshold=841203.67500000016 343228.20500000007 464517.94517857145 501511.33589285723 95124.444919640286 153.50000000000003 1.0000000180025095e-35 401334.3548214286 491220.28318783076 457749.13000000006 417986.48000000004 420963.16000000009 418029.89910714288 131.50000000000003 122.50000000000001 538185.72500000009 5860.0634045541501 44395.902811311913 123252.52321428573 46739.233436995681 41835.934761459641 161367.42000000004 68069.032986903228 1.0000000180025095e-35 246158.66500000001 296472.4780357143 367074.60357142863 68912.420012181989 123793.04869707425 275240.94500000007
decision_type=2 2 2 2 2 2 2 2 2 2 2 2 2 2 2 2 2 2 2 2 2 2 2 2 2 2 2 2 2 2
left_child=1 2 16 -4 -3 11 8 -8 9 12 -11 -6 -7 14 -13 -12 -1 19 -19 -18 21 -20 -22 25 -25 27 -27 -24 29 -28
right_child=-2 4 3 -5 5 6 7 -9 -10 10 15 13 -14 -15 -16 -17 17 18 20 -21 22 -23 23 24 -26 26 28 -29 -30 -31
leaf_value=2.8172583038757568 155.06341150168885 -28.311072306397463 393.61681563269855 76.620827832512347 -331.91889340731541 -540.02308845968253 466.19387335927672 23.560674222605975 -359.91514006183075 401.02618709431516 -118.48923603874128 -71.351784359497529 307.48076530227405 -162.51671207441581 438.33363320339697 138.6651639023263 -1.7212568898760336 62.51417990254145 104.18524890274662 -56.426644897840823 -24.818999849364122 -44.99761617191966 29.665962539138338 137.20325241863293 -4.0058716941510024 79.212485210605038 54.413825086775937 -19.646188220672833 -296.10935056686588 -23.024327938057709
leaf_weight=26 213 116 22 36 72 76 24 48 56 27 23 219 28 40 20 33 1046 36 30 88 162 21 62 29 30 68 24 277 77 43
leaf_count=26 213 116 22 36 72 76 24 48 56 27 23 219 28 40 20 33 1046 36 30 88 162 21 62 29 30 68 24 277 77 43
internal_value=-0.000328777 -0.000505423 -0.000161292 0.00448276 -0.00141944 -0.000945947 0.000238094 0.00333333 -0.000679014 0.000347592 0.00343373 -0.00200855 -0.00211539 -0.00123656 -0.000606696 0.00125 -0.000294702 -0.000358757 0.000296856 -0.00085538 4.25261e-05 0.00382353 -0.000207255 0.000409835 0.00432203 -9.0756e-06 0.00136792 -0.000870208 -0.000833335 0.00246269
internal_weight=3072 2859 2077 58 782 666 315 72 243 187 83 351 104 279 239 56 2019 1993 859 1134 823 51 772 610 59 551 212 339 144 67
internal_count=3072 2859 2077 58 782 666 315 72 243 187 83 351 104 279 239 56 2019 1993 859 1134 823 51 772 610 59 551 212 339 144 67
is_linear=0
shrinkage=0.05


Tree=294
num_leaves=31
num_cat=1
split_feature=2 11 7 7 7 5 0 4 4 5 5 0 0 5 7 1 5 5 5 4 1 5 2 5 2 1 4 7 2 1
split_gain=0.439871 0.348226 0.571585 0.47619 0.732623 0.780471 0.565385 0.556855 0.487013 0.483969 0.512397 0.400758 0.613636 0.612745 0.387774 0.327542 0.578704 0.634921 0.327066 0.85034 0.719528 0.293666 0.273497 0.788683 0.440394 0.513405 0.504193 0.396355 0.334789 0.291147
threshold=841203.67500000016 0 1.0000000180025095e-35 1.5000000000000002 2.5000000000000004 13171.136983466056 129389.77 301775.62375000009 134558.59517857144 156314.5847961297 106658.83706061462 184942.17500000002 449186.14500000008 34741.368890882528 5.5000000000000009 92933.49500000001 34741.368890882528 50134.18121885624 42350.848692379157 238141.32821428575 424970.04000000004 94078.567190292888 332156.45500000002 89646.028026548258 301824.55000000005 241666.32000000004 400155.21071428579 3.5000000000000004 308673.01500000007 249520.31500000003
decision_type=2 1 2 2 2 2 2 2 2 2 2 2 2 2 2 2 2 2 2 2 2 2 2 2 2 2 2 2 2 2
left_child=1 2 11 -3 5 6 8 -7 -5 10 -9 13 21 -1 15 16 -4 -18 -16 -20 -21 -13 23 28 25 27 -27 -25 -6 -24
right_child=-2 3 14 4 22 7 -8 9 -10 -11 -12 12 -14 -15 18 -17 17 -19 19 20 -22 -23 29 24 -26 26 -28 -29 -30 -31
leaf_value=109.9805399562579 147.31024092660377 -43.739779472959157 -333.72042153942164 19.01612339097516 -3.1719544550983141 -24.450087400649196 449.59116088431506 13.523165368645929 -11.314855087459346 -848.88754067175 308.39159885566806 289.84274919964872 -159.20809324961044 -60.13157035827399 162.65625728526078 -8.1021075667248148 129.77018842537399 -321.40089790832837 -101.81249824614865 160.86548704164818 15.031459005726028 114.55920288120386 190.35102415740735 7.3725511099483505 75.495221968416459 -114.24739507802404 705.95392348083521 359.23400126810526 1.7328628192570403 -20.808464812635595
leaf_weight=20 213 577 27 33 643 123 26 30 21 38 28 23 22 34 34 508 24 21 35 20 29 21 24 23 25 57 31 22 34 306
leaf_count=20 213 577 27 33 643 123 26 30 21 38 28 23 22 34 34 508 24 21 35 20 29 21 24 23 25 57 31 22 34 306
internal_value=-0.000149741 -0.000313048 0.000555554 -0.000660655 -0.000184427 0.00202341 0.00625 0.000479451 0.00333333 0.00333333 0.0062069 0.00375 0.00636364 0.000555554 1.43255e-05 -0.000517243 0.00263889 0.00611111 0.00262712 0.00095238 0.00520408 0.00977273 -0.000751074 -0.000269462 0.00291139 0.00176692 -0.000454547 0.00611111 -0.00101182 -0.0019697
internal_weight=3072 2859 818 2041 1464 299 80 219 54 96 58 120 66 54 698 580 72 45 118 84 49 44 1165 835 158 133 88 45 677 330
internal_count=3072 2859 818 2041 1464 299 80 219 54 96 58 120 66 54 698 580 72 45 118 84 49 44 1165 835 158 133 88 45 677 330
cat_boundaries=0 1
cat_threshold=1
is_linear=0
shrinkage=0.05


Tree=295
num_leaves=31
num_cat=0
split_feature=1 0 0 3 0 5 2 6 2 5 3 5 6 2 6 0 10 10 3 3 5 10 10 10 10 1 3 0 3 3
split_gain=0.405018 1.35219 0.6515 0.540019 0.503016 0.653828 0.458021 0.760392 0.416257 0.446339 0.647918 0.578689 0.689954 0.446429 0.408691 0.376475 0.304739 0.515645 0.438989 0.853186 0.298662 0.362369 0.555092 0.514643 0.704684 0.373306 0.498615 0.307787 0.344556 0.561733
threshold=508344.71500000008 273357.30500000005 343228.20500000007 464564.0450000001 366146.72000000003 217629.27568927195 386468.1650000001 141796.91365776389 337313.51000000007 136534.7931255649 452915.53785714292 163323.57170830676 154249.21202559429 651454.24500000023 354878.31159492291 625018.81500000006 153.50000000000003 215.50000000000003 403279.36928571435 388157.50714285712 108516.60207817449 238.50000000000003 223.50000000000003 166.50000000000003 162.50000000000003 106673.93000000001 150239.20714285717 326744.49500000005 223240.32214285719 215496.73571428575
decision_type=2 2 2 2 2 2 2 2 2 2 2 2 2 2 2 2 2 2 2 2 2 2 2 2 2 2 2 2 2 2
left_child=2 -2 3 6 -3 8 7 20 -6 10 -10 12 -11 -13 16 -7 -4 18 19 -18 21 22 23 24 27 -24 -27 28 29 -1
right_child=1 4 14 -5 5 15 -8 -9 9 11 -12 13 -14 -15 -16 -17 17 -19 -20 -21 -22 -23 25 -25 -26 26 -28 -29 -30 -31
leaf_value=1.3333746618403886 107.64209384411902 -628.06933259296864 -212.88710626073799 391.69555851993755 -635.3115322599557 -2755.5288225002546 -14.08804946400816 152.39635301098824 203.07127176873661 59.939170302423079 -215.62133469312909 -123.73110079799631 3604.4478942012788 126.79256646236902 613.592246177123 38.305141786054271 0.85995334887772867 -217.5838404595616 -46.473584026150085 315.47801023503069 -35.702142212083977 -12.228214943534061 -15.820267845790411 -12.823606169531956 31.291553672676368 96.848241106357293 8.7597740784667284 397.32306754160038 -12.989785790207982 31.301592362251746
leaf_weight=786 26 37 221 24 24 41 110 31 37 21 36 28 20 28 20 210 48 109 65 20 104 169 26 390 25 28 46 22 231 50
leaf_count=786 26 37 221 24 24 41 110 31 37 21 36 28 20 28 20 210 48 109 65 20 104 169 26 390 25 28 46 22 231 50
internal_value=-8.73734e-05 0.00120079 -0.000346536 4.40732e-05 0.000601659 0.00106741 -4.45998e-05 0.000136267 0.00324742 0.00411765 0.00116438 0.0063402 0.0108537 0.00303571 -0.00199793 -0.000617531 -0.00230022 -0.00107438 0.00101504 0.00382353 7.99028e-06 0.000160743 0.000392767 0.000152924 0.000700178 0.004 0.00581081 0.000509641 0.00038894 0.000861243
internal_weight=3033 508 2525 2042 482 445 2018 1908 194 170 73 97 41 56 483 251 463 242 133 68 1877 1773 1604 1504 1114 100 74 1089 1067 836
internal_count=3033 508 2525 2042 482 445 2018 1908 194 170 73 97 41 56 483 251 463 242 133 68 1877 1773 1604 1504 1114 100 74 1089 1067 836
is_linear=0
shrinkage=0.05


Tree=296
num_leaves=31
num_cat=0
split_feature=1 1 0 0 4 0 0 4 0 0 5 0 6 6 0 1 10 1 6 4 0 10 5 0 5 6 7 4 4 6
split_gain=0.574346 1.51864 1.26551 0.480292 0.493405 0.56561 0.848381 0.425114 0.376566 0.917909 0.312012 0.292363 0.320273 0.344228 0.41725 0.634921 0.307878 0.287676 0.681704 0.458009 0.287803 0.385541 0.387884 0.283074 0.387144 0.270758 0.669262 0.312191 0.50381 1.16952
threshold=508344.71500000008 524288.31500000006 273357.30500000005 190720.65500000003 224455.03446428574 180691.23000000001 137770.52500000002 392618.93571428576 582636.63500000013 661823.4800000001 285611.02608859289 200374.95000000004 71047.26365873059 23953.404157472276 299583.55000000005 300308.26000000007 153.50000000000003 428246.89500000008 142629.21340348822 345289.2882142858 343228.20500000007 104.50000000000001 92947.605091194229 282461.83500000002 45751.739366519068 6212.6344031628169 2.5000000000000004 119907.76926948053 122945.75500000002 43945.739976583114
decision_type=2 2 2 2 2 2 2 2 2 2 2 2 2 2 2 2 2 2 2 2 2 2 2 2 2 2 2 2 2 2
left_child=3 -2 -3 4 25 6 -6 -4 -9 -10 11 -5 13 -13 23 -16 17 20 19 -19 21 22 -14 24 -15 26 -1 -27 29 -29
right_child=1 2 7 10 5 -7 -8 8 9 -11 -12 12 16 14 15 -17 -18 18 -20 -21 -22 -23 -24 -25 -26 27 -28 28 -30 -31
leaf_value=27.671070865307101 305.94096058890284 124.91043938943758 100.38496266180279 -23.139971222485073 633.60993758159611 277.87469638234296 -8.8444489655152267 -109.56827961004598 1316.8232237287523 19.796993265617481 342.53808063386759 -16.314657373433388 -132.6866972886514 15.990078628786671 167.38425687976232 -59.123524780106074 -4.7764557516473953 -5.1364212200838937 -338.61489154321725 903.9304566607351 -578.72713630364092 -116.10784424252586 49.105894142317055 -106.37679911727126 -1.3858652609817315 -11.046237159469264 -12.006386482676145 7.3333907446463931 -0.46966519223270647 243.96643656883353
leaf_weight=29 20 23 32 72 20 22 41 152 27 254 35 138 52 32 24 21 392 22 34 20 158 58 57 20 51 289 31 106 780 21
leaf_count=29 20 23 32 72 20 22 41 152 27 254 35 138 52 32 24 21 392 22 34 20 158 58 57 20 51 289 31 106 780 21
internal_value=-3.79174e-05 0.00149606 0.000942622 -0.000346536 0.000302463 0.00403614 0.00155738 0.000376343 -3.46432e-05 0.00104982 -0.00107926 -0.00122068 -0.00101483 0.000419579 0.00209459 0.00611111 -0.00153216 -0.00250624 0.000263157 0.00452381 -0.00315385 -0.00170659 4.58704e-05 0.000339805 0.0016265 5.57313e-05 0.00333333 -0.000108697 0.000347298 0.00326772
internal_weight=3033 508 488 2525 1339 83 61 465 433 281 1186 1151 1079 286 148 45 793 401 76 42 325 167 109 103 83 1256 60 1196 907 127
internal_count=3033 508 488 2525 1339 83 61 465 433 281 1186 1151 1079 286 148 45 793 401 76 42 325 167 109 103 83 1256 60 1196 907 127
is_linear=0
shrinkage=0.05


Tree=297
num_leaves=31
num_cat=1
split_feature=1 4 0 0 1 11 8 2 5 0 10 5 3 4 2 5 4 4 1 1 10 10 10 10 4 10 10 10 3 1
split_gain=0.345772 0.90247 0.901493 0.402244 0.366125 0.325705 0.423185 0.407876 0.399708 0.369305 0.323221 0.465562 0.3416 0.301659 0.300741 0.311147 0.29146 0.67972 0.37567 0.507516 0.533605 0.425057 0.655085 1.14407 0.521739 0.422777 0.477238 0.377508 0.288518 0.395634
threshold=508344.71500000008 385148.46392857149 262709.99500000005 372629.17500000005 483238.4150000001 0 1.0000000180025095e-35 84004.390000000014 94078.567190292888 86269.435000000012 163.50000000000003 124216.35452310253 1157977.4778571432 1082648.0912500001 715226.3600000001 171267.9743014519 464517.94517857145 508332.40803571435 364003.37000000005 319151.15000000008 165.50000000000003 185.50000000000003 121.50000000000001 141.50000000000003 135965.0325 103.50000000000001 93.500000000000014 243.50000000000003 135208.22785714289 144390.91500000001
decision_type=2 2 2 2 2 1 2 2 2 2 2 2 2 2 2 2 2 2 2 2 2 2 2 2 2 2 2 2 2 2
left_child=4 -2 -3 -4 5 6 7 -1 28 -9 -5 -12 13 14 15 -13 18 -18 19 21 -21 22 25 -24 -25 26 -11 -23 -7 -30
right_child=1 2 3 10 -6 8 -8 9 -10 16 11 12 -14 -15 -16 -17 17 -19 -20 20 -22 27 23 24 -26 -27 -28 -29 29 -31
leaf_value=-143.14435535274089 90.164361569998064 118.66491741996249 -503.51011563062741 -13.306750001935086 -369.07141332477147 -7.2663573950638778 -4.566962746260061 15.743375021697259 -36.099455272918831 -0.46652514735090583 339.44127382385517 47.28959736717853 3829.6068518544344 -784.60324660931474 147.25334129102166 -3311.3399140177717 1137.6397184575671 20.966340654233555 -239.93558689463626 -8.721870841250924 85.252097202227802 -34.352545563459039 185.71170449045562 25.759716619442386 -3.5563101650162068 -43.70041736440848 533.84869039837326 1.5282788776993166 30.348285884654945 -0.57921199009804658
leaf_weight=43 22 23 36 278 43 444 342 36 368 171 26 33 21 24 22 23 26 40 70 26 25 134 35 23 69 36 24 47 119 404
leaf_count=43 22 23 36 278 43 444 342 36 368 171 26 33 21 24 22 23 26 40 70 26 25 134 35 23 69 36 24 47 119 404
internal_value=-0.000186285 0.00100394 0.000555554 7.55928e-05 -0.000425744 -0.000346496 0.000272255 0.00090062 -0.000873607 0.00116798 0.000503512 0.00238255 0.00109756 -9.80404e-05 0.00141026 -0.000535715 0.000922864 0.00409091 0.000606059 0.00101695 0.00578431 0.000565862 0.00156424 0.00444882 0.00152174 -2.16462e-05 0.000897435 -0.00140884 -0.000346433 0.00044933
internal_weight=3033 508 486 463 2525 2482 1147 805 1335 762 427 149 123 102 78 56 726 66 660 590 51 539 358 127 92 231 195 181 967 523
internal_count=3033 508 486 463 2525 2482 1147 805 1335 762 427 149 123 102 78 56 726 66 660 590 51 539 358 127 92 231 195 181 967 523
cat_boundaries=0 1
cat_threshold=12
is_linear=0
shrinkage=0.05


Tree=298
num_leaves=31
num_cat=0
split_feature=4 4 10 10 4 3 4 3 6 6 6 3 0 0 4 5 0 0 0 10 4 5 0 0 5 5 5 4 4 4
split_gain=0.284331 0.733914 0.396644 0.463768 0.267559 0.261239 0.452026 1.42427 0.373269 0.435763 0.293322 0.330271 0.270086 0.644972 0.557724 0.23402 0.324758 0.563776 0.357498 0.354311 0.416017 0.340278 0.360119 0.312786 0.451872 1.18532 0.29632 0.232471 0.208277 0.383735
threshold=1061388.8887500002 1082648.0912500001 190.50000000000003 163.50000000000003 1119888.7521428575 1043417.1457142859 791081.76035714301 798706.82857142866 281981.5255516576 265376.84609726974 367043.57300942176 920924.44071428583 678984.24500000023 601181.03000000014 476945.73303571431 11202.065064796345 100913.70000000001 124164.94500000002 137770.52500000002 130.50000000000003 174592.28821428577 10577.424144262284 142611.07500000004 91936.055000000008 6979.6512325721978 5869.527124083922 9198.2233382541726 135410.90026785716 119907.76926948053 121578.59142857142
decision_type=2 2 2 2 2 2 2 2 2 2 2 2 2 2 2 2 2 2 2 2 2 2 2 2 2 2 2 2 2 2
left_child=5 -2 3 4 -3 6 8 -8 9 12 11 -9 13 15 -15 16 23 -18 27 20 26 22 -21 24 25 -1 -20 -19 -17 -30
right_child=1 2 -4 -5 -6 -7 7 10 -10 -11 -12 -13 -14 14 -16 28 17 18 19 21 -22 -23 -24 -25 -26 -27 -28 -29 29 -31
leaf_value=-1.3886522324677919 931.59195017449713 123.16948922097443 -4848.9284929149135 3554.8594251044788 -862.51618039387176 -2174.3633117114668 587.09853385578424 -247.84134487902645 -2512.8138627492708 4107.2906706857084 -2676.1506530973606 545.22390879051579 -311.51525152185263 -723.23953438612898 708.56259020271807 -39.429448557707445 57.658392410052421 12.150543037119512 11.927362973614711 -126.84799878554799 -13.822113731758245 -46.799531352393217 15.385472508684039 -13.844309702762146 -140.86922320258975 26.61267748996805 113.75315672081504 -15.724152873300183 16.025526195253942 -3.7195067309670153
leaf_weight=57 23 26 26 23 20 48 20 37 62 21 21 21 66 20 21 151 30 20 22 21 35 24 27 82 25 28 20 47 74 1915
leaf_count=57 23 26 26 23 20 48 20 37 62 21 21 21 66 20 21 151 30 20 22 21 35 24 27 82 25 28 20 47 74 1915
internal_value=-0.000202771 0.00220339 0.000263157 0.00224638 -0.000652175 -0.000300173 -0.000238927 0.00308081 -0.00035766 -0.000269772 6.32899e-05 0.00189655 -0.000325886 -0.000246278 0.00597561 -0.00034523 0.000707761 0.00191057 0.00101852 0.00238255 0.00474026 -0.00013889 0.00229167 -0.000833335 0.00090909 0.00264706 0.00809524 -0.00201493 -0.000560749 -0.000424838
internal_weight=3033 118 95 69 46 2915 2867 99 2768 2706 79 58 2685 2619 41 2578 438 246 216 149 77 72 48 192 110 85 42 67 2140 1989
internal_count=3033 118 95 69 46 2915 2867 99 2768 2706 79 58 2685 2619 41 2578 438 246 216 149 77 72 48 192 110 85 42 67 2140 1989
is_linear=0
shrinkage=0.05


Tree=299
num_leaves=31
num_cat=0
split_feature=1 1 0 0 5 7 0 10 1 6 4 10 4 4 3 0 0 7 3 10 10 10 10 10 1 1 6 3 1 4
split_gain=0.717757 0.588386 0.776403 0.381823 0.48327 0.657014 0.543525 0.606294 0.9 0.487772 0.797922 0.443223 0.380952 0.352448 0.473377 0.288713 0.403509 0.627475 0.342604 0.266511 0.264198 0.309232 0.67552 0.270284 0.3407 0.244898 0.237429 0.236011 0.83263 0.497593
threshold=508344.71500000008 524288.31500000006 273357.30500000005 436138.15500000009 292071.28661657387 2.5000000000000004 557495.57500000007 86.500000000000014 699785.88500000013 376970.88855045469 1061388.8887500002 46.500000000000007 1099443.6676785718 791081.76035714301 572687.07071428583 337547.21500000003 500171.74000000005 1.5000000000000002 464564.0450000001 233.50000000000003 223.50000000000003 216.50000000000003 213.50000000000003 190.50000000000003 92318.240000000005 351953.66000000009 111103.17560738053 226609.01785714287 311341.90000000008 224455.03446428574
decision_type=2 2 2 2 2 2 2 2 2 2 2 2 2 2 2 2 2 2 2 2 2 2 2 2 2 2 2 2 2 2
left_child=15 -2 -3 -4 5 6 -5 -8 -9 -6 -11 -7 -12 14 -13 18 -17 25 19 20 21 22 23 27 -25 -18 -26 28 29 -1
right_child=1 2 3 4 9 11 7 8 -10 10 12 13 -14 -15 -16 16 17 -19 -20 -21 -22 -23 -24 24 26 -27 -28 -29 -30 -31
leaf_value=-0.082676241379124688 273.85782420481848 75.505213138818988 -749.84002775075851 66.692491842349654 -940.34793485955004 217.79714734527343 181.33611179002344 158.23695394736387 421.98985664761267 -1687.8011931199719 195.99641548811832 -156.81680752058628 3460.3819978609799 -902.19743455861123 689.67530713759254 -88.515296829503498 65.176726785119882 -34.96796078971429 368.75300671635659 -5.0646817066210801 49.456146726146869 -20.092944915065566 312.94065628915536 12.889430422411781 -45.906696258747651 29.688025727191935 4.847466315728628 -6.1651285980773167 30.384385122088105 295.11113200609498
leaf_weight=976 20 23 88 40 84 21 26 20 20 33 21 35 21 36 20 329 21 127 23 225 69 51 22 23 139 28 21 399 29 43
leaf_count=976 20 23 88 40 84 21 26 20 20 33 21 35 21 36 20 329 21 127 23 225 69 51 22 23 139 28 21 399 29 43
internal_value=-0.000120344 0.00159449 0.00125 0.00080645 0.00149867 0.00302752 0.00584906 0.00863636 0.0125 -0.000597485 0.00233333 0.000357142 0.00690476 -0.00115385 0.00136364 -0.000465348 -0.00153465 0.000397726 -0.000198021 -0.000267903 -6.20779e-05 -0.000184969 -6.65871e-05 -0.00018405 -0.00199454 0.00520408 -0.0028125 4.49193e-05 0.00043893 0.000201176
internal_weight=3033 508 488 465 377 218 106 66 40 159 75 112 42 91 55 2525 505 176 2020 1997 1772 1703 1652 1630 183 49 160 1447 1048 1019
internal_count=3033 508 488 465 377 218 106 66 40 159 75 112 42 91 55 2525 505 176 2020 1997 1772 1703 1652 1630 183 49 160 1447 1048 1019
is_linear=0
shrinkage=0.05


end of trees

feature_importances:
net_settled_amount_lag_1=1174
days_since_first_transaction=1150
net_settled_amount_lag_7=1099
net_settled_amount_lag_14=1060
net_settled_amount_roll_mean_28=1009
net_settled_amount_roll_std_7=1002
net_settled_amount_roll_std_28=981
net_settled_amount_roll_mean_7=855
day_of_week=476
merchant_category=132
is_month_end=46
is_weekend=14

parameters:
[boosting: gbdt]
[objective: quantile]
[metric: quantile]
[tree_learner: serial]
[device_type: cpu]
[data_sample_strategy: bagging]
[data: ]
[valid: ]
[num_iterations: 300]
[learning_rate: 0.05]
[num_leaves: 31]
[num_threads: 0]
[seed: 42]
[deterministic: 0]
[force_col_wise: 0]
[force_row_wise: 0]
[histogram_pool_size: -1]
[max_depth: -1]
[min_data_in_leaf: 20]
[min_sum_hessian_in_leaf: 0.001]
[bagging_fraction: 0.8]
[pos_bagging_fraction: 1]
[neg_bagging_fraction: 1]
[bagging_freq: 5]
[bagging_seed: 400]
[bagging_by_query: 0]
[feature_fraction: 0.8]
[feature_fraction_bynode: 1]
[feature_fraction_seed: 30056]
[extra_trees: 0]
[extra_seed: 12879]
[early_stopping_round: 0]
[early_stopping_min_delta: 0]
[first_metric_only: 0]
[max_delta_step: 0]
[lambda_l1: 0]
[lambda_l2: 0]
[linear_lambda: 0]
[min_gain_to_split: 0]
[drop_rate: 0.1]
[max_drop: 50]
[skip_drop: 0.5]
[xgboost_dart_mode: 0]
[uniform_drop: 0]
[drop_seed: 17869]
[top_rate: 0.2]
[other_rate: 0.1]
[min_data_per_group: 100]
[max_cat_threshold: 32]
[cat_l2: 10]
[cat_smooth: 10]
[max_cat_to_onehot: 4]
[top_k: 20]
[monotone_constraints: ]
[monotone_constraints_method: basic]
[monotone_penalty: 0]
[feature_contri: ]
[forcedsplits_filename: ]
[refit_decay_rate: 0.9]
[cegb_tradeoff: 1]
[cegb_penalty_split: 0]
[cegb_penalty_feature_lazy: ]
[cegb_penalty_feature_coupled: ]
[path_smooth: 0]
[interaction_constraints: ]
[verbosity: -1]
[saved_feature_importance_type: 0]
[use_quantized_grad: 0]
[num_grad_quant_bins: 4]
[quant_train_renew_leaf: 0]
[stochastic_rounding: 1]
[linear_tree: 0]
[max_bin: 255]
[max_bin_by_feature: ]
[min_data_in_bin: 3]
[bin_construct_sample_cnt: 200000]
[data_random_seed: 175]
[is_enable_sparse: 1]
[enable_bundle: 1]
[use_missing: 1]
[zero_as_missing: 0]
[feature_pre_filter: 1]
[pre_partition: 0]
[two_round: 0]
[header: 0]
[label_column: ]
[weight_column: ]
[group_column: ]
[ignore_column: ]
[categorical_feature: 11]
[forcedbins_filename: ]
[precise_float_parser: 0]
[parser_config_file: ]
[objective_seed: 16083]
[num_class: 1]
[is_unbalance: 0]
[scale_pos_weight: 1]
[sigmoid: 1]
[boost_from_average: 1]
[reg_sqrt: 0]
[alpha: 0.9]
[fair_c: 1]
[poisson_max_delta_step: 0.7]
[tweedie_variance_power: 1.5]
[lambdarank_truncation_level: 30]
[lambdarank_norm: 1]
[label_gain: ]
[lambdarank_position_bias_regularization: 0]
[eval_at: ]
[multi_error_top_k: 1]
[auc_mu_weights: ]
[num_machines: 1]
[local_listen_port: 12400]
[time_out: 120]
[machine_list_filename: ]
[machines: ]
[gpu_platform_id: -1]
[gpu_device_id: -1]
[gpu_use_dp: 0]
[num_gpu: 1]

end of parameters

pandas_categorical:[["d2c_ecommerce", "food_delivery", "marketplace", "saas_subscription"]]
