tree
version=v4
num_class=1
num_tree_per_iteration=1
label_index=0
max_feature_idx=11
objective=quantile
feature_names=net_settled_amount_lag_1 net_settled_amount_lag_7 net_settled_amount_lag_14 net_settled_amount_roll_mean_7 net_settled_amount_roll_mean_28 net_settled_amount_roll_std_7 net_settled_amount_roll_std_28 day_of_week is_weekend is_month_end days_since_first_transaction merchant_category
feature_infos=[18180.150000000001:2029883.9099999999] [18180.150000000001:2029883.9099999999] [18180.150000000001:2029883.9099999999] [68947.41857142857:1536892.9714285713] [70173.683478260864:1255731.5096428574] [2829.1137622642855:727837.98654433049] [4698.3932376879438:480838.44424985169] [0:6] [0:1] [0:1] [14:264] -1:0:3:2:1
tree_sizes=2580 2688 2693 2697 2677 2690 2694 2685 2719 2715 2684 2692 2697 2738 2728 2713 2724 2715 2729 2721 2717 2712 2735 2747 2749 2746 2755 2737 2751 2740 2732 2722 2730 2748 2737 2732 2747 2736 2740 2717 2747 2742 2743 2758 2745 2755 2759 2753 2748 2765 2766 2757 2765 2758 2751 2734 2752 2748 2757 2743 2763 2758 2765 2750 2760 2767 2742 2757 2778 2792 2762 2753 2760 2794 2753 2732 2772 2760 2790 2784 2759 2769 2793 2780 2777 2770 2785 2751 2774 2767 2785 2762 2769 2730 2763 2729 2784 2772 2743 2765 2775 2757 2755 2762 2789 2765 2767 2774 2741 2777 2727 2757 2763 2774 2746 2748 2748 2773 2764 2754 2774 2738 2734 2773 2764 2774 2767 2749 2741 2768 2753 2791 2779 2773 2764 2749 2776 2752 2798 2784 2774 2750 2751 2735 2747 2757 2777 2760 2771 2794 2780 2753 2774 2780 2759 2762 2752 2772 2756 2747 2772 2777 2820 2748 2784 2788 2769 2758 2751 2767 2733 2743 2762 2749 2762 2753 2772 2769 2755 2794 2753 2776 2768 2756 2760 2752 2758 2779 2749 2764 2746 2758 2763 2762 2771 2768 2800 2799 2748 2711 2775 2773 2797 2778 2756 2757 2746 2754 2747 2740 2749 2747 2763 2759 2765 2743 2770 2758 2757 2756 2767 2785 2777 2778 2749 2765 2764 2746 2739 2759 2747 2747 2754 2719 2751 2762 2766 2771 2771 2788 2788 2801 2768 2785 2789 2754 2775 2787 2771 2752 2746 2801 2766 2777 2794 2779 2750 2774 2761 2744 2763 2763 2747 2766 2749 2766 2770 2769 2753 2757 2753 2776 2755 2757 2760 2792 2747 2762 2774 2737 2771 2783 2747 2774 2785 2754 2787 2791 2789 2760 2764 2787 2772 2761 2772 2788 2761 2776 2768 2775

Tree=0
num_leaves=31
num_cat=0
split_feature=2 7 3 2 0 3 7 0 2 0 2 5 7 7 6 5 0 2 4 3 6 3 2 5 6 7 2 0 4 4
split_gain=122.131 15.2389 8.48304 6.67001 4.70362 3.75 2.10842 2.08086 1.22677 1.03896 0.934814 1.72841 0.864286 0.860622 0.790345 0.676568 0.565102 0.550476 0.425492 0.404743 0.388054 0.342788 0.1879 0.427602 0.611141 0.242706 0.135484 0.109091 0.0448428 0.0137559
threshold=110073.395 1.5000000000000002 126039.56857142858 94242.095000000016 95836.580000000016 120660.18285714286 4.5000000000000009 115802.54500000001 75388.630000000019 118455.59500000002 95836.580000000016 34741.368890882528 3.5000000000000004 4.5000000000000009 40046.088382577611 6540.6358262441636 96982.175000000003 84004.390000000014 157346.85642857145 138913.3585714286 7060.4013388903259 117725.64714285715 149373.40000000005 29338.074089170084 45901.726176719465 3.5000000000000004 127184.23500000002 91147.715000000011 1162410.4671428574 412390.29964285716
decision_type=2 2 2 2 2 2 2 2 2 2 2 2 2 2 2 2 2 2 2 2 2 2 2 2 2 2 2 2 2 2
left_child=1 15 3 4 8 6 10 14 -3 -6 -5 27 19 21 16 -1 -2 -17 26 -4 -15 -10 23 -9 -25 -26 -16 -12 29 -24
right_child=7 2 12 5 9 -7 -8 22 13 -11 11 -13 -14 20 18 17 -18 -19 -20 -21 -22 -23 28 24 25 -27 -28 -29 -30 -31
leaf_value=92962.773438929726 93509.300862430973 91860.895313834713 93011.944571016953 93433.197423797421 93375.082430421666 92614.404460647565 92989.159386138417 95078.432119394332 92649.717035069538 92618.202628212821 93693.28449233732 92794.98465706491 93813.3297696667 93225.186641971959 93677.169144157175 92170.97543884613 92752.478284603072 92721.844459819797 93266.361609734362 93300.636797317391 93251.203243066906 92956.596877090808 97022.913362409367 93138.572564686052 94907.576961625862 93470.049063178682 94790.789029939289 93630.866370381918 106932.6440819033 103933.85040929074
leaf_weight=41 29 26 22 23 35 27 21 189 27 20 24 20 35 23 20 35 23 25 20 23 22 31 1430 30 61 26 42 20 20 636
leaf_count=41 29 26 22 23 35 27 21 189 27 20 24 20 35 23 20 35 23 25 20 23 22 31 1430 30 61 26 42 20 20 636
internal_value=93607.7 93607.7 93607.7 93607.7 93607.7 93607.7 93607.7 93607.7 93607.7 93607.7 93607.7 93607.7 93607.7 93607.7 93607.7 93607.7 93607.7 93607.7 93607.7 93607.7 93607.7 93607.7 93607.7 93607.7 93607.7 93607.7 93607.7 93607.7 93607.7 93607.7
internal_weight=3026 500 399 319 184 135 108 2526 129 55 87 64 80 103 134 101 52 60 82 45 45 58 2392 306 117 87 62 44 2086 2066
internal_count=3026 500 399 319 184 135 108 2526 129 55 87 64 80 103 134 101 52 60 82 45 45 58 2392 306 117 87 62 44 2086 2066
is_linear=0
shrinkage=1


Tree=1
num_leaves=31
num_cat=0
split_feature=1 2 2 7 10 1 4 1 3 2 3 7 3 7 1 1 10 3 1 2 4 10 2 3 2 2 6 4 4 10
split_gain=120.381 13.74 12.6836 3.28572 3.60516 2.43293 2.30476 2.7 1.42598 2.07485 1.31323 1.05336 0.865913 0.936519 0.7174 0.653656 0.458965 0.435374 0.4 0.245455 0.206012 0.11025 0.104762 0.0981865 0.0974529 0.0582544 0.174042 0.270382 0.718376 0.048455
threshold=94325.000000000015 112400.12000000001 95836.580000000016 1.5000000000000002 38.500000000000007 129341.85500000001 148951.39517857143 89777.440000000017 115243.72857142858 95836.580000000016 94025.472857142871 2.5000000000000004 126039.56857142858 3.5000000000000004 117803.21000000001 90460.950000000026 104.50000000000001 92763.675000000003 81082.300000000017 99396.960000000006 119463.68892857144 93.500000000000014 94242.095000000016 94025.472857142871 75388.630000000019 153983.22500000003 39407.664274207134 209106.30482142861 153694.26196428572 21.500000000000004
decision_type=2 2 2 2 2 2 2 2 2 2 2 2 2 2 2 2 2 2 2 2 2 2 2 2 2 2 2 2 2 2
left_child=2 5 3 21 24 8 7 18 9 17 15 -12 13 -10 16 -6 -3 -2 -4 -11 -16 -1 -7 -23 -5 26 -22 28 -28 -27
right_child=1 14 6 4 10 22 -8 -9 12 19 11 -13 -14 -15 20 -17 -18 -19 -20 -21 25 23 -24 -25 -26 29 27 -29 -30 -31
leaf_value=-1583.4182790326115 -95.343378930749125 540.65982362522016 -1056.1008694720815 -1659.4297014826982 -399.32425300966861 1270.9577464743375 345.74269806388475 -79.635291381463404 -1664.511462313985 89.020720118209184 -900.1902094894358 -306.04503424598329 -358.50959252250431 -596.86484948229122 440.66673967677116 -165.81880969035805 -375.07522890709447 -341.47773981704091 -929.42713904979234 -139.06997655745153 1416.2712152636811 -556.06511109348651 1120.8762396503214 -1041.9858363102592 -1448.0451363217726 3300.8409038802888 1056.3264480278929 1636.8212168139792 -1205.6828686029723 3697.930804364225
leaf_weight=32 28 21 20 22 22 22 24 20 28 24 29 33 36 31 37 24 38 21 20 20 202 29 20 25 21 65 45 62 20 1985
leaf_count=32 28 21 20 22 22 22 24 20 28 24 29 33 36 31 37 24 38 21 20 20 202 29 20 25 21 65 45 62 20 1985
internal_value=-6.6092e-06 0.00342884 -0.0289564 -0.0348734 -0.0304305 -0.00826087 -0.0122619 -0.0175 -0.0106915 -0.00629032 -0.0255556 -0.0208065 -0.015 -0.0187288 0.00451515 -0.0319565 -0.000932203 -0.0133673 -0.025 0.00159091 0.00464818 -0.0426744 0.00261905 -0.0412963 -0.0426744 0.00470576 0.00408815 0.0026378 0.000384616 0.00480488
internal_weight=3026 2705 321 237 151 230 84 60 188 93 108 62 95 59 2475 46 59 49 40 44 2416 86 42 54 43 2379 329 127 65 2050
internal_count=3026 2705 321 237 151 230 84 60 188 93 108 62 95 59 2475 46 59 49 40 44 2416 86 42 54 43 2379 329 127 65 2050
is_linear=0
shrinkage=0.05


Tree=2
num_leaves=31
num_cat=0
split_feature=1 2 2 7 10 4 1 1 7 5 5 5 6 1 2 0 2 7 4 2 1 6 1 5 2 6 4 10 7 4
split_gain=110.38 14.7169 9.91587 4.07945 3.7558 2.44185 3.92762 2.05142 1.60517 1.12703 1.2824 1.52229 1.0966 1.70585 1.0084 0.997461 0.859026 0.81 0.720222 0.590012 0.345689 0.376956 0.161704 0.147287 0.104762 0.097971 0.0412763 0.0414935 0.081593 0.0355072
threshold=95868.110000000015 91868.070000000022 112400.12000000001 1.5000000000000002 53.500000000000007 148951.39517857143 91147.715000000011 129341.85500000001 2.5000000000000004 6802.0395026131728 41317.756906491202 35552.16044183739 35613.574765394944 89777.440000000017 77807.390000000014 120687.06000000001 95836.580000000016 3.5000000000000004 157346.85642857145 95495.160000000018 128088.22000000002 39684.161699439072 116704.96500000001 6540.6358262441636 94242.095000000016 40486.246300593797 1162410.4671428574 21.500000000000004 4.5000000000000009 122659.70982142859
decision_type=2 2 2 2 2 2 2 2 2 2 2 2 2 2 2 2 2 2 2 2 2 2 2 2 2 2 2 2 2 2
left_child=1 3 7 23 14 6 8 9 -3 -2 11 16 13 -6 -5 18 -11 -12 20 -8 21 -4 -17 -1 -9 -25 27 28 -24 -22
right_child=2 5 15 4 12 -7 19 24 -10 10 17 -13 -14 -15 -16 22 -18 -19 -20 -21 29 -23 26 25 -26 -27 -28 -29 -30 -31
leaf_value=-767.18726514448724 -24.911212931242101 -875.62230818456601 -230.29215537327786 -1505.6273096965006 -855.06995684231595 -13.486879997354842 -116.48440963987574 1207.4098591506206 -585.64115646253379 -541.98133856117875 -439.71983721267753 -842.78660797604471 -485.73478607448345 -109.76566826729299 -798.24257628444457 509.83616034157262 -987.35460061892945 78.552061228975802 -334.48730081158311 -118.382947785013 1365.1389641401438 619.84049061018754 2300.9117686663649 -1477.5826894335733 1064.8324276678056 -1059.0515877469168 12473.804790714919 2315.3619273691893 1787.942729887747 1186.7130858041712
leaf_weight=38 27 20 23 30 20 28 24 22 38 34 20 20 31 26 21 22 29 25 24 35 20 25 42 23 20 25 20 2216 29 49
leaf_count=38 27 20 23 30 20 28 24 22 38 34 20 20 31 26 21 22 29 25 24 35 20 25 42 23 20 25 20 2216 29 49
internal_value=0.000109055 -0.0259192 0.00361267 -0.0342523 -0.0285937 -0.0136207 -0.0167949 -0.00718274 -0.0260345 -0.00983871 -0.0117969 -0.0154819 -0.0216234 -0.0265217 -0.0391176 0.00447368 -0.0116667 -0.005 0.000390071 -0.00771186 0.00200855 -0.00125 0.00472091 -0.0426744 0.00261905 -0.0408333 0.0047616 0.00478137 0.00359155 0.00427536
internal_weight=3026 359 2667 214 128 145 117 197 58 155 128 83 77 46 51 2470 63 45 141 59 117 48 2329 86 42 48 2307 2287 71 69
internal_count=3026 359 2667 214 128 145 117 197 58 155 128 83 77 46 51 2470 63 45 141 59 117 48 2329 86 42 48 2307 2287 71 69
is_linear=0
shrinkage=0.05


Tree=3
num_leaves=31
num_cat=0
split_feature=1 7 2 4 0 2 1 0 3 5 7 5 2 0 1 4 10 0 2 5 2 1 1 1 2 1 5 7 5 5
split_gain=100.941 13.169 9.38795 7.64282 3.95706 3.09491 1.94656 1.6576 1.34882 1.64024 1.32064 1.225 1.06398 0.968014 0.823154 0.720222 0.613636 0.533139 0.652497 0.458675 0.35518 0.345689 0.256993 0.156859 0.104762 0.0392291 0.178578 0.301151 0.0509249 0.295874
threshold=95868.110000000015 1.5000000000000002 112400.12000000001 88703.470250000013 95836.580000000016 95836.580000000016 129341.85500000001 91936.055000000008 117725.64714285715 42350.848692379157 2.5000000000000004 34741.368890882528 95836.580000000016 120687.06000000001 87705.310000000012 157346.85642857145 82.500000000000014 92436.835000000006 80961.35000000002 34194.460926803331 99396.960000000006 128088.22000000002 116704.96500000001 116704.96500000001 94242.095000000016 578635.78500000015 173007.1862001144 3.5000000000000004 60221.238444549301 54507.39339857109
decision_type=2 2 2 2 2 2 2 2 2 2 2 2 2 2 2 2 2 2 2 2 2 2 2 2 2 2 2 2 2 2
left_child=1 17 6 -3 5 7 8 14 12 11 -6 -10 -2 15 -5 21 -12 -1 -19 -18 -14 22 -4 -15 -8 28 27 -27 29 -25
right_child=2 3 13 4 10 -7 24 -9 9 -11 16 -13 20 23 -16 -17 19 18 -20 -21 -22 -23 -24 25 -26 26 -28 -29 -30 -31
leaf_value=-518.83752828049319 -324.29352666981686 -1509.2574628919822 138.63508590148851 -707.04071552391713 -848.02623894893429 -225.5366866380466 1147.0393661930898 -251.4731270354726 -932.75962922239796 -224.78855304995332 -382.96209096812231 -1028.6766751804976 59.425816910431607 484.34435232449414 -251.87604647767586 -317.76293577100398 -104.32947036827487 -1478.7868042793095 -892.18709623236464 74.159728167677272 -204.16889419217949 1127.3774322519812 -314.76051165643725 1533.4662171440316 1011.5908062844155 11685.138159031776 14221.385342094774 -152.22839933017312 3572.5855610419576 -393.55552107089545
leaf_weight=53 37 32 22 29 26 38 22 32 20 35 20 20 21 22 33 24 31 21 20 24 22 69 26 732 20 65 303 29 1152 26
leaf_count=53 37 32 22 29 26 38 22 32 20 35 20 20 21 22 33 24 31 21 20 24 22 69 26 732 20 65 303 29 1152 26
internal_value=0.000224719 -0.0246657 0.00357518 -0.0189623 -0.0158155 -0.0215152 -0.00692893 -0.026383 -0.00951613 -0.0143333 -0.00836634 -0.02125 -0.005 0.00441296 -0.0216129 0.000390071 -0.005 -0.0407447 -0.0364634 -0.00227273 0.000348837 0.00200855 -0.00125 0.00465651 0.00261905 0.00469658 0.00424433 0.00234043 0.00479058 0.0044723
internal_weight=3026 359 2667 265 233 132 197 94 155 75 101 40 80 2470 62 141 75 94 41 55 43 117 48 2329 42 2307 397 94 1910 758
internal_count=3026 359 2667 265 233 132 197 94 155 75 101 40 80 2470 62 141 75 94 41 55 43 117 48 2329 42 2307 397 94 1910 758
is_linear=0
shrinkage=0.05


Tree=4
num_leaves=31
num_cat=0
split_feature=3 3 7 7 7 3 7 6 7 5 7 7 5 6 0 0 6 0 10 10 0 3 3 3 7 4 0 6 6 7
split_gain=71.6276 12.5581 7.62435 5.80205 8.37895 5.70017 5.6723 3.65387 3.52083 2.65128 2.16392 1.79986 1.44117 1.30446 1.0944 1.05405 1.02797 1.02376 1.01587 0.612549 0.578297 0.728008 0.49396 1.22099 0.533863 0.511013 0.44971 0.144143 0.248571 0.119859
threshold=130190.23142857144 104367.94928571432 1.5000000000000002 3.5000000000000004 1.0000000180025095e-35 87278.422857142883 4.5000000000000009 40486.246300593797 2.5000000000000004 8689.2106798521982 1.5000000000000002 2.5000000000000004 42995.228707665905 7663.6078342185829 93625.795000000027 91147.715000000011 6515.350797871527 115802.54500000001 115.50000000000001 179.50000000000003 100913.70000000001 120994.95428571431 168574.70428571431 150239.20714285717 1.5000000000000002 153154.89785714287 91147.715000000011 40861.826307014046 46217.53984996587 4.5000000000000009
decision_type=2 2 2 2 2 2 2 2 2 2 2 2 2 2 2 2 2 2 2 2 2 2 2 2 2 2 2 2 2 2
left_child=1 2 9 4 -3 -4 13 10 18 -1 -6 -12 20 15 26 -7 -17 19 -9 -2 -5 -22 23 27 -25 -26 -8 -19 -29 -14
right_child=17 3 5 12 7 6 14 8 -10 -11 11 -13 29 -15 -16 16 -18 22 -20 -21 21 -23 -24 24 25 -27 -28 28 -30 -31
leaf_value=-478.55253594853059 598.54750348806874 1760.8968765203165 -1485.5805176175672 -331.88945359361531 1016.1589666328915 85.478220024085786 -305.08903899007021 -905.68839065214968 -437.00431631470246 -1372.1055842830444 -897.28359851325683 -673.21832837620389 34.902140540993102 -1215.2009896609097 -222.73090616961127 -75.373991155248419 11.91770959823168 1146.9449128048152 -813.80482692505075 -491.14094825296974 399.36132540113147 -218.40166416920795 3265.9134269294382 2948.7267012737975 223.80963013836501 -427.72941271578014 -204.28432437104738 -117.41905882109062 1413.6939441136983 1075.9613257775472
leaf_weight=51 31 50 29 39 21 26 20 28 32 22 26 28 23 20 23 26 22 201 36 21 20 23 1999 28 23 36 21 21 29 51
leaf_count=51 31 50 29 39 21 26 20 28 32 22 26 28 23 20 23 26 22 201 36 21 20 23 1999 28 23 36 21 21 29 51
internal_value=0.00027429 -0.0146232 -0.0230769 -0.0087931 -0.0140045 -0.0177273 -0.0139873 -0.019269 -0.0257292 -0.0367808 -0.011 -0.0162963 -0.00141026 -0.00617021 -0.0254687 -0.00310811 -0.0075 0.00424655 -0.0325 -0.00269231 -0.00597561 -0.00197674 0.00440094 0.00263314 -0.00247126 -0.00516949 -0.0303659 0.00440239 0.002 0.00364865
internal_weight=3026 637 260 377 221 187 158 171 96 73 75 54 156 94 64 74 48 2389 64 52 82 43 2337 338 87 59 41 251 50 74
internal_count=3026 637 260 377 221 187 158 171 96 73 75 54 156 94 64 74 48 2389 64 52 82 43 2337 338 87 59 41 251 50 74
is_linear=0
shrinkage=0.05


Tree=5
num_leaves=31
num_cat=0
split_feature=1 2 2 7 0 7 1 3 7 5 5 0 7 0 6 2 3 4 6 1 5 5 5 2 3 4 3 4 6 3
split_gain=88.155 11.4623 10.4759 4.53764 4.20434 2.97609 2.12704 2.0879 1.66993 1.64205 1.69503 1.19373 1.10727 1.08837 0.9 0.669443 0.616418 0.497375 0.466036 0.419642 0.401912 0.141176 0.118367 0.0990968 0.350681 1.21729 0.141002 0.0481757 0.221802 0.301683
threshold=92933.49500000001 112400.12000000001 103297.645 1.5000000000000002 77696.615000000005 5.5000000000000009 132956.40500000003 119815.00357142858 2.5000000000000004 47208.176563028122 35552.16044183739 96546.97500000002 4.5000000000000009 115802.54500000001 44578.192004132761 93593.61500000002 92763.675000000003 157346.85642857145 37188.494001121588 117803.21000000001 12916.928695511595 50724.132207873692 5869.527124083922 156663.87500000003 150239.20714285717 157346.85642857145 239054.94642857145 412390.29964285716 131447.28535472744 437656.4114285715
decision_type=2 2 2 2 2 2 2 2 2 2 2 2 2 2 2 2 2 2 2 2 2 2 2 2 2 2 2 2 2 2
left_child=2 6 3 16 -5 8 7 12 -6 10 -9 -10 15 17 -4 -2 22 18 -3 -15 -17 -20 -1 24 -21 -26 -27 -25 29 -29
right_child=1 13 14 4 5 -7 -8 9 11 -11 -12 -13 -14 19 -16 20 -18 -19 21 23 -22 -23 -24 27 25 26 -28 28 -30 -31
leaf_value=-1210.5850616943405 -78.372771892154063 -119.15213786151554 -918.82738627041988 -1234.7767221496811 -1043.4779379864706 -246.46039987453901 998.53763582786496 -749.50310568764871 -457.22739361727383 -209.02062883439217 -907.08863236493164 -21.355363322761274 -193.30321758890196 115.3199792269742 685.16808931852893 74.497350789096615 -885.54744328991023 -479.52201758776732 977.34981321628823 1053.255952300653 -248.48034006784206 243.28227310068237 -1110.010837831539 2951.4104020443301 -250.36917199030918 957.36041502908472 1386.9047421244381 -130.88988070151805 10345.5049195671 5582.3566454414322
leaf_weight=29 25 35 20 37 31 23 37 21 36 25 34 25 30 33 20 39 38 20 48 223 20 20 20 1335 21 76 22 27 619 28
leaf_count=29 25 35 20 37 31 23 37 21 36 25 34 25 30 33 20 39 38 20 48 223 20 20 20 1335 21 76 22 27 619 28
internal_value=0.000591648 0.00331994 -0.0261828 -0.0301464 -0.0249342 -0.0202174 -0.00733766 -0.00943299 -0.0161957 -0.015625 -0.0204545 -0.0113934 -0.00508772 0.00430195 -0.0025 -0.00214286 -0.0392529 -0.000284553 0.00111651 0.00453859 0.000762712 0.00352941 -0.0429592 0.00461718 0.00383041 0.00163866 0.00397959 0.00475112 0.00440653 0.00136364
internal_weight=3017 2738 279 239 152 115 231 194 92 80 55 61 114 2507 40 84 87 123 103 2384 59 68 49 2351 342 119 98 2009 674 55
internal_count=3017 2738 279 239 152 115 231 194 92 80 55 61 114 2507 40 84 87 123 103 2384 59 68 49 2351 342 119 98 2009 674 55
is_linear=0
shrinkage=0.05


Tree=6
num_leaves=31
num_cat=1
split_feature=1 2 2 3 2 1 1 3 5 5 7 1 3 7 5 1 6 2 11 7 6 7 3 5 1 5 1 1 2 10
split_gain=80.0031 10.7433 10.182 4.49465 2.46385 2.04745 1.88303 1.77873 1.57163 2.0004 1.44561 1.42545 0.964558 0.877193 0.823587 0.773924 0.514918 0.264852 1.18833 0.445455 0.513904 0.538677 0.18172 0.176911 0.371661 0.104762 0.1 0.0759327 0.1 0.0624371
threshold=92933.49500000001 91868.070000000022 112400.12000000001 92763.675000000003 108071.99500000001 89777.440000000017 132956.40500000003 119815.00357142858 44143.918163120215 35552.16044183739 1.5000000000000002 87705.310000000012 120103.61071428572 3.5000000000000004 9198.2233382541726 117803.21000000001 45752.271801755422 156663.87500000003 0 1.5000000000000002 40861.826307014046 3.5000000000000004 92763.675000000003 5869.527124083922 73314.755000000019 54507.39339857109 108071.99500000001 142422.09000000003 172731.66000000003 25.500000000000004
decision_type=2 2 2 2 2 2 2 2 2 2 2 2 2 2 2 2 2 2 1 2 2 2 2 2 2 2 2 2 2 2
left_child=1 3 6 11 5 -3 7 13 9 -9 -5 23 -12 22 -15 16 26 18 19 -17 -21 -22 -2 -1 -25 -23 -4 28 -19 -29
right_child=2 4 15 10 -6 -7 -8 8 -10 -11 12 -13 -14 14 -16 17 -18 27 -20 20 21 25 -24 24 -26 -27 -28 29 -30 -31
leaf_value=-1010.031184011389 33.494027831753066 -622.1888355132395 159.1609574450747 -856.95005281453439 -70.32518384475479 -41.068137481569288 948.61075403647192 -712.02795040326646 -210.20925918268333 -1258.075228013895 -716.35199512546194 -177.69160977264335 -669.07804502042802 -102.30871754371148 -184.88088071854983 1244.8031177114506 -295.89052996325466 846.32115456290455 1019.7399081247212 -284.41854645455146 -340.22925341065547 544.24356865171956 -298.23718118400382 -1328.6016623465439 -729.56898438494466 26.576991903615273 513.38841756648185 2623.7733045263449 645.2048112738521 3198.1385526974277
leaf_weight=34 34 33 20 36 36 23 37 21 35 24 27 24 25 27 30 22 26 20 290 20 26 22 23 20 21 20 20 98 20 1903
leaf_count=34 34 33 20 36 36 23 37 21 35 24 27 24 25 27 30 22 26 20 290 20 26 22 23 20 21 20 20 98 20 1903
internal_value=0.000757375 -0.0247491 0.00335646 -0.031631 -0.0107609 -0.0173214 -0.00668831 -0.00865979 -0.014375 -0.0205556 -0.0234091 -0.0389394 -0.0180769 -0.00464912 -0.00903509 0.00428201 -0.00106061 0.00442646 0.00325 -0.00125 -0.00295455 -0.000882353 -0.000263158 -0.0423333 -0.040122 0.00261905 0.0025 0.00465703 0.0025 0.00470015
internal_weight=3017 279 2738 187 92 56 231 194 80 45 88 99 52 114 57 2507 66 2441 400 110 88 68 57 75 41 42 40 2041 40 2001
internal_count=3017 279 2738 187 92 56 231 194 80 45 88 99 52 114 57 2507 66 2441 400 110 88 68 57 75 41 42 40 2041 40 2001
cat_boundaries=0 1
cat_threshold=1
is_linear=0
shrinkage=0.05


Tree=7
num_leaves=31
num_cat=1
split_feature=1 2 2 3 2 7 1 2 7 7 2 3 6 7 6 7 1 4 6 2 11 7 6 7 6 5 1 1 2 4
split_gain=75.2854 11.0754 9.01227 6.44634 2.81225 3.70042 1.65388 1.8868 1.4821 1.27315 0.990131 0.961967 0.625 0.591109 0.611955 0.794118 0.570003 0.319114 0.269038 0.255709 1.18833 0.445455 0.513904 0.538677 0.248571 0.104762 0.1 0.0742177 0.1 0.0472723
threshold=92933.49500000001 89783.920000000013 112400.12000000001 92763.675000000003 103297.645 2.5000000000000004 132956.40500000003 86338.800000000003 1.5000000000000002 4.5000000000000009 101976.58000000002 120103.61071428572 44578.192004132761 4.5000000000000009 8075.4167339822425 3.5000000000000004 117803.21000000001 152089.93303571429 7816.898001939544 156663.87500000003 0 1.5000000000000002 40861.826307014046 3.5000000000000004 6515.350797871527 54507.39339857109 108071.99500000001 142422.09000000003 172731.66000000003 412390.29964285716
decision_type=2 2 2 2 2 2 2 2 2 2 2 2 2 2 2 2 2 2 2 2 1 2 2 2 2 2 2 2 2 2
left_child=1 3 6 18 5 -3 7 -2 -5 -7 13 -10 -6 14 24 -16 17 26 -1 20 21 -18 -23 -24 -9 -25 -4 28 -21 -29
right_child=2 4 16 8 12 9 -8 10 11 -11 -12 -13 -14 -15 15 -17 19 -19 -20 27 -22 22 23 25 -26 -27 -28 29 -30 -31
leaf_value=-680.73225080845691 -430.02731242249212 -660.90525424475561 151.20290957282117 -814.1025501738078 -866.61044028754225 -145.79415506560917 901.18021633464821 -25.007182230561831 -723.01264529534501 -160.36087822197123 -903.8385644965465 -603.62002801314713 654.42594404484078 -121.12625894915955 -355.5669864875448 26.155825465637449 1182.5629618258781 -281.0960034650916 -1233.7913694426354 804.00509683475934 968.75291271848482 -270.19761913182424 -323.21779074012284 517.03139021913398 22.938924263351314 25.248142308434765 487.71899668815752 2726.1477240847516 612.94457071015938 8714.7674426427002
leaf_weight=54 31 21 20 36 20 32 37 21 23 22 36 22 20 26 27 24 22 26 29 20 290 20 26 22 29 20 20 1324 20 677
leaf_count=54 31 21 20 36 20 32 37 21 23 22 36 22 20 26 27 24 22 26 29 20 290 20 26 22 29 20 20 1324 20 677
internal_value=0.000889957 -0.023853 0.00341125 -0.0321951 -0.0119565 -0.0176667 -0.00603896 -0.0078866 -0.0221605 -0.0107407 -0.0057362 -0.0161111 -0.00125 -0.00366142 -0.00193069 -0.00578431 0.00428201 -0.00030303 -0.041988 0.00440598 0.00325 -0.00125 -0.00295455 -0.000882353 0.002 0.00261905 0.0025 0.00463253 0.0025 0.00467516
internal_weight=3017 279 2738 164 115 75 231 194 81 54 163 45 40 127 101 51 2507 66 83 2441 400 110 88 68 50 42 40 2041 40 2001
internal_count=3017 279 2738 164 115 75 231 194 81 54 163 45 40 127 101 51 2507 66 83 2441 400 110 88 68 50 42 40 2041 40 2001
cat_boundaries=0 1
cat_threshold=1
is_linear=0
shrinkage=0.05


Tree=8
num_leaves=31
num_cat=0
split_feature=1 2 2 3 0 1 0 1 2 7 2 0 7 3 5 5 5 2 3 1 1 10 2 3 3 3 5 10 1 10
split_gain=71.5751 10.5008 8.2721 4.25479 4.04534 1.50938 1.74724 1.24935 1.12733 1.0016 0.983964 0.89539 0.85681 0.930477 1.18072 0.733216 0.554996 0.511905 0.432706 0.360429 0.218696 0.217521 0.0836762 0.350681 1.00429 0.139713 0.0751821 0.0600439 0.120984 0.0360058
threshold=92933.49500000001 86338.800000000003 112400.12000000001 94025.472857142871 94270.685000000012 132956.40500000003 121806.11500000001 86154.595000000016 91868.070000000022 2.5000000000000004 86338.800000000003 115802.54500000001 4.5000000000000009 115243.72857142858 42350.848692379157 41835.934761459641 30721.231188236601 94242.095000000016 157203.80785714291 87041.410000000018 117803.21000000001 121.50000000000001 156663.87500000003 150239.20714285717 164697.03357142859 239054.94642857145 40204.572716459974 25.500000000000004 558054.69500000018 261.50000000000006
decision_type=2 2 2 2 2 2 2 2 2 2 2 2 2 2 2 2 2 2 2 2 2 2 2 2 2 2 2 2 2 2
left_child=1 3 5 21 7 6 10 -3 -9 -6 -2 16 13 17 -15 -5 -4 -12 26 -11 -13 -1 23 -22 -25 -26 -18 28 -24 -29
right_child=2 4 11 15 9 -7 -8 8 -10 19 12 20 -14 14 -16 -17 18 -19 -20 -21 22 -23 27 24 25 -27 -28 29 -30 -31
leaf_value=-1173.0292031129866 -396.1036011838051 -315.82558703192558 -229.57271582456775 -1039.9789293803901 -698.8391043278433 856.121205517916 -667.19688340082757 -166.05468643365111 -150.07271258854612 68.813105434347491 -23.756823772087589 122.62236369774405 -137.24425244399967 -731.77859509657264 -16.070865151718788 -610.72975529530129 61.875043709146212 91.580411133693758 -710.05935696513325 -193.18605637053616 928.70174203109536 -307.58404672474211 2442.7773676896463 -201.27054403468381 858.20626298961292 1350.7318572257552 807.26976881636938 2868.9123431361731 5578.8747323388234 3817.2495819956021
leaf_weight=48 22 26 20 29 22 37 24 25 21 27 21 33 30 25 29 30 24 43 20 30 223 21 78 24 73 22 59 1889 20 22
leaf_count=48 22 26 20 29 22 37 24 25 21 27 21 33 30 25 29 30 24 43 20 30 223 21 78 24 73 22 59 1889 20 22
internal_value=0.000989394 -0.0231362 0.00344777 -0.0336719 -0.0142053 -0.00560606 -0.00737113 -0.0227778 -0.0178261 -0.0063924 -0.00558823 0.00428201 -0.00412162 -0.00220339 -0.00703704 -0.0238136 0.000121951 0.001875 0.00160194 -0.00289474 0.00449664 -0.0421014 0.00455338 0.00383041 0.00163866 0.00394737 0.00319277 0.00467646 0.00346939 0.00473836
internal_weight=3017 279 2738 128 151 231 194 72 46 79 170 2507 148 118 54 59 123 64 103 57 2384 69 2351 342 119 95 83 2009 98 1911
internal_count=3017 279 2738 128 151 231 194 72 46 79 170 2507 148 118 54 59 123 64 103 57 2384 69 2351 342 119 95 83 2009 98 1911
is_linear=0
shrinkage=0.05


Tree=9
num_leaves=31
num_cat=1
split_feature=1 1 7 10 3 3 0 1 0 9 10 3 3 7 3 0 0 1 1 0 10 6 6 1 11 7 10 1 0 10
split_gain=63.061 7.97694 7.13031 6.34746 2.76208 1.95515 1.07072 0.946021 0.760591 0.630932 0.717938 0.975805 2.48662 0.669281 1.03052 0.658745 1.39434 0.528371 0.458009 0.415722 0.4 0.393939 0.318088 0.116173 0.862682 0.499223 0.435236 0.548701 0.254348 0.0719259
threshold=92933.49500000001 117803.21000000001 1.5000000000000002 38.500000000000007 127215.62214285716 92763.675000000003 94270.685000000012 88895.295000000013 119653.40500000001 1.0000000180025095e-35 243.50000000000003 115243.72857142858 122582.9635714286 3.5000000000000004 128882.97285714287 88854.420000000013 96982.175000000003 129341.85500000001 86154.595000000016 85521.315000000017 142.50000000000003 7816.898001939544 49855.360544897623 178686.035 0 1.5000000000000002 122.50000000000001 141400.81000000003 174095.48500000002 25.500000000000004
decision_type=2 2 2 2 2 2 2 2 2 2 2 2 2 2 2 2 2 2 2 2 2 2 2 2 1 2 2 2 2 2
left_child=2 9 5 -4 6 19 18 -8 17 10 11 15 -13 14 -14 -2 -17 -3 -5 -1 -7 -20 -19 24 25 -10 28 -28 -27 -25
right_child=1 8 3 4 -6 20 7 -9 23 -11 -12 12 13 -15 -16 16 -18 22 21 -21 -22 -23 -24 29 -26 26 27 -29 -30 -31
leaf_value=-1035.5021927646915 107.5376272987088 -153.83509830172278 -1074.4302227314454 -337.42901644616393 26.578735275653131 -897.00423091432447 -672.72317549235004 -16.120963633834545 763.69747078657736 14.378660661480062 161.52355703192595 -661.59034462032946 -398.69611342909388 36.265809076886946 -197.9556548366192 -84.578931875215147 21.943168933169449 836.22787814350761 -154.5122331029788 -325.03714613422267 -636.71610065656375 -410.00567094267336 -387.57795593309879 3563.7916843467865 968.44831309126948 -106.83642776790421 283.65859465936501 -242.2055685090171 979.9424570566639 3570.1117342171719
leaf_weight=22 35 37 40 22 27 20 30 23 38 22 21 34 20 32 22 29 22 72 26 27 20 22 29 86 428 20 28 22 26 1715
leaf_count=22 35 37 40 22 27 20 30 23 38 22 21 34 20 32 22 29 22 72 26 27 20 22 29 86 428 20 28 22 26 1715
internal_value=0.00112198 0.00342951 -0.0215233 -0.0160526 -0.0113333 -0.0332022 -0.0145122 -0.00915094 0.0042603 -0.00533755 -0.00616279 -0.0071134 -0.0102778 -0.00513513 -0.00928571 -0.00313953 -0.00676471 0.000652174 -0.0185714 -0.039898 -0.025 -0.0158333 0.00252475 0.00447101 0.00384342 0.000138889 -0.00177083 -0.005 0.00173913 0.00466685
internal_weight=3017 2738 279 190 150 89 123 53 2501 237 215 194 108 74 42 86 51 138 70 49 40 48 101 2363 562 134 96 50 46 1801
internal_count=3017 2738 279 190 150 89 123 53 2501 237 215 194 108 74 42 86 51 138 70 49 40 48 101 2363 562 134 96 50 46 1801
cat_boundaries=0 1
cat_threshold=1
is_linear=0
shrinkage=0.05


Tree=10
num_leaves=31
num_cat=2
split_feature=1 2 3 1 5 1 8 4 5 10 11 10 10 1 2 6 3 10 0 2 0 11 0 3 2 1 2 10 6 1
split_gain=61.0155 10.6538 4.54887 3.70354 2.76872 5.09394 1.85606 1.82178 2.08242 1.41188 1.2435 1.02146 2.21538 0.997464 0.957447 0.859275 0.633771 0.587087 0.510367 0.430435 0.4 0.351172 0.979414 0.601684 0.722232 0.610385 0.367393 0.446429 0.25 0.235
threshold=96982.175000000003 86338.800000000003 90966.385000000024 128088.22000000002 8481.9218015551087 87705.310000000012 1.0000000180025095e-35 118687.7460714286 50134.18121885624 158.50000000000003 0 59.500000000000007 126.50000000000001 124051.74000000001 103297.645 6515.350797871527 127962.98357142859 109.50000000000001 88854.420000000013 80961.35000000002 92436.835000000006 1 162742.00000000003 150239.20714285717 140536.59500000003 179673.77000000002 176406.37500000003 91.500000000000014 7590.0356905730996 144390.91500000001
decision_type=2 2 2 2 2 2 2 2 2 2 1 2 2 2 2 2 2 2 2 2 2 1 2 2 2 2 2 2 2 2
left_child=1 2 28 10 5 -3 15 -6 9 -9 13 -4 -13 16 18 -7 17 -2 -12 -14 -8 22 23 29 -25 -26 27 -24 -1 -5
right_child=3 4 11 21 7 6 20 8 -10 -11 14 12 19 -15 -16 -17 -18 -19 -20 -21 -22 -23 26 24 25 -27 -28 -29 -30 -31
leaf_value=-865.11745692523129 -537.1679355948462 -214.05776192166255 -920.8051813865128 -47.36021450643598 62.871782313678573 -72.946908153149337 -102.29780697118203 -673.94303281121302 4.9902247620619278 -496.22138025081824 48.748537870096932 -35.52342838932563 -514.50737326882336 -697.99368078722478 536.09960200077182 10.105933162530853 113.94733761187443 -156.76874137526164 -239.45203266055378 -517.91868269591703 -122.34333893039081 1751.1866921820617 1343.6177090476492 107.40415191217174 -504.41033393827911 -221.22534720005211 3678.4334037213325 -1465.8784051196869 -1079.4811785859806 1101.1015413000569
leaf_weight=25 22 20 30 25 34 23 20 33 33 35 22 20 22 22 81 25 33 43 38 23 20 1810 28 27 26 24 385 28 20 47
leaf_count=25 22 20 30 25 34 23 20 33 33 35 22 20 22 22 81 25 33 43 38 23 20 1810 28 27 26 24 385 28 20 47
internal_value=0.00107424 -0.0175849 -0.0285714 0.00375986 -0.0112551 -0.0172222 -0.0120455 -0.00648148 -0.00985148 -0.0148529 -0.00189655 -0.0223684 -0.0188462 -0.00538462 0.00135762 -0.00541667 -0.00367347 -0.00653846 -0.00333333 -0.025 -0.02 0.004375 0.00308333 -0.000369127 -0.00344156 -0.007 0.00431973 0.000535714 -0.0416667 0.00291667
internal_weight=3044 383 140 2661 243 108 88 135 101 68 261 95 65 120 141 48 98 65 60 45 40 2400 590 149 77 50 441 56 45 72
internal_count=3044 383 140 2661 243 108 88 135 101 68 261 95 65 120 141 48 98 65 60 45 40 2400 590 149 77 50 441 56 45 72
cat_boundaries=0 1 2
cat_threshold=1 1
is_linear=0
shrinkage=0.05


Tree=11
num_leaves=31
num_cat=2
split_feature=1 4 7 1 5 4 5 1 11 7 5 7 3 1 3 10 1 7 10 11 1 5 4 5 4 3 4 6 3 7
split_gain=53.0816 7.8739 7.52584 3.45692 3.17186 2.1534 1.74825 1.46647 1.10784 0.843764 2.0119 0.721322 0.670635 0.649737 0.633771 0.587087 0.572831 0.544448 0.46755 0.404089 0.899472 0.373663 0.371059 0.57605 0.278551 0.166625 0.152331 0.573029 0.124528 0.11425
threshold=96982.175000000003 88703.470250000013 1.5000000000000002 128088.22000000002 6233.2414089869762 92458.67410714287 50134.18121885624 90460.950000000026 0 2.5000000000000004 10959.642039079643 4.5000000000000009 90550.175714285724 124051.74000000001 127962.98357142859 109.50000000000001 116704.96500000001 3.5000000000000004 95.500000000000014 1 178686.035 42350.848692379157 149838.82875000002 41317.756906491202 92294.763571428586 162504.30000000005 289760.17017857148 123793.04869707425 124817.04571428572 4.5000000000000009
decision_type=2 2 2 2 2 2 2 2 1 2 2 2 2 2 2 2 2 2 2 1 2 2 2 2 2 2 2 2 2 2
left_child=1 -1 4 8 -3 -6 7 9 13 -4 -11 12 -9 14 15 -2 21 -17 -14 20 22 24 28 -24 -10 -25 27 29 -5 -22
right_child=3 2 6 19 5 -7 -8 11 16 10 -12 -13 18 -15 -16 17 -18 -19 -20 -21 26 -23 23 25 -26 -27 -28 -29 -30 -31
leaf_value=-1020.5734307020811 -510.30953881510396 -231.00175839434002 -621.04253385048696 634.51019164686659 -178.5537858721726 -597.15521046027675 -23.508273001533912 52.668367818663057 -6.6471767865607987 -123.33240409192973 -333.04643859251149 -95.24575520787954 -42.43076092335923 -663.09399674786334 108.24997073128095 -478.92545051484558 593.23915454343876 369.67283532306647 -135.03521914660365 1663.6273575729585 1820.0878605864593 45.214818369554969 -734.13673782224976 397.2601375104316 -236.72017231249657 -292.15295441287452 6267.2950176113045 -1047.6751072536449 65.425537758035318 2356.6635387076108
leaf_weight=34 22 26 35 33 25 38 40 21 27 27 36 38 22 22 33 22 63 21 41 1810 91 28 26 39 23 34 300 20 20 27
leaf_count=34 22 26 35 33 25 38 40 21 27 27 36 38 22 22 33 22 63 21 41 1810 91 28 26 39 23 34 300 20 20 27
internal_value=0.00125493 -0.0161488 -0.0139112 0.00375986 -0.0264607 -0.0203968 -0.00961538 -0.0113636 -0.00170498 -0.0159184 -0.0124603 -0.00770492 -0.00511905 -0.005 -0.00367347 -0.00653846 0.00135762 -0.00313953 -0.00769841 0.00435417 0.003 -0.00141026 -0.000263158 -0.00207071 -0.004 0.00020548 0.00420091 0.00282609 0.00311321 0.00415254
internal_weight=3044 383 349 2661 89 63 260 220 261 98 63 122 84 120 98 65 141 43 63 2400 590 78 152 99 50 73 438 138 53 118
internal_count=3044 383 349 2661 89 63 260 220 261 98 63 122 84 120 98 65 141 43 63 2400 590 78 152 99 50 73 438 138 53 118
cat_boundaries=0 1 2
cat_threshold=1 1
is_linear=0
shrinkage=0.05


Tree=12
num_leaves=31
num_cat=2
split_feature=1 4 7 5 1 3 5 1 7 7 11 1 3 3 10 3 1 11 4 6 7 6 2 10 10 2 5 2 10 1
split_gain=48.5118 8.5129 6.72949 3.94125 2.81077 2.04025 1.47972 1.85256 1.52905 1.04515 0.969649 0.652805 0.608677 0.513523 1.33177 1.7914 0.482143 0.459505 0.883148 0.514145 0.458854 0.644235 1.17951 0.456522 0.389595 0.378701 0.338203 0.380952 0.106821 0.1
threshold=96982.175000000003 88703.470250000013 1.5000000000000002 6233.2414089869762 128088.22000000002 118445.57428571431 50134.18121885624 87705.310000000012 2.5000000000000004 4.5000000000000009 0 110073.395 90550.175714285724 127962.98357142859 200.50000000000003 115961.09571428572 91147.715000000011 1 289760.17017857148 123793.04869707425 1.5000000000000002 68069.032986903228 142422.09000000003 109.50000000000001 95.500000000000014 96469.185000000012 42350.848692379157 95836.580000000016 190.50000000000003 82086.090000000011
decision_type=2 2 2 2 2 2 2 2 2 2 1 2 2 2 2 2 2 1 2 2 2 2 2 2 2 2 2 2 2 2
left_child=1 -1 3 -3 10 -5 7 8 -4 12 13 26 -9 14 15 -2 -11 18 19 20 28 22 -22 -15 -14 -26 27 -12 -6 -8
right_child=4 2 6 5 17 -7 29 9 -10 16 11 -13 24 23 -16 -17 -18 -19 -20 -21 21 -23 -24 -25 25 -27 -28 -29 -30 -31
leaf_value=-969.5447591669772 368.60407246690971 -219.45167047462297 -606.82663648388086 -183.64065502976055 1520.968583899958 -627.59542538311894 24.206555968432777 22.795512939328976 -173.1485373643894 -208.86326163336722 -210.09897511194231 296.54345892087537 -26.615048783161452 89.785851195358134 201.16169754781657 -1242.0448770752751 -92.39768035887279 1580.4459896943108 5661.095536096911 -777.67964276257408 126.02844078551203 1751.3098039198562 -646.47644673254183 -140.31288752141865 -364.82164544101727 -90.184369902453966 45.743101191112004 5.1979591182991296 645.97830811782717 -300.9797602207201
leaf_weight=34 20 26 29 34 83 29 20 23 38 24 21 75 24 21 23 31 32 1810 305 29 52 55 38 25 28 22 24 21 28 20
leaf_count=34 20 26 29 34 83 29 20 23 38 24 21 75 24 21 23 31 32 1810 305 29 52 55 38 25 28 22 24 21 28 20
internal_value=0.00140276 -0.015235 -0.0129083 -0.0247753 0.00379744 -0.0180159 -0.00884615 -0.0104545 -0.0173881 -0.0074183 -0.00113027 0.00168874 -0.00427835 -0.00423077 -0.00716216 -0.0116667 -0.0128571 0.00433333 0.00291667 0.000964912 0.00167969 -0.000172414 -0.00277778 -0.000434782 -0.00648649 -0.009 -0.00181818 -0.00452381 0.0040991 1.86265e-10
internal_weight=3044 383 349 89 2661 63 260 220 67 153 261 141 97 120 74 51 56 2400 590 285 256 145 90 46 74 50 66 42 111 40
internal_count=3044 383 349 89 2661 63 260 220 67 153 261 141 97 120 74 51 56 2400 590 285 256 145 90 46 74 50 66 42 111 40
cat_boundaries=0 1 2
cat_threshold=1 1
is_linear=0
shrinkage=0.05


Tree=13
num_leaves=31
num_cat=1
split_feature=1 5 1 4 7 1 1 11 0 10 7 4 10 10 0 4 5 0 0 1 1 10 4 7 5 10 5 5 4 5
split_gain=43.2672 7.72479 7.27633 3.98839 2.52219 1.26412 1.1377 0.782864 1.23246 0.552726 0.501608 1.06672 0.461744 0.606269 0.726546 0.657094 0.540817 1.31488 0.537202 0.421952 0.410387 0.845166 0.391724 0.319303 0.28058 0.261256 0.212374 0.176441 0.110486 0.0468354
threshold=89777.440000000017 5634.4964057764419 117803.21000000001 88703.470250000013 2.5000000000000004 85437.10500000001 78050.005000000019 0 227601.43500000003 58.500000000000007 1.5000000000000002 126630.18160714286 242.50000000000003 221.50000000000003 125164.31500000002 123450.99839285715 7318.200877185036 91147.715000000011 95836.580000000016 84004.775000000009 99396.960000000006 96.500000000000014 154388.71630952385 3.5000000000000004 53124.246627285473 182.50000000000003 47208.176563028122 10959.642039079643 225987.56839285718 196761.01495935125
decision_type=2 2 2 2 2 2 2 1 2 2 2 2 2 2 2 2 2 2 2 2 2 2 2 2 2 2 2 2 2 2
left_child=1 -1 12 -3 6 -6 -5 8 10 -8 22 -12 13 14 15 16 17 -2 -19 -11 27 -22 -4 24 -13 26 -25 -18 -10 -30
right_child=2 3 7 4 5 -7 9 -9 28 19 11 23 -14 -15 -16 -17 20 18 -20 -21 21 -23 -24 25 -26 -27 -28 -29 29 -31
leaf_value=-357.02870092161589 12.360385836501338 -921.06752136614296 852.61088772986841 -775.80072473306927 16.312038310787639 -262.09401427364759 -261.25179999345801 1336.1612480944132 2167.0654559630143 -148.17347339425686 -1105.8743384040233 8.7482588978631828 40.585141837971875 -492.94941445782518 41.551410974410089 -343.13640751532614 24.990238121196676 -87.7777963409291 -26.215971052492929 -532.59907660464148 -238.37502221163587 14.563441064817258 -136.64237852646428 -426.58073389864694 -280.78384427535212 -143.37318245697605 1063.9129239231434 -42.496267179396575 4730.9147954265745 8836.0294589455771
leaf_weight=32 24 24 71 29 37 31 23 1869 30 28 25 23 23 27 31 30 22 32 24 31 24 34 29 24 25 25 66 35 296 20
leaf_count=32 24 24 71 29 37 31 23 1869 30 28 25 23 23 27 31 30 22 32 24 31 24 34 29 24 25 25 66 35 296 20
internal_value=0.00156702 -0.0190426 0.00329121 -0.0154433 -0.0128771 -0.00529412 -0.0175225 0.00418098 0.00251553 -0.0145122 0.000138889 -0.00138298 -0.00398693 -0.00454064 -0.00378906 -0.00477778 -0.00371795 -0.006875 -0.0110714 -0.0119492 -0.00152174 -0.00448276 0.003 9.20247e-05 -0.00333333 0.00152174 0.00277778 0.00149123 0.00456647 0.00484177
internal_weight=3044 235 2809 203 179 68 111 2503 634 82 288 188 306 283 256 225 195 80 56 59 115 58 100 163 48 115 90 57 346 316
internal_count=3044 235 2809 203 179 68 111 2503 634 82 288 188 306 283 256 225 195 80 56 59 115 58 100 163 48 115 90 57 346 316
cat_boundaries=0 1
cat_threshold=1
is_linear=0
shrinkage=0.05


Tree=14
num_leaves=31
num_cat=1
split_feature=1 4 7 10 1 3 3 1 6 10 7 6 4 2 10 6 3 2 6 11 4 6 7 6 2 6 4 2 4 0
split_gain=40.2459 7.64913 5.40366 2.92733 2.19337 1.58998 1.11569 1.05699 1.55128 1.00392 0.833353 0.913629 0.826912 0.731403 0.618338 0.757166 1.63739 1.11176 0.596471 0.482733 0.965009 0.797509 0.458854 0.644235 1.17951 0.289173 0.252101 0.247059 0.350649 0.186923
threshold=96982.175000000003 88703.470250000013 1.5000000000000002 107.50000000000001 128088.22000000002 92763.675000000003 128882.97285714287 87705.310000000012 36594.729929084751 158.50000000000003 4.5000000000000009 42210.887596326334 122373.84316964286 92382.135000000024 192.50000000000003 39684.161699439072 115961.09571428572 95836.580000000016 6515.350797871527 0 289760.17017857148 123793.04869707425 1.5000000000000002 68069.032986903228 142422.09000000003 39407.664274207134 92458.67410714287 149373.40000000005 151448.80928571432 127261.66000000002
decision_type=2 2 2 2 2 2 2 2 2 2 2 2 2 2 2 2 2 2 2 1 2 2 2 2 2 2 2 2 2 2
left_child=1 -1 3 -3 12 -5 7 8 -4 -10 11 18 14 -12 15 16 17 -2 -9 20 21 22 -6 24 29 -14 -20 28 -27 -24
right_child=4 2 6 5 19 -7 -8 10 9 -11 13 -13 25 -15 -16 -17 -18 -19 26 -21 -22 -23 23 -25 -26 27 -28 -29 -30 -31
leaf_value=-875.01414514032103 -187.67527734487075 -241.12263976374584 -861.54797097707149 -167.21792973679197 1097.4882621828817 -472.60333833992757 25.630629855380473 -41.311915695470191 -253.56776465030967 -7.1826570657545021 -83.707939548975389 -388.31622227021705 530.35003522698651 -193.40459042005227 137.8676699479764 85.375796461115101 -1087.6147702721955 119.77496525820837 32.087858522604414 1434.6156278048741 5259.0173901416565 -726.1978827674634 842.03988429288893 1427.1985739525344 -592.54645058720143 7.1735054819975872 -41.436666925261868 630.44876789804459 -313.37161799767517 -561.91639518395675
leaf_weight=34 21 37 24 21 111 31 29 24 34 20 31 23 53 24 27 22 23 30 30 1810 305 29 27 55 38 42 21 21 22 25
leaf_count=34 21 37 24 21 111 31 29 24 34 20 31 23 53 24 27 22 23 30 30 1810 305 29 27 55 38 42 21 21 22 25
internal_value=0.00161629 -0.0135379 -0.0113324 -0.0219663 0.00379744 -0.0296154 -0.00769231 -0.00885281 -0.0135897 -0.00888889 -0.00643791 -0.00367347 -0.000555555 -0.0113636 -0.00353659 -0.00541667 -0.00783784 -0.00284314 -0.001 0.00427083 0.00283333 0.000789474 0.00167969 -0.000172414 -0.00277778 0.00210145 0.00205882 0.000294118 -0.00125 0.00211538
internal_weight=3044 383 349 89 2661 52 260 231 78 54 153 98 261 55 123 96 74 51 75 2400 590 285 256 145 90 138 51 85 64 52
internal_count=3044 383 349 89 2661 52 260 231 78 54 153 98 261 55 123 96 74 51 75 2400 590 285 256 145 90 138 51 85 64 52
cat_boundaries=0 1
cat_threshold=1
is_linear=0
shrinkage=0.05


Tree=15
num_leaves=31
num_cat=0
split_feature=1 2 7 0 1 5 4 5 3 4 10 3 6 1 10 3 4 2 6 6 3 6 1 4 0 10 3 3 0 5
split_gain=32.8454 6.19163 3.39177 1.91094 1.54018 1.58752 1.90338 2.34113 1.38972 0.856815 0.825 0.773112 0.64436 0.910268 1.19186 0.781417 0.589793 0.457234 0.907517 0.988544 0.46474 2.25571 0.962226 0.258419 0.333874 0.543478 0.226305 0.42496 0.129925 0.192257
threshold=98692.750000000015 69621.24500000001 2.5000000000000004 120687.06000000001 89777.440000000017 6233.2414089869762 121971.94464285717 47208.176563028122 90372.626428571457 124203.32375000003 120.50000000000001 92084.120714285731 39684.161699439072 130257.54500000001 173.50000000000003 96095.821428571435 91891.661854395628 202780.73000000001 33782.093081110834 36888.230992773686 152232.45571428575 68069.032986903228 149068.74500000002 125534.11964285716 88854.420000000013 144.50000000000003 120994.95428571431 114128.79285714288 262709.99500000005 81537.84758301494
decision_type=2 2 2 2 2 2 2 2 2 2 2 2 2 2 2 2 2 2 2 2 2 2 2 2 2 2 2 2 2 2
left_child=1 -1 4 12 5 -3 10 -8 -4 11 -7 16 13 14 15 -2 -10 18 -5 -20 -21 22 -22 -14 -25 -26 27 -13 -23 -30
right_child=3 2 8 17 -6 6 7 -9 9 -11 -12 26 23 -15 -16 -17 -18 -19 19 20 21 28 -24 24 25 -27 -28 -29 29 -31
leaf_value=-973.10902824058178 -200.49884520166714 -158.72011601909557 -328.5293894407427 776.65403445163236 -206.00530000820731 -60.754352725904759 -671.40865072959048 -198.96471467317986 -100.09540621413123 -487.74530745793447 -349.22274905749487 18.193839700050955 207.45469477593144 908.73814135394957 65.786207786833103 -885.09744075399726 -38.116991042537535 4460.7866060544693 -884.40596852989154 844.96266397326053 -83.786767793454857 906.57727074321338 -1241.0353597697524 503.94187054016038 -516.11964663544347 51.474470467792742 177.66495995519188 -46.829252305878605 -14.466199798884299 929.38975076616521
leaf_weight=28 20 32 35 403 32 24 22 20 22 38 20 38 64 34 34 21 38 1607 22 111 23 129 24 21 23 23 23 22 31 82
leaf_count=28 20 32 35 403 32 24 22 20 22 38 20 38 64 34 34 21 38 1607 22 111 23 129 24 21 23 23 23 22 31 82
internal_value=0.00185258 -0.0116244 -0.00989071 0.00383982 -0.0156667 -0.0183051 -0.0147674 -0.022381 -0.00587963 -0.00411602 -0.0075 -0.00234266 -0.000416666 -0.00325688 -0.00633333 -0.0120732 -0.00666667 0.00425987 0.00330303 0.00168246 0.00225 0.00119377 -0.00882979 0.00194657 -0.00022388 -0.0026087 0.000783133 -0.000833333 0.0031405 0.00190266
internal_weight=3066 394 366 2672 150 118 86 42 216 181 44 143 240 109 75 41 60 2432 825 422 400 289 47 131 67 46 83 60 242 113
internal_count=3066 394 366 2672 150 118 86 42 216 181 44 143 240 109 75 41 60 2432 825 422 400 289 47 131 67 46 83 60 242 113
is_linear=0
shrinkage=0.05


Tree=16
num_leaves=31
num_cat=1
split_feature=1 2 4 1 5 4 10 1 4 5 0 5 11 1 4 8 4 10 1 0 2 0 5 2 0 5 6 5 10 4
split_gain=28.8652 6.73393 4.78661 2.10938 1.30021 1.58918 1.23379 1.1818 1.08434 1.04125 0.990797 0.9 0.838526 1.72934 0.742862 0.849007 0.72803 0.615385 0.84062 0.494186 0.886496 0.587379 0.4662 0.376405 0.234416 0.222368 0.300593 0.250753 0.171773 0.113043
threshold=89777.440000000017 115167.00500000002 91832.317678571446 69474.885000000009 52209.070545177608 121971.94464285717 166.50000000000003 132956.40500000003 123450.99839285715 6540.6358262441636 120687.06000000001 6233.2414089869762 0 180396.57500000004 149838.82875000002 1.0000000180025095e-35 126630.18160714286 99.500000000000014 154096.62000000002 93625.795000000027 101976.58000000002 91147.715000000011 33832.991519492149 150388.00000000003 124164.94500000002 6233.2414089869762 25400.329045009636 34741.368890882528 28.500000000000004 92183.090535714306
decision_type=2 2 2 2 2 2 2 2 2 2 2 2 1 2 2 2 2 2 2 2 2 2 2 2 2 2 2 2 2 2
left_child=2 7 3 -1 5 9 -7 8 19 -4 -11 -5 13 14 15 -3 -10 -16 24 20 21 22 -2 -15 -19 -21 29 -28 -25 -27
right_child=1 12 4 11 -6 6 -8 -9 16 10 -12 -13 -14 23 17 -17 -18 18 -20 25 -22 -23 -24 28 -26 26 27 -29 -30 -31
leaf_value=-940.44489343051941 35.049597640064661 419.37551049642457 -199.22959818288462 -141.5446705000617 70.209118683382016 -536.32226834655114 -464.36460755636728 699.77037506582758 -569.23095293107474 33.673578118459979 -358.25693994325002 -468.52706488202841 1152.9818159626091 -215.01707727363947 443.65117576485545 -76.963057781090384 -25.801515195692403 -277.46759529711068 -812.41031291016338 -33.044585036927067 -339.57603094942328 -58.035929448588405 -104.31716974007634 1157.311159724906 15.450958483510872 20.089005670185443 -491.40980974950281 58.841367111095821 3052.6580905330038 15.035515416138058
leaf_weight=24 39 65 29 20 22 33 23 45 24 31 20 20 1883 20 39 22 20 20 23 24 23 27 27 20 35 26 21 23 398 20
leaf_count=24 39 65 29 20 22 33 23 45 24 31 20 20 1883 20 39 22 20 20 23 24 23 27 27 20 35 26 21 23 398 20
internal_value=0.00186888 0.00322433 -0.0154955 -0.0270312 -0.0108228 -0.0126471 -0.0191071 -0.00362069 -0.00485401 -0.008125 -0.00382353 -0.02 0.00408911 0.00239264 -0.00137255 0.00212644 -0.0120455 -0.00397436 -0.00653846 -0.00347826 -0.00577586 -0.00360215 -0.00106061 0.00420091 -0.00318182 -0.00114035 1.86265e-10 -0.00295455 0.00452153 0.00282609
internal_weight=3066 2844 222 64 158 136 56 319 274 80 51 40 2525 642 204 87 44 117 78 230 116 93 66 438 55 114 90 44 418 46
internal_count=3066 2844 222 64 158 136 56 319 274 80 51 40 2525 642 204 87 44 117 78 230 116 93 66 438 55 114 90 44 418 46
cat_boundaries=0 1
cat_threshold=1
is_linear=0
shrinkage=0.05


Tree=17
num_leaves=31
num_cat=0
split_feature=1 2 7 10 2 1 3 10 0 0 3 6 10 2 10 5 6 3 5 5 2 2 6 0 3 6 3 1 0 6
split_gain=27.5197 6.33759 3.03132 2.26602 1.20466 1.10521 1.02228 0.946183 0.942308 0.857143 0.591472 0.88252 0.686373 0.73557 1.11075 0.866834 0.466667 0.374335 0.314076 0.332411 0.225 0.196947 0.571315 0.376206 0.371021 0.983839 1.54856 0.325031 0.273485 0.104762
threshold=106673.93000000001 69621.24500000001 1.5000000000000002 107.50000000000001 82078.155000000013 129341.85500000001 124097.38357142858 174.50000000000003 90460.950000000026 97677.235000000015 131836.65642857147 43283.204674816698 235.50000000000003 97422.390000000014 110.50000000000001 5869.527124083922 44793.695837729763 150239.20714285717 7318.200877185036 6448.5537910596022 145611.20000000004 202780.73000000001 34958.101065373776 120687.06000000001 132400.2035714286 68069.032986903228 160450.42428571431 161367.42000000004 127261.66000000002 123793.04869707425
decision_type=2 2 2 2 2 2 2 2 2 2 2 2 2 2 2 2 2 2 2 2 2 2 2 2 2 2 2 2 2 2
left_child=1 -1 3 -3 -4 6 7 9 -5 -2 11 12 13 15 -15 -6 -13 -8 19 -17 -19 22 -7 -23 -24 26 27 28 -26 -27
right_child=5 2 4 8 10 21 17 -9 -10 -11 -12 16 -14 14 -16 18 -18 20 -20 -21 -22 23 24 -25 25 29 -28 -29 -30 -31
leaf_value=-877.43133215702665 -836.99441578648248 -146.35524070451356 -510.48679542680514 -143.79681589809948 -37.208002167989243 815.56289128008905 303.70536367540075 167.38276460129174 -438.9311155805803 -6.9057413589667833 283.11855813451649 -406.30444982874479 -199.67488566225634 -466.4758740250781 -10.035288583205137 13.095079799466546 -332.74923554378165 -113.87635393949228 43.550036436686241 -35.097602522398958 574.25053027081117 -262.00072114073595 515.34130236176759 4337.3027178349994 195.71307668423512 716.86713270729206 -1178.112762841876 970.70951840712951 -348.47165507324434 895.04666614826533
leaf_weight=28 21 35 36 26 30 363 98 25 26 21 31 20 27 35 34 22 28 20 52 23 20 21 98 1598 20 176 24 29 24 55
leaf_count=28 21 35 36 26 30 363 98 25 26 21 31 20 27 35 34 22 28 20 52 23 20 21 98 1598 20 176 24 29 24 55
internal_value=0.00191781 -0.00945916 -0.00794118 -0.0162644 -0.00579882 0.00389016 0.000365854 -0.00470149 -0.0228846 -0.00928571 -0.00476821 -0.0055166 -0.00419282 -0.00316327 -0.00731884 -0.000905512 -0.0116667 0.00282609 0.00139175 -0.00166667 -0.00125 0.0041902 0.00354246 0.00450587 0.00230047 0.0014939 -0.00273196 0.000890411 -0.00181818 0.0032684
internal_weight=3066 453 425 87 338 2613 205 67 52 42 302 271 223 196 69 127 48 138 97 45 40 2408 789 1619 426 328 97 73 44 231
internal_count=3066 453 425 87 338 2613 205 67 52 42 302 271 223 196 69 127 48 138 97 45 40 2408 789 1619 426 328 97 73 44 231
is_linear=0
shrinkage=0.05


Tree=18
num_leaves=31
num_cat=2
split_feature=1 4 7 1 10 1 11 4 1 5 1 4 5 10 7 11 1 4 5 4 5 5 10 1 6 1 3 10 5 10
split_gain=24.0182 6.25038 3.96452 1.65436 1.44455 1.83847 0.893635 0.879694 0.820756 0.785071 0.783779 0.751514 1.69712 0.710709 0.536143 0.49881 1.21065 0.803468 0.608265 0.461027 0.368266 0.407732 0.349796 0.317919 0.311538 0.273059 0.250216 0.198314 0.116518 0.0965079
threshold=96982.175000000003 88703.470250000013 2.5000000000000004 129341.85500000001 233.50000000000003 84908.630000000019 0 118207.87701298704 91147.715000000011 35552.16044183739 124960.78500000002 121971.94464285717 6540.6358262441636 187.50000000000003 3.5000000000000004 1 180396.57500000004 149838.82875000002 41317.756906491202 124203.32375000003 53124.246627285473 68912.420012181989 83.500000000000014 103456.69000000002 7060.4013388903259 106673.93000000001 96095.821428571435 33.500000000000007 39282.105838163297 184.50000000000003
decision_type=2 2 2 2 2 2 1 2 2 2 2 2 2 2 2 1 2 2 2 2 2 2 2 2 2 2 2 2 2 2
left_child=1 -1 4 6 5 11 7 -2 19 -7 25 12 -3 14 -10 16 17 29 -19 24 -20 -22 -16 26 -4 -9 -8 -18 -27 -5
right_child=3 2 8 15 -6 9 23 10 13 -11 -12 -13 -14 -15 22 -17 27 18 20 -21 21 -23 -24 -25 -26 28 -28 -29 -30 -31
leaf_value=-788.84949995036197 -753.17179977594935 -136.63516199618934 -33.827651077041509 493.51251502234004 -420.50488797611354 10.832523115629819 21.157278047514851 -47.020468500718948 79.342726441887123 -386.32065036433698 -481.00281344501855 -416.30205678023668 -288.75543374645775 -96.376023799027323 -30.138303712837331 1215.7889724384727 1290.3438407137512 -706.61455416834576 302.94883077336243 -451.34593309473917 -376.22964050276573 105.34546284804654 -66.967444549257323 220.56873679619662 30.066842589913296 282.37908464393723 -101.53938318444511 2441.9166035002122 7.1288660228850453 296.09582022363549
leaf_weight=34 24 23 20 38 23 27 22 23 23 25 20 24 26 28 22 1802 32 26 27 24 21 22 26 115 45 29 20 415 35 25
leaf_count=34 24 23 20 38 23 27 22 23 23 25 20 24 26 28 22 1802 32 26 27 24 21 22 26 115 45 29 20 415 35 25
internal_value=0.00208089 -0.00986486 -0.00779762 0.00372033 -0.0139189 -0.0118 0.000138889 -0.00280142 -0.00297872 -0.00461538 -0.00107477 -0.0169178 -0.0133673 -0.00611111 -0.0034507 0.00414867 0.00272727 -0.000974843 -0.00385417 0.000505618 -0.00142857 -0.00430233 -0.00645833 0.00260479 0.00269231 0.000977012 -0.000952381 0.00410515 0.00265625 0.0034127
internal_weight=3066 370 336 2696 148 125 288 131 188 52 107 73 49 99 71 2408 606 159 96 89 70 43 48 157 65 87 42 447 64 63
internal_count=3066 370 336 2696 148 125 288 131 188 52 107 73 49 99 71 2408 606 159 96 89 70 43 48 157 65 87 42 447 64 63
cat_boundaries=0 1 2
cat_threshold=1 1
is_linear=0
shrinkage=0.05


Tree=19
num_leaves=31
num_cat=1
split_feature=2 4 7 2 10 3 2 5 10 10 11 2 3 4 5 5 0 4 0 2 7 2 2 10 3 3 0 4 0 5
split_gain=21.5154 6.23108 3.58962 1.83203 1.67694 1.14369 1.15122 1.05774 1.39518 1.21582 0.827674 1.31771 1.1163 1.31428 0.599728 0.582858 0.556403 0.491949 0.490451 0.821616 0.347958 0.438114 0.344983 0.282311 0.279497 0.237797 0.305122 0.21021 0.149698 0.130775
threshold=108071.99500000001 88703.470250000013 2.5000000000000004 73314.755000000019 239.50000000000003 124817.04571428572 101976.58000000002 36772.388162109717 170.50000000000003 134.50000000000003 0 183013.83500000005 158581.32642857145 159507.21398809526 47208.176563028122 5634.4964057764419 191853.80500000002 229007.83250000005 91936.055000000008 91171.510000000009 1.5000000000000002 138408.285 121612.50000000001 187.50000000000003 239054.94642857145 134752.64571428575 106896.07000000002 92392.206801948065 145642.87000000002 44143.918163120215
decision_type=2 2 2 2 2 2 2 2 2 2 1 2 2 2 2 2 2 2 2 2 2 2 2 2 2 2 2 2 2 2
left_child=1 3 4 -1 7 6 15 9 14 -3 11 12 20 -14 -9 -4 17 28 19 -17 -2 25 -12 27 -15 26 -22 -20 -13 -7
right_child=10 2 5 -5 -6 29 -8 8 -10 -11 22 16 13 24 -16 18 -18 -19 23 -21 21 -23 -24 -25 -26 -27 -28 -29 -30 -31
leaf_value=-771.21820995078917 719.34277818084627 1.4988521134923953 -52.156482985508958 -556.21001283490045 -369.29792036740588 71.64040369452637 -565.76289072127827 -634.33135640004525 -291.73762675029246 -130.75818445207716 15.013058497095063 93.942805273762929 -815.43667527013486 635.75317712669812 -128.89801215957581 16.500406355224975 3225.9056042684138 -475.28614047901914 18.13073067076461 -129.8112247847784 22.940494227836709 -130.29152224115381 1047.9138701657973 -25.46125127974323 -253.24733844074694 312.87859888338517 -102.14706530445109 -2.79091935962302 529.15894978580934 265.27511202197178
leaf_weight=22 51 42 28 20 20 21 23 26 23 38 39 31 21 22 25 24 358 23 35 23 27 37 1859 29 25 38 20 37 33 46
leaf_count=22 51 42 28 20 20 21 23 26 23 38 39 31 21 22 25 24 358 23 35 23 27 37 1859 29 25 38 20 37 33 46
internal_value=0.00214612 -0.00755187 -0.00579545 -0.0259524 -0.0113793 -0.00214286 -0.00404523 -0.00961039 -0.0139189 -0.005625 0.00395511 0.00234195 -0.00060166 -0.00602941 -0.0185294 -0.00267045 0.00398876 0.000402299 -0.00141892 -0.0056383 0.00153179 8.19674e-05 0.0045021 0.000544555 -0.00138298 0.00205882 -0.000319149 0.00222222 0.00265625 0.00350746
internal_weight=3066 482 440 42 174 266 199 154 74 80 2584 686 241 68 51 176 445 87 148 47 173 122 1898 101 47 85 47 72 64 67
internal_count=3066 482 440 42 174 266 199 154 74 80 2584 686 241 68 51 176 445 87 148 47 173 122 1898 101 47 85 47 72 64 67
cat_boundaries=0 1
cat_threshold=1
is_linear=0
shrinkage=0.05


Tree=20
num_leaves=31
num_cat=1
split_feature=2 3 7 5 7 2 11 3 7 6 5 2 10 7 4 4 7 4 2 7 5 5 10 2 6 2 7 4 2 2
split_gain=22.9191 7.75641 2.76636 1.95797 1.68187 1.225 0.940422 0.941188 0.895842 0.913963 0.658904 1.06099 1.70234 1.93258 1.05095 0.673781 0.670617 0.527233 0.422402 0.404022 0.390625 0.343295 0.3375 0.244966 0.207033 0.238621 0.29417 0.15 0.14733 0.14511
threshold=116554.55500000001 89394.410000000018 1.5000000000000002 5869.527124083922 1.0000000180025095e-35 73314.755000000019 0 250887.78285714288 1.5000000000000002 120478.11991451381 32234.866698631249 95495.160000000018 144.50000000000003 3.5000000000000004 120901.90928571431 91891.661854395628 3.5000000000000004 122373.84316964286 106673.93000000001 3.5000000000000004 53124.246627285473 29338.074089170084 207.50000000000003 230193.30500000002 68673.682968589244 128401.895 5.5000000000000009 124203.32375000003 121612.50000000001 92939.950000000026
decision_type=2 2 2 2 2 2 1 2 2 2 2 2 2 2 2 2 2 2 2 2 2 2 2 2 2 2 2 2 2 2
left_child=1 5 3 -3 -5 -1 7 8 21 19 15 14 13 -13 -12 16 -4 -6 -14 20 -10 -2 27 -9 25 -21 -27 -16 -8 -17
right_child=6 2 10 4 17 -7 28 23 9 -11 11 12 18 -15 22 29 -18 -19 -20 24 -22 -23 -24 -25 -26 26 -28 -29 -30 -31
leaf_value=-706.20408409270499 -47.822476131345297 -129.37354271834047 4.1628633036217648 5.1936258020305193 -262.0098277275701 -488.77254671779747 87.163488935922786 698.16106196530654 3.5593527045187248 -481.54533388961636 -544.8162820839384 -545.14128146757002 102.70282839091718 -363.67397610815289 4.0834651562331707 13.588341268888142 -55.991750933991618 -349.48724605701875 -293.27182780358828 749.31632362342964 -311.18310936555417 993.77515064925888 -357.89377318007206 5033.2491431949493 1476.8178099368797 -395.35604013327583 191.15388994199418 486.84383371378965 1013.7909867001945 -15.339400981623033
leaf_weight=20 20 20 23 20 27 20 22 29 32 26 38 24 21 29 30 45 36 24 25 20 32 119 20 286 29 38 35 30 1862 68
leaf_count=20 20 20 23 20 27 20 22 29 32 26 38 24 21 29 30 45 36 24 25 20 32 119 20 286 29 38 35 30 1862 68
internal_value=0.00197068 -0.00759615 -0.00583333 -0.0136813 -0.00978873 -0.02875 0.00392157 0.00218935 0.000441596 -0.00160377 -0.00399743 -0.00582949 -0.00964646 -0.0157547 -0.00262712 -0.00168605 -0.00601695 -0.0146078 -0.0026087 -0.000376344 -0.00359375 0.00356115 0.000625 0.00420635 0.00131148 0.000161291 -0.00116438 0.0025 0.00449842 0.000575221
internal_weight=3070 520 480 91 71 40 2550 666 351 212 389 217 99 53 118 172 59 51 46 186 64 139 80 315 122 93 73 60 1884 113
internal_count=3070 520 480 91 71 40 2550 666 351 212 389 217 99 53 118 172 59 51 46 186 64 139 80 315 122 93 73 60 1884 113
cat_boundaries=0 1
cat_threshold=1
is_linear=0
shrinkage=0.05


Tree=21
num_leaves=31
num_cat=1
split_feature=1 2 4 3 1 5 1 11 1 1 4 3 1 3 5 5 1 10 6 6 6 2 1 4 10 2 2 10 6 10
split_gain=21.3336 6.06377 3.84199 1.33075 0.945 1.14891 0.980527 0.82959 0.859 0.794948 0.762424 0.630698 0.840522 0.553694 1.10187 0.519751 0.684694 0.513124 0.406724 0.480002 0.363493 0.710635 0.356249 0.503711 0.3476 0.340651 0.236919 0.231724 0.209059 0.165184
threshold=108071.99500000001 82743.585000000006 92102.088898809539 118964.325 89777.440000000017 6233.2414089869762 87041.410000000018 0 194682.13500000004 69474.885000000009 123994.50482142858 120994.95428571431 82086.090000000011 160450.42428571431 65584.703715809868 38817.407993640089 99396.960000000006 144.50000000000003 6515.350797871527 6026.702314369385 168585.86737647827 281386.79500000004 144390.91500000001 119228.47000000002 216.50000000000003 129389.77 121612.50000000001 189.50000000000003 73711.586295707573 84.500000000000014
decision_type=2 2 2 2 2 2 2 1 2 2 2 2 2 2 2 2 2 2 2 2 2 2 2 2 2 2 2 2 2 2
left_child=1 2 9 -4 5 -3 11 8 13 -1 15 12 -7 22 -15 16 18 -5 19 -6 -10 -22 23 -2 29 -25 27 -9 -16 -20
right_child=7 4 3 17 10 6 -8 26 20 -11 -12 -13 -14 14 28 -17 -18 -19 24 -21 21 -23 -24 25 -26 -27 -28 -29 -30 -31
leaf_value=-782.77896886982933 -882.75914194963252 -113.94134136445271 45.536183167936159 -248.35092245086491 12.781476803020578 -260.81662050896369 -373.7454556748761 -4.5603678602659654 2320.076235131804 -268.02064387632464 -523.74843218716774 22.11411424867654 -108.47739712055316 -545.17868839237337 1158.7548382709199 132.01422901009127 -175.12557125945955 -346.01182521540966 2.0257412133061421 -35.972444447984188 -1587.0902744507148 2825.3578670274001 259.36486756666335 80.507415802771803 -77.611773945621479 -35.922456234334511 960.75263644002507 127.90399272495607 -72.245399684369758 39.901602466197374
leaf_weight=20 26 24 20 21 21 27 22 29 338 21 39 39 31 27 20 39 22 20 29 23 20 61 86 52 20 43 1855 21 21 33
leaf_count=20 26 24 20 21 21 27 22 29 338 21 39 39 31 27 20 39 22 20 29 23 20 61 86 52 20 43 1855 21 21 33
internal_value=0.00205212 -0.00773885 -0.0185294 -0.0105738 -0.0047561 -0.00793706 -0.00592437 0.00382647 0.00223011 -0.0303659 -0.00274336 -0.00376289 -0.00706897 9.09093e-05 -0.00382353 -0.00141711 -0.00277027 -0.0157317 -0.00134921 -0.00522727 0.00368735 0.000679013 0.00137681 -0.000371901 0.000731707 0.00131579 0.00437337 0.001 0.00134146 0.00258065
internal_weight=3070 471 102 61 369 143 119 2599 694 41 226 97 58 275 68 187 148 41 126 44 419 81 207 121 82 95 1905 50 41 62
internal_count=3070 471 102 61 369 143 119 2599 694 41 226 97 58 275 68 187 148 41 126 44 419 81 207 121 82 95 1905 50 41 62
cat_boundaries=0 1
cat_threshold=1
is_linear=0
shrinkage=0.05


Tree=22
num_leaves=31
num_cat=1
split_feature=2 4 3 0 10 11 0 2 4 2 3 5 3 10 3 6 2 10 3 2 0 2 0 10 6 3 6 10 4 10
split_gain=19.1738 7.34504 1.02543 2.35542 1.08965 0.894903 1.10124 1.20136 0.863021 1.03407 0.984589 1.01839 0.95087 0.65676 1.02273 0.402741 0.385653 0.438134 0.32851 0.285636 0.265152 0.244186 0.378621 0.270699 0.233475 0.210468 0.187662 0.167987 0.363695 0.149455
threshold=116554.55500000001 88703.470250000013 140919.02571428573 139266.34500000003 170.50000000000003 0 174095.48500000002 227828.70500000005 91891.661854395628 92382.135000000024 120660.18285714286 5088.3845341294082 91164.116428571433 206.50000000000003 126039.56857142858 6342.1610494499646 182107.81500000003 91.500000000000014 158581.32642857145 84936.565000000017 136949.85500000001 92939.950000000026 85521.315000000017 74.500000000000014 47884.309205675083 115961.09571428572 47884.309205675083 211.50000000000003 136566.87839285718 26.500000000000004
decision_type=2 2 2 2 2 1 2 2 2 2 2 2 2 2 2 2 2 2 2 2 2 2 2 2 2 2 2 2 2 2
left_child=1 -1 3 8 -5 6 7 18 9 12 11 -10 -3 14 -12 -13 17 -8 24 -17 -20 -21 -23 -24 25 -2 -4 28 -27 -18
right_child=5 2 26 4 -6 -7 16 -9 10 -11 13 15 -14 -15 -16 19 29 -19 20 21 -22 22 23 -25 -26 27 -28 -29 -30 -31
leaf_value=-577.90971498078977 642.85797611603914 -88.228576180984447 -295.28455733398823 -672.24541870760004 -300.23261830863811 860.00295690903079 162.60035594090368 -1020.8899558871705 -122.21238261941171 -1.3092813140962225 -462.203404238166 -40.207932477185196 -64.407843658032277 -100.5114686331231 -111.5606827410659 -145.00663861442942 -69.03396875071472 -155.7022543920269 -503.74939576049167 16.329616625380478 785.82201353481548 8.9799654355262408 -33.970540837914228 20.696063031968666 745.97168596337906 -64.982003773510741 788.17748696034641 15.626330700662955 124.36580205739709 2681.896154952251
leaf_weight=38 22 23 20 32 21 1884 24 25 21 34 36 22 25 26 30 29 20 34 20 42 22 29 22 35 39 33 35 37 32 358
leaf_count=38 22 23 20 32 21 1884 24 25 21 34 36 22 25 26 30 29 20 34 20 42 22 29 22 35 39 33 35 37 32 358
internal_value=0.00201954 -0.00673077 -0.00506224 -0.00588993 -0.0157547 0.00380392 0.00211538 -0.000652174 -0.00449198 -0.00902439 -0.00321918 -0.00125 -0.01375 -0.0075 -0.0101515 -2.79328e-05 0.00362385 -0.000172414 0.000609756 0.000859873 -0.00333333 0.001875 0.000348837 -0.00201754 0.00162577 0.000564516 0.00136364 -0.000392157 -0.00192308 0.00420635
internal_weight=3070 520 482 427 53 2550 666 230 374 82 292 200 48 92 66 179 436 58 205 157 42 128 86 57 163 124 55 102 65 378
internal_count=3070 520 482 427 53 2550 666 230 374 82 292 200 48 92 66 179 436 58 205 157 42 128 86 57 163 124 55 102 65 378
cat_boundaries=0 1
cat_threshold=1
is_linear=0
shrinkage=0.05


Tree=23
num_leaves=31
num_cat=1
split_feature=1 4 7 5 11 0 2 4 2 4 4 0 1 2 10 1 1 2 2 10 1 4 0 4 0 0 10 10 2 5
split_gain=18.6482 5.45341 2.13816 2.01457 1.14917 1.17775 0.841474 0.812659 0.715008 1.69246 0.872395 0.829597 0.802508 0.671217 0.656117 0.50034 0.486957 0.454658 0.389086 0.447464 0.327301 0.321509 0.307583 0.297404 0.245507 0.461197 0.384039 0.135989 0.185797 0.766747
threshold=108071.99500000001 88703.470250000013 1.5000000000000002 5869.527124083922 0 195215.27000000005 192197.14500000005 92458.67410714287 130457.15000000001 123614.00625000002 91891.661854395628 108341.98500000002 91795.705000000016 185465.33000000005 91.500000000000014 183060.98000000001 87705.310000000012 85593.180000000008 153983.22500000003 204.50000000000003 217492.16500000004 136566.87839285718 97677.235000000015 152628.5092857143 85521.315000000017 95475.250000000015 125.50000000000001 240.50000000000003 177520.34500000003 40204.572716459974
decision_type=2 2 2 2 1 2 2 2 2 2 2 2 2 2 2 2 2 2 2 2 2 2 2 2 2 2 2 2 2 2
left_child=1 -1 3 -3 5 6 18 -5 9 10 12 17 -4 14 -7 -8 -11 -12 19 21 -17 22 -2 -23 -19 26 -26 -6 29 -29
right_child=4 2 8 7 27 13 15 -9 -10 16 11 -13 -14 -15 -16 20 -18 24 -20 -21 -22 23 -24 -25 25 -27 -28 28 -30 -31
leaf_value=-549.01422923175005 -807.69461349059873 -116.10176342649218 -76.634887960816357 -51.290049031819414 785.05517412384552 153.1766956189922 -265.64829490959056 -286.9796422085704 1022.5726739268008 -159.34251169702921 -147.16555618450158 -386.07392064213644 -1.0596257135586746 2863.1214509138149 -277.70729990058106 937.97595754963299 -569.6750729578556 61.95958107464633 559.36961046906072 369.18470475010474 -979.11221383330053 733.27751630571447 -11.276697395698486 -285.14425625477992 -35.36259383546075 60.86247882733727 13.377281888293153 536.93817915460761 2369.7426229219363 -92.626091998342758
leaf_weight=38 20 21 22 29 1724 22 21 39 22 23 22 29 36 352 31 20 40 35 66 44 33 21 23 41 30 48 37 38 122 21
leaf_count=38 20 21 22 29 1724 22 21 39 22 23 22 29 36 352 31 20 40 35 66 44 33 21 23 41 30 48 37 38 122 21
internal_value=0.00205212 -0.00710191 -0.00550808 -0.0124157 0.00371104 0.001875 -0.000536332 -0.00823529 -0.00372093 -0.00431677 -0.00252896 -0.000970149 -0.00793103 0.00364198 -0.00160377 -0.00513513 -0.0116667 0.000348837 0.00104651 -0.000369127 -0.00254717 -0.00214286 -0.00546512 0.000161291 0.00133333 0.000217391 -0.00246269 0.00434726 0.0030663 0.000762712
internal_weight=3070 471 433 89 2599 694 289 68 344 322 259 201 58 405 53 74 63 172 215 149 53 105 43 62 150 115 67 1905 181 59
internal_count=3070 471 433 89 2599 694 289 68 344 322 259 201 58 405 53 74 63 172 215 149 53 105 43 62 150 115 67 1905 181 59
cat_boundaries=0 1
cat_threshold=1
is_linear=0
shrinkage=0.05


Tree=24
num_leaves=31
num_cat=1
split_feature=2 4 1 11 0 10 10 1 3 10 2 10 1 2 4 6 2 4 3 10 1 6 1 2 3 2 3 1 0 6
split_gain=17.724 6.64927 2.34308 0.940233 1.21634 0.823048 1.67483 0.770007 0.787824 1.12055 0.70112 0.637294 0.62374 0.897588 0.694286 0.550569 0.431084 0.419048 0.341168 0.422586 0.583333 0.368421 0.45779 0.8264 0.731393 0.331493 0.31733 0.481916 0.59955 0.46118
threshold=116554.55500000001 88703.470250000013 89777.440000000017 0 206522.35000000003 34.500000000000007 98.500000000000014 86154.595000000016 92084.120714285731 164.50000000000003 324265.02000000008 41.500000000000007 134834.28000000003 85593.180000000008 123994.50482142858 6342.1610494499646 185465.33000000005 120462.88339285714 158581.32642857145 67.500000000000014 187290.01500000004 47884.309205675083 160427.07000000004 140536.59500000003 120994.95428571431 121612.50000000001 122582.9635714286 94325.000000000015 88854.420000000013 8075.4167339822425
decision_type=2 2 2 1 2 2 2 2 2 2 2 2 2 2 2 2 2 2 2 2 2 2 2 2 2 2 2 2 2 2
left_child=1 -1 5 4 10 -3 17 8 -8 -10 18 -4 13 -13 15 -15 -6 -7 21 -20 -21 22 23 -2 -25 -5 27 -17 -29 -30
right_child=3 2 11 25 16 6 7 -9 9 -11 -12 12 -14 14 -16 26 -18 -19 19 20 -22 -23 -24 24 -26 -27 -28 28 29 -31
leaf_value=-521.56351777016278 33.807451332349991 -652.14310855890767 41.381445135149256 0.11810432031336965 -41.847683543585084 48.053302784410135 -91.436431730761399 -256.20381354653119 -264.40762779922358 92.330837681829507 -448.23408852207325 -281.71757590705687 760.15368311100076 -18.093479494450701 -376.12510062660607 16.408718855143679 3501.0529712530515 -92.745134112704548 793.64712029395412 -517.08396306161671 28.645115200114162 576.22628582317839 907.35598090207043 247.62450297806183 -362.53353298635579 832.8108989915404 162.36205669903529 73.375656154716339 -43.356383492973052 -18.065751101152511
leaf_weight=38 45 21 39 22 42 22 20 30 27 32 21 29 32 32 35 45 342 20 23 21 27 50 48 21 26 1862 24 30 23 21
leaf_count=38 45 21 39 22 42 22 20 30 27 32 21 29 32 32 35 45 342 20 23 21 27 50 48 21 26 1862 24 30 23 21
internal_value=0.00197068 -0.00644231 -0.00485477 0.00368627 0.00196746 -0.00953488 -0.00824503 -0.0115138 -0.00892405 -0.00601695 -0.000496454 -0.00225806 -0.00311808 -0.00399582 -0.00285714 -0.00157143 0.00382813 0.000238095 0.000210728 -0.00274648 -0.00541667 0.00131579 1.86265e-10 -0.00206522 -0.00670213 0.00426082 -0.000244755 -0.00130252 -0.00378378 -0.0075
internal_weight=3070 520 482 2550 666 172 151 109 79 59 282 310 271 239 210 175 384 42 261 71 48 190 140 92 47 1884 143 119 74 44
internal_count=3070 520 482 2550 666 172 151 109 79 59 282 310 271 239 210 175 384 42 261 71 48 190 140 92 47 1884 143 119 74 44
cat_boundaries=0 1
cat_threshold=1
is_linear=0
shrinkage=0.05


Tree=25
num_leaves=31
num_cat=1
split_feature=2 4 2 7 4 5 7 6 5 2 6 6 10 2 4 10 4 3 5 6 4 4 3 6 7 3 2 5 10 11
split_gain=14.2704 4.35568 2.67457 1.69671 1.91678 1.86396 1.24888 0.996952 0.975452 0.898814 1.5737 0.654035 0.577596 0.456525 0.789291 0.459826 0.445389 1.55713 0.447934 0.393451 0.475682 0.235573 0.219489 0.332996 0.187992 0.132176 0.129633 0.160434 0.134444 0.109261
threshold=112400.12000000001 91146.005535714314 77807.390000000014 2.5000000000000004 116940.82678571431 43410.926953742339 1.5000000000000002 43945.739976583114 6233.2414089869762 177520.34500000003 33782.093081110834 6515.350797871527 249.50000000000003 136949.85500000001 192195.54839285716 47.500000000000007 123252.52321428573 147745.96357142858 6233.2414089869762 43283.204674816698 121578.59142857142 121971.94464285717 115961.09571428572 40046.088382577611 5.5000000000000009 124817.04571428572 130457.15000000001 9551.9197405960604 162.50000000000003 0
decision_type=2 2 2 2 2 2 2 2 2 2 2 2 2 2 2 2 2 2 2 2 2 2 2 2 2 2 2 2 2 1
left_child=1 2 -1 4 6 -6 8 -7 -3 10 26 -5 13 14 19 -15 18 25 -13 20 -12 -11 -20 -24 -17 -18 27 28 -2 -23
right_child=9 3 -4 11 5 7 -8 -9 -10 21 12 16 -14 15 -16 24 17 -19 22 -21 -22 29 23 -25 -26 -27 -28 -29 -30 -31
leaf_value=-585.65731058387485 -6.5481521498644781 -114.86802026455905 -78.017400587767611 -18.646302494359926 -441.34461778065281 -446.47582280779119 139.16345276063893 -21.72899845720157 10.290272951861494 107.22817891905704 90.161253912462158 -29.225528188209434 -398.01750933101141 -219.75661817382593 -202.52066227462717 407.55511392855311 -359.03440791075354 887.77688917766181 16.27932723747254 169.43389876976278 -342.36814320299072 1355.1949775100854 -262.28290087591967 91.286507268355564 -602.5170174466806 -263.2679264782895 444.22375969997813 199.74330427851157 40.294055125219451 2320.5619516899656
leaf_weight=29 20 30 22 40 38 22 34 36 28 27 20 32 23 34 32 159 23 30 66 40 23 432 28 33 22 21 280 37 25 1390
leaf_count=29 20 30 22 40 38 22 34 36 28 27 20 32 23 34 32 159 23 30 66 40 23 432 28 33 22 21 280 37 25 1390
internal_value=0.00197659 -0.00564453 -0.0195098 -0.00411063 -0.00776596 -0.0127083 -0.0026087 -0.00706897 -0.00706897 0.00349844 0.00199301 -0.00159341 -0.000382436 0.000151515 -0.0023913 0.00151163 -0.000579399 -0.00378378 0.00091195 0.000180723 -0.00313953 0.00408058 0.00224409 8.19674e-05 0.00251381 -0.00977273 0.00430939 0.00256098 0.000555556 0.00414929
internal_weight=3076 512 51 461 188 96 92 58 58 2564 715 273 353 330 115 215 233 74 159 83 43 1849 127 61 181 44 362 82 45 1822
internal_count=3076 512 51 461 188 96 92 58 58 2564 715 273 353 330 115 215 233 74 159 83 43 1849 127 61 181 44 362 82 45 1822
cat_boundaries=0 1
cat_threshold=1
is_linear=0
shrinkage=0.05


Tree=26
num_leaves=31
num_cat=1
split_feature=2 4 2 7 4 2 6 5 4 5 4 6 7 3 4 3 3 4 6 3 6 4 5 10 6 3 10 11 3 6
split_gain=12.6146 4.66786 2.67457 1.46775 1.44649 1.10455 1.54668 0.937128 0.952981 0.832659 0.825611 0.573016 0.421337 0.366667 0.363055 0.447167 0.348248 1.39008 0.346612 0.760363 0.511984 0.371513 0.523558 0.30224 0.313778 0.296791 0.372821 0.278745 0.531105 0.464682
threshold=112400.12000000001 91146.005535714314 77807.390000000014 2.5000000000000004 92392.206801948065 169121.20500000005 33782.093081110834 44728.476151970819 121971.94464285717 5365.9861635209363 91891.661854395628 43945.739976583114 1.0000000180025095e-35 91599.966428571453 225987.56839285718 225722.15785714288 147745.96357142858 123614.00625000002 47884.309205675083 150239.20714285717 73711.586295707573 123994.50482142858 40204.572716459974 53.500000000000007 7663.6078342185829 117725.64714285715 166.50000000000003 0 250887.78285714288 124518.64445812728
decision_type=2 2 2 2 2 2 2 2 2 2 2 2 2 2 2 2 2 2 2 2 2 2 2 2 2 2 2 1 2 2
left_child=1 2 -1 4 9 6 -2 8 -6 -3 13 -9 -8 -5 15 18 17 23 19 21 -20 22 -14 -12 -25 -26 -27 28 29 -7
right_child=5 3 -4 10 7 27 12 11 -10 -11 16 -13 14 -15 -16 -17 -18 -19 20 -21 -22 -23 -24 24 25 26 -28 -29 -30 -31
leaf_value=-556.37444505468102 233.7466141228376 -46.131929530886261 -74.116530558379438 -25.515199846449889 -163.43004669927006 479.29289328814951 1150.8272176525525 -439.48492219560188 -442.73445627542407 13.501836273558609 46.146594889261252 -20.642548534341671 -493.19530336158869 -5.3430747741981799 473.72508547497665 -465.20069468050247 843.38804471877847 -547.00991752281891 297.34055596188148 -676.63480504342874 -75.636315414272033 116.17934179713642 54.583754509680162 -18.573294111333549 68.889081284570537 -364.27954000063744 71.66810669866058 1921.9039303090738 3688.2446031750355 -414.13668670649253
leaf_weight=29 315 26 22 24 35 156 27 20 26 45 38 36 20 20 43 21 30 33 61 29 39 30 32 40 37 24 27 1474 287 30
leaf_count=29 315 26 22 24 35 156 27 20 26 45 38 36 20 20 43 21 30 33 61 29 39 30 32 40 37 24 27 1474 287 30
internal_value=0.0020091 -0.00515625 -0.0195098 -0.00356833 -0.00696808 0.00343994 0.00159643 -0.0103846 -0.0146721 -0.00133803 -0.00122711 -0.00571429 -0.000960265 -0.0075 -0.00154545 -0.00232759 -2.18339e-05 -0.000778894 -0.00163507 -0.00355856 0.0005 -0.00109756 -0.00365385 0.00108434 -7.81248e-05 0.00159091 -0.000882353 0.00402414 0.00272257 0.000698925
internal_weight=3076 512 51 461 188 2564 617 117 61 71 273 56 302 44 275 232 229 199 211 111 100 82 52 166 128 88 51 1947 473 186
internal_count=3076 512 51 461 188 2564 617 117 61 71 273 56 302 44 275 232 229 199 211 111 100 82 52 166 128 88 51 1947 473 186
cat_boundaries=0 1
cat_threshold=1
is_linear=0
shrinkage=0.05


Tree=27
num_leaves=31
num_cat=1
split_feature=1 2 2 6 0 0 2 5 0 6 6 0 7 10 11 0 6 10 2 6 6 1 5 2 2 7 0 10 0 0
split_gain=13.4093 3.14828 1.2816 1.01338 0.971273 1.27348 0.71443 0.639274 0.596892 0.581941 0.874187 0.577888 0.680272 0.5663 0.512243 0.943187 0.468275 0.430364 0.347826 0.342746 0.569013 0.455151 0.447416 0.503113 0.268312 0.240173 0.311028 0.233922 0.612813 0.297303
threshold=96982.175000000003 69621.24500000001 135223.47000000003 47884.309205675083 136326.89500000002 170810.44500000004 87837.290000000023 68912.420012181989 89761.785000000018 43283.204674816698 6515.350797871527 84908.630000000019 2.5000000000000004 235.50000000000003 0 215522.93500000003 168585.86737647827 60.500000000000007 92939.950000000026 33782.093081110834 44178.879424911276 124960.78500000002 42715.319169421877 99396.960000000006 219832.47500000003 1.5000000000000002 128401.895 53.500000000000007 169247.40000000002 145642.87000000002
decision_type=2 2 2 2 2 2 2 2 2 2 2 2 2 2 1 2 2 2 2 2 2 2 2 2 2 2 2 2 2 2
left_child=1 -1 7 4 6 -6 8 19 11 10 18 12 -3 17 15 16 27 -12 -8 25 21 22 23 -21 -17 26 -2 28 -4 -29
right_child=2 3 14 -5 5 -7 9 -9 -10 -11 13 -13 -14 -15 -16 24 -18 -19 -20 20 -22 -23 -24 -25 -26 -27 -28 29 -30 -31
leaf_value=-513.93246229562692 -50.380816821205642 -14.917609897287315 696.34222553753034 64.955348810773089 -637.63349195521175 -126.4059226385087 -13.61056609495823 -185.6631666749914 -20.759687991226524 -275.04822390914262 -26.124950128430097 -103.45157277809497 -316.46524992530607 -35.415301165512282 981.33326040861266 62.664220376814775 -556.63273779019153 31.396099441075446 -38.287493381478903 47.852721708665321 178.14448821106794 -522.87995668910605 108.89507257646306 -294.61475154734819 3376.9963855322021 85.328923953515329 84.190193328841161 -99.570916864672355 -261.65372636248674 643.81170779848344
leaf_weight=24 31 28 24 30 20 24 23 38 28 22 21 31 21 20 1747 42 20 72 23 20 75 26 23 27 302 99 38 79 22 76
leaf_count=24 31 28 24 30 20 24 23 38 28 22 21 31 21 20 1747 42 20 72 23 20 75 26 23 27 302 99 38 79 22 76
internal_value=0.00207412 -0.00662791 0.00332652 -0.00546832 -0.00626126 -0.0131818 -0.00520761 0.000623342 -0.00842593 -0.00328729 -0.0022327 -0.010625 -0.0072449 0.000132744 0.0037673 0.00230435 -0.00020362 0.00177419 -0.00804348 0.00131268 -0.000263158 -0.0028125 -0.000714286 -0.00351064 0.00398256 0.00291667 0.000652174 0.000522388 -0.0026087 0.00145161
internal_weight=3076 387 2689 363 333 44 289 377 108 181 159 80 49 113 2312 565 221 93 46 339 171 96 70 47 344 168 69 201 46 155
internal_count=3076 387 2689 363 333 44 289 377 108 181 159 80 49 113 2312 565 221 93 46 339 171 96 70 47 344 168 69 201 46 155
cat_boundaries=0 1
cat_threshold=1
is_linear=0
shrinkage=0.05


Tree=28
num_leaves=31
num_cat=1
split_feature=1 4 1 1 10 11 0 6 1 3 3 4 3 7 0 0 0 10 10 6 7 1 4 7 7 10 1 4 3 6
split_gain=12.1676 4.32697 1.6254 1.1022 0.863374 0.719947 0.788733 1.01611 0.528515 0.493082 1.9856 0.619819 1.18395 0.44983 0.432143 0.357143 0.342297 0.751111 0.414812 0.316886 0.584235 0.309799 0.70395 0.477783 0.42237 0.317303 0.299223 0.290706 0.23731 0.212465
threshold=98692.750000000015 91146.005535714314 69474.885000000009 134834.28000000003 233.50000000000003 0 198731.98000000001 125968.22431192714 194682.13500000004 90806.161428571446 91164.116428571433 123614.00625000002 141820.02428571432 2.5000000000000004 265544.56500000006 97677.235000000015 169247.40000000002 55.500000000000007 175.50000000000003 6515.350797871527 2.5000000000000004 116704.96500000001 125017.97535714287 1.5000000000000002 1.0000000180025095e-35 193.50000000000003 82086.090000000011 91891.661854395628 114128.79285714288 281981.5255516576
decision_type=2 2 2 2 2 1 2 2 2 2 2 2 2 2 2 2 2 2 2 2 2 2 2 2 2 2 2 2 2 2
left_child=1 2 -1 21 9 6 7 16 14 27 -11 19 15 -6 -8 -13 18 -18 -5 -12 26 -2 25 24 -24 -23 -21 -3 -22 -10
right_child=3 4 -4 5 13 -7 8 -9 29 10 11 12 -14 -15 -16 -17 17 -19 -20 20 28 22 23 -25 -26 -27 -28 -29 -30 -31
leaf_value=-512.47444560249392 24.057490730262547 -5.2313064654702188 -110.74600777351084 614.58084783279719 -183.12316087800994 930.70776565990207 254.96900326249613 -1023.7120362583918 3053.9110405642336 -38.449532286804761 -16.618250489833546 -193.03054252365456 53.364855896426675 -47.497720344026042 -573.34393042732847 -417.26854034210248 -488.38708573700626 787.34157572365871 -33.690946119590258 8.4563587868258647 42.949834609968889 -591.75941002282775 92.582162233396389 228.53075323187383 -51.882610336563516 -387.22745042904717 -150.29835319143012 19.225620856589291 -1.7878953001716553 973.46016360969486
leaf_weight=21 124 27 24 83 25 1752 24 28 304 21 27 24 28 24 21 21 20 25 46 23 45 23 33 91 37 22 39 26 37 31
leaf_count=21 124 27 24 83 25 1752 24 28 304 21 27 24 28 24 21 21 20 25 46 23 45 23 33 91 37 22 39 26 37 31
internal_value=0.00207412 -0.00592233 -0.0205556 0.00331081 -0.00412807 0.00369323 0.00204392 -0.000445544 0.00342105 -0.0031761 -0.0040566 -0.00278688 -0.00664384 -0.0103061 -0.00166667 -0.0116667 0.000977012 -0.00277778 0.00228682 -0.00114035 -0.000208333 0.000606061 -0.000582524 0.000962733 -0.00214286 -0.00611111 -0.00387097 0.00122642 0.00256098 0.00410448
internal_weight=3076 412 45 2664 367 2334 582 202 380 318 265 244 73 49 45 45 174 45 129 171 144 330 206 161 70 45 62 53 82 335
internal_count=3076 412 45 2664 367 2334 582 202 380 318 265 244 73 49 45 45 174 45 129 171 144 330 206 161 70 45 62 53 82 335
cat_boundaries=0 1
cat_threshold=1
is_linear=0
shrinkage=0.05


Tree=29
num_leaves=31
num_cat=1
split_feature=1 4 1 4 0 4 0 10 4 4 11 0 3 6 0 0 10 0 6 1 0 6 6 10 7 1 3 1 1 3
split_gain=10.5192 4.22391 2.55969 0.921148 1.08104 0.729167 0.725593 1.22049 0.628062 0.876812 0.622439 1.02408 1.17674 0.56003 0.531291 0.582087 0.658088 0.521741 0.571353 0.536 0.677352 0.394571 0.890786 0.362141 0.292077 0.277275 0.314484 0.243281 0.238776 0.290123
threshold=89777.440000000017 91146.005535714314 155206.84000000003 148951.39517857143 120687.06000000001 123450.99839285715 260574.74500000002 115.50000000000001 126630.18160714286 123450.99839285715 0 192849.65000000002 160450.42428571431 125968.22431192714 84908.630000000019 88854.420000000013 172.50000000000003 88854.420000000013 7663.6078342185829 94325.000000000015 95836.580000000016 43945.739976583114 47884.309205675083 33.500000000000007 2.5000000000000004 194682.13500000004 547789.94142857159 170546.69000000003 136164.27500000005 135569.16
decision_type=2 2 2 2 2 2 2 2 2 2 1 2 2 2 2 2 2 2 2 2 2 2 2 2 2 2 2 2 2 2
left_child=1 -1 6 4 14 -6 8 -8 9 17 11 12 27 -14 -3 -16 -17 -2 19 -19 -21 28 -23 -20 -24 -13 -27 -4 29 -10
right_child=2 3 10 -5 5 -7 7 -9 21 -11 -12 25 13 -15 15 16 -18 18 23 20 -22 22 24 -25 -26 26 -28 -29 -30 -31
leaf_value=-479.98409260218335 45.700415332198382 11.913310093319836 -6.0388238486904342 1120.432521418343 -300.94639812678872 -409.01388581384992 187.79380406550627 -216.14283023562231 15.251875740870583 -213.13084019032217 1409.335531070584 -287.20508243035391 -519.02549325318921 -1194.4460511298059 -93.545651651004633 -41.068092702978333 14.117907249621243 -1.6259846447341326 -157.77310146780985 -67.409163108553486 -0.87313783153434343 -353.41861105934674 -13.029435195430995 21.122691940634638 331.71327891864775 2580.0490089064424 309.39851668035766 985.29582092871942 400.04628788707674 182.40959090935917
leaf_weight=39 90 38 21 20 28 20 27 20 81 39 1589 35 37 22 30 31 25 52 20 20 21 33 33 96 50 315 22 58 117 47
leaf_count=39 90 38 21 20 28 20 27 20 81 39 1589 35 37 22 30 31 25 52 20 20 21 33 33 96 50 315 22 58 117 47
internal_value=0.00205787 -0.00820346 0.00289104 -0.00515625 -0.00633721 -0.0127083 0.000375335 -0.0056383 0.000779685 -0.000769231 0.00378514 0.00211538 -0.00152174 -0.00686441 -0.00387097 -0.00604651 -0.00303571 0.000150502 -0.0012201 -0.00413978 -0.00841463 0.00222992 -0.000172414 0.00112069 0.00259036 0.00352151 0.00396142 0.00246835 0.00336735 0.001875
internal_weight=3076 231 2845 192 172 48 746 47 699 338 2099 510 138 59 124 86 56 299 209 93 41 361 116 116 83 372 337 79 245 128
internal_count=3076 231 2845 192 172 48 746 47 699 338 2099 510 138 59 124 86 56 299 209 93 41 361 116 116 83 372 337 79 245 128
cat_boundaries=0 1
cat_threshold=1
is_linear=0
shrinkage=0.05


Tree=30
num_leaves=31
num_cat=0
split_feature=2 1 1 6 7 5 4 6 3 7 4 7 1 10 3 5 2 2 5 5 4 7 1 6 5 10 5 1 2 10
split_gain=10.4367 6.75649 1.26769 1.62552 1.18299 1.00751 0.967275 0.451565 1.17216 0.619547 0.83552 0.615758 1.35396 0.465982 0.425156 0.706915 0.755071 0.577705 0.557942 0.847218 0.392062 0.586957 1.06522 0.342857 0.375092 0.294983 0.276086 0.427907 0.249646 0.234215
threshold=116554.55500000001 69474.885000000009 174612.23000000001 33782.093081110834 1.5000000000000002 6233.2414089869762 122659.70982142859 36888.230992773686 120660.18285714286 2.5000000000000004 91891.661854395628 2.5000000000000004 91795.705000000016 112.50000000000001 150239.20714285717 91976.740660490977 134026.89500000005 146454.20500000005 55704.832022349023 76082.003594417169 123760.48535714287 1.0000000180025095e-35 124960.78500000002 7816.898001939544 6448.5537910596022 127.50000000000001 7832.736497676392 136164.27500000005 149373.40000000005 109.50000000000001
decision_type=2 2 2 2 2 2 2 2 2 2 2 2 2 2 2 2 2 2 2 2 2 2 2 2 2 2 2 2 2 2
left_child=1 -1 3 26 5 -3 25 8 9 -6 13 12 -9 -11 20 16 -16 -18 -19 -20 21 -5 -23 24 -12 -7 27 -2 -4 -13
right_child=2 4 28 14 7 6 -8 11 -10 10 23 29 -14 -15 15 -17 17 18 19 -21 -22 22 -24 -25 -26 -27 -28 -29 -30 -31
leaf_value=-455.98488809997502 -48.575968094132868 -79.424133882718607 -628.22282458554014 397.04209057819918 55.101278805760671 75.521478840853774 -264.72417411089071 47.621043412588961 -837.18569688489629 -119.36467162871273 13.269035461804402 141.85398507729795 -207.06364425925972 -12.891607197298285 -505.54414517857549 866.54071084477482 37.998947907588089 -629.31112773976031 228.80990529009119 -290.95703172128077 83.091703250068178 243.11934122520597 -152.65901940383591 64.441361541225149 -23.427466064081628 -88.632934488145324 245.29513138674827 508.83777353299132 1760.0339064981081 -2.6767532558821259
leaf_weight=29 20 29 26 23 39 26 22 27 28 25 30 59 25 38 23 48 31 21 40 34 76 23 23 24 26 20 284 23 1855 80
leaf_count=29 20 29 26 23 39 26 22 27 28 25 30 59 25 38 23 48 31 21 40 34 76 23 23 24 26 20 284 23 1855 80
internal_value=0.00210757 -0.00429791 0.00343137 0.00156203 -0.00293173 -0.0078866 -0.00455882 -0.00173317 -0.00333333 -0.00186813 -0.00339161 2.61782e-05 -0.00461538 -0.00769841 -0.000847953 -0.00236041 -0.0040604 -0.00253968 -0.00447368 -0.00243243 0.0012069 -0.00152174 -0.00478261 1.86265e-10 -0.00214286 -0.000434782 0.00408257 0.000348837 0.00409623 0.00176259
internal_weight=3077 527 2550 669 498 97 68 401 210 182 143 191 52 63 342 197 149 126 95 74 145 69 46 80 56 46 327 43 1881 139
internal_count=3077 527 2550 669 498 97 68 401 210 182 143 191 52 63 342 197 149 126 95 74 145 69 46 80 56 46 327 43 1881 139
is_linear=0
shrinkage=0.05


Tree=31
num_leaves=31
num_cat=0
split_feature=2 2 4 6 2 4 0 2 0 10 0 0 3 5 5 10 5 3 5 0 0 2 5 7 7 10 6 0 6 2
split_gain=9.29137 3.76108 0.967615 1.18918 0.899224 0.8699 0.934148 0.598674 1.42396 0.552273 0.540979 0.684162 0.510836 0.890416 0.531604 0.654323 0.4 0.388889 0.371782 0.326543 0.336842 0.332999 0.292631 0.381422 0.81216 0.762698 0.543254 0.455259 1.23773 0.546161
threshold=125056.06500000002 69621.24500000001 289036.66803571436 33782.093081110834 82743.585000000006 119228.47000000002 147310.62000000002 235267.88000000003 260574.74500000002 91.500000000000014 84908.630000000019 86269.435000000012 225722.15785714288 83996.429739810948 41317.756906491202 90.500000000000014 9198.2233382541726 203666.02714285717 7832.736497676392 174095.48500000002 152310.35000000003 153983.22500000003 5365.9861635209363 1.0000000180025095e-35 2.5000000000000004 185.50000000000003 41611.540959174228 94270.685000000012 7590.0356905730996 98692.750000000015
decision_type=2 2 2 2 2 2 2 2 2 2 2 2 2 2 2 2 2 2 2 2 2 2 2 2 2 2 2 2 2 2
left_child=1 -1 3 18 5 16 -7 8 12 -10 -6 -12 14 -14 15 -5 -3 -9 -2 20 21 -16 -13 -24 25 26 -25 28 -26 -29
right_child=2 4 -4 7 10 6 -8 17 9 -11 11 22 13 -15 19 -17 -18 -19 -20 -21 -22 -23 23 24 27 -27 -28 29 -30 -31
leaf_value=-474.37731958688141 21.791964793043761 -70.075075385136458 3402.8111689206148 -381.34109028658509 11.864388017710318 23.76526474791488 -315.3198164257376 -39.88634781344723 -46.074975345086578 -550.33837362911811 -131.25673200766352 -44.584725671466174 -406.03699264885512 771.46540000635821 4.643280984891339 66.079233914795537 -328.87958267323961 2912.6913532594235 357.75277671196926 650.06888280787939 -205.53253321224057 653.51622338281766 27.080696200540508 -18.457756524446392 -50.428109334537375 -53.316628106118642 -362.71821033507518 22.088514418045243 15.77869217256265 -99.888329117437024
leaf_weight=38 37 20 1495 20 85 29 23 32 20 24 22 36 21 22 66 56 20 112 357 88 38 86 35 24 26 35 21 85 43 61
leaf_count=38 37 20 1495 20 85 29 23 32 20 24 22 36 21 22 66 56 20 112 357 88 38 86 35 24 26 35 21 85 43 61
internal_value=0.00210757 -0.00345771 0.00346403 0.00224208 -0.00243363 -0.00695652 -0.00269231 0.000811966 -0.000102041 -0.00863636 -0.00155391 -0.00234536 0.000843829 -0.00430233 0.00146893 -0.00223684 -0.0125 0.00361111 0.00436548 0.00248201 0.00131579 0.00236842 -0.0018306 -0.00136364 -0.00194915 -0.00625 -0.0105556 -0.000348837 -0.00369565 0.00123288
internal_weight=3077 603 2474 979 565 92 52 585 441 44 473 388 397 43 354 76 40 144 394 278 190 152 366 330 295 80 45 215 69 146
internal_count=3077 603 2474 979 565 92 52 585 441 44 473 388 397 43 354 76 40 144 394 278 190 152 366 330 295 80 45 215 69 146
is_linear=0
shrinkage=0.05


Tree=32
num_leaves=31
num_cat=1
split_feature=1 4 6 1 10 2 5 6 3 0 11 1 3 5 4 0 10 6 2 5 0 6 0 0 4 1 10 10 3 0
split_gain=9.51487 3.49654 3.07692 1.96987 1.12391 1.17494 1.19686 0.95695 0.903856 0.818755 0.638109 0.933753 1.40625 1.14083 0.570324 0.607202 0.562478 0.560016 0.589291 0.545518 0.668337 0.403994 0.373801 0.372491 0.689366 0.697543 0.33 0.603922 0.267653 0.249925
threshold=98692.750000000015 91146.005535714314 24934.738109092988 155206.84000000003 128.50000000000003 87837.290000000023 8278.0665702847164 33782.093081110834 121972.1142857143 136326.89500000002 0 226543.77500000002 160450.42428571431 66865.457558682814 123994.50482142858 87731.375000000015 32.500000000000007 36888.230992773686 100444.90000000001 85925.941363414211 183355.71000000005 72657.237655223566 137770.52500000002 144522.85000000003 153694.26196428572 134834.28000000003 174.50000000000003 229.50000000000003 547789.94142857159 232009.21000000002
decision_type=2 2 2 2 2 2 2 2 2 2 1 2 2 2 2 2 2 2 2 2 2 2 2 2 2 2 2 2 2 2
left_child=1 2 -1 7 9 6 -6 22 -8 -3 11 12 -5 -14 15 -7 -9 -18 -19 20 23 -15 -2 24 25 -20 -17 -28 29 -13
right_child=3 4 -4 10 5 14 8 16 -10 -11 -12 28 13 21 -16 26 17 18 19 -21 -22 -23 -24 -25 -26 -27 27 -29 -30 -31
leaf_value=-262.36671445927067 32.079113928436222 6.9799258716610373 -483.64044317814745 736.47373707369525 -67.178148652194906 19.215403032412009 42.134876906320969 -303.13594100982436 -214.95898690359078 -158.05055148757305 1271.2322904451012 278.99178209802739 -750.18116659834732 -143.93732383380618 96.823942920280544 -183.50563064235214 -640.860981017364 68.542989226517022 64.910900447565723 848.69848904889193 -148.07077220399415 2265.3988487874767 316.98613797939038 253.34723383054472 -197.3304048089349 -253.64663813211007 -2.0225713652905468 -101.51604030367677 446.1119539465389 3024.8005616094306
leaf_weight=32 157 138 20 80 21 21 22 21 21 32 1602 46 30 23 28 20 28 47 59 30 38 27 108 24 30 20 34 21 23 274
leaf_count=32 157 138 20 80 21 21 22 21 21 32 1602 46 30 23 28 20 28 47 59 30 38 27 108 24 30 20 34 21 23 274
internal_value=0.00209132 -0.005 -0.0171154 0.00318148 -0.00324022 -0.00590426 -0.0114062 0.000551602 -0.00662791 -0.000294117 0.00388361 0.00217349 -0.0009375 -0.005625 -0.00306452 -0.00489583 -0.00139731 -0.000797101 -4.03224e-05 -0.00121891 -0.00230994 -0.001 0.00273585 -0.000639098 -0.00188073 0.00056962 -0.007 -0.005 0.00368805 0.0040625
internal_weight=3077 410 52 2667 358 188 64 562 43 170 2105 503 160 80 124 96 297 276 248 201 171 50 265 133 109 79 75 55 343 320
internal_count=3077 410 52 2667 358 188 64 562 43 170 2105 503 160 80 124 96 297 276 248 201 171 50 265 133 109 79 75 55 343 320
cat_boundaries=0 1
cat_threshold=1
is_linear=0
shrinkage=0.05


Tree=33
num_leaves=31
num_cat=1
split_feature=1 4 1 6 6 0 6 5 10 1 5 3 5 3 4 5 5 6 11 1 3 5 10 4 1 2 6 2 3 0
split_gain=8.42984 3.6825 2.97397 2.29167 1.29925 1.07929 0.980223 0.919388 1.22076 0.77816 0.519921 0.761726 0.704167 0.726923 0.696897 0.466667 0.466545 0.538073 0.369854 0.616301 0.969221 1.15436 0.436364 0.350275 0.669515 0.440559 0.401111 0.31813 0.267653 0.249925
threshold=89777.440000000017 91146.005535714314 164631.90500000003 24934.738109092988 43945.739976583114 136326.89500000002 33782.093081110834 8278.0665702847164 133.50000000000003 136164.27500000005 40204.572716459974 116413.51428571429 36772.388162109717 121438.68285714288 124480.04053571429 42350.848692379157 91976.740660490977 44178.879424911276 0 226543.77500000002 160450.42428571431 66865.457558682814 83.500000000000014 218950.02750000005 124051.74000000001 152143.40500000003 47385.234014279638 91868.070000000022 547789.94142857159 232009.21000000002
decision_type=2 2 2 2 2 2 2 2 2 2 2 2 2 2 2 2 2 2 1 2 2 2 2 2 2 2 2 2 2 2
left_child=1 3 6 -1 5 7 9 8 -3 27 11 -8 13 -13 -12 -9 17 -16 19 20 -4 -22 -23 24 26 -26 -19 -2 29 -21
right_child=2 4 18 -5 -6 -7 10 15 -10 -11 14 12 -14 -15 16 -17 -18 23 -20 28 21 22 -24 -25 25 -27 -28 -29 -30 -31
leaf_value=-278.08939616745579 -16.900563059991192 0.67567273642552561 845.93708517180335 -459.45842101924012 62.262455558083857 -349.52553471476193 40.863863210408176 52.819769121404249 -63.910558679812588 339.36412050716223 19.622829177446278 -424.93122246271679 -600.11020536798287 129.73365090054855 150.30300034384945 -63.309370904987318 831.82722262258835 -217.35642033964697 1380.9613922339004 265.04219299312604 -938.07782442838402 -287.63237079937824 718.86682543728921 -110.0041723318059 58.683203706143345 -286.51560310268576 -105.29572553772209 7.0959444653944832 423.80635624921246 2873.5605335289592
leaf_weight=24 40 26 62 20 57 30 34 28 29 170 80 21 20 39 20 20 35 20 1531 46 25 20 24 39 52 25 25 218 23 274
leaf_count=24 40 26 62 20 57 30 34 28 29 170 80 21 20 39 20 20 35 20 1531 46 25 20 24 39 52 25 25 218 23 274
internal_value=0.00215632 -0.00696581 0.00290714 -0.02 -0.00394737 -0.00665414 0.000405728 -0.0042233 -0.00863636 0.00207944 -0.00134146 -0.00421053 -0.006875 -0.00416667 -0.000236486 0.000833334 -0.00171296 -0.00273481 0.00395262 0.00252066 -0.000343511 -0.00442029 0.000454546 -0.00369565 -0.00237705 0.000454546 -0.00722222 0.000348837 0.00368805 0.0040625
internal_weight=3077 234 2843 44 190 133 838 103 55 428 410 114 80 60 296 48 216 181 2005 474 131 69 44 161 122 77 45 258 343 320
internal_count=3077 234 2843 44 190 133 838 103 55 428 410 114 80 60 296 48 216 181 2005 474 131 69 44 161 122 77 45 258 343 320
cat_boundaries=0 1
cat_threshold=1
is_linear=0
shrinkage=0.05


Tree=34
num_leaves=31
num_cat=1
split_feature=1 1 1 6 2 7 5 6 5 4 5 4 3 2 3 6 3 2 11 3 6 1 5 1 3 4 10 10 10 3
split_gain=7.46392 3.73146 0.988217 1.82171 0.9 0.73902 1.20881 0.927826 0.713793 0.939167 0.833333 0.483575 0.455341 0.501563 0.496713 0.965536 0.845497 0.354091 0.521438 0.45873 0.321753 0.314917 0.299312 0.409756 0.298867 0.351495 0.346773 0.289286 0.278526 0.271062
threshold=125838.80000000002 69474.885000000009 180396.57500000004 36254.742854633783 75388.630000000019 1.5000000000000002 6233.2414089869762 41611.540959174228 41317.756906491202 220050.96892857147 91976.740660490977 150629.87678571432 153293.91571428577 115167.00500000002 120660.18285714286 36888.230992773686 124524.91428571429 238189.11000000002 0 160450.42428571431 40046.088382577611 94954.195000000022 7832.736497676392 137707.87000000002 90550.175714285724 91832.317678571446 83.500000000000014 174.50000000000003 93.500000000000014 91740.601428571434
decision_type=2 2 2 2 2 2 2 2 2 2 2 2 2 2 2 2 2 2 1 2 2 2 2 2 2 2 2 2 2 2
left_child=1 4 3 22 -1 6 -3 -8 11 -10 -11 -5 13 14 20 -16 -17 18 19 -4 21 24 23 -2 -7 -26 -27 -18 -21 -23
right_child=2 5 17 8 -6 12 7 -9 9 10 -12 -13 -14 -15 15 16 27 -19 -20 28 -22 29 -24 -25 25 26 -28 -29 -30 -31
leaf_value=-385.9499412653106 -49.19552084877057 -62.94747166019004 805.7203401636483 -37.090474925810661 -274.76963939377117 4.2847744739763112 17.988591115893335 -183.3639673949084 45.03353818232678 -268.10069988250893 607.33405399733419 -575.18315287861049 -195.20369187739277 117.90144159292684 -939.86198342451644 -137.79307606081019 48.742095126790822 4049.1145003446686 952.03565551066549 -858.7001359925149 59.522378531199891 18.226884694552474 291.51054381682911 481.28803592825079 -63.539680538414011 23.74211486324841 -51.208537235471539 -42.65884527931906 46.252044361095045 -7.1214138099525401
leaf_weight=20 20 29 45 38 20 47 78 35 150 48 32 20 30 70 22 36 36 1437 252 38 31 37 305 21 20 21 22 20 43 54
leaf_count=20 20 29 45 38 20 47 78 35 150 48 32 20 30 70 22 36 36 1437 252 38 31 37 305 21 20 21 22 20 43 54
internal_value=0.00214007 -0.00272293 0.0033871 0.0016877 -0.0175 -0.00171769 -0.00485915 -0.00252212 -0.00125 1.86265e-10 -0.004375 -0.0062069 -0.000717489 -0.000288461 -0.00106936 -0.00377193 -0.00152174 0.00398072 0.00261905 -0.000147059 0.000258621 -0.000472637 0.00413295 0.000121951 -0.00227273 -0.00452381 -0.00197674 0.00232143 -0.00240741 0.0017033
internal_weight=3077 628 2449 634 40 588 142 113 288 230 80 58 446 416 346 114 92 1815 378 126 232 201 346 41 110 63 43 56 81 91
internal_count=3077 628 2449 634 40 588 142 113 288 230 80 58 446 416 346 114 92 1815 378 126 232 201 346 41 110 63 43 56 81 91
cat_boundaries=0 1
cat_threshold=1
is_linear=0
shrinkage=0.05


Tree=35
num_leaves=31
num_cat=2
split_feature=1 0 2 10 7 0 11 2 5 7 10 11 0 7 7 7 2 1 0 2 1 5 0 1 1 1 10 10 3 3
split_gain=7.98848 2.18211 2.15395 1.151 0.940632 0.871418 1.0815 1.17916 0.846752 1.20375 0.832035 0.496311 0.787777 0.581685 0.597823 0.493197 0.547345 0.489796 0.703247 0.441342 0.754627 0.612813 0.533333 0.420904 0.401404 0.958187 0.369762 0.528331 0.317144 0.566404
threshold=89777.440000000017 68316.825000000026 157852.88000000003 25.500000000000004 2.5000000000000004 175875.62500000003 0 227828.70500000005 48990.531681823901 1.0000000180025095e-35 107.50000000000001 1 128401.895 1.5000000000000002 2.5000000000000004 2.5000000000000004 147200.40000000002 94325.000000000015 95475.250000000015 132386.21000000005 143374.48500000002 45751.739366519068 203691.06500000003 86154.595000000016 178686.035 159031.20500000002 109.50000000000001 133.50000000000003 120994.95428571431 125456.43500000003
decision_type=2 2 2 2 2 2 1 2 2 2 2 1 2 2 2 2 2 2 2 2 2 2 2 2 2 2 2 2 2 2
left_child=1 -1 11 -3 8 6 7 24 9 -5 -11 12 13 -2 -15 19 26 -16 -19 20 21 -13 -21 -6 25 -4 -17 -28 -29 -30
right_child=2 3 5 4 23 -7 -8 -9 -10 10 -12 15 -14 14 17 16 -18 18 -20 22 -22 -23 -24 -25 -26 -27 27 28 29 -31
leaf_value=-413.88896055623059 -86.827785694721513 -438.49291344617734 308.48395760319551 6.7358142801562373 37.391392195077259 1491.9640255582308 352.92877444968678 -1095.6601301597964 66.030599769272783 -88.696676686147981 -229.13859746292533 -155.00199233568674 182.72504740616213 148.7732159225057 10.006236613552492 81.208542744778441 -660.05557925754931 -25.586230367579333 3.9490908873276207 203.39828111077523 -787.16730677348971 24.65386188848592 -29.600073262942313 -177.22767854127389 478.37120616468411 -281.30149852449586 -263.87058785369862 259.72878694283838 -385.58345473389869 56.047505656725264
leaf_weight=25 29 21 27 24 41 1746 208 26 20 22 48 22 174 52 56 83 20 20 22 45 21 24 27 27 38 22 25 35 25 64
leaf_count=25 29 21 27 24 41 1746 208 26 20 22 48 22 174 52 56 83 20 20 22 45 21 24 27 27 38 22 25 35 25 64
internal_value=0.00193978 -0.0070614 0.00266987 -0.00534483 -0.00406593 0.00350024 0.00110592 -0.00272358 -0.0068421 -0.00882979 -0.0121429 0.000362903 0.00169422 -0.000586592 0.000666667 -0.000860349 0.000436508 -0.00163265 -0.00571429 -0.00327338 -0.00619403 -0.0026087 -0.000555555 0.000588235 -0.000172414 -0.00316327 0.00112069 -0.000369127 0.000967742 -0.000617977
internal_weight=3039 228 2811 203 182 2067 321 113 114 94 70 744 353 179 150 391 252 98 42 139 67 46 72 68 87 49 232 149 124 89
internal_count=3039 228 2811 203 182 2067 321 113 114 94 70 744 353 179 150 391 252 98 42 139 67 46 72 68 87 49 232 149 124 89
cat_boundaries=0 1 2
cat_threshold=1 12
is_linear=0
shrinkage=0.05


Tree=36
num_leaves=31
num_cat=1
split_feature=2 1 11 0 2 7 2 0 10 4 4 2 2 6 10 5 1 2 7 7 5 6 1 2 10 5 4 7 1 0
split_gain=7.62634 3.13957 1.42747 1.21529 0.856194 0.776716 0.801089 1.28444 0.955581 1.43185 0.997584 0.73684 0.658897 0.731126 1.04604 0.734043 0.593436 0.547553 0.752772 0.873575 0.601001 0.457473 0.426357 0.417546 0.355679 0.348128 0.475169 0.345245 0.341814 0.486595
threshold=112400.12000000001 69474.885000000009 0 206522.35000000003 324265.02000000008 3.5000000000000004 98692.750000000015 91936.055000000008 190.50000000000003 92051.925357142871 122659.70982142859 238189.11000000002 90508.205000000016 43945.739976583114 114.50000000000001 21394.682203222128 155206.84000000003 124164.94500000002 1.5000000000000002 3.5000000000000004 47208.176563028122 40861.826307014046 121612.50000000001 100444.90000000001 184.50000000000003 34741.368890882528 92294.763571428586 4.5000000000000009 136164.27500000005 128401.895
decision_type=2 2 1 2 2 2 2 2 2 2 2 2 2 2 2 2 2 2 2 2 2 2 2 2 2 2 2 2 2 2
left_child=1 -1 3 4 17 6 8 -8 12 -10 -11 -5 13 14 15 -3 21 -2 24 -20 -21 28 -23 25 -19 26 -7 -22 29 -4
right_child=2 5 16 11 -6 23 7 -9 9 10 -12 -13 -14 -15 -16 -17 -18 18 19 20 27 22 -24 -25 -26 -27 -28 -29 -30 -31
leaf_value=-342.02042214458589 572.02452582612977 46.783351787558054 -17.73592495059086 -62.380994050276676 -558.20964934775554 14.859939192888445 -65.658119036636194 -390.96239506359439 13.209786471503174 -255.11710161713756 -128.39463216016057 2682.6206225097399 35.747344780183106 9.5216553588947939 -279.05004995350032 -80.136674482096055 1107.2602234458234 359.00142358054694 -306.47317126392437 -460.55932168733108 -141.76637873351214 255.32869600490923 -98.120828931009356 -353.50524641728657 -145.81750818998123 171.18294556868025 -96.434770590590261 439.66251442414 266.23102115333984 83.738061524860711
leaf_weight=31 37 23 33 77 22 68 25 20 21 21 26 298 56 29 30 24 1571 61 35 39 23 20 66 41 35 39 41 44 103 80
leaf_count=31 37 23 33 77 22 68 25 20 21 21 26 298 56 29 30 24 1571 61 35 39 23 20 66 41 35 39 41 44 103 80
internal_value=0.00189042 -0.00378788 0.00299528 0.000961821 -0.00141892 -0.00275862 -0.00445455 -0.0105556 -0.00326087 -0.00823529 -0.0130851 0.00286667 -0.00117284 -0.00349057 -0.00603896 -0.00138298 0.00369888 -0.000656934 -0.00154008 -0.00386525 -0.00160377 0.00168874 -0.00139535 -0.000291005 0.001875 0.000945946 -0.000504587 0.00126866 0.00291667 0.0010177
internal_weight=3039 495 2544 671 296 464 275 45 230 68 47 375 162 106 77 47 1873 274 237 141 106 302 86 189 96 148 109 67 216 113
internal_count=3039 495 2544 671 296 464 275 45 230 68 47 375 162 106 77 47 1873 274 237 141 106 302 86 189 96 148 109 67 216 113
cat_boundaries=0 1
cat_threshold=1
is_linear=0
shrinkage=0.05


Tree=37
num_leaves=31
num_cat=1
split_feature=2 4 6 11 3 7 7 3 6 7 0 4 0 6 4 2 4 6 0 0 10 4 3 10 2 3 3 3 0 2
split_gain=5.98086 1.82525 1.95733 1.50711 1.29517 1.11847 0.981075 0.860416 0.988953 0.924038 0.817734 0.584369 0.950302 0.948148 0.454816 0.431726 0.483975 0.480237 0.43447 0.465057 0.426055 0.419048 0.332623 0.33063 0.323841 0.634921 0.298799 1.00275 0.335698 0.32672
threshold=110073.395 91146.005535714314 25400.329045009636 0 250887.78285714288 1.5000000000000002 2.5000000000000004 158581.32642857145 36594.729929084751 3.5000000000000004 84004.775000000009 120901.90928571431 88854.420000000013 44178.879424911276 230689.30196428575 163746.75000000003 217614.23589285716 81664.153204817194 128401.895 124164.94500000002 128.50000000000003 222408.70160714287 125456.43500000003 184.50000000000003 261101.73000000001 400956.68571428576 126039.56857142858 122582.9635714286 96982.175000000003 90508.205000000016
decision_type=2 2 2 1 2 2 2 2 2 2 2 2 2 2 2 2 2 2 2 2 2 2 2 2 2 2 2 2 2 2
left_child=1 2 -1 4 5 23 10 8 -7 -9 -3 12 20 -13 21 16 18 -18 19 22 -12 -11 -5 -2 25 -6 27 28 29 -8
right_child=3 6 -4 15 24 7 26 9 -10 14 11 13 -14 -15 -16 -17 17 -19 -20 -21 -22 -23 -24 -25 -26 -27 -28 -29 -30 -31
leaf_value=-136.85353738667436 627.98365793812911 5.0923902377944792 -401.27312660632293 -41.704816078074693 2212.3135646036003 -449.88818103964689 17.303922150562688 -543.04753571757169 10.85706774608925 -427.96058258239327 -27.045942250267963 -265.09754745582546 24.281273454000498 -43.360873394347216 -495.09441881006973 1130.7912654901172 -293.74495338023081 109.48915847144025 143.27421137594726 -29.563605938147518 -43.055999713233291 1120.1350747193108 160.17951827651746 -76.648671641258161 3258.3885110759775 -969.95525046589682 204.57332067344396 -358.80505792170601 16.899273984591741 -35.454299972815079
leaf_weight=37 101 41 21 28 24 24 32 40 105 20 22 30 35 24 22 1523 24 22 219 22 21 22 39 39 260 21 57 27 50 87
leaf_count=37 101 41 21 28 24 24 32 40 105 20 22 30 35 24 22 1523 24 22 219 22 21 22 39 39 260 21 57 27 50 87
internal_value=0.0020385 -0.00305785 -0.0113793 0.00300391 0.000930233 -0.00103217 -0.00192488 -0.00315451 -0.000426356 -0.00653846 -0.00482659 -0.00674242 -0.00397436 -0.0107407 -0.0028125 0.00372814 0.00217514 -0.0026087 0.00288961 -5.61796e-05 -0.00895349 0.000238095 0.00201493 0.0025 0.00336066 -0.000555555 5.92887e-05 -0.000867347 0.00056213 -0.000882353
internal_weight=3039 484 58 2555 678 373 426 233 129 104 173 132 78 54 64 1877 354 46 308 89 43 42 67 140 305 45 253 196 169 119
internal_count=3039 484 58 2555 678 373 426 233 129 104 173 132 78 54 64 1877 354 46 308 89 43 42 67 140 305 45 253 196 169 119
cat_boundaries=0 1
cat_threshold=1
is_linear=0
shrinkage=0.05


Tree=38
num_leaves=31
num_cat=1
split_feature=2 1 11 0 3 1 0 3 0 1 7 1 5 1 10 7 0 2 3 2 7 1 3 7 3 7 10 10 1 3
split_gain=5.68872 2.95432 1.13653 1.18182 0.963056 0.636671 0.62069 0.528289 1.21108 0.460126 0.549204 0.438867 0.530558 0.519393 0.395273 0.55219 0.441817 0.542561 0.381848 0.432774 0.338 0.482857 0.317989 0.309454 0.303406 0.301167 0.280753 0.561278 0.330263 0.242825
threshold=130457.15000000001 69474.885000000009 0 206522.35000000003 164697.03357142859 89777.440000000017 170810.44500000004 153293.91571428577 273357.30500000005 87705.310000000012 3.5000000000000004 146398.57500000004 36772.388162109717 133808.64500000005 131.50000000000003 1.5000000000000002 326744.49500000005 342665.44500000001 137484.64928571429 85593.180000000008 1.0000000180025095e-35 84004.775000000009 134752.64571428575 4.5000000000000009 118964.325 5.5000000000000009 69.500000000000014 209.50000000000003 106673.93000000001 124524.91428571429
decision_type=2 2 1 2 2 2 2 2 2 2 2 2 2 2 2 2 2 2 2 2 2 2 2 2 2 2 2 2 2 2
left_child=1 -1 3 4 -2 9 -6 18 -9 10 20 12 25 -14 15 -5 -17 -18 19 -7 -3 24 23 29 -22 -4 -25 28 -28 -21
right_child=2 5 11 14 6 7 -8 8 -10 -11 -12 -13 13 -15 -16 16 17 -19 -20 22 21 -23 -24 26 -26 -27 27 -29 -30 -31
leaf_value=-315.59807859214311 6.0763725457255111 10.145653622253072 177.48801695637567 2546.3376735200218 -628.28212836628484 -200.45598094763898 -116.84037734129932 -287.0734447172369 473.3776406697084 -235.20457678207069 15.03093492418175 909.80683134577237 9.3304448971359761 -423.61890054215775 2228.3748136214131 576.90715527828092 -960.89717404369173 1945.3484342814656 267.58794502364077 4.1396245619081888 9.9782663565482519 -136.89765920379747 -12.002422031946706 23.150501590594214 -241.0235341361888 -52.684263348224761 -22.390197732780909 26.541932563742161 -291.42878577733194 80.229236392347957
leaf_weight=32 182 25 95 59 29 33 29 30 26 27 30 1611 29 22 205 43 29 26 40 149 38 28 25 25 34 21 21 24 22 50
leaf_count=32 182 25 95 59 29 33 29 30 26 27 30 1611 29 22 205 43 29 26 40 149 38 28 25 25 34 21 21 24 22 50
internal_value=0.00205495 -0.00205615 0.00319328 0.00124183 -0.00145833 -0.00129984 -0.00706897 -0.000280899 -0.00482143 -0.00379121 -0.00274194 0.0038255 0.00140719 -0.00284314 0.0030663 0.00117834 -0.00112245 -0.00409091 0.000372751 -0.000157593 -0.0042 -0.0055 0.000411393 0.000876289 -0.00333333 0.00327586 -0.00152174 -0.00320895 -0.00662791 0.00198492
internal_weight=3039 659 2380 602 240 627 58 445 56 182 155 1778 167 51 362 157 98 55 389 349 125 100 316 291 72 116 92 67 43 199
internal_count=3039 659 2380 602 240 627 58 445 56 182 155 1778 167 51 362 157 98 55 389 349 125 100 316 291 72 116 92 67 43 199
cat_boundaries=0 1
cat_threshold=1
is_linear=0
shrinkage=0.05


Tree=39
num_leaves=31
num_cat=1
split_feature=2 1 11 7 3 7 1 0 6 5 7 2 7 2 10 1 3 0 5 1 0 10 10 10 2 3 3 10 10 0
split_gain=5.4319 2.44174 1.28776 0.89746 0.759916 0.804671 1.3321 0.698389 0.627195 0.640706 0.616622 0.72 0.588053 0.58112 1.04348 0.547081 0.868755 0.525198 0.68919 0.703058 0.411469 0.383316 0.377732 0.731575 0.822358 0.353889 0.427334 0.512121 0.33063 0.319921
threshold=110073.395 69474.885000000009 0 2.5000000000000004 250887.78285714288 1.5000000000000002 160427.07000000004 84004.775000000009 46507.085542017601 38817.407993640089 5.5000000000000009 190915.16000000003 1.0000000180025095e-35 100444.90000000001 152.50000000000003 181311.70500000002 207412.97 180691.23000000001 40656.314985334488 84004.775000000009 96982.175000000003 94.500000000000014 131.50000000000003 91.500000000000014 365105.98000000004 89805.989285714299 95266.858571428587 96.500000000000014 184.50000000000003 128401.895
decision_type=2 2 1 2 2 2 2 2 2 2 2 2 2 2 2 2 2 2 2 2 2 2 2 2 2 2 2 2 2 2
left_child=1 -1 4 7 5 28 8 -3 9 -7 11 -8 -9 20 -15 16 29 18 19 -14 25 -18 23 -6 -25 -5 27 -27 -2 -4
right_child=2 3 15 13 22 6 10 12 -10 -11 -12 -13 17 14 -16 -17 21 -19 -20 -21 -22 -23 -24 24 -26 26 -28 -29 -30 -31
leaf_value=-304.91229611505599 596.28065641393687 6.1903863412349258 7.8687195880254608 21.443097170728361 3526.5665831925626 28.255006262951099 -289.60205619220005 -5.5761026965193707 107.30428445528089 -335.71041115935532 207.31984588194848 -789.01082598053722 14.620146704878517 -555.64993069990726 45.134703146659561 1713.356961385964 -267.42490622948134 -111.30145814226546 -250.75694096322133 -120.02220928073933 38.529093680180686 22.779748993608759 3060.3095355531013 -1070.6110624446155 1852.4591434841832 -56.370478533506223 11.019078092133753 -15.606163664433758 -73.120056686481163 184.17425712056558
leaf_weight=30 101 46 94 23 72 37 25 29 74 48 24 25 21 27 23 1350 37 23 25 37 82 76 192 21 20 22 63 33 39 320
leaf_count=30 101 46 94 23 72 37 25 29 74 48 24 25 21 27 23 1350 37 23 25 37 82 76 192 21 20 22 63 33 39 320
internal_value=0.00200559 -0.00285124 0.00292564 -0.00193833 0.00100291 -0.000495978 -0.00229614 -0.00466851 0.000283019 -0.00264706 -0.00783784 -0.011 -0.00648148 -0.000128205 -0.005 0.00359565 0.00224858 -0.00820755 -0.0100602 -0.00706897 0.000964126 -0.00163717 0.00286885 0.000575221 -0.0047561 -0.000673759 -0.00177966 -0.005 0.0025 0.00330918
internal_weight=3039 484 2555 454 678 373 233 181 159 85 74 50 135 273 50 1877 527 106 83 58 223 113 305 113 41 141 118 55 140 414
internal_count=3039 484 2555 454 678 373 233 181 159 85 74 50 135 273 50 1877 527 106 83 58 223 113 305 113 41 141 118 55 140 414
cat_boundaries=0 1
cat_threshold=1
is_linear=0
shrinkage=0.05


Tree=40
num_leaves=31
num_cat=1
split_feature=1 2 11 2 2 3 5 2 0 0 5 3 5 7 5 7 6 6 5 2 2 4 4 7 2 2 0 6 1 4
split_gain=4.76222 2.75019 1.31452 0.835448 0.732008 0.904466 1.00376 0.737896 0.525105 0.511216 0.981252 0.387748 1.26899 0.365869 0.94431 0.35435 0.339508 0.753819 0.297619 0.280516 0.33007 0.493446 0.685057 0.387978 0.588039 0.269669 1.14064 1.88794 0.245416 0.37209
threshold=136164.27500000005 69621.24500000001 0 86338.800000000003 261101.73000000001 160450.42428571431 65584.703715809868 192197.14500000005 187901.05500000002 268668.97500000003 75007.560835817465 157203.80785714291 72743.067711366704 1.5000000000000002 7832.736497676392 1.0000000180025095e-35 7060.4013388903259 36594.729929084751 46739.233436995681 147200.40000000002 119288.73000000003 123760.48535714287 125534.11964285716 4.5000000000000009 93593.61500000002 219832.47500000003 260574.74500000002 104908.1793161301 270358.84000000003 506212.04999999999
decision_type=2 2 1 2 2 2 2 2 2 2 2 2 2 2 2 2 2 2 2 2 2 2 2 2 2 2 2 2 2 2
left_child=1 -1 4 16 5 7 -7 -2 -6 10 -8 13 -13 14 -5 -16 -3 -18 -19 20 21 23 -23 -15 -25 26 -4 -28 -10 -30
right_child=2 3 25 11 8 6 9 -9 28 -11 -12 12 -14 19 15 -17 17 18 -20 -21 -22 22 -24 24 -26 -27 27 -29 29 -31
leaf_value=-360.24937282525212 270.76794461166622 15.428271278713021 292.78699901208773 -84.457254382375908 -401.52256996014239 -1060.5828812140442 722.77870961418171 -69.439787165628843 17.130870414247237 1199.0346335285767 -486.67701595253396 -435.41215612407763 89.027431735931302 15.956872570884418 66.53675594583423 -15.164263283957125 -116.21612335940941 20.412080171425973 -141.04416047021411 -86.115283108648669 121.723010008708 -445.41722196981101 9.3962862972208541 8.4643615031110411 -221.49382244924351 3531.7106097634482 -468.66468386083238 1355.3597829203625 4054.4669219837324 440.99949082237129
leaf_weight=35 108 32 510 26 20 39 25 31 37 47 29 22 35 185 29 33 41 36 27 29 99 23 28 53 36 1174 33 47 208 34
leaf_count=35 108 32 510 26 20 39 25 31 37 47 29 22 35 185 29 33 41 36 27 29 99 23 28 53 36 1174 33 47 208 34
internal_value=0.00210704 -0.00130689 0.00322801 -0.000653951 0.00108844 -0.000734767 -0.00357143 0.0021223 0.00282609 -0.000940594 -0.00425926 0.000150502 -0.00377193 0.000563771 -0.00238636 0.000967742 -0.00419118 -0.00557692 -0.00214286 0.00113687 0.00146226 0.000692308 -0.00382353 0.00153285 -0.00117978 0.00390079 0.00305085 -0.0025 0.0033871 0.00396694
internal_weight=3111 769 2342 734 578 279 140 139 299 101 54 598 57 541 88 62 136 104 63 453 424 325 51 274 89 1764 590 80 279 242
internal_count=3111 769 2342 734 578 279 140 139 299 101 54 598 57 541 88 62 136 104 63 453 424 325 51 274 89 1764 590 80 279 242
cat_boundaries=0 1
cat_threshold=1
is_linear=0
shrinkage=0.05


Tree=41
num_leaves=31
num_cat=1
split_feature=2 4 2 11 5 2 2 3 4 10 6 0 2 5 0 4 5 0 7 7 2 0 3 7 6 2 2 2 5 3
split_gain=5.03084 2.12252 1.81537 0.973876 0.652497 0.588257 0.57444 0.962565 1.44033 0.853615 1.03765 0.548557 0.537226 0.518617 0.527197 0.514856 0.877076 0.493098 0.414726 1.02962 0.409615 0.381587 0.348347 0.339574 0.464191 0.428091 0.332411 0.277951 0.64066 0.2442
threshold=155175.46000000002 91146.005535714314 69621.24500000001 0 24123.068048638659 261101.73000000001 86338.800000000003 153293.91571428577 155272.47421583853 128.50000000000003 36888.230992773686 137770.52500000002 145611.20000000004 54507.39339857109 329972.81500000006 220050.96892857147 73466.200920529096 128401.895 1.5000000000000002 1.0000000180025095e-35 162563.47000000003 181454.00000000003 122582.9635714286 4.5000000000000009 45113.758009726582 136326.89500000002 77807.390000000014 124164.94500000002 42715.319169421877 121972.1142857143
decision_type=2 2 2 1 2 2 2 2 2 2 2 2 2 2 2 2 2 2 2 2 2 2 2 2 2 2 2 2 2 2
left_child=1 2 -1 5 -4 17 9 11 -9 29 -11 12 18 -10 15 16 -15 -2 19 -8 -19 -7 -13 24 -20 27 -12 28 -25 -3
right_child=3 6 4 -5 -6 21 7 8 13 10 26 22 -14 14 -16 -17 -18 20 23 -21 -22 -23 -24 25 -26 -27 -28 -29 -30 -31
leaf_value=-327.08898242184551 554.97236192645312 -4.193841440134519 17.390640774658145 835.91536253758409 -109.70265280214602 -291.94596239338023 28.244398393622483 -155.77456823449643 351.25803475731232 -271.12511510802801 92.239973651043897 -79.851441441912115 -133.24548189816511 -612.70572025374076 582.13590823174013 -450.06336267407778 175.42688663993965 110.28710846664836 27.654617967747924 -52.782423195068716 -126.89395830640447 2579.3779250316547 204.18418400926646 7.243554733135082 -41.728393768589385 -194.50768380156018 -181.18180758406493 49.756487361033479 -690.37309296493754 97.712683500781068
leaf_weight=23 32 39 21 1600 20 24 32 26 26 36 22 20 25 21 26 25 22 20 213 36 158 283 126 76 29 20 23 41 22 24
leaf_count=23 32 39 21 1600 20 24 32 26 26 36 22 20 25 21 26 25 22 20 213 36 158 283 126 76 29 20 23 41 22 24
internal_value=0.0018981 -0.00103622 -0.00984375 0.00327586 -0.00353659 0.00129981 -0.000430107 0.000101781 -0.00356164 -0.00333333 -0.00672839 0.0009375 0.000141701 -0.00125 -0.00297872 -0.00529412 -0.00197674 -0.000714286 0.000522388 -0.00308824 -0.00174157 0.00271987 0.00363014 0.00113466 0.00231405 -0.000660377 -0.00166667 0.000323741 -0.00112245 0.00103175
internal_weight=3111 994 64 2117 41 517 930 786 146 144 81 640 494 120 94 68 43 210 469 68 178 307 146 401 242 159 45 139 98 63
internal_count=3111 994 64 2117 41 517 930 786 146 144 81 640 494 120 94 68 43 210 469 68 178 307 146 401 242 159 45 139 98 63
cat_boundaries=0 1
cat_threshold=1
is_linear=0
shrinkage=0.05


Tree=42
num_leaves=31
num_cat=1
split_feature=2 4 6 11 2 2 5 0 5 10 5 2 6 6 6 5 4 4 6 2 4 4 0 5 10 5 4 10 10 0
split_gain=4.22525 1.8616 1.89676 1.12158 0.671824 0.462384 0.840803 0.467278 1.16971 0.426298 0.616466 0.795467 0.701021 0.621915 0.481883 0.480702 0.422036 0.416786 0.367401 0.4101 0.597795 0.338629 0.315671 0.288047 0.26171 0.258392 0.547635 0.253807 0.662745 0.333333
threshold=130457.15000000001 91146.005535714314 25400.329045009636 0 238189.11000000002 179619.46500000003 68912.420012181989 150857.66000000003 81537.84758301494 94.500000000000014 55704.832022349023 86338.800000000003 36888.230992773686 7537.0338937629231 43283.204674816698 43410.926953742339 153694.26196428572 121971.94464285717 47884.309205675083 173950.72500000003 229007.83250000005 119907.76926948053 181454.00000000003 7832.736497676392 163.50000000000003 8481.9218015551087 92294.763571428586 133.50000000000003 123.50000000000001 95836.580000000016
decision_type=2 2 2 1 2 2 2 2 2 2 2 2 2 2 2 2 2 2 2 2 2 2 2 2 2 2 2 2 2 2
left_child=1 2 -1 4 16 6 23 -8 -9 14 11 12 13 -11 15 25 17 21 -18 -20 -21 -2 -6 -5 -14 26 -3 28 29 -13
right_child=3 9 -4 5 22 -7 7 8 -10 10 -12 27 24 -15 -16 -17 18 -19 19 20 -22 -23 -24 -25 -26 -27 -28 -29 -30 -31
leaf_value=-97.223082559416355 77.697417256931416 25.570575458626891 -329.23759595586341 18.92352907855355 -222.65799625336965 1340.8533976788074 227.71537020544238 -765.93727535855544 10.42472492285788 -13.942571729537443 -328.4155077827179 15.723398001895738 84.43503403170439 -456.64171290867898 111.56385908670987 -400.78429296181912 -569.16488197991691 289.56412910909995 108.25659679604783 610.0571220327239 -396.46403583016064 -70.2451155918518 1686.416121666331 186.06539918203572 -164.43204347603069 41.328747364593461 -81.057661381753107 6.0535716703829259 -226.48005137492197 -8.4717773031747239
leaf_weight=38 26 31 23 33 26 1383 29 21 43 23 35 24 24 22 61 20 22 87 40 36 38 20 307 306 27 58 32 232 20 24
leaf_count=38 26 31 23 33 26 1383 29 21 43 23 35 24 24 22 61 20 22 87 40 36 38 20 307 306 27 58 32 232 20 24
internal_value=0.00202668 -0.0014121 -0.0097541 0.00301407 0.00107843 0.00363014 0.00222222 -0.00198925 -0.004375 -0.000608215 -0.00149652 -0.000934343 -0.00489583 -0.00944444 0.00128713 -0.000319149 -0.000762082 0.0012406 -0.00272059 -0.00157895 -0.00378378 -0.0026087 0.0025976 0.00337758 -0.000882353 0.000867769 -0.00134921 0.000333334 -0.00235294 0.000833334
internal_weight=3111 694 61 2417 602 1815 432 93 64 633 431 396 96 45 202 141 269 133 136 114 74 46 333 339 51 121 63 300 68 48
internal_count=3111 694 61 2417 602 1815 432 93 64 633 431 396 96 45 202 141 269 133 136 114 74 46 333 339 51 121 63 300 68 48
cat_boundaries=0 1
cat_threshold=1
is_linear=0
shrinkage=0.05


Tree=43
num_leaves=31
num_cat=1
split_feature=1 2 11 1 2 2 7 5 1 5 1 2 10 10 10 3 5 3 3 6 1 6 10 10 3 1 10 2 5 10
split_gain=3.94466 2.25331 1.53358 0.79678 0.524454 0.390556 0.435404 0.511468 0.350354 0.555879 0.355983 0.317153 0.385956 0.361394 0.363306 0.405597 1.18555 0.380193 0.566836 0.587778 0.280567 0.445794 0.275601 0.270127 0.49913 0.546118 0.351365 0.719528 0.29744 0.266623
threshold=136164.27500000005 69621.24500000001 0 337986.9150000001 240216.89000000004 128401.895 1.0000000180025095e-35 41317.756906491202 174612.23000000001 14317.534418092788 146398.57500000004 82078.155000000013 19.500000000000004 28.500000000000004 242.50000000000003 155094.74571428573 72743.067711366704 138913.3585714286 133861.51714285716 11235.215696525898 128088.22000000002 46217.53984996587 190.50000000000003 152.50000000000003 215496.73571428575 188533.93500000003 110.50000000000001 261101.73000000001 66865.457558682814 233.50000000000003
decision_type=2 2 1 2 2 2 2 2 2 2 2 2 2 2 2 2 2 2 2 2 2 2 2 2 2 2 2 2 2 2
left_child=1 -1 3 5 -5 -2 -7 -8 9 -4 -11 -3 -13 -14 15 17 -17 18 20 -20 21 29 -12 24 -9 -26 27 -27 -25 -15
right_child=2 11 8 4 -6 6 7 23 -10 10 22 12 13 14 -16 16 -18 -19 19 -21 -22 -23 -24 28 25 26 -28 -29 -30 -31
leaf_value=-307.44020614657882 555.36064616327121 -127.6179437127854 211.69946632509107 -565.05010081491889 3447.5327963213176 850.09412565571097 -304.79644461346174 549.74782848012433 1105.6956161956502 -174.22825252108584 99.461047578224097 -553.61218125751441 75.927552156550718 6.2606722301413953 56.952073651639211 -198.24392387012117 62.361775732237518 159.59422509837691 -70.738277979782453 14.228817440771017 -75.990594476821684 -68.999934625948171 -131.61886559145171 -317.77602412306737 -422.89647971608213 -1349.5021933426062 557.84304405970158 1016.1200477872923 1265.79425781704 -94.196827003725218
leaf_weight=35 41 75 173 21 204 59 40 37 1442 38 77 21 34 321 61 21 29 62 20 25 24 21 34 23 21 20 30 29 53 20
leaf_count=35 41 75 173 21 204 59 40 37 1442 38 77 21 34 321 61 21 29 62 20 25 24 21 34 23 21 20 30 29 53 20
internal_value=0.00193025 -0.00117685 0.00295047 0.000663265 0.003 -0.000807365 -0.00141026 -0.00231225 0.00367531 0.00220497 -3.35569e-05 -0.000585831 -0.000235205 -1.56738e-05 -0.000298013 -0.000709024 -0.005 -0.000273833 -0.000800464 -0.00611111 -0.000181347 0.000165746 0.0013964 -0.00133803 -0.00266423 -0.0045 -0.00259494 -0.00520408 0.00105263 0.000601173
internal_weight=3111 769 2342 578 225 353 312 253 1764 322 149 734 659 638 604 543 50 493 431 45 386 362 111 213 137 100 79 49 76 341
internal_count=3111 769 2342 578 225 353 312 253 1764 322 149 734 659 638 604 543 50 493 431 45 386 362 111 213 137 100 79 49 76 341
cat_boundaries=0 1
cat_threshold=1
is_linear=0
shrinkage=0.05


Tree=44
num_leaves=31
num_cat=1
split_feature=1 2 11 1 2 5 7 5 4 2 2 4 4 7 10 4 3 3 5 3 2 5 10 4 10 2 2 1 10 3
split_gain=3.98371 2.27702 1.18801 0.714196 0.343542 0.621535 0.68575 0.593842 0.4 0.389074 0.331333 0.419065 0.749665 0.4901 0.372831 0.322267 0.86412 0.354193 0.301811 0.29172 1.04583 0.955745 1.03746 0.413632 0.694113 0.340244 0.287507 0.283581 0.257143 0.237863
threshold=136164.27500000005 69621.24500000001 0 337986.9150000001 219832.47500000003 52209.070545177608 1.5000000000000002 109219.79393550634 232971.18785714291 178656.47000000003 82078.155000000013 123614.00625000002 125534.11964285716 4.5000000000000009 222.50000000000003 220050.96892857147 150239.20714285717 135208.22785714289 9198.2233382541726 157203.80785714291 192197.14500000005 67453.735831204875 129.50000000000003 386921.28892857151 157.50000000000003 185465.33000000005 235267.88000000003 84908.630000000019 114.50000000000001 216713.68214285717
decision_type=2 2 1 2 2 2 2 2 2 2 2 2 2 2 2 2 2 2 2 2 2 2 2 2 2 2 2 2 2 2
left_child=1 -1 3 19 5 -4 7 8 -7 -8 -3 27 -13 14 15 16 17 -14 -15 20 -2 22 29 25 -25 -23 -5 28 -12 -21
right_child=2 10 4 26 -6 6 9 -9 -10 -11 11 12 13 18 -16 -17 -18 -19 -20 21 -22 23 -24 24 -26 -27 -28 -29 -30 -31
leaf_value=-292.06819583924977 236.59373053824982 -121.23704652714608 244.055883370527 -616.11441711375085 3191.0018604546735 -167.30023868185199 5.6431245866442161 314.0776144050235 -557.91645586939387 658.09236534414811 20.326122861996524 -184.14334018201691 -34.642201687690438 -58.590762681112871 67.338104601364122 357.62318675198361 -302.08253620007616 76.032953126367104 155.62464077547247 282.41099826135923 -169.95598358966112 -166.65817277480522 -654.15361258472592 -469.01794010763916 940.28492021239856 1125.0167368688217 3209.9416659214871 8.7163913152238752 -25.646793384868573 -635.42923218135991
leaf_weight=35 99 75 376 20 1174 20 79 22 20 73 28 38 49 21 28 21 35 37 50 21 30 20 30 32 39 62 205 317 35 20
leaf_count=35 99 75 376 20 1174 20 79 22 20 73 28 38 49 21 28 21 35 37 50 21 30 20 30 32 39 62 205 317 35 20
internal_value=0.00201061 -0.00111183 0.00303587 0.0010034 0.00367531 0.00271186 0.000560748 -0.00387097 -0.0075 0.00236842 -0.000517711 -0.000159332 -0.00163082 -0.00060166 -0.00205882 -0.00309859 -0.00409091 -0.00139535 0.00288732 -0.000382436 0.00151163 -0.00147321 -0.00626761 0.000751634 -0.00204225 0.00317073 0.00322222 0.000921053 -0.00214286 -0.00109756
internal_weight=3111 769 2342 578 1764 590 214 62 40 152 734 659 279 241 170 142 121 86 71 353 129 224 71 153 71 82 225 380 63 41
internal_count=3111 769 2342 578 1764 590 214 62 40 152 734 659 279 241 170 142 121 86 71 353 129 224 71 153 71 82 225 380 63 41
cat_boundaries=0 1
cat_threshold=1
is_linear=0
shrinkage=0.05


Tree=45
num_leaves=31
num_cat=1
split_feature=1 11 1 7 10 7 2 0 10 1 0 0 2 1 10 10 7 3 0 1 1 10 10 2 10 1 3 2 10 7
split_gain=2.91391 2.2471 1.51201 1.04438 1.07243 0.980128 1.20192 1.4611 0.847962 0.542507 0.532008 0.487288 1.01408 0.471037 0.366865 0.569409 0.468983 0.333333 0.323178 0.435646 0.512121 0.347804 0.613425 1.27201 0.288916 0.280164 0.458126 0.219328 0.256249 0.208484
threshold=64361.385000000002 0 139177.33000000005 1.5000000000000002 152.50000000000003 3.5000000000000004 98692.750000000015 206522.35000000003 73.500000000000014 274533.59500000003 161539.70000000004 237839.24000000002 192197.14500000005 157852.88000000003 91.500000000000014 111.50000000000001 5.5000000000000009 148912.87142857147 135054.09000000005 126986.87500000001 132170.73000000004 173.50000000000003 204.50000000000003 92939.950000000026 26.500000000000004 117803.21000000001 126521.99000000001 89783.920000000013 234.50000000000003 5.5000000000000009
decision_type=2 1 2 2 2 2 2 2 2 2 2 2 2 2 2 2 2 2 2 2 2 2 2 2 2 2 2 2 2 2
left_child=-1 3 10 11 5 6 -5 -8 -9 13 18 12 -2 25 24 -16 -17 -14 19 21 -21 -3 23 -23 -7 26 -6 -24 -29 -26
right_child=1 2 -4 4 9 14 7 8 -10 -11 -12 -13 17 -15 15 16 -18 -19 -20 20 -22 22 27 -25 29 -27 -28 28 -30 -31
leaf_value=-224.78110707018519 483.92356418712853 12.901171672694979 569.31707808554359 50.777799869633569 19.947084623292184 -979.71304439939377 -603.60804690337272 612.47660777916064 -1076.0170417239701 1489.2337290470352 -130.0722052023882 3483.9560781039336 -161.82084728042517 -342.15627980765714 -1350.3519955962279 -160.48466394302346 797.58198805295854 -118.7148530219165 141.83372104966085 -111.91256709124944 15.015543277020095 -93.287896873829254 21.564446597003482 9.9262236429574884 163.82907591034433 51.252728348717419 -286.97841221510441 41.595076423206876 -49.039552755005367 -48.084410579478991
leaf_weight=25 71 240 1671 32 43 21 39 24 35 101 48 115 20 25 23 31 21 30 70 20 24 20 29 21 67 55 25 27 29 31
leaf_count=25 71 240 1671 32 43 21 39 24 35 101 48 115 20 25 23 31 21 30 70 20 24 20 29 21 67 55 25 27 29 31
internal_value=0.00199967 0.00214096 0.00296288 -0.000128205 -0.00128272 -0.00317901 -0.00653846 -0.00928571 -0.00432203 0.00118474 0.00064394 0.00266949 0.000454546 -0.000743243 -0.000927835 -0.00366667 -0.000769231 -0.005 0.00114583 0.000609756 -0.00409091 0.00117486 -0.000952381 -0.00597561 0.000798319 0.000528455 -0.00161765 0.00147059 -0.000357143 0.00193878
internal_weight=3033 3008 2199 809 573 324 130 98 59 249 528 236 121 148 194 75 52 50 480 410 44 366 126 41 119 123 68 85 56 98
internal_count=3033 3008 2199 809 573 324 130 98 59 249 528 236 121 148 194 75 52 50 480 410 44 366 126 41 119 123 68 85 56 98
cat_boundaries=0 1
cat_threshold=1
is_linear=0
shrinkage=0.05


Tree=46
num_leaves=31
num_cat=1
split_feature=1 1 11 7 10 10 10 1 5 10 7 4 0 0 5 4 4 5 1 7 6 7 0 6 1 4 4 6 0 1
split_gain=2.92522 1.83679 1.44391 1.05539 1.62156 2.22759 2.09334 0.807065 0.580826 1.71061 1.13166 0.506335 0.414313 0.596639 0.376664 0.527606 0.360119 0.347826 0.338847 0.337973 0.389846 0.339856 0.297892 0.267382 0.458239 0.372775 1.09221 0.286364 0.255351 0.484053
threshold=64361.385000000002 164631.90500000003 0 1.5000000000000002 146.50000000000003 91.500000000000014 105.50000000000001 277549.11500000005 27055.113574326959 33.500000000000007 2.5000000000000004 174592.28821428577 136326.89500000002 124164.94500000002 8481.9218015551087 92294.763571428586 232971.18785714291 6540.6358262441636 272494.94500000007 3.5000000000000004 37424.915427991036 1.0000000180025095e-35 130407.67500000002 46217.53984996587 205323.95000000004 291865.03214285721 220636.45857142858 72305.550381487192 237839.24000000002 203052.28000000003
decision_type=2 2 1 2 2 2 2 2 2 2 2 2 2 2 2 2 2 2 2 2 2 2 2 2 2 2 2 2 2 2
left_child=-1 8 3 28 5 7 -7 16 11 10 -10 12 13 14 15 -2 -5 -17 -6 21 -21 -11 -15 -4 25 26 27 -25 29 -3
right_child=1 2 23 4 18 6 -8 -9 9 19 -12 -13 -14 22 -16 17 -18 -19 -20 20 -22 -23 -24 24 -26 -27 -28 -29 -30 -31
leaf_value=-213.54205171667587 7.5274078032198135 897.71620314577285 670.70066452931326 169.52567541891256 -219.00572986211483 -2553.0810738970313 -263.61387477229681 2784.6260265191045 -258.07624001174435 179.02286094528571 -218.7981117794285 -93.521795393962449 150.75144707997194 -86.01716414940438 91.104783784356016 -69.874475248186343 -1912.8263774331613 12.499513631645778 1384.7489713715584 -329.48498056841601 43.856398811810173 -25.397088764817511 1.999058703183926 -142.8160202492422 2324.4958179144319 948.98877541778677 -823.8747916458417 441.34207881406877 3259.2996263180594 -393.3197202759427
leaf_weight=25 139 43 381 27 28 22 39 44 22 23 36 24 142 36 83 23 21 23 105 30 164 252 41 20 999 31 22 35 114 39
leaf_count=25 139 43 381 27 28 22 39 44 22 23 36 24 142 36 83 23 21 23 105 30 164 252 41 20 999 31 22 35 114 39
internal_value=0.00203264 0.0021742 0.00307107 0.000630081 -0.00129371 -0.00480392 -0.0122131 0.000108696 0.000472062 -0.000692599 -0.0087931 0.00167319 0.00202259 0.00108696 0.00220149 0.000945946 -0.004375 -0.00369565 0.00274436 0.000309169 0.00190722 -0.000818182 -0.00279221 0.00383178 0.00346432 0.000370371 -0.00149351 0.00227273 0.00346939 0.00134146
internal_weight=3033 3008 1970 482 286 153 61 92 1038 527 58 511 487 345 268 185 48 46 133 469 194 275 77 1488 1107 108 77 55 196 82
internal_count=3033 3008 1970 482 286 153 61 92 1038 527 58 511 487 345 268 185 48 46 133 469 194 275 77 1488 1107 108 77 55 196 82
cat_boundaries=0 1
cat_threshold=1
is_linear=0
shrinkage=0.05


Tree=47
num_leaves=31
num_cat=0
split_feature=4 4 5 6 10 6 7 7 0 0 0 10 5 0 0 4 7 3 10 0 4 5 3 10 3 0 3 5 10 10
split_gain=2.02972 0.956789 1.07386 0.911139 0.991472 0.54494 0.608349 0.979071 0.697801 1.42893 0.8094 0.711169 0.654281 0.518262 0.431247 0.418808 0.647307 0.828692 0.533931 1.19294 0.548342 0.414365 0.455529 0.406349 0.395388 0.740192 0.365131 0.358605 0.343896 0.340987
threshold=291865.03214285721 91271.17357142859 27055.113574326959 123793.04869707425 102.50000000000001 33782.093081110834 1.0000000180025095e-35 3.5000000000000004 140564.71500000003 163833.70500000005 317020.21500000003 115.50000000000001 48990.531681823901 136326.89500000002 125164.31500000002 385792.8457142858 1.5000000000000002 444401.80285714293 152.50000000000003 551425.88500000013 401334.3548214286 8481.9218015551087 92084.120714285731 94.500000000000014 133861.51714285716 130407.67500000002 125456.43500000003 116729.40733952666 192.50000000000003 223.50000000000003
decision_type=2 2 2 2 2 2 2 2 2 2 2 2 2 2 2 2 2 2 2 2 2 2 2 2 2 2 2 2 2 2
left_child=1 2 -1 5 -5 13 -7 8 28 11 26 -10 29 14 21 -2 -17 18 20 -20 23 22 -3 -18 -16 -26 -11 -22 -8 -9
right_child=15 3 -4 4 -6 6 7 12 9 10 -12 -13 -14 -15 24 16 17 -19 19 -21 27 -23 -24 -25 25 -27 -28 -29 -30 -31
leaf_value=6.5568134644756029 2018.9880659444477 4.5819267073251053 -252.69681366049778 -1337.2582394127303 89.592869083131077 541.73654408252241 29.134416104786894 -65.694377974070562 -201.37659559884878 -126.95525633452422 -404.69848067960851 -625.13338470388021 429.13614941431445 168.90373622792299 100.87651325298143 4660.1757250895798 -1009.2928847048365 4970.0482330248105 1515.9328565657697 -1063.7334730819418 -1666.9689366845321 89.717178455572366 -50.564641343951564 -351.33272572926779 -98.275252969065434 10.044739251543039 40.327315380187073 4460.3174692690873 -159.23718721113653 170.09127121716517
leaf_weight=49 479 127 29 26 20 121 90 134 22 30 33 28 225 308 32 273 21 399 150 20 20 78 30 24 20 23 129 33 38 22
leaf_count=49 479 127 29 26 20 121 90 134 22 30 33 28 225 308 32 273 21 399 150 20 20 78 30 24 20 23 129 33 38 22
internal_value=0.00199967 0.000786865 -0.00461538 0.0010612 -0.00586956 0.00127517 0.000470184 -5.99199e-05 -0.00189189 -0.00347107 -0.00151042 -0.011 0.00171916 0.002411 0.000967742 0.00337914 0.00276596 0.00192654 -0.00022388 0.00147059 -0.00316327 0.00202128 0.000541401 -0.00722222 -0.00233333 -0.00546512 -3.14464e-05 0.000283019 0.00109375 -0.000769231
internal_weight=3033 1614 78 1536 46 1490 872 751 370 242 192 50 381 618 310 1419 940 667 268 170 98 235 157 45 75 43 159 53 128 156
internal_count=3033 1614 78 1536 46 1490 872 751 370 242 192 50 381 618 310 1419 940 667 268 170 98 235 157 45 75 43 159 53 128 156
is_linear=0
shrinkage=0.05


Tree=48
num_leaves=31
num_cat=1
split_feature=2 10 11 10 7 0 0 10 10 6 2 0 6 7 3 2 6 5 4 5 7 6 6 4 6 5 4 0 4 4
split_gain=2.31998 0.893285 0.822968 0.707037 0.610109 0.503386 0.849194 0.496303 1.37755 0.549789 0.438247 1.1034 1.91156 0.435976 0.416782 0.388622 0.489796 0.388175 0.347784 0.565213 0.587256 0.63122 0.336863 0.481177 0.272005 0.51511 0.270677 0.260639 0.35276 0.62803
threshold=130457.15000000001 21.500000000000004 0 139.50000000000003 1.5000000000000002 142611.07500000004 155484.37000000002 91.500000000000014 103.50000000000001 112715.55988619714 219832.47500000003 317020.21500000003 104908.1793161301 2.5000000000000004 126039.56857142858 100444.90000000001 43945.739976583114 53124.246627285473 390239.97857142863 129659.87757843696 3.5000000000000004 132496.94395562264 73711.586295707573 157346.85642857145 140282.44546770511 154024.64881952255 394689.6166071429 131455.58500000002 123614.00625000002 136298.99017857146
decision_type=2 2 1 2 2 2 2 2 2 2 2 2 2 2 2 2 2 2 2 2 2 2 2 2 2 2 2 2 2 2
left_child=1 -1 3 4 14 17 -7 22 -9 -10 11 -4 -13 15 -2 16 -8 27 -12 20 -20 -22 23 -6 25 -21 -24 28 -3 -30
right_child=2 5 10 -5 7 6 13 8 9 -11 18 12 -14 -15 -16 -17 -18 -19 19 24 21 -23 26 -25 -26 -27 -28 -29 29 -31
leaf_value=-124.99185669869824 -19.385147749041458 7.4724218736520589 142.21450741646356 413.59324932116783 58.379726364233584 -265.89565048791468 -217.1817282977506 -2444.7219771703535 -120.0749826916343 102.15560688428859 2445.3027766372265 -865.65149052283232 884.44783464774082 1699.1833543771813 1011.5764876080628 -295.92124063523778 140.59743683431972 -121.41299139516558 2175.8850685807315 6792.474710585323 2975.660048619693 -4758.3208388339126 2298.9621702391519 -163.51230526412505 7201.3476844266834 -1138.0653750703902 -958.82822700763995 42.672381603325022 -65.567579851753877 118.34431057122821
leaf_weight=33 23 366 542 295 23 20 25 21 20 29 514 21 38 22 88 33 24 23 86 30 26 23 36 40 454 26 21 34 74 23
leaf_count=33 23 366 542 295 23 20 25 21 20 29 514 21 38 22 88 33 24 23 86 30 26 23 36 40 454 26 21 34 74 23
internal_value=0.0019667 -0.000612998 0.00270798 0.0010396 -0.00064784 -0.000201863 -0.00306452 -0.00236842 -0.00571429 -0.00112245 0.00324859 0.00217138 -0.00432203 -0.00125 0.0022973 -0.00292683 -0.000102041 0.000480769 0.0038352 0.00306202 0.000185185 -0.00418367 -0.000416666 -0.00293651 0.00382353 0.000535714 0.00236842 0.000774648 0.000464363 -0.00221649
internal_weight=3033 677 2356 596 301 644 124 190 70 49 1760 601 59 104 111 82 49 520 1159 645 135 49 120 63 510 56 57 497 463 97
internal_count=3033 677 2356 596 301 644 124 190 70 49 1760 601 59 104 111 82 49 520 1159 645 135 49 120 63 510 56 57 497 463 97
cat_boundaries=0 1
cat_threshold=1
is_linear=0
shrinkage=0.05


Tree=49
num_leaves=31
num_cat=1
split_feature=1 2 11 3 2 2 3 6 5 6 1 3 4 1 7 2 2 2 1 1 2 1 7 10 2 3 5 3 4 10
split_gain=2.24374 1.51201 0.812678 0.751593 0.896127 1.65059 0.782609 0.654389 0.866351 0.767226 0.656589 0.583444 0.699451 0.652221 0.560979 0.697605 0.470122 0.401884 0.375866 0.984137 0.372249 0.592717 0.353807 0.296879 0.337659 0.276388 0.238048 0.219532 0.428571 0.678788
threshold=64361.385000000002 238189.11000000002 0 157203.80785714291 115167.00500000002 97422.390000000014 117069.04785714288 72305.550381487192 54507.39339857109 68069.032986903228 315261.07500000001 203666.02714285717 385792.8457142858 428246.89500000008 1.5000000000000002 199034.94500000004 95836.580000000016 185465.33000000005 150548.70500000005 128088.22000000002 365105.98000000004 277549.11500000005 1.0000000180025095e-35 173.50000000000003 89783.920000000013 378768.98714285722 85925.941363414211 90806.161428571446 92576.328392857162 96.500000000000014
decision_type=2 2 1 2 2 2 2 2 2 2 2 2 2 2 2 2 2 2 2 2 2 2 2 2 2 2 2 2 2 2
left_child=-1 2 3 4 5 -2 -7 8 -5 -10 -9 -3 -13 20 15 18 23 -6 19 22 21 -14 -4 27 -25 -22 -15 -16 29 -29
right_child=1 11 14 7 17 6 -8 10 9 -11 -12 12 13 26 16 -17 -18 -19 -20 -21 25 -23 -24 24 -26 -27 -28 28 -30 -31
leaf_value=-183.07675899986893 37.081867025359081 -226.23008717768386 28.867000368835125 -93.104442831188507 127.35593486452981 -62.78741415407152 -545.42735939325439 776.95339543742125 -953.17788918947963 -45.258449268948162 -1381.703477576797 2806.9411448483538 -899.09281807689592 -578.1900922693136 19.092232014241279 -796.4614398234844 124.78322513835253 -17.735744451969381 133.19906905739418 -60.945083867794906 -322.48280417622595 385.66084055206284 -22.630700994029979 38.427470701859818 -84.302248114696667 2274.5073872770549 5990.4481471202489 -28.777614757173644 34.182911099575492 8.9756830829253005
leaf_weight=25 77 28 55 36 162 23 23 43 22 29 27 523 32 23 34 22 607 35 115 33 35 70 92 20 38 157 563 20 42 22
leaf_count=25 77 28 55 36 162 23 23 43 22 29 27 523 32 23 34 22 607 35 115 33 35 70 92 20 38 157 563 20 42 22
internal_value=0.00191724 0.00204122 0.000973367 -0.000749486 0.000625 -0.00272358 -0.0102174 -0.00359873 -0.00649425 -0.0106863 1.86265e-10 0.00321803 0.00336066 0.0025 0.00171171 -4.73184e-05 0.00244572 0.00271574 0.000593221 -0.000833333 0.000578231 -0.00186274 0.000918368 0.000170455 -0.00275862 0.001875 0.00346416 0.00161017 0.000238095 -0.00333333
internal_weight=3033 3008 1577 477 320 123 46 157 87 51 70 1431 1403 880 1100 317 783 197 295 180 294 102 147 176 58 192 586 118 84 42
internal_count=3033 3008 1577 477 320 123 46 157 87 51 70 1431 1403 880 1100 317 783 197 295 180 294 102 147 176 58 192 586 118 84 42
cat_boundaries=0 1
cat_threshold=1
is_linear=0
shrinkage=0.05


Tree=50
num_leaves=31
num_cat=1
split_feature=2 1 1 6 0 6 0 6 2 2 4 4 2 0 0 1 3 3 1 2 1 11 2 2 3 7 7 6 7 4
split_gain=2.79149 1.03696 0.848366 0.878467 0.569403 0.519953 0.538632 2.43689 0.48508 0.423759 0.404387 0.525383 0.400828 0.390977 0.4228 0.643678 0.290846 0.308581 0.281684 0.814412 0.268826 0.445315 0.717585 0.550389 0.311241 0.651855 0.271465 0.284444 0.223956 0.3021
threshold=130457.15000000001 75388.630000000019 279112.63000000006 31973.474451421349 161539.70000000004 36594.729929084751 339188.5500000001 107272.37584940426 193901.95500000005 77807.390000000014 390239.97857142863 775175.06928571442 127184.23500000002 195215.27000000005 142611.07500000004 96519.655000000013 378768.98714285722 369276.96000000002 166583.71000000002 166697.78500000003 132170.73000000004 0 190915.16000000003 147200.40000000002 162504.30000000005 3.5000000000000004 2.5000000000000004 47884.309205675083 1.0000000180025095e-35 123614.00625000002
decision_type=2 2 2 2 2 2 2 2 2 2 2 2 2 2 2 2 2 2 2 2 2 1 2 2 2 2 2 2 2 2
left_child=1 9 3 18 -4 -5 20 -8 -6 -1 -10 16 13 14 28 -16 17 -12 19 -2 -7 23 26 -22 -24 -26 -23 -28 -3 -30
right_child=2 12 4 5 8 6 7 -9 10 -11 11 -13 -14 -15 15 -17 -18 -19 -20 -21 21 22 24 -25 25 -27 27 -29 29 -31
leaf_value=-204.94813808575316 111.24401746644669 18.725001702695064 -673.65590455879237 -291.37183359773775 -1851.0007297252462 222.36963313537782 -392.571268069285 816.77798168542381 3884.0154394032211 -37.458495622932595 3120.2365174825013 16007.135520843211 -207.69855872902747 200.74441311067082 -0.74748928277559734 -941.48444847841427 1842.9334551852721 -599.98638831143057 519.81263650488586 -118.60466446678652 -51.983533508227836 325.93532525766909 -12.271791723701481 225.24549640622945 -339.28638524210629 14.958067498423564 -433.40020286750524 1074.7203666086539 2.2998275094601928 -55.60545720459519
leaf_weight=34 186 50 20 20 23 69 40 92 474 21 31 289 38 50 29 21 461 23 194 20 25 43 42 287 26 25 20 25 314 101
leaf_count=34 186 50 20 20 23 69 40 92 474 21 31 289 38 50 29 21 461 23 194 20 25 43 42 287 26 25 20 25 314 101
internal_value=0.00173456 -0.00115501 0.0025154 0.0014991 0.00337245 0.000448179 0.000677234 -0.00219697 0.00350115 -0.00772727 0.00363067 0.00294776 -0.000555555 -0.000221239 -0.000631068 -0.005 0.00199029 -0.00148148 0.003375 0.00208738 0.00135231 0.000943205 -0.00102094 0.00204969 -0.00413978 -0.00676471 0.00215909 -0.000555555 -0.00016129 -0.000542168
internal_weight=3093 658 2435 1114 1321 714 694 132 1301 55 1278 804 603 565 515 50 515 54 400 206 562 493 181 312 93 51 88 45 465 415
internal_count=3093 658 2435 1114 1321 714 694 132 1301 55 1278 804 603 565 515 50 515 54 400 206 562 493 181 312 93 51 88 45 465 415
cat_boundaries=0 1
cat_threshold=6
is_linear=0
shrinkage=0.05


Tree=51
num_leaves=31
num_cat=1
split_feature=2 1 1 0 6 11 6 4 6 2 2 4 10 10 10 2 2 3 4 4 3 6 3 6 2 10 4 1 7 2
split_gain=2.47607 1.08547 0.748638 0.801305 2.33794 0.602489 0.555166 0.553358 0.673522 0.47472 0.423759 0.406708 0.368786 0.570534 0.321187 0.317646 1.18162 0.739222 0.552213 0.456767 0.501462 0.587213 0.406006 0.474453 0.681735 0.593939 0.334528 0.313171 0.326526 0.520897
threshold=130457.15000000001 75388.630000000019 279112.63000000006 339188.5500000001 107272.37584940426 0 106377.10293599313 508332.40803571435 211869.44353650193 142422.09000000003 77807.390000000014 295542.02053571434 242.50000000000003 234.50000000000003 222.50000000000003 100444.90000000001 103297.645 124524.91428571429 121971.94464285717 125534.11964285716 153293.91571428577 10541.311884115556 92763.675000000003 7163.1150196360077 84936.565000000017 128.50000000000003 121578.59142857142 116704.96500000001 2.5000000000000004 216459.97500000001
decision_type=2 2 2 2 2 1 2 2 2 2 2 2 2 2 2 2 2 2 2 2 2 2 2 2 2 2 2 2 2 2
left_child=1 10 3 5 -5 9 -4 8 11 -2 -1 -8 13 14 15 17 -17 22 -18 -20 21 -21 -3 -24 25 -25 -26 -11 29 -29
right_child=2 12 6 4 -6 -7 7 -9 -10 27 -12 -13 -14 -15 -16 16 18 -19 19 20 -22 -23 23 24 26 -27 -28 28 -30 -31
leaf_value=-194.7007311814657 240.36256132717887 4.069814084432628 3810.217095504368 -358.39828758814042 775.93908260115302 155.50896262757311 -1155.7422173414504 5724.0669936227951 -477.41694151707702 951.98822769169658 -35.585570841785731 2015.4571621938326 65.948159561976581 -73.2460344538474 14.109208521711256 -774.02794415533083 48.579255861299089 112.3652169593441 -279.99555256947514 -36.797791734573437 -201.71093176427192 113.43052562893091 -10.231914691476495 -2.4722430930004462 51.639741404783983 -295.35962263619115 -36.817825638505077 99.453745309969747 -106.53806665129396 -217.37124937144296
leaf_weight=34 39 117 340 41 92 716 20 439 27 20 21 495 46 22 26 22 45 66 21 24 36 52 20 20 35 24 27 87 91 28
leaf_count=34 39 117 340 41 92 716 20 439 27 20 21 495 46 22 26 22 45 66 21 24 36 52 20 20 35 24 27 87 91 28
internal_value=0.0017184 -0.00100304 0.0024538 0.0014991 -0.00214286 0.00199286 0.00325889 0.00265545 0.00158672 -9.09089e-05 -0.00772727 0.00199029 -0.000389718 -0.000745063 -0.000420561 -0.000697446 -0.00225 0.000307444 -0.000898876 -0.0025188 -0.00125 0.00105263 -0.000967078 -0.00293651 -0.00160377 -0.00636364 0.00177419 -0.000973451 -0.0015534 0.000217391
internal_weight=3093 658 2435 1114 133 981 1321 981 542 265 55 515 603 557 535 509 200 309 178 133 112 76 243 126 106 44 62 226 206 115
internal_count=3093 658 2435 1114 133 981 1321 981 542 265 55 515 603 557 535 509 200 309 178 133 112 76 243 126 106 44 62 226 206 115
cat_boundaries=0 1
cat_threshold=1
is_linear=0
shrinkage=0.05


Tree=52
num_leaves=31
num_cat=1
split_feature=2 1 2 11 2 7 2 0 4 2 1 10 10 4 2 10 0 10 4 7 2 2 10 1 5 0 0 0 7 10
split_gain=2.30176 1.34098 0.59679 0.567444 0.754484 0.601062 0.823769 0.699797 0.50471 0.830574 0.576353 0.415686 0.662546 0.407476 0.423839 0.405093 0.394651 0.368712 0.358926 0.34118 0.586789 1.25759 1.61044 0.379625 0.392706 0.45191 0.324485 0.404631 0.321199 0.421851
threshold=255935.42000000004 75388.630000000019 77807.390000000014 0 227828.70500000005 1.5000000000000002 184225.86500000002 177181.55000000002 390239.97857142863 342665.44500000001 279112.63000000006 204.50000000000003 183.50000000000003 221461.39178571434 95836.580000000016 183.50000000000003 160729.05000000002 244.50000000000003 775175.06928571442 1.5000000000000002 95836.580000000016 110073.395 136.50000000000003 161367.42000000004 87290.120040349328 189185.49500000002 137770.52500000002 124164.94500000002 1.0000000180025095e-35 86.500000000000014
decision_type=2 2 2 1 2 2 2 2 2 2 2 2 2 2 2 2 2 2 2 2 2 2 2 2 2 2 2 2 2 2
left_child=1 2 -1 4 19 6 11 13 16 10 -10 12 28 14 -7 -8 -2 -16 -11 -3 -21 22 -22 26 25 -25 27 -23 -5 -30
right_child=8 3 -4 5 -6 7 15 -9 9 18 -12 -13 -14 -15 17 -17 -18 -19 -20 20 21 23 -24 24 -26 -27 -28 -29 29 -31
leaf_value=-184.96569462239233 -57.372699601958345 191.29908126087119 -4.4721559696497435 33.679280608312951 -490.27727647992953 -0.82112313714739948 -251.71745444102936 477.86789335802871 -1482.0856703557702 1903.025247562859 261.41880816627508 22.267516646433151 -132.08141297381746 -560.80114103887342 71.435748893537337 -249.6238495013292 3078.2025627208113 -99.153514679078313 14669.541016379206 110.32580447481212 -793.40261880555306 5.9949201517000494 86.734123053114189 -10.162183417160611 837.61789072422152 -1285.8919541143914 538.63777442946639 -857.83733011319782 34.997065963906316 -41.664628137802822
leaf_weight=34 20 110 25 76 30 147 27 221 27 469 78 63 22 25 382 21 566 32 286 74 23 64 21 23 27 21 54 21 42 62
leaf_count=34 20 110 25 76 30 147 27 221 27 469 78 63 22 25 382 21 566 32 286 74 23 64 21 23 27 21 54 21 42 62
internal_value=0.00181539 0.000537341 -0.00686441 0.000812343 -0.000648535 0.00141593 -0.00043131 0.00214994 0.00327109 0.0025 -0.00166667 0.000660378 -0.000445544 0.00124573 0.00152406 -0.00645833 0.00440273 0.002343 0.00307947 -0.000136986 -0.000945122 -0.00208661 -0.00977273 -0.00047619 -0.0034507 -0.00636364 0.00104317 -0.000882353 0.000555556 -0.00125
internal_weight=3093 1647 59 1588 468 1120 313 807 1446 860 105 265 202 586 561 48 586 414 755 438 328 254 44 210 71 44 139 85 180 104
internal_count=3093 1647 59 1588 468 1120 313 807 1446 860 105 265 202 586 561 48 586 414 755 438 328 254 44 210 71 44 139 85 180 104
cat_boundaries=0 1
cat_threshold=1
is_linear=0
shrinkage=0.05


Tree=53
num_leaves=31
num_cat=1
split_feature=1 0 5 2 11 6 6 6 4 7 10 4 2 5 10 1 10 10 7 6 0 0 1 1 4 0 0 4 0 6
split_gain=2.12415 1.24353 0.698279 0.596463 0.689479 0.442977 0.804758 0.682184 0.670635 0.568768 0.541104 0.500915 0.450255 0.440827 0.613946 0.469019 0.403026 1.3922 0.750893 0.605 1.28749 0.396658 1.01421 0.285417 0.252962 0.24808 0.72917 0.226887 0.573552 0.261752
threshold=181311.70500000002 68316.825000000026 42350.848692379157 409340.1650000001 0 30907.185220021776 36888.230992773686 7590.0356905730996 92294.763571428586 3.5000000000000004 132.50000000000003 120462.88339285714 183013.83500000005 41317.756906491202 191.50000000000003 170546.69000000003 91.500000000000014 111.50000000000001 3.5000000000000004 111647.54902496944 222265.33500000005 350831.96500000008 241666.32000000004 89777.440000000017 218950.02750000005 95836.580000000016 103849.62000000001 491220.28318783076 551425.88500000013 128037.85784872471
decision_type=2 2 2 2 1 2 2 2 2 2 2 2 2 2 2 2 2 2 2 2 2 2 2 2 2 2 2 2 2 2
left_child=1 -1 -2 4 16 7 10 8 23 11 -7 -8 -9 14 -13 -15 -4 -18 19 20 -19 -6 -23 -3 -17 -11 -27 28 29 -24
right_child=2 5 3 -5 21 6 9 12 -10 25 -12 13 -14 15 -16 24 17 18 -20 -21 -22 22 27 -25 -26 26 -28 -29 -30 -31
leaf_value=-181.15591268326455 826.91272425987938 5.8104225464691259 727.81652605211411 3938.795160908463 678.04235620132408 -6.1107807588362437 92.584126992357866 43.119270157736374 -45.466073312856366 169.00611708232287 -799.84618550916821 -119.35172383110171 -58.551106419783039 -0.83554450400625901 39.472440367700194 -250.73456117422208 -1253.1719159317827 224.86116947721595 1266.9532592835626 264.89204680717694 -266.37408800419774 -394.27321910396478 4178.3511841020509 -2.5796396718083887 -550.65208542576249 -211.86276375741605 92.01373332698509 3450.2192268325643 -3056.5931195590074 16.785976169384668
leaf_weight=30 286 52 98 749 317 27 29 410 36 52 37 28 20 223 21 21 25 29 70 40 21 26 72 74 20 33 131 49 22 45
leaf_count=30 286 52 98 749 317 27 29 410 36 52 37 28 20 223 21 21 25 29 70 40 21 26 72 74 20 33 131 49 22 45
internal_value=0.00165373 5.62703e-05 0.0027285 0.00231286 0.00137592 0.000304778 -0.000627009 0.00128378 -0.00148148 -1.7921e-05 -0.0059375 -0.00128655 0.00232558 -0.00186901 -0.00622449 -0.00106061 -0.000631399 -0.00202703 -0.0003125 -0.00333333 -0.007 0.0024122 0.000794393 0.000238095 -0.00597561 0.00199074 0.00103659 0.00207447 0.00104317 0.0024359
internal_weight=3093 1244 1849 1563 814 1214 622 592 162 558 64 342 430 313 49 264 283 185 160 90 50 531 214 126 41 216 164 188 139 117
internal_count=3093 1244 1849 1563 814 1214 622 592 162 558 64 342 430 313 49 264 283 185 160 90 50 531 214 126 41 216 164 188 139 117
cat_boundaries=0 1
cat_threshold=1
is_linear=0
shrinkage=0.05


Tree=54
num_leaves=31
num_cat=0
split_feature=2 1 7 6 6 3 2 4 1 7 2 3 1 1 2 7 3 4 1 6 2 4 6 10 1 2 4 6 6 10
split_gain=2.00653 1.05396 0.625701 0.79438 0.581313 0.618884 0.554771 0.741266 0.948945 0.410788 0.46658 0.393323 0.513615 0.453155 1.18714 0.451139 0.382511 0.499876 0.653656 0.450869 0.487625 0.379404 0.401633 0.377201 0.342134 0.397844 0.318542 0.423122 0.564934 0.620012
threshold=255935.42000000004 69474.885000000009 3.5000000000000004 25400.329045009636 98684.841549004734 275888.70142857148 378362.99000000005 385792.8457142858 279112.63000000006 1.0000000180025095e-35 178656.47000000003 433234.90571428579 325563.81000000006 207858.23500000002 204398.89000000004 1.5000000000000002 288923.5221428572 220050.96892857147 161367.42000000004 36888.230992773686 116554.55500000001 175375.88928571434 6342.1610494499646 162.50000000000003 132956.40500000003 88960.73000000001 120462.88339285714 46507.085542017601 44793.695837729763 72.500000000000014
decision_type=2 2 2 2 2 2 2 2 2 2 2 2 2 2 2 2 2 2 2 2 2 2 2 2 2 2 2 2 2 2
left_child=1 -1 3 21 -2 -6 7 -7 -9 10 -5 12 13 14 16 -15 17 19 -19 20 -11 22 -3 -12 25 -4 -21 28 29 -28
right_child=4 2 24 9 5 6 -8 8 -10 11 23 -13 -14 15 -16 -17 -18 18 -20 26 -22 -23 -24 -25 -26 -27 27 -29 -30 -31
leaf_value=-138.51379201992202 3247.4478637390221 -12.296979525361991 54.157517195532833 218.2374023721749 -125.24409133366169 2350.1504770156403 3742.3802330193125 -752.62134866242002 344.93719717733779 -561.4561140465629 460.52507971752703 6946.5513121183976 -533.5900800508623 -441.5440398484443 -244.59429540284742 429.40684917354042 435.68659763187844 -6.8896787762185019 -482.18119525470695 98.60420259811842 134.9283108250298 -51.337399699970483 37.436822478965077 -626.65105802236656 163.95603334850077 -2.450657439541585 -224.83582115658484 40.081699257580993 -88.774753210217 7.4454554923951921
leaf_weight=34 336 39 41 51 32 89 810 38 141 26 31 20 20 21 29 55 20 24 22 24 20 20 304 21 387 224 22 105 23 64
leaf_count=34 336 39 41 51 32 89 810 38 141 26 31 20 20 21 29 55 20 24 22 24 20 20 304 21 387 224 22 105 23 64
internal_value=0.0016699 0.000476624 0.000660261 -0.000150884 0.00302905 0.00247748 0.00268089 0.000708955 -0.00114525 -0.0012709 0.00160194 -0.00186869 -0.00215789 -0.00181319 -0.00251979 0.00171053 -0.00171429 -0.00212121 -0.00695652 -0.00133803 -0.00586956 0.00169422 0.00208455 -0.00173077 0.00185583 0.000471698 -0.000462185 -0.00107477 -0.00325688 -0.00139535
internal_weight=3093 1647 1613 961 1446 1110 1078 268 179 598 103 495 475 455 379 76 350 330 46 284 46 363 343 52 652 265 238 214 109 86
internal_count=3093 1647 1613 961 1446 1110 1078 268 179 598 103 495 475 455 379 76 350 330 46 284 46 363 343 52 652 265 238 214 109 86
is_linear=0
shrinkage=0.05


Tree=55
num_leaves=31
num_cat=0
split_feature=2 1 0 4 6 4 2 2 0 4 0 0 10 2 1 2 2 7 2 10 6 6 6 6 0 1 10 2 1 0
split_gain=2.16111 1.3637 0.811919 0.590421 0.951454 0.746352 0.684052 0.530303 0.487031 0.442901 0.408333 0.37307 0.612745 0.343545 0.325798 0.612509 0.835218 0.636884 0.609432 0.600824 0.388197 0.625926 0.505381 0.743441 0.925231 0.560023 0.462 0.420838 0.376387 0.372109
threshold=255935.42000000004 78050.005000000019 72540.895000000004 385148.46392857149 137435.86740872913 398491.41375000007 400207.65500000009 484419.0500000001 183355.71000000005 119463.68892857144 494389.05500000005 381765.96500000003 153.50000000000003 246961.92500000002 173938.28500000003 196971.24000000002 206623.57500000004 2.5000000000000004 216459.97500000001 136.50000000000003 33782.093081110834 36888.230992773686 42210.887596326334 45113.758009726582 93625.795000000027 130257.54500000001 60.500000000000007 146454.20500000005 110073.395 156764.76500000004
decision_type=2 2 2 2 2 2 2 2 2 2 2 2 2 2 2 2 2 2 2 2 2 2 2 2 2 2 2 2 2 2
left_child=1 2 -1 8 5 11 10 -8 -2 -4 -7 12 -5 14 20 -16 -17 18 -18 -20 -3 28 26 24 -24 -26 -23 -25 -22 -29
right_child=3 13 9 4 -6 6 7 -9 -10 -11 -12 -13 -14 -15 15 16 17 -19 19 -21 21 22 23 27 25 -27 -28 29 -30 -31
leaf_value=-178.16595444166762 -33.995894299073804 18.353607300460247 37.764377224523251 -892.48630307031272 3740.368297003195 -2070.6583800300045 6855.6069291177519 -1480.1763644619862 3082.970137422933 -177.72319844058669 -3394.6334521626291 3123.9466514347769 1345.4021578506379 -327.20058027645996 333.74580866789688 -666.95467120591309 358.51512695711136 723.68679847590249 -302.23216012947938 28.016227759188823 -32.271770529345673 -42.662461581120951 2.3505748670302409 34.596109950307117 -224.5228768154733 -225.61612632025003 112.20248548772052 23.475431355598182 -517.75106783473291 -173.55875696803108
leaf_weight=24 30 533 22 20 625 40 35 42 487 25 20 73 48 25 306 38 22 99 26 30 20 37 44 144 26 22 80 43 37 57
leaf_count=24 30 533 22 20 625 40 35 42 487 25 20 73 48 25 306 38 22 99 26 30 20 37 44 144 26 22 80 43 37 57
internal_value=0.00173701 0.000512048 -0.00626761 0.00316901 0.00239756 -3.5971e-05 -0.00266423 0.000454546 0.00451644 -0.00244681 -0.00666667 0.00251773 -0.000147059 0.000814978 0.000907929 0.00192898 -0.000116279 0.00132768 -0.00205128 -0.00482143 0.000397891 -0.000588235 3.31128e-05 -0.000952381 -0.00478261 -0.00958333 0.00286325 0.000491803 -0.00552632 -0.002
internal_weight=3080 1660 71 1420 903 278 137 77 517 47 60 141 68 1589 1564 521 215 177 78 56 1043 510 453 336 92 48 117 244 57 100
internal_count=3080 1660 71 1420 903 278 137 77 517 47 60 141 68 1589 1564 521 215 177 78 56 1043 510 453 336 92 48 117 244 57 100
is_linear=0
shrinkage=0.05


Tree=56
num_leaves=31
num_cat=0
split_feature=1 1 6 6 6 6 1 1 0 10 4 5 0 7 0 7 3 10 4 6 10 10 5 6 6 10 5 5 0 7
split_gain=2.34223 1.27913 0.511642 0.612454 0.51147 0.611169 0.774145 0.823362 0.603794 0.429971 0.427884 0.414768 0.413513 0.395318 0.429546 0.405713 0.619881 1.05172 0.547466 0.474122 0.382236 1.23484 0.662558 0.361028 0.404125 0.368712 0.574835 0.486043 0.354679 0.354579
threshold=173938.28500000003 69474.885000000009 49149.38181282374 68069.032986903228 30907.185220021776 36888.230992773686 136164.27500000005 102141.07500000001 128401.895 33.500000000000007 289036.66803571436 7832.736497676392 710436.27000000014 4.5000000000000009 479004.31000000006 1.5000000000000002 242178.02500000005 151.50000000000003 385148.46392857149 128585.338348404 191.50000000000003 158.50000000000003 38817.407993640089 40486.246300593797 46217.53984996587 117.50000000000001 47208.176563028122 45327.026397994567 625018.81500000006 5.5000000000000009
decision_type=2 2 2 2 2 2 2 2 2 2 2 2 2 2 2 2 2 2 2 2 2 2 2 2 2 2 2 2 2 2
left_child=1 -1 -2 -4 11 6 7 -6 23 -10 20 29 13 15 -15 -5 17 -17 -18 -20 21 22 -11 -7 25 27 -27 -25 -21 -3
right_child=2 4 3 12 5 8 -8 -9 9 10 -12 -13 -14 14 -16 16 18 -19 19 28 -22 -23 -24 24 -26 26 -28 -29 -30 -31
leaf_value=-125.24683566657286 562.25259285369032 2.9679604880771886 -403.10681750141157 1197.9102920334869 -296.80551348405464 96.656856991416291 69.200618606657983 -592.97659105102161 -168.42998261159582 -202.47847315889351 1106.0838804229379 45.452689231388277 9939.2586127258473 1875.3104463544523 -145.02115784924558 -459.83084479455192 485.25913520252163 97.53865250636089 -183.8888066118908 940.04239237454806 14.94775958771214 -202.14894453867882 -2.7927472878681119 -32.660472670913137 70.345098300188099 13.720882820363009 -157.16414447360583 86.498517525641603 -1762.2315130121769 -76.497093873850133
leaf_weight=34 410 182 31 350 27 57 22 25 22 20 24 324 287 319 51 39 146 20 93 169 65 20 108 21 68 33 28 37 20 28
leaf_count=34 410 182 31 350 27 57 22 25 22 20 24 324 287 319 51 39 146 20 93 169 65 20 108 21 68 33 28 37 20 28
internal_value=0.00163961 -0.000152838 0.00270026 0.00227869 0.000139514 -0.000892547 -0.00513513 -0.00846154 -0.000268389 -0.00194981 -0.00132911 0.00125468 0.00242303 0.0020174 0.00337838 0.00141577 0.000482546 -0.00432203 0.00114486 -0.000141844 -0.00204225 -0.00344595 -0.00164062 0.00151639 0.000454546 -0.00130252 -0.00401639 0.00155172 0.0012963 -0.00047619
internal_weight=3080 1145 1935 1525 1111 577 74 52 503 259 237 534 1494 1207 370 837 487 59 428 282 213 148 128 244 187 119 61 58 189 210
internal_count=3080 1145 1935 1525 1111 577 74 52 503 259 237 534 1494 1207 370 837 487 59 428 282 213 148 128 244 187 119 61 58 189 210
is_linear=0
shrinkage=0.05


Tree=57
num_leaves=31
num_cat=0
split_feature=2 1 0 6 2 6 1 0 6 2 1 6 6 0 1 0 2 6 6 10 10 10 10 4 2 0 0 0 1 5
split_gain=2.17638 1.33011 0.811919 0.722918 0.463761 0.917471 0.803179 0.560247 1.96694 0.589687 0.463471 0.450764 0.556623 0.826438 0.487625 0.48105 0.606344 0.466596 0.584411 0.547847 0.853834 0.488057 0.640678 0.442901 0.437198 0.602019 0.390839 0.411179 0.519697 0.380952
threshold=261101.73000000001 78050.005000000019 72540.895000000004 106377.10293599313 196971.24000000002 40046.088382577611 173938.28500000003 255614.00000000003 118969.01629422152 232310.66500000001 453839.63000000006 42210.887596326334 45113.758009726582 93625.795000000027 130257.54500000001 137770.52500000002 152143.40500000003 36888.230992773686 33782.093081110834 138.50000000000003 51.500000000000007 70.500000000000014 86.500000000000014 119463.68892857144 146454.20500000005 156764.76500000004 369617.96500000003 275240.94500000007 544882.56500000006 76082.003594417169
decision_type=2 2 2 2 2 2 2 2 2 2 2 2 2 2 2 2 2 2 2 2 2 2 2 2 2 2 2 2 2 2
left_child=1 2 -1 -2 6 -6 11 -7 9 -9 -5 15 13 -13 -15 16 17 18 19 20 -3 -22 -23 -4 -14 -26 27 -12 -29 -27
right_child=3 4 23 10 5 7 -8 8 -10 -11 26 12 24 14 -16 -17 -18 -19 -20 -21 21 22 -24 -25 25 29 -28 28 -30 -31
leaf_value=-162.99531493625568 2942.7843376330525 43.648289685266086 34.457021793297812 209.55652253906942 -107.34408421757924 258.21225269022568 307.84533996368708 -852.38513931277203 2136.3604236979049 -162.80107001515609 3998.3831419297444 7.966893588514103 29.349049537782818 -205.43852575101934 -220.10531933767689 91.856660009524276 -127.24277179375666 101.67045488012826 -247.4985528917513 19.344662947149914 -10.268123728402497 36.858383307302091 -19.509095605852281 -164.71027685267137 19.515783557555647 -54.006379215050188 6104.522783353319 3837.7532014590761 -4945.615357651729 -167.27977675917401
leaf_weight=24 406 70 22 426 22 169 306 23 53 20 40 44 144 26 20 229 24 73 36 168 22 21 59 25 43 21 481 20 22 21
leaf_count=24 406 70 22 426 22 169 306 23 53 20 40 44 144 26 20 229 24 73 36 168 22 21 59 25 43 21 481 20 22 21
internal_value=0.00163961 0.000430267 -0.00626761 0.00310036 0.000724907 -0.00109756 0.00111907 -0.000283019 -0.00333333 -0.0112791 0.00237108 0.000445642 -0.00111285 -0.00444444 -0.00913043 0.00115385 0.000243129 0.000657016 -5.31913e-05 0.000588235 -0.00139535 -0.00431373 -0.0025 -0.00244681 0.000196507 -0.00264706 0.00331261 0.000121951 -0.00333333 -0.00690476
internal_weight=3080 1685 71 1395 1614 287 1327 265 96 43 989 1021 319 90 46 702 473 449 376 340 172 102 80 47 229 85 563 82 42 42
internal_count=3080 1685 71 1395 1614 287 1327 265 96 43 989 1021 319 90 46 702 473 449 376 340 172 102 80 47 229 85 563 82 42 42
is_linear=0
shrinkage=0.05


Tree=58
num_leaves=31
num_cat=1
split_feature=1 1 11 7 7 2 2 1 4 5 4 4 2 2 1 7 5 3 3 10 4 4 2 2 5 5 1 10 3 10
split_gain=1.92255 1.00716 0.603872 0.856365 0.752341 0.572802 0.540668 0.807692 0.466598 0.434744 0.316532 0.562433 0.490346 0.710059 1.24614 0.507936 0.373033 0.401413 0.301762 0.287173 0.663603 0.423497 0.272023 0.811253 0.249272 0.347816 0.433344 0.24961 0.276728 0.246257
threshold=173938.28500000003 78050.005000000019 0 1.5000000000000002 4.5000000000000009 390857.35000000003 290950.18000000005 220791.11500000002 123450.99839285715 30721.231188236601 304008.04589285719 522101.09410714294 238189.11000000002 199034.94500000004 196164.30500000002 2.5000000000000004 74429.597521369942 527034.28714285733 1206016.0507142858 152.50000000000003 383706.95732142864 397348.8176785715 255935.42000000004 225604.16500000001 164836.42297550617 142335.75914286054 416123.95000000001 171.50000000000003 377005.93500000011 204.50000000000003
decision_type=2 2 1 2 2 2 2 2 2 2 2 2 2 2 2 2 2 2 2 2 2 2 2 2 2 2 2 2 2 2
left_child=1 8 3 22 5 19 7 -6 9 -1 12 16 13 -4 -15 -16 -12 24 -13 20 -5 -21 23 -2 25 27 -27 28 -18 -3
right_child=2 29 10 4 6 -7 -8 -9 -10 -11 11 18 -14 14 15 -17 17 -19 -20 21 -22 -23 -24 -25 -26 26 -28 -29 -30 -31
leaf_value=-73.638713806446404 372.95928234804893 -0.40517654821616889 293.16322732763655 12.970003640514339 726.50914792806498 -1249.0678341533639 2757.5666538898913 -973.02679870349584 50.146364045964127 -178.85468223061082 -1456.6721708647447 8547.6127866698662 2445.4176984519559 -169.90167349573335 -415.47439306320098 694.11335925614787 -273.53396008716891 -1274.434731333193 1259.6859524046261 628.78269218784135 -959.32607262121587 -26.529234407275084 3179.3772220646947 -444.44630670464505 4853.9185232233749 1744.7240998445666 -1973.4964864170743 2089.8212566675716 2427.0041427108281 27.735478448698412
leaf_weight=28 59 814 187 36 24 32 70 28 22 25 26 316 386 20 21 42 38 35 37 31 32 30 117 20 85 37 39 126 61 256
leaf_count=28 59 814 187 36 24 32 70 28 22 25 26 316 386 20 21 42 38 35 37 31 32 30 117 20 85 37 39 126 61 256
internal_value=0.00155844 -6.5502e-05 0.00251938 0.000910021 -0.000830388 -0.00307453 0.00213115 -0.00173077 -0.00566667 -0.00820755 0.00302183 0.002375 0.00385671 0.00222222 -0.00162651 0.0018254 0.00119687 0.00155582 0.00386686 -0.00158915 -0.00382353 0.00090164 0.00346939 0.00120253 0.00202073 0.00134552 -0.00157895 0.00233333 0.000454546 0.000327103
internal_weight=3080 1145 1935 479 283 161 122 52 75 53 1456 800 656 270 83 63 447 421 353 129 68 61 196 79 386 301 76 225 99 1070
internal_count=3080 1145 1935 479 283 161 122 52 75 53 1456 800 656 270 83 63 447 421 353 129 68 61 196 79 386 301 76 225 99 1070
cat_boundaries=0 1
cat_threshold=1
is_linear=0
shrinkage=0.05


Tree=59
num_leaves=31
num_cat=0
split_feature=2 0 4 4 0 2 2 6 7 0 2 6 2 6 6 6 6 0 0 3 0 6 4 5 2 7 6 2 0 3
split_gain=1.82148 0.863344 0.811686 0.59591 0.617037 0.496438 0.400289 0.921169 0.954733 0.60109 1.04919 1.03243 0.383675 0.374547 0.814288 0.56558 0.546844 0.47666 0.566743 0.704575 0.514856 0.510769 0.523559 0.430908 0.422146 1.00087 0.42107 0.72865 1.4391 0.364541
threshold=261101.73000000001 133994.83500000005 314879.24570488726 91603.312500000015 72540.895000000004 579120.67000000004 196971.24000000002 40046.088382577611 2.5000000000000004 308451.37500000006 227828.70500000005 118969.01629422152 91171.510000000009 33782.093081110834 36888.230992773686 42210.887596326334 83349.271378533755 137770.52500000002 125164.31500000002 132812.61642857143 131455.58500000002 7663.6078342185829 92183.090535714306 85109.528137198809 100444.90000000001 2.5000000000000004 45113.758009726582 153983.22500000003 93625.795000000027 152232.45571428575
decision_type=2 2 2 2 2 2 2 2 2 2 2 2 2 2 2 2 2 2 2 2 2 2 2 2 2 2 2 2 2 2
left_child=3 -2 -3 4 -1 -4 13 -8 9 10 -9 -11 -6 17 24 -16 23 18 21 -20 -21 22 -5 26 -15 -26 27 28 -17 -28
right_child=1 2 5 6 12 -7 7 8 -10 11 -12 -13 -14 14 15 16 -18 -19 19 20 -22 -23 -24 -25 25 -27 29 -29 -30 -31
leaf_value=-146.39094371276505 -81.595491103287799 2707.7366542384816 640.39381524186649 11.201808013354063 15.954478313374716 5050.8821796011034 -101.10913842935273 368.21361371072521 418.31943087061285 -649.55308740217879 -567.97667000573654 706.24233004759412 -11.246736733656189 41.709428309298886 87.038729347628589 7.7814110132689267 376.96807185517554 129.52369985742823 168.38697545597512 -108.40123473429567 -35.389330616351565 60.572361054417563 -4.2307674992731448 -62.544812413986975 2.9915635490754582 -628.67189723412207 86.667785648100903 209.47530469822706 -214.83596423748182 -10.503018946304358
leaf_weight=27 20 396 572 67 39 407 22 37 151 25 27 26 36 22 140 47 121 282 22 25 43 83 50 30 20 22 102 33 41 145
leaf_count=27 20 396 572 67 39 407 22 37 151 25 27 26 36 22 140 47 121 282 22 25 43 83 50 30 20 22 102 33 41 145
internal_value=0.00147727 0.00281362 0.00296364 0.00037092 -0.00333333 0.00219101 0.000609602 -0.00107639 -0.000263158 -0.00369565 -0.00046875 -0.0077451 -0.001 0.000984556 0.000228216 0.000751138 -9.63372e-06 0.00194056 0.000517242 -0.00277778 -0.00529412 0.002 -0.000128205 -0.000904522 -0.00515625 -0.00809524 -0.000434782 -0.00285124 -0.00522727 0.000748988
internal_weight=3080 1395 1375 1685 102 979 1583 288 266 115 64 51 75 1295 723 659 519 572 290 90 68 200 117 398 64 42 368 121 88 247
internal_count=3080 1395 1375 1685 102 979 1583 288 266 115 64 51 75 1295 723 659 519 572 290 90 68 200 117 398 64 42 368 121 88 247
is_linear=0
shrinkage=0.05


Tree=60
num_leaves=31
num_cat=1
split_feature=1 11 4 2 7 2 7 0 1 0 5 4 1 1 4 2 2 3 0 3 0 3 1 2 0 0 1 4 0 2
split_gain=1.97883 0.57704 0.756998 0.516292 0.485698 0.428704 0.421169 0.415107 0.524427 0.44843 0.412657 0.486111 0.389136 0.657683 0.5871 0.498701 0.382112 0.613815 0.498927 0.473485 0.359192 0.347657 0.403849 0.634516 0.36352 0.539723 0.862339 0.576205 0.923461 0.476649
threshold=150548.70500000005 0 867306.46678571438 69621.24500000001 5.5000000000000009 176406.37500000003 1.0000000180025095e-35 84004.775000000009 79923.230000000025 86269.435000000012 144382.88999112198 440513.60017857148 205323.95000000004 187290.01500000004 221461.39178571434 214222.48500000002 246961.92500000002 283542.07142857148 395669.96500000003 417617.69214285718 601181.03000000014 310743.97214285721 277549.11500000005 396082.10500000004 255614.00000000003 432248.34500000003 529638.04500000004 402517.48767857149 347663.93000000005 400207.65500000009
decision_type=2 1 2 2 2 2 2 2 2 2 2 2 2 2 2 2 2 2 2 2 2 2 2 2 2 2 2 2 2 2
left_child=3 -2 4 -1 6 -6 10 8 -5 -9 -3 -12 13 -8 -15 -16 18 -18 -14 -20 -7 -19 23 -23 -24 26 27 28 -26 -27
right_child=1 2 -4 7 5 20 12 9 -10 -11 11 -13 16 14 15 -17 17 21 19 -21 -22 22 24 -25 25 29 -28 -29 -30 -31
leaf_value=-162.43124539588575 380.06865545529973 774.34447339306212 16134.897556191818 -87.773345149732421 -874.53763241432978 1518.4317795733227 11.530421788298312 -30.2877821809879 77.962749398485911 -3.4953177465960539 -1109.5984709531526 4670.6325300757198 450.94863315783596 35.867638121697631 -436.95897674634529 -108.56409896283169 -358.86024063523939 1096.5714380315198 -828.10887639543967 3687.0647724278551 -1812.6988446594221 -986.06293026806327 2377.9818558905031 1437.6813000805457 966.60877876647851 2103.0797855511428 -2958.5864844987063 782.72139303866402 -408.81339678174368 260.04986351997326
leaf_weight=34 419 211 224 20 25 207 139 35 93 745 20 36 140 23 20 22 36 42 20 24 20 29 45 21 40 76 31 60 25 180
leaf_count=34 419 211 224 20 25 207 139 35 93 745 20 36 140 23 20 22 36 42 20 24 20 29 45 21 40 76 31 60 25 180
internal_value=0.00121163 0.00204918 0.00161066 -0.000717368 0.00121314 0.00321429 0.000806452 -0.000487122 0.00234513 -0.000897436 0.00256554 -0.00125 0.000323741 -0.00161765 -0.00576923 -0.00928571 0.000838752 0.000213675 0.00282609 -0.00181818 0.00389868 0.000628415 0.000266272 -0.004 0.000733042 0.00026699 -0.00205128 -0.0002 -0.00346154 0.00167969
internal_weight=3062 2135 1716 927 1492 252 1240 893 113 780 267 56 973 204 65 42 769 585 184 44 227 549 507 50 457 412 156 125 65 256
internal_count=3062 2135 1716 927 1492 252 1240 893 113 780 267 56 973 204 65 42 769 585 184 44 227 549 507 50 457 412 156 125 65 256
cat_boundaries=0 1
cat_threshold=8
is_linear=0
shrinkage=0.05


Tree=61
num_leaves=31
num_cat=2
split_feature=2 11 4 4 6 11 0 7 6 4 10 5 4 2 6 10 4 0 6 5 5 0 4 4 4 10 10 10 6 0
split_gain=1.63838 0.98517 0.820413 0.439003 0.865394 0.554718 0.693258 0.502309 0.449484 0.413547 0.444615 0.38039 0.368496 0.509678 0.474962 0.634921 0.395638 0.419515 0.489152 0.653995 0.601381 0.895626 0.406709 0.373297 0.343696 0.337383 0.638101 1.72901 0.414202 0.320185
threshold=261101.73000000001 0 867306.46678571438 115910.37714285716 30907.185220021776 1 347663.93000000005 1.5000000000000002 120478.11991451381 92183.090535714306 51.500000000000007 5365.9861635209363 119228.47000000002 149373.40000000005 36888.230992773686 231.50000000000003 121578.59142857142 79391.525000000009 47884.309205675083 34741.368890882528 45751.739366519068 147310.62000000002 123614.00625000002 148951.39517857143 217033.88250000004 147.50000000000003 93.500000000000014 98.500000000000014 203900.31071073347 137770.52500000002
decision_type=2 1 2 2 2 1 2 2 2 2 2 2 2 2 2 2 2 2 2 2 2 2 2 2 2 2 2 2 2 2
left_child=3 -2 25 4 9 29 8 -8 12 11 -11 -1 -7 14 15 -14 -16 -18 19 -19 21 -21 -22 -24 -20 26 -3 -28 -27 -5
right_child=1 2 -4 5 -6 6 7 -9 -10 10 -12 -13 13 -15 16 -17 17 18 24 20 22 -23 23 -25 -26 28 27 -29 -30 -31
leaf_value=-8.5789966985084138 2613.5644422574646 1391.1891865749308 15078.471752559031 -1.5384505848092525 -150.91404137291269 88.832521487970553 -398.44769233449881 5.8732466912599222 -794.86279183718216 24.160905491144149 -10.396540980756267 4.9950704303202329 -300.35947040641685 63.547390342600252 54.081464797626808 62.561318148391798 107.02987782296387 104.27402979298122 152.30756014602972 -81.495822857353915 124.05488515494667 -105.94440978703172 -168.85927921381892 40.100165846549238 -18.089304085030815 1050.5873594931809 -1559.9375905343959 -126.53206084740906 -1293.4594465254534 107.38501582827628
leaf_weight=56 349 225 221 108 26 59 30 33 33 25 40 129 24 403 43 21 24 29 68 33 25 20 35 22 21 363 22 163 28 384
leaf_count=56 349 225 221 108 26 59 30 33 33 25 40 129 24 403 43 21 24 29 68 33 25 20 35 22 21 363 22 163 28 384
internal_value=0.00116264 0.00244712 0.00160853 0.00012123 -0.0017029 0.000477032 -0.000251875 -0.00531746 0.000116279 -0.0008 -0.00423077 0.000405406 0.000344619 5.20835e-05 -0.00130137 -0.00611111 -0.000625 -0.00131769 -0.001917 -0.00353659 -0.005 -0.00915094 -0.00231707 -0.00464912 0.00106742 0.00088015 -0.000121951 -0.0022973 0.00193095 0.00181275
internal_weight=3062 1371 1022 1691 276 1415 923 63 860 250 65 185 827 768 365 45 320 277 253 164 135 53 82 57 89 801 410 185 391 492
internal_count=3062 1371 1022 1691 276 1415 923 63 860 250 65 185 827 768 365 45 320 277 253 164 135 53 82 57 89 801 410 185 391 492
cat_boundaries=0 1 2
cat_threshold=10 12
is_linear=0
shrinkage=0.05


Tree=62
num_leaves=31
num_cat=1
split_feature=1 6 1 3 5 6 0 6 6 0 0 3 11 6 2 3 5 0 0 3 3 5 3 10 10 9 10 5 1 0
split_gain=2.00894 1.11532 0.768215 0.81822 0.950398 0.72997 0.693941 1.02915 0.597196 0.658583 0.523669 0.483001 0.437557 0.384422 1.13948 0.558461 0.402051 0.374205 0.583746 0.405891 0.367484 0.404691 0.598563 0.344321 0.499208 0.62957 0.607443 0.572511 0.565926 0.733824
threshold=233325.94000000003 95994.331784380498 97422.390000000014 221093.87285714291 90564.208972458073 284870.39884652669 390224.83000000002 124518.64445812728 79916.668306420775 189185.49500000002 68316.825000000026 90550.175714285724 0 110373.15389610942 361419.82000000001 328123.72285714292 315812.98684371059 174095.48500000002 136326.89500000002 90966.385000000024 122582.9635714286 7318.200877185036 91388.61500000002 245.50000000000003 182.50000000000003 1.0000000180025095e-35 198.50000000000003 43410.926953742339 166583.71000000002 174933.97500000003
decision_type=2 2 2 2 2 2 2 2 2 2 2 2 1 2 2 2 2 2 2 2 2 2 2 2 2 2 2 2 2 2
left_child=2 -2 10 23 8 12 -6 -8 9 -5 -1 -12 -3 14 -14 -15 -17 18 19 -13 21 22 -21 24 28 26 27 -26 29 -4
right_child=1 5 3 4 6 -7 7 -9 -10 -11 11 17 13 15 -16 16 -18 -19 -20 20 -22 -23 -24 -25 25 -27 -28 -29 -30 -31
leaf_value=-127.67418354513612 2152.3533387003386 1265.2096584711792 30.65784686194651 44.830407122725767 295.13664351548567 6230.3932583837459 -595.49359903163986 2681.2776735402708 -355.09828583887247 -62.407702811205695 4.2407163880151959 -10.511119677426436 -590.70666203732787 -1209.3687315968609 2611.4808204501142 932.51378419211892 -2026.5273149824368 105.35905390118887 -215.71876204507817 6.2323987848453619 -101.5520922554777 9.867944206255336 -35.918542882221651 130.82400809976633 0.21370371651587206 -148.36869157586074 34.908206980349476 -805.55425358713683 325.83375893542001 -33.624080183219945
leaf_weight=25 339 115 366 27 90 263 23 30 21 23 71 27 29 27 40 650 25 37 31 23 49 94 36 78 42 21 165 22 224 49
leaf_count=25 339 115 366 27 90 263 23 30 21 23 71 27 29 27 40 650 25 37 31 23 49 94 36 78 42 21 165 22 224 49
internal_value=0.00116264 0.00247984 -8.25919e-05 0.000554615 -0.00224299 0.00173629 0.000104895 -0.00443396 -0.00697183 -0.004 -0.00199746 -0.00152174 0.00104966 0.000582587 -0.00297101 0.000940171 0.00122222 -0.00240741 -0.00307692 -0.00220524 -0.00143564 -0.000228758 -0.00347458 0.00117373 0.000894263 -0.001 -0.000240174 -0.004375 0.00163537 0.000542169
internal_weight=3062 1488 1574 1181 214 1149 143 53 71 50 393 368 886 771 69 702 675 297 260 229 202 153 59 967 889 250 229 64 639 415
internal_count=3062 1488 1574 1181 214 1149 143 53 71 50 393 368 886 771 69 702 675 297 260 229 202 153 59 967 889 250 229 64 639 415
cat_boundaries=0 1
cat_threshold=2
is_linear=0
shrinkage=0.05


Tree=63
num_leaves=31
num_cat=2
split_feature=2 11 6 3 6 11 0 10 6 10 2 0 3 5 3 10 10 2 2 5 0 0 3 0 2 6 10 3 3 3
split_gain=1.49714 1.05322 0.837815 0.495765 0.764648 0.442022 0.761622 0.657027 0.327468 0.525932 0.398338 0.371968 0.984545 0.336771 0.323237 0.423802 0.548957 0.536289 0.598348 0.315289 0.293699 0.586667 0.587849 0.350478 0.308842 0.995133 0.291765 0.283002 0.524393 0.279425
threshold=261101.73000000001 0 284870.39884652669 104367.94928571432 25400.329045009636 1 390224.83000000002 91.500000000000014 247838.10495402032 93.500000000000014 524753.90000000014 566263.16500000015 415664.4707142858 151344.0809054276 90550.175714285724 204.50000000000003 41.500000000000007 95836.580000000016 91171.510000000009 5365.9861635209363 137770.52500000002 125164.31500000002 133861.51714285716 131455.58500000002 202780.73000000001 118969.01629422152 245.50000000000003 328123.72285714292 288923.5221428572 390804.81071428576
decision_type=2 1 2 2 2 1 2 2 2 2 2 2 2 2 2 2 2 2 2 2 2 2 2 2 2 2 2 2 2 2
left_child=3 -2 8 4 14 20 26 -8 10 -10 11 29 -13 -14 19 16 -16 18 -18 -1 21 -5 -23 -24 -22 -26 27 28 -7 -3
right_child=1 2 -4 5 -6 6 7 -9 9 -11 -12 12 13 -15 15 -17 17 -19 -20 -21 24 22 23 -25 25 -27 -28 -29 -30 -31
leaf_value=-5.5171296985942995 2375.2685532095747 640.95014449576479 5984.2175571784655 68.478385621106824 -133.42783283627469 -4.2411178682411501 844.59994829416701 -571.23116238740693 8671.1766188636302 -1336.8157894095862 3277.5671504566308 -1797.8513344928424 -1802.1478440885389 2706.6038722934986 45.849666076675987 16.309912779829915 -2.2181774286311802 1.3574549502336755 -29.754786043075701 13.104723879204611 120.84241061332511 120.10511430665993 -117.03957514658107 -19.42188922404873 -227.92329926921767 5461.5254385677199 84.063913487380333 -780.57891776355098 315.79843164802412 -21.401506481957441
leaf_weight=35 349 184 254 33 27 754 20 23 32 33 209 20 21 34 25 28 41 25 31 51 325 26 22 27 20 39 64 24 51 235
leaf_count=35 349 184 254 33 27 754 20 23 32 33 209 20 21 34 25 28 41 25 31 51 325 26 22 27 20 39 64 24 51 235
internal_value=0.00114631 0.00237418 0.00151163 0.000150799 -0.00184411 0.000518207 -0.00012685 -0.00662791 0.000703125 -0.00269231 0.00101707 0.000242915 -0.003 0.000454546 -0.000932203 -0.00233333 -0.00360656 -0.00530928 -0.0075 0.00151163 0.00171315 -0.000555555 -0.003 -0.00622449 0.00239583 -0.000932203 0.000184771 -6.63448e-05 9.31679e-05 0.000823389
internal_weight=3062 1371 1022 1691 263 1428 936 43 768 65 703 494 75 55 236 150 122 97 72 86 492 108 75 49 384 59 893 829 805 419
internal_count=3062 1371 1022 1691 263 1428 936 43 768 65 703 494 75 55 236 150 122 97 72 86 492 108 75 49 384 59 893 829 805 419
cat_boundaries=0 1 2
cat_threshold=10 12
is_linear=0
shrinkage=0.05


Tree=64
num_leaves=31
num_cat=1
split_feature=1 11 4 1 0 6 0 1 1 6 4 6 0 0 6 0 3 4 10 4 4 6 1 3 6 3 1 1 0 6
split_gain=1.39914 1.10864 0.956292 0.635781 0.575059 0.880692 0.572924 0.720776 0.381108 0.299977 0.513929 0.540732 0.309368 0.638214 0.418967 0.575608 0.642645 1.02797 0.374007 0.46538 0.254148 0.561338 0.439547 0.407547 0.523775 0.249094 0.520833 0.223292 0.491703 0.342352
threshold=233325.94000000003 0 867306.46678571438 89777.440000000017 350831.96500000008 108598.62113886322 68316.825000000026 87705.310000000012 86154.595000000016 98684.841549004734 304008.04589285719 102807.90043296338 224927.81500000003 257982.52000000005 170736.09711433004 661823.4800000001 527034.28714285733 669903.92625000014 170.50000000000003 510112.9064285715 91832.317678571446 36888.230992773686 82858.37000000001 125456.43500000003 42898.718367399662 750621.0357142858 869690.97500000021 508344.71500000008 591652.38000000012 110373.15389610942
decision_type=2 1 2 2 2 2 2 2 2 2 2 2 2 2 2 2 2 2 2 2 2 2 2 2 2 2 2 2 2 2
left_child=3 -2 9 6 -5 -6 -1 8 20 -3 -11 -12 -13 -14 27 16 18 -18 19 -16 -8 22 -22 24 -23 -17 -27 28 29 -15
right_child=1 2 -4 4 5 -7 7 -9 -10 10 11 12 13 14 15 25 17 -19 -20 -21 21 23 -24 -25 -26 26 -28 -29 -30 -31
leaf_value=-119.44426199339841 1893.761486042863 1011.5026295893575 14002.662399543671 6.2608757230740082 -533.9416519837763 580.54485756628981 10.95776312876435 -119.47409090442476 8.5395439383733791 -1110.8452776609788 -171.71625384951875 3065.2140199259284 -1030.7293622817469 -194.19435546420246 -748.10925330265718 6795.0869881159379 -4701.3617488878599 3582.4031156522819 4980.1380996993175 830.37490579793541 -380.40941582376081 94.885584603027041 -1.8476311031854591 122.49431777586733 -181.55748727773255 -3703.9216710458336 10880.53407002215 3732.7458948343442 -1707.9587576364547 1034.0994031324001
leaf_weight=24 399 58 224 1273 29 38 37 24 28 20 20 42 37 30 29 44 26 22 24 40 20 24 21 27 29 24 24 135 30 260
leaf_count=24 399 58 224 1273 29 38 37 24 28 20 20 42 37 30 29 44 26 22 24 40 20 24 21 27 29 24 24 135 30 260
internal_value=0.00117897 0.00227823 0.00140582 0.000139771 0.000559702 -0.00395522 -0.00226496 -0.00142857 -0.000376344 0.00066474 0.000415118 0.000616264 0.000827901 0.000586207 0.000930233 -0.000793991 -0.00280142 -0.0075 -0.000376344 -0.00224638 -0.00132911 -0.00243802 -0.00719512 1.86265e-10 -0.00254717 0.00228261 -0.000208333 0.00181319 0.00109375 0.00172414
internal_weight=3062 1488 1089 1574 1340 67 234 210 186 865 807 787 767 725 688 233 141 48 93 69 158 121 41 80 53 92 48 455 320 290
internal_count=3062 1488 1089 1574 1340 67 234 210 186 865 807 787 767 725 688 233 141 48 93 69 158 121 41 80 53 92 48 455 320 290
cat_boundaries=0 1
cat_threshold=10
is_linear=0
shrinkage=0.05


Tree=65
num_leaves=31
num_cat=1
split_feature=2 11 4 5 5 2 5 0 0 3 3 3 7 3 1 2 3 10 10 5 0 5 7 0 0 2 0 0 1 1
split_gain=1.41907 1.13574 0.964314 0.496121 0.724566 0.666603 0.499941 0.86217 0.63952 0.538343 0.985042 0.389044 0.393694 0.350395 0.348043 0.52045 0.507936 0.34167 0.517318 0.57513 0.335739 1.07606 0.443423 0.414402 0.571429 0.666617 0.336341 0.330583 0.263928 0.273485
threshold=261101.73000000001 0 867306.46678571438 30721.231188236601 5365.9861635209363 192197.14500000005 37281.008952082018 98820.410000000018 142611.07500000004 121972.1142857143 123419.90785714287 226609.01785714287 5.5000000000000009 1239903.2007142862 166583.71000000002 153983.22500000003 169933.02428571432 37.500000000000007 73.500000000000014 77047.152409744202 255614.00000000003 69911.154821609802 3.5000000000000004 350831.96500000008 527967.51000000013 192197.14500000005 232009.21000000002 601181.03000000014 88895.295000000013 81082.300000000017
decision_type=2 1 2 2 2 2 2 2 2 2 2 2 2 2 2 2 2 2 2 2 2 2 2 2 2 2 2 2 2 2
left_child=3 -2 11 4 -1 14 7 -5 -9 28 -11 -3 17 -4 15 -6 -17 -13 -19 -20 26 -22 23 -23 25 -25 -12 -14 29 -8
right_child=1 2 13 6 5 -7 9 8 -10 10 20 12 27 -15 -16 16 -18 18 19 -21 21 22 -24 24 -26 -27 -28 -29 -30 -31
leaf_value=-14.553731045518839 2156.9865239741989 -183.47083979862703 13985.94804032255 -128.83227406314469 12.376702750583641 -67.564992956999092 27.632379998441674 34.497610056384701 -259.05766639282291 -205.49489140161236 -9.7421626676973982 -313.44533228077836 2998.8333367056866 -2615.2224357500104 377.1800244623214 -115.71720377858627 56.9598167468952 2633.715943321225 -3519.9612286954052 93.265635417503304 -1093.6588267888221 8.8299234301066374 2101.4600281088346 37.772381613140055 2986.2869665966132 -526.7637251829093 673.97079321542367 -1631.9990188978861 74.106858634735644 -74.756231490353159
leaf_weight=60 340 30 197 27 424 27 24 35 31 26 486 45 104 23 129 21 42 80 24 513 23 43 51 26 21 37 34 20 98 20
leaf_count=60 340 30 197 27 424 27 24 35 31 26 486 45 104 23 129 21 42 80 24 513 23 43 51 26 21 37 34 20 98 20
internal_value=0.00104704 0.00223837 0.00136711 7.41842e-05 0.00108819 0.00157854 -0.000651731 -0.00413978 -0.00106061 -0.000286839 -0.000823293 0.000588235 0.000801527 0.00431818 0.00191558 0.0013039 -0.00293651 0.000317221 0.000623987 6.51771e-05 -0.000478502 -0.00221393 -0.000898876 -0.00248031 -0.00452381 -0.00690476 0.000192308 0.0033871 0.00253521 -0.000681818
internal_weight=3061 1376 1036 1685 703 643 982 93 66 889 747 816 786 220 616 487 63 662 617 537 721 201 178 127 84 63 520 124 142 44
internal_count=3061 1376 1036 1685 703 643 982 93 66 889 747 816 786 220 616 487 63 662 617 537 721 201 178 127 84 63 520 124 142 44
cat_boundaries=0 1
cat_threshold=10
is_linear=0
shrinkage=0.05


Tree=66
num_leaves=31
num_cat=0
split_feature=2 6 4 6 6 2 5 2 1 4 7 2 4 10 0 4 3 0 2 2 1 1 2 2 10 10 2 3 2 5
split_gain=1.25944 1.02534 0.646213 0.492089 1.01966 0.883687 0.66762 0.742942 0.4607 0.686768 0.448623 0.45403 0.439306 0.421948 0.350305 0.329461 0.406333 0.502813 0.437674 1.04291 0.407715 0.573016 0.609524 0.610501 0.444444 0.323606 0.739629 0.724364 0.576531 0.446529
threshold=261101.73000000001 101163.62310457297 867306.46678571438 30907.185220021776 36888.230992773686 87837.290000000023 7832.736497676392 190915.16000000003 136164.27500000005 92392.206801948065 4.5000000000000009 292926.15500000009 121971.94464285717 54.500000000000007 77696.615000000005 119907.76926948053 126039.56857142858 128401.895 127184.23500000002 137770.52500000002 160427.07000000004 121612.50000000001 112400.12000000001 88960.73000000001 137.50000000000003 72.500000000000014 209254.53500000003 222386.66500000001 246961.92500000002 163323.57170830676
decision_type=2 2 2 2 2 2 2 2 2 2 2 2 2 2 2 2 2 2 2 2 2 2 2 2 2 2 2 2 2 2
left_child=3 -2 10 6 5 -5 8 -8 9 -1 -3 -12 -7 -11 -6 -16 20 -18 -19 -20 21 22 23 24 -17 26 27 -21 29 -27
right_child=1 2 -4 4 14 12 7 -9 -10 13 11 -13 -14 -15 15 16 17 18 19 25 -22 -23 -24 -25 -26 28 -28 -29 -30 -31
leaf_value=0.1858421917261377 1939.65727493539 9.6900638442513127 12251.702513025311 -310.54971167949793 85.911410971667905 0.30914110886487328 61.750336768155833 -101.35316908860261 261.93514084961356 -26.05102129654658 -737.83329260487119 1475.0396535999926 -313.06232900122097 -103.87015938730741 90.376948749928189 58.444656589351077 74.908579491194686 102.03671939885693 -822.90685860421547 -13.810313614772236 98.248338639864727 -154.06931044714213 34.485641505321453 -190.7296597632801 -60.841755437814385 52.525186514357237 350.52142470834627 -729.92017433810929 -346.38086161780308 -868.69304039619328
leaf_weight=136 319 574 220 20 33 41 439 21 27 22 21 242 22 28 60 20 95 76 25 40 43 21 21 39 25 302 41 34 31 23
leaf_count=136 319 574 220 20 33 41 439 21 27 22 21 242 22 28 60 20 95 76 25 40 43 21 21 39 25 302 41 34 31 23
internal_value=0.00107971 0.00220204 0.00145222 0.000163205 -0.000533597 -0.00584337 0.001211 0.00228261 -0.00110329 -0.00198925 0.000818399 0.00252852 -0.00293651 -0.007 -5.92033e-05 -0.000245536 -0.000502392 5.24739e-05 -0.000506993 -0.00104839 -0.00269231 -0.00412698 -0.00261905 -0.00452381 -0.000555555 -0.00052017 -0.00282609 -0.00581081 0.000224719 0.000846154
internal_weight=3061 1376 1057 1685 1012 83 673 460 213 186 837 263 63 50 929 896 836 667 572 496 169 126 105 84 45 471 115 74 356 325
internal_count=3061 1376 1057 1685 1012 83 673 460 213 186 837 263 63 50 929 896 836 667 572 496 169 126 105 84 45 471 115 74 356 325
is_linear=0
shrinkage=0.05


Tree=67
num_leaves=31
num_cat=0
split_feature=2 6 4 5 3 7 1 5 2 5 2 1 4 5 4 6 3 6 1 1 1 0 5 1 4 3 7 5 6 3
split_gain=1.24303 0.857535 0.632738 0.475319 0.685057 0.439291 0.438959 0.417495 0.621719 0.48967 0.383333 0.496176 0.485198 0.381844 0.579819 0.459574 0.445486 0.81602 0.735294 0.945544 0.691414 0.448009 0.435061 0.444819 0.405844 0.297973 0.284562 0.491228 0.424845 0.40574
threshold=261101.73000000001 98684.841549004734 867306.46678571438 78868.886002430081 390804.81071428576 4.5000000000000009 69474.885000000009 28859.38840915712 196971.24000000002 7832.736497676392 84936.565000000017 136164.27500000005 92392.206801948065 37281.008952082018 120901.90928571431 35613.574765394944 120994.95428571431 45113.758009726582 154096.62000000002 126986.87500000001 94954.195000000022 128401.895 44143.918163120215 140502.31000000003 123450.99839285715 1239903.2007142862 1.0000000180025095e-35 144382.88999112198 110373.15389610942 345958.77428571432
decision_type=2 2 2 2 2 2 2 2 2 2 2 2 2 2 2 2 2 2 2 2 2 2 2 2 2 2 2 2 2 2
left_child=6 -2 3 4 -3 26 -1 8 9 10 -8 12 -12 14 15 -9 -15 18 19 20 -18 -19 -23 -24 -16 -4 27 -5 -28 -30
right_child=1 2 25 5 -6 -7 7 13 -10 -11 11 -13 -14 16 24 -17 17 21 -20 -21 -22 22 23 -25 -26 -27 28 -29 29 -31
leaf_value=-83.616404910304027 1872.3256065797466 42.004873890559516 12674.065512655156 5793.4021553129496 -4030.6707782830476 1569.181817844508 52.206483139907597 278.8408092094466 -96.702496821332034 59.054149014152472 -0.45087667123340425 245.00138027936393 -61.502376637432626 24.983966121308512 -220.66543503624968 -194.31896886030427 -241.65677866248507 68.311267256696951 80.533536458082565 -204.18470480573751 66.51364367933644 -345.2564947718862 76.289496933088614 -20.652298459038207 -92.233280522553301 -3097.0464396137759 -466.41587173833045 -274.49707713955218 -347.68357075042309 281.24314904107558
leaf_weight=33 299 28 197 76 23 257 27 27 20 441 107 26 47 127 20 20 36 80 51 22 44 20 58 444 35 23 39 57 22 355
leaf_count=33 299 28 197 76 23 257 27 27 20 441 107 26 47 127 20 20 36 80 51 22 44 20 58 444 35 23 39 57 22 355
internal_value=0.00101437 0.00212936 0.00147168 0.000857643 -0.00382353 0.00115385 0.000103858 0.000217918 0.00118263 0.00145062 -0.000555555 -0.00138889 -0.00246753 -0.000436992 -0.00333333 0.000744681 -0.000102041 -0.000562914 -0.00382353 -0.00627451 -0.00375 0.000265781 -0.000268199 1.99205e-05 -0.00681818 0.00386364 0.000355191 0.00236842 -0.000288461 0.000225464
internal_weight=3061 1376 1077 857 51 806 1685 1652 668 648 207 180 154 984 102 47 882 755 153 102 80 602 522 502 55 220 549 133 416 377
internal_count=3061 1376 1077 857 51 806 1685 1652 668 648 207 180 154 984 102 47 882 755 153 102 80 602 522 502 55 220 549 133 416 377
is_linear=0
shrinkage=0.05


Tree=68
num_leaves=31
num_cat=1
split_feature=2 11 3 4 4 2 1 1 4 5 1 5 10 1 10 5 2 1 2 1 5 5 3 10 2 4 3 3 10 1
split_gain=1.07103 1.24747 1.22299 0.560316 0.452301 0.596711 0.438959 0.334096 0.607433 0.572159 0.62831 0.426932 0.543747 0.379194 0.332016 0.297978 0.600466 0.429975 0.331811 0.407708 0.289731 0.281231 0.557555 0.499954 0.598988 0.740644 0.453001 0.689693 0.429624 0.301397
threshold=261101.73000000001 0 228495.40642857147 867306.46678571438 390239.97857142863 298085.09000000003 69474.885000000009 618973.59500000009 473149.82553571434 142335.75914286054 393562.90000000008 309695.27276718622 83.500000000000014 420491.74500000005 190.50000000000003 28859.38840915712 196971.24000000002 166583.71000000002 153983.22500000003 156580.00000000003 5365.9861635209363 41317.756906491202 114128.79285714288 239.50000000000003 98692.750000000015 122659.70982142859 121972.1142857143 123419.90785714287 143.50000000000003 88895.295000000013
decision_type=2 1 2 2 2 2 2 2 2 2 2 2 2 2 2 2 2 2 2 2 2 2 2 2 2 2 2 2 2 2
left_child=6 -2 -3 4 -4 -6 -1 8 9 13 14 12 -9 -7 -11 16 17 18 20 -20 -8 22 -17 24 28 -26 -23 -28 -24 -29
right_child=1 2 3 -5 5 7 15 11 -10 10 -12 -13 -14 -15 -16 21 -18 -19 19 -21 -22 26 23 -25 25 -27 27 29 -30 -31
leaf_value=-79.435584664788806 1858.5380536997325 -174.57480308606969 1548.2863038833821 11005.414111741289 -600.65173162579606 -149.50797659023266 -8.9146911998406537 -5971.4514735200182 2641.1665565153771 -277.11093107942156 -1729.314744393303 -1375.4450979441337 1270.2627034783136 3298.4453880781366 4519.3563442948671 118.81956834870269 -91.867371980265901 357.46289710005249 -91.045230039747892 6.4618154622344521 11.27947943921874 57.696533538137288 72.885672902962469 52.558793281959453 -212.89424159726929 -117.79028408845632 -196.15919084116516 -155.17148421665934 -71.38806934482507 5.2840916421055653
leaf_weight=33 340 34 176 220 36 93 55 20 184 23 42 29 77 81 21 35 20 131 23 42 397 92 21 25 37 39 21 44 26 644
leaf_count=33 340 34 176 220 36 93 55 20 184 23 42 29 77 81 21 35 20 131 23 42 397 92 21 25 37 39 21 44 26 644
internal_value=0.000949036 0.00198401 0.00108031 0.00140719 0.000780051 0.000132013 0.000103858 0.000526316 0.00117117 -0.000384615 -0.00372093 -0.00174603 -0.000154639 0.00126437 0.000454546 0.000217918 0.00103293 0.0012963 0.000647969 -0.00269231 0.00112832 -0.000335366 -0.00210382 -0.00344595 -0.0047561 -0.0075 6.86644e-05 -0.000359661 -0.000319149 -8.72091e-05
internal_weight=3061 1376 1036 1002 782 606 1685 570 444 260 86 126 97 174 44 1652 668 648 517 65 452 984 183 148 123 76 801 709 47 688
internal_count=3061 1376 1036 1002 782 606 1685 570 444 260 86 126 97 174 44 1652 668 648 517 65 452 984 183 148 123 76 801 709 47 688
cat_boundaries=0 1
cat_threshold=10
is_linear=0
shrinkage=0.05


Tree=69
num_leaves=31
num_cat=1
split_feature=2 11 4 10 6 10 4 2 2 10 3 2 3 0 5 2 2 0 5 6 3 10 2 3 5 3 3 10 0 0
split_gain=0.951066 1.2942 0.55333 0.420772 0.739507 0.79126 0.43492 0.685374 0.533639 0.38414 0.361374 0.350769 0.485881 0.623063 0.327585 0.295414 0.320274 0.492337 0.597701 0.483987 0.767101 0.603922 0.429824 0.650797 0.612141 0.439004 0.431896 0.35 0.344147 0.407628
threshold=255935.42000000004 0 867306.46678571438 90.500000000000014 107906.13446047829 98.500000000000014 397348.8176785715 516985.39500000008 479878.03000000009 25.500000000000004 750621.0357142858 298085.09000000003 527034.28714285733 289671.17500000005 78113.717897721697 246961.92500000002 116554.55500000001 255614.00000000003 72743.067711366704 83349.271378533755 221093.87285714291 80.500000000000014 100444.90000000001 117069.04785714288 44978.661696059258 127962.98357142859 122582.9635714286 137.50000000000003 68316.825000000026 91147.715000000011
decision_type=2 1 2 2 2 2 2 2 2 2 2 2 2 2 2 2 2 2 2 2 2 2 2 2 2 2 2 2 2 2
left_child=15 -2 3 9 -5 -6 -7 8 11 -3 -9 -8 13 -13 -11 16 22 19 -19 20 -18 -22 25 -24 -25 26 28 -28 -1 -30
right_child=1 2 -4 4 5 6 7 10 -10 14 -12 12 -14 -15 -16 -17 17 18 -20 -21 21 -23 23 24 -26 -27 27 -29 29 -31
leaf_value=-66.142053708111661 1694.2383685443617 -2290.1913386381252 10455.143406154224 -512.96364165262946 -1125.1134756258853 1029.2276127329339 -598.17092905375284 1866.7755209916509 -2185.569397791141 -33.180845603533001 -2222.7678756272194 -1193.6642104060224 -668.59370690296214 1507.5037306526874 2558.0462718939411 -347.0208103722178 34.456925305125687 -1159.0871193422961 -6.8408220147724066 233.39581770046848 -447.78230366744629 -14.116655780341995 4.5540404279518993 -596.31591078358304 -53.904304566178865 141.00676381406612 7.2259215690480678 -117.55457679343827 8.7722976576538425 -0.74980049392231662
leaf_weight=23 351 32 220 37 38 173 26 123 30 30 24 28 26 107 156 24 796 20 139 95 21 34 40 29 34 54 28 35 126 162
leaf_count=23 351 32 220 37 38 173 26 123 30 30 24 28 26 107 156 24 796 20 139 95 21 34 40 29 34 54 28 35 126 162
internal_value=0.000900033 0.00185939 0.000943396 0.000361446 -0.000310457 0.000130435 0.000623836 -0.000357143 -0.00214286 0.00224771 0.00227891 -0.00114973 -0.000279503 0.000925926 0.00311828 9.03616e-05 0.000171149 0.000656109 -0.00191824 0.0010888 0.000710928 -0.005 -0.000838041 -0.00373786 -0.00690476 -0.000140187 -0.000748663 -0.00452381 1.60774e-05 0.000486111
internal_weight=3061 1401 1050 830 612 575 537 364 217 218 147 187 161 135 186 1660 1636 1105 159 946 851 55 531 103 63 428 374 63 311 288
internal_count=3061 1401 1050 830 612 575 537 364 217 218 147 187 161 135 186 1660 1636 1105 159 946 851 55 531 103 63 428 374 63 311 288
cat_boundaries=0 1
cat_threshold=10
is_linear=0
shrinkage=0.05


Tree=70
num_leaves=31
num_cat=0
split_feature=1 6 10 10 10 2 4 6 4 6 5 5 4 1 6 0 4 3 6 2 2 6 2 2 3 4 1 6 2 5
split_gain=0.992578 1.05934 0.56357 0.475673 0.678028 0.462183 0.57976 0.843764 0.566318 0.460059 0.52002 0.436364 0.416894 0.867238 0.345641 0.408006 0.608606 0.668599 1.12174 0.437846 0.340177 0.340136 0.327245 0.845628 0.585404 0.859018 0.512916 0.448447 0.47716 0.71243
threshold=134834.28000000003 36254.742854633783 60.500000000000007 201.50000000000003 192.50000000000003 427250.85500000004 383706.95732142864 107906.13446047829 291865.03214285721 15704.575568612183 14317.534418092788 19703.031618189645 219480.8835714286 180396.57500000004 265376.84609726974 641841.67000000016 440513.60017857148 396004.79571428575 125262.425585351 342665.44500000001 202780.73000000001 114825.00221141933 157852.88000000003 141486.30000000002 128882.97285714287 125017.97535714287 116704.96500000001 39684.161699439072 98692.750000000015 27055.113574326959
decision_type=2 2 2 2 2 2 2 2 2 2 2 2 2 2 2 2 2 2 2 2 2 2 2 2 2 2 2 2 2 2
left_child=3 9 -3 4 22 6 8 -8 12 10 -2 -12 -4 -14 15 16 17 -9 21 -20 -10 -19 23 24 25 26 27 28 -1 -30
right_child=1 2 5 -5 -6 -7 7 14 20 -11 11 -13 13 -15 -16 -17 -18 18 19 -21 -22 -23 -24 -25 -26 -27 -28 -29 29 -31
leaf_value=-0.69584980886231618 85.650109993096621 414.63923961986188 36.150606518293181 9.8689930707014337 -178.99344597310983 1525.681293472906 -458.12455246546006 1002.0136260172196 -496.02993227493357 733.62632540899403 -104.82694608331533 296.7689268904748 -127.65581887329077 -22.110747155140789 -670.58918649825512 -1762.9626642118947 1669.5084398749384 -16.287588480064027 -2362.6210646013083 -1267.8814817480707 363.09352930130575 2212.6388211693384 46.235377355896539 -268.59954804563415 20.843768924919889 -204.38579287663595 -166.37973601158473 16.972294661453684 32.981241657108988 -331.13885929328285
leaf_weight=193 224 332 290 166 24 580 21 79 20 249 24 20 30 103 37 20 62 24 26 21 115 25 36 22 111 21 22 80 22 27
leaf_count=193 224 332 290 166 24 580 21 79 20 249 24 20 30 103 37 20 62 24 26 21 115 25 36 22 111 21 22 80 22 27
internal_value=0.000951752 0.0014596 0.000882353 -0.000662983 -0.00136201 0.000457674 -0.000269187 -0.00198413 0.000698925 0.00345261 0.00201493 -0.00295455 -0.000200945 -0.0025188 -0.00129252 -0.000642023 -6.3291e-05 -0.00157143 -0.004375 -0.00989362 0.00351852 0.000918368 -0.000992509 -0.0013253 -0.000882353 -0.00184931 -0.00125 -0.000745341 -0.00181818 -0.00622449
internal_weight=3026 2302 1785 724 558 1453 873 315 558 517 268 44 423 133 294 257 237 175 96 47 135 49 534 498 476 365 344 322 242 49
internal_count=3026 2302 1785 724 558 1453 873 315 558 517 268 44 423 133 294 257 237 175 96 47 135 49 534 498 476 365 344 322 242 49
is_linear=0
shrinkage=0.05


Tree=71
num_leaves=31
num_cat=0
split_feature=4 6 1 6 4 0 6 4 5 5 6 3 1 3 1 6 3 6 10 3 4 0 6 5 10 4 5 6 6 7
split_gain=0.759518 0.863715 0.675129 0.671304 0.599998 0.556337 0.700103 0.782756 1.85192 0.650336 0.526863 0.485929 0.664476 0.579628 0.468651 0.602388 0.781311 0.579976 0.426494 0.420367 0.714017 0.419841 0.397466 0.396541 0.432244 0.545953 0.388898 0.30757 0.517906 0.306973
threshold=133147.27821428576 44395.902811311913 166583.71000000002 46217.53984996587 124480.04053571429 661823.4800000001 170736.09711433004 449424.16089285718 121332.18348206226 105817.25042322236 44395.902811311913 396004.79571428575 270358.84000000003 468749.88285714295 137707.87000000002 101890.9396738996 221093.87285714291 72305.550381487192 66.500000000000014 519856.9671428572 738330.17464285728 390224.83000000002 109243.22790683711 121332.18348206226 208.50000000000003 400155.21071428579 92947.605091194229 75613.881588898148 83349.271378533755 2.5000000000000004
decision_type=2 2 2 2 2 2 2 2 2 2 2 2 2 2 2 2 2 2 2 2 2 2 2 2 2 2 2 2 2 2
left_child=4 2 -2 -3 -1 6 11 8 -8 -9 -6 12 14 18 -5 16 -16 -18 -13 -11 -21 -17 -20 26 25 -25 -24 -19 -29 -30
right_child=1 3 -4 5 10 -7 7 9 -10 19 -12 13 -14 -15 15 21 17 27 22 20 -22 -23 23 24 -26 -27 -28 28 29 -31
leaf_value=0.23628112056940595 11.755427568083663 -96.224014222807128 450.34895493790168 65.588167285828845 -193.49249312237492 6216.1645008442447 36.992496895454806 -1823.0020060721604 -1433.7254484253151 1822.6522140642367 5.3459683320546736 2270.1939631179443 1246.5034419853519 1344.9157345018887 67.292001584512661 255.10949183134773 -317.71652131266683 166.00504241537561 -435.21832484218749 -1800.212941086638 2621.6255262620448 -399.83469487610574 -195.30862498365153 -132.77478683089726 839.09415202772618 -2369.9874117193208 675.10238377070982 -185.08095776721748 -418.47085299965931 234.80276242272771
leaf_weight=574 286 24 350 85 35 319 26 22 21 80 29 32 351 90 156 90 33 22 21 37 50 36 27 36 34 35 53 23 25 24
leaf_count=574 286 24 350 85 35 319 26 22 21 80 29 32 351 90 156 90 33 22 21 37 50 36 27 36 34 35 53 23 25 24
internal_value=0.000968275 0.00137772 0.00295597 0.000804795 -0.000564263 0.000920139 0.000493258 -0.00199153 -0.00776596 -0.000555555 -0.00515625 0.00099318 0.00162722 -0.000640244 0.000445344 -0.000256724 -0.0015371 -0.00444882 -0.00193277 0.000508982 -0.00189655 0.00261905 -0.00276699 -0.00202703 -0.00404762 -0.00626761 0.000625 -0.00244681 -0.00402778 -0.00112245
internal_weight=3026 2388 636 1752 638 1728 1409 236 47 189 64 1173 845 328 494 409 283 127 238 167 87 126 206 185 105 71 80 94 72 49
internal_count=3026 2388 636 1752 638 1728 1409 236 47 189 64 1173 845 328 494 409 283 127 238 167 87 126 206 185 105 71 80 94 72 49
is_linear=0
shrinkage=0.05


Tree=72
num_leaves=31
num_cat=0
split_feature=2 6 0 7 5 0 10 10 3 7 10 10 10 5 3 5 3 6 3 0 4 0 10 5 5 0 0 3 3 6
split_gain=0.751041 1.09072 0.510318 0.578814 0.510192 0.716157 0.732543 0.641686 0.699717 0.503226 0.465432 0.64931 0.834055 0.693635 0.613069 0.402871 0.369687 0.456975 0.42308 0.394131 0.416961 0.363636 0.360948 0.341061 0.35331 0.331268 0.310187 0.305167 0.824556 0.289704
threshold=255935.42000000004 101890.9396738996 710436.27000000014 5.5000000000000009 14317.534418092788 130407.67500000002 136.50000000000003 68.500000000000014 94025.472857142871 1.5000000000000002 111.50000000000001 90.500000000000014 99.500000000000014 107301.43079407841 362402.9671428572 160148.23591941161 378768.98714285722 109243.22790683711 397755.18857142859 443056.65500000009 407998.79946428578 420963.16000000009 195.50000000000003 20038.441739438127 18064.574810006332 232009.21000000002 500171.74000000005 437656.4114285715 472807.17642857152 25400.329045009636
decision_type=2 2 2 2 2 2 2 2 2 2 2 2 2 2 2 2 2 2 2 2 2 2 2 2 2 2 2 2 2 2
left_child=4 25 3 10 5 6 7 9 -9 -1 11 13 -13 -3 -12 23 -16 -18 -19 20 -20 -14 -22 24 -6 -2 -5 -21 -29 -25
right_child=1 2 -4 26 15 -7 -8 8 -10 -11 14 12 21 -15 16 -17 17 18 19 27 22 -23 -24 29 -26 -27 -28 28 -30 -31
leaf_value=-36.421151519072332 166.25927944620807 -331.02724188768377 7521.2844718276119 2669.7533246184335 100.00779695897324 59.65880063327883 10.852073039257597 -9.3277538310837667 -69.81856688969539 31.492793823135209 1812.3064691062746 -1392.0492211299415 41.038760159610142 1688.4219473837745 -782.7065355723181 -703.34547367989308 -328.37810271432227 2469.0858033425538 -1409.2362373406622 1867.213811746856 -1317.5248977281456 -1768.1322014657021 2994.4955022635454 99.921174451310122 -85.799145810119796 1692.0990098002826 -747.80261765163073 -495.85305899203161 1323.6866629860815 -4.0336938686383537
leaf_weight=23 38 29 272 104 20 262 130 44 21 51 67 28 22 105 28 38 21 67 39 45 40 22 45 44 21 313 21 29 72 965
leaf_count=23 38 29 272 104 20 262 130 44 21 51 67 28 22 105 28 38 21 67 39 45 40 22 45 44 21 313 21 29 72 965
internal_value=0.000885658 0.00173063 0.00092803 0.000280612 0.000151328 0.00142185 -0.000390334 -0.00291367 -0.00653846 0.00027027 -0.000311077 -0.00228155 -0.00611111 -0.00022388 0.000584989 -0.00046875 -0.000181347 0.000251397 0.00069733 -0.000185185 -0.00225806 -0.00181818 -0.000294117 -0.000285714 -0.0047561 0.0041453 0.0034 0.00157534 4.95051e-05 -0.000104063
internal_weight=3026 1407 1056 784 1619 531 269 139 65 74 659 206 72 134 453 1088 386 358 337 270 124 44 85 1050 41 351 125 146 101 1009
internal_count=3026 1407 1056 784 1619 531 269 139 65 74 659 206 72 134 453 1088 386 358 337 270 124 44 85 1050 41 351 125 146 101 1009
is_linear=0
shrinkage=0.05


Tree=73
num_leaves=31
num_cat=1
split_feature=2 11 0 5 0 7 2 2 7 5 2 5 0 0 2 7 7 10 10 7 6 10 10 2 10 10 5 5 2 10
split_gain=0.855861 1.30846 0.508046 0.437371 0.75304 0.400996 0.447419 0.607267 0.520027 0.417518 0.965672 0.370436 0.368977 0.418243 0.558335 0.363337 0.767874 1.225 0.341945 0.423496 0.47795 0.552273 0.341688 0.325879 0.324282 0.482423 0.320011 0.35331 0.335632 0.317398
threshold=255935.42000000004 0 710436.27000000014 14317.534418092788 140047.98500000002 5.5000000000000009 278782.22000000003 298085.09000000003 1.5000000000000002 246339.76032281623 755449.18500000017 292071.28661657387 582636.63500000013 443056.65500000009 553620.76000000013 1.0000000180025095e-35 1.5000000000000002 156.50000000000003 41.500000000000007 3.5000000000000004 7163.1150196360077 152.50000000000003 51.500000000000007 479878.03000000009 68.500000000000014 152.50000000000003 20038.441739438127 18064.574810006332 246961.92500000002 207.50000000000003
decision_type=2 1 2 2 2 2 2 2 2 2 2 2 2 2 2 2 2 2 2 2 2 2 2 2 2 2 2 2 2 2
left_child=3 -2 5 4 15 6 -3 -8 11 10 12 22 13 14 23 -1 17 -17 -18 -20 21 -21 -9 24 -10 -26 27 -5 -28 -27
right_child=1 2 -4 26 -6 -7 7 8 9 -11 -12 -13 -14 -15 -16 16 18 -19 19 20 -22 -23 -24 -25 25 29 28 -29 -30 -31
leaf_value=14.524939259886224 1458.4360895429941 577.93277289615253 7145.2202482362309 95.007407111024492 90.857967786477701 1383.4626003368317 -441.82142463381155 -247.03976973099535 1301.83746290932 2456.325893103719 -1477.903053142102 -958.27581390435921 -2426.4573923697876 1197.9219007356298 -3872.8220326100768 -77.135959609318974 60.604657159446759 4.7856144644259633 13.791822456971131 -50.610382661428275 10.949946001066099 1.0026279285411712 2025.9853512389582 4092.4006859825395 -688.09728241501648 2457.6335131469505 -1.5789050009258239 -81.509188519613218 -311.46133601532983 -231.39180230756321
leaf_weight=47 350 39 272 20 200 121 33 25 27 38 20 21 25 99 25 36 36 24 79 20 65 24 172 20 35 39 1025 21 22 46
leaf_count=47 350 39 272 20 200 121 33 25 27 38 20 21 25 99 25 36 36 24 79 20 65 24 172 20 35 39 1025 21 22 46
internal_value=0.000935228 0.00183724 0.000923149 0.000151328 0.00132768 0.000286624 -0.000195783 -0.00052 -0.000152027 -0.00128342 -0.00184524 0.00178899 -0.00117089 -0.000670103 -0.00203125 -0.000135951 -0.000809859 -0.00583333 0.000535714 -0.000319149 -0.00233945 -0.00636364 0.00246193 -0.000988024 -0.00180272 -0.00291667 -0.000422794 -0.0047561 -0.000253104 -0.000882353
internal_weight=3026 1407 1057 1619 531 785 664 625 592 374 336 218 316 291 192 331 284 60 224 188 109 44 197 167 147 120 1088 41 1047 85
internal_count=3026 1407 1057 1619 531 785 664 625 592 374 336 218 316 291 192 331 284 60 224 188 109 44 197 167 147 120 1088 41 1047 85
cat_boundaries=0 1
cat_threshold=10
is_linear=0
shrinkage=0.05


Tree=74
num_leaves=31
num_cat=1
split_feature=11 2 3 5 1 6 2 4 1 2 10 10 7 2 2 2 1 10 10 3 3 7 7 2 1 1 3 10 6 4
split_gain=0.806848 0.673929 0.83057 1.36111 0.62615 1.04371 0.535714 0.399158 0.65508 0.471369 0.443959 0.481892 0.583103 0.819305 0.371953 0.385446 0.371291 0.41165 0.646623 0.537644 0.800791 0.405823 0.35311 0.345979 0.330869 0.454545 0.400758 0.33027 0.305305 0.56929
threshold=0 436138.15500000009 411163.68000000011 136534.7931255649 162530.45500000005 43283.204674816698 298085.09000000003 174656.1905357143 133808.64500000005 82078.155000000013 68.500000000000014 118.50000000000001 3.5000000000000004 103297.645 169121.20500000005 152143.40500000003 1121804.6600000001 137.50000000000003 148.50000000000003 362402.9671428572 378768.98714285722 4.5000000000000009 5.5000000000000009 196971.24000000002 277549.11500000005 379833.14000000007 413517.83500000002 65.500000000000014 36888.230992773686 121971.94464285717
decision_type=1 2 2 2 2 2 2 2 2 2 2 2 2 2 2 2 2 2 2 2 2 2 2 2 2 2 2 2 2 2
left_child=1 2 28 -4 7 -6 -5 9 -9 27 -11 12 -12 -14 15 -10 17 22 21 23 -21 -19 -7 -20 -22 26 -26 -2 29 -1
right_child=4 -3 3 6 5 16 -8 8 14 10 11 -13 13 -15 -16 -17 -18 18 19 20 24 -23 -24 -25 25 -27 -28 -29 -30 -31
leaf_value=-40.652481235470532 -94.215930043398743 1567.7817060715238 -1913.0771076426608 -828.65737867272719 397.62320040385953 247.64248203026037 1639.6570947165692 384.08142492259509 -7.3542412770267509 47.784677249389489 17.830872208238855 4.1947277482381997 -52.646608331789594 17.891486165343895 31.579699650647274 -191.87492953682181 13365.107693149526 -51.74815146878381 -192.93439349030061 -750.39314573950821 4734.093008556827 -4030.5756418309302 1933.0455997908703 342.29398352488465 1251.8263373542277 168.32711494593661 -2690.4085956514537 55.054738504719779 1.7802832157760156 -326.93989685531233
leaf_weight=95 34 137 24 20 369 418 28 20 24 123 59 303 21 26 21 23 107 31 49 24 29 23 82 154 20 176 24 32 501 29
leaf_count=95 34 137 24 20 369 418 28 20 24 123 59 303 21 26 21 23 107 31 49 24 29 23 82 154 20 176 24 32 501 29
internal_value=0.000935228 -0.000390995 -0.00102582 -0.00611111 0.00143506 0.00201195 -0.00125 0.000189505 -0.00295455 0.000652174 0.00114662 0.000354523 -0.00254717 -0.00670213 -0.00529412 -0.00776596 0.00126209 0.000970874 1.86265e-10 0.000588235 -0.000860806 -0.00518518 0.002 0.00253695 -2.00801e-05 -0.000681818 -0.00522727 -0.00333333 -0.00044 -0.00266129
internal_weight=3026 834 697 72 2192 1506 48 686 88 598 532 409 106 47 68 47 1137 1030 530 476 273 54 500 203 249 220 44 66 625 124
internal_count=3026 834 697 72 2192 1506 48 686 88 598 532 409 106 47 68 47 1137 1030 530 476 273 54 500 203 249 220 44 66 625 124
cat_boundaries=0 1
cat_threshold=1
is_linear=0
shrinkage=0.05


Tree=75
num_leaves=31
num_cat=0
split_feature=0 5 5 10 2 4 5 10 5 4 0 0 4 5 3 1 2 2 4 6 0 1 1 1 2 6 10 10 5 10
split_gain=0.95282 1.01323 0.728599 0.917805 0.489073 0.432487 0.708447 1.3148 0.719566 0.677134 0.530224 0.392828 0.383489 0.477721 0.33943 0.3125 0.418351 0.33355 0.31121 0.389681 0.31035 0.551448 1.06482 0.427082 0.689325 0.417341 0.369923 0.394445 0.482655 0.335824
threshold=232009.21000000002 54507.39339857109 69911.154821609802 121.50000000000001 69621.24500000001 385148.46392857149 126584.91272437781 154.50000000000003 107301.43079407841 407998.79946428578 566263.16500000015 1561492.3400000001 449424.16089285718 176176.98395671838 380580.67428571434 337986.9150000001 373014.69000000006 202780.73000000001 218950.02750000005 102342.11368464198 213621.71500000003 302096.73000000004 220791.11500000002 164631.90500000003 182107.81500000003 168585.86737647827 182.50000000000003 216.50000000000003 57483.940158256606 242.50000000000003
decision_type=2 2 2 2 2 2 2 2 2 2 2 2 2 2 2 2 2 2 2 2 2 2 2 2 2 2 2 2 2 2
left_child=4 -2 3 -3 -1 15 7 8 9 -7 -9 12 13 14 -8 16 17 18 -4 -20 23 22 -22 24 29 26 -25 28 -28 -6
right_child=1 2 5 -5 20 6 11 10 -10 -11 -12 -13 -14 -15 -16 -17 -18 -19 19 -21 21 -23 -24 25 -26 -27 27 -29 -30 -31
leaf_value=-95.08395294691941 1748.2915211245488 332.82827559482314 171.52135371870773 -937.5518810301387 -2.3138949988286468 -360.6470217438283 -689.99066457096308 574.79046565024385 -177.1983258133067 -2648.9729993891569 -597.45898907572825 -4360.9517605457268 2684.6615042612757 -710.64869154011899 1331.3403023707288 3365.6746466818013 -687.18760674900102 637.50153840439521 -185.80596693121115 61.674431830607467 20.857670469925409 652.54800696597624 -307.25485430666788 232.72130042768606 -85.264753968873976 -851.596401629713 188.95925983987905 198.33101488831551 -888.97851889673848 39.126462786686098
leaf_weight=38 217 29 20 24 816 23 21 146 47 27 24 20 461 27 99 130 20 121 26 21 28 27 29 339 38 26 34 83 26 80
leaf_count=38 217 29 20 24 816 23 21 146 47 27 24 20 461 27 99 130 20 121 26 21 28 27 29 339 38 26 34 83 26 80
internal_value=0.000940659 0.00183965 0.00130638 -0.00443396 7.67265e-05 0.00155312 0.000977654 -0.00117978 -0.00582474 -0.01 0.00147059 0.0018949 0.00212171 -0.000102041 0.00125 0.00307692 0.001875 0.00260638 -0.00022388 -0.00244681 0.000216252 -0.00273809 -0.00552632 0.00038835 -0.000246252 0.00155512 0.00188797 -0.000244755 -0.00333333 3.34823e-05
internal_weight=3067 1503 1286 53 1564 1233 895 267 97 50 170 628 608 147 120 338 208 188 67 47 1526 84 57 1442 934 508 482 143 60 896
internal_count=3067 1503 1286 53 1564 1233 895 267 97 50 170 628 608 147 120 338 208 188 67 47 1526 84 57 1442 934 508 482 143 60 896
is_linear=0
shrinkage=0.05


Tree=76
num_leaves=31
num_cat=0
split_feature=0 0 1 6 6 5 6 3 5 0 0 6 3 1 0 0 4 6 4 1 1 1 4 4 6 1 5 3 6 1
split_gain=0.784378 1.13314 0.902706 0.846728 0.694193 0.474688 0.916396 0.530929 0.881993 0.678182 0.70338 0.49574 1.59368 0.361074 0.47291 0.347137 0.444182 0.39913 0.338265 0.309907 0.415421 0.434364 0.400742 0.331739 0.472028 0.588757 0.440282 0.49 0.298669 0.287002
threshold=163833.70500000005 160729.05000000002 144390.91500000001 31973.474451421349 125968.22431192714 69911.154821609802 98684.841549004734 224232.83928571432 91341.761379179065 232009.21000000002 416304.46500000003 69664.958911590904 162504.30000000005 69474.885000000009 84004.775000000009 1561492.3400000001 867306.46678571438 247838.10495402032 175699.42982142861 420491.74500000005 226543.77500000002 238943.76000000004 401334.3548214286 385792.8457142858 110373.15389610942 393562.90000000008 121332.18348206226 355577.36071428575 128585.338348404 274533.59500000003
decision_type=2 2 2 2 2 2 2 2 2 2 2 2 2 2 2 2 2 2 2 2 2 2 2 2 2 2 2 2 2 2
left_child=1 2 13 18 -4 6 11 -7 9 -9 -11 12 -5 -1 -15 16 17 19 -2 20 -10 -22 -21 26 -25 29 -23 -28 -24 -26
right_child=3 -3 4 5 -6 7 -8 8 15 10 -12 -13 -14 14 -16 -17 -18 -19 -20 22 21 23 28 24 25 -27 27 -29 -30 -31
leaf_value=-63.337718776379774 142.96960801781353 -148.30480583545179 112.78953372816351 13.716240518701476 -537.52876302789105 166.97908429156101 -746.43211058738927 -137.20826483343464 284.09533757761318 121.67914168838145 -2374.3173329865422 555.26277270590879 -796.4262566471516 15.24053533667559 -7.0788164043584949 -4142.9041725184406 10094.704421406794 -613.53193608363017 1043.1816433781244 5045.4623209606798 -237.54640632527972 1081.1992114640586 -1800.5760525810431 -384.24953397571056 -498.36446362023844 -1748.9018315534781 -1115.9287289414128 1611.018176243573 1826.9340525876626 603.36409803896447
leaf_weight=32 143 36 235 118 24 119 38 27 117 82 27 44 31 116 601 20 203 104 212 147 33 87 30 30 24 32 20 25 201 109
leaf_count=32 143 36 235 118 24 119 38 27 117 82 27 44 31 116 601 20 203 104 212 147 33 87 30 30 24 32 20 25 201 109
internal_value=0.000940659 -0.000172414 0.000138889 0.00151508 0.0026834 0.00104317 -0.00106061 0.00138135 0.00109256 -0.00272059 -0.000963303 0.000336788 -0.00104027 -0.000740988 -0.000509065 0.0015313 0.00164372 0.00119395 0.00373239 0.00154971 0.000702306 -0.000138889 0.00261905 0.000412844 -0.000897436 0.000151515 0.00234848 -0.00166667 0.00132035 0.00161654
internal_weight=3067 1044 1008 2023 259 1668 231 1437 1318 136 109 193 149 749 717 1182 1162 959 355 855 477 360 378 327 195 165 132 45 231 133
internal_count=3067 1044 1008 2023 259 1668 231 1437 1318 136 109 193 149 749 717 1182 1162 959 355 855 477 360 378 327 195 165 132 45 231 133
is_linear=0
shrinkage=0.05


Tree=77
num_leaves=31
num_cat=0
split_feature=0 6 2 5 3 0 0 3 2 5 6 5 1 10 10 10 7 6 5 2 1 0 9 5 3 6 1 5 5 7
split_gain=0.834571 0.944646 0.696107 0.570554 1.0855 0.561166 0.853372 0.504805 0.702485 0.413878 0.771429 0.395244 0.388859 0.506336 0.639964 0.660613 0.439824 0.679847 0.369545 0.39336 0.699811 0.356491 0.315126 0.313241 0.365687 0.670719 0.951252 0.337244 0.279225 0.56448
threshold=176555.30000000002 36254.742854633783 82078.155000000013 91341.761379179065 224232.83928571432 232009.21000000002 308451.37500000006 413517.83500000002 258572.09500000003 30721.231188236601 39407.664274207134 43410.926953742339 325563.81000000006 166.50000000000003 198.50000000000003 192.50000000000003 3.5000000000000004 13477.038953115489 5365.9861635209363 91171.510000000009 89777.440000000017 1561492.3400000001 1.0000000180025095e-35 391598.77079542173 310743.97214285721 107906.13446047829 355233.51000000007 371384.67775465845 48174.393479078251 3.5000000000000004
decision_type=2 2 2 2 2 2 2 2 2 2 2 2 2 2 2 2 2 2 2 2 2 2 2 2 2 2 2 2 2 2
left_child=2 -2 9 4 11 -6 -7 8 -8 -1 -11 -3 13 18 15 16 -15 -18 -4 -20 -21 23 28 24 -5 26 -26 -27 -16 -30
right_child=1 3 12 21 5 6 7 -9 -10 10 -12 -13 -14 14 22 -17 17 -19 19 20 -22 -23 -24 -25 25 27 -28 -29 29 -31
leaf_value=-11.195787488740667 397.88008585628876 -166.07919535634153 -4.1523776534374601 273.58129847668107 -171.66994911222221 221.9275128114775 -832.00638593216399 -3558.8007139573128 572.26504311865938 -273.4812793775443 -15.533749982662895 76.069764071439593 -840.18998350754759 19.116395466472284 16.063572879149365 -355.74581834367802 -56.161907788768126 -29.756473754880496 13.651466942004127 -182.65594642743054 13.572364652108924 -3935.7589638925174 -40.84932323206754 12820.717163888445 -702.87830422652337 987.6958370140045 3879.6893582405073 -1179.0152497403467 -198.08386354932685 12.892089462140859
leaf_weight=50 294 29 26 197 31 43 24 30 57 20 28 191 22 53 200 29 20 34 70 38 515 20 25 69 24 831 22 20 29 26
leaf_count=50 294 29 26 197 31 43 24 30 57 20 28 191 22 53 200 29 20 34 70 38 515 20 25 69 24 831 22 20 29 26
internal_value=0.000891751 0.00154623 -0.000147679 0.00106423 -0.000555555 -0.00337838 -0.00214286 -0.00445946 -0.00240741 -0.00418367 -0.0075 0.00181818 0.000216192 0.000352113 -0.00100962 -0.00382353 -0.00200935 -0.00518518 0.00122496 0.0014687 0.0010217 0.00161877 0.000357143 0.00173259 0.00152651 0.0010981 -0.00478261 0.00141598 0.000882353 -0.00227273
internal_weight=3067 1882 1185 1588 405 185 154 111 81 98 48 220 1087 1065 416 136 107 54 649 623 553 1183 280 1163 1094 897 46 851 255 55
internal_count=3067 1882 1185 1588 405 185 154 111 81 98 48 220 1087 1065 416 136 107 54 649 623 553 1183 280 1163 1094 897 46 851 255 55
is_linear=0
shrinkage=0.05


Tree=78
num_leaves=31
num_cat=1
split_feature=1 11 1 0 7 10 10 3 6 10 10 0 5 5 5 3 5 5 5 3 1 7 7 1 5 10 0 6 1 1
split_gain=0.804664 1.47092 0.61546 0.466969 0.577989 0.490548 2.71107 0.544314 0.582616 0.450106 0.653536 0.390541 0.418073 0.361836 0.315144 0.283217 0.330014 0.288068 0.278551 0.247055 0.356315 0.259983 0.694444 0.433945 0.69304 0.614673 0.442193 0.542498 0.603336 0.39182
threshold=270358.84000000003 0 264311.82000000007 489052.80000000005 5.5000000000000009 99.500000000000014 90.500000000000014 371355.62642857147 110373.15389610942 146.50000000000003 171.50000000000003 1561492.3400000001 105817.25042322236 5088.3845341294082 149492.29939356982 483066.75000000006 95124.444919640286 152455.22732590305 4676.1847436001217 362402.9671428572 249520.31500000003 1.5000000000000002 1.0000000180025095e-35 121612.50000000001 12123.681795991719 58.500000000000007 161539.70000000004 102342.11368464198 149068.74500000002 128088.22000000002
decision_type=2 1 2 2 2 2 2 2 2 2 2 2 2 2 2 2 2 2 2 2 2 2 2 2 2 2 2 2 2 2
left_child=2 -2 13 4 5 6 -3 -7 -9 -10 -11 12 -5 18 19 16 -12 -18 -1 20 21 22 29 25 -25 -24 -26 28 -28 -15
right_child=1 3 -4 11 -6 7 -8 8 9 10 15 -13 -14 14 -16 -17 17 -19 -20 -21 -22 -23 23 24 26 -27 27 -29 -30 -31
leaf_value=1.0269231183036118 1688.0742688999428 37.926164133358114 -999.06489383986036 -742.06537046132917 2099.0935132273094 1662.4487408547247 -1834.3722041682222 -998.01559555126664 1214.3441626685094 -1282.3206597535582 -207.65985474436471 -3738.9710156978908 2381.1579353018637 29.961758179560292 3737.9122053258552 -938.04294493477573 1006.5461046927478 -490.48347474973571 -7.125202485963972 -677.39655833324377 851.70341482512288 5.7881641036686791 -80.055670685283346 -51.69596966635801 106.39670178844193 10.088273718146944 38.230572366299299 55.122873776319366 -230.81285494088343 -0.65197545985491967
leaf_weight=27 330 108 23 38 90 47 26 22 51 31 21 20 433 53 54 26 66 30 23 33 39 1124 20 23 25 62 22 21 52 127
leaf_count=27 330 108 23 38 90 47 26 22 51 31 21 20 433 53 54 26 66 30 23 33 39 1124 20 23 25 62 22 21 52 127
internal_value=0.000793936 0.00171397 8.10187e-05 0.000731109 -0.00030888 -0.00107477 -0.00358209 6.80274e-05 -0.000870445 -0.000111111 -0.00132184 0.00184318 0.00213376 0.000190616 0.000317221 0.000104895 0.00115385 0.00239583 -0.004 0.000190506 0.000280612 0.000160236 -0.000925926 -0.00277778 -0.00444056 0.000121951 -0.00291667 -0.00447368 -0.00648649 0.00138889
internal_weight=3067 1339 1728 1009 518 428 134 294 247 225 174 491 471 1705 1655 143 117 96 50 1601 1568 1529 405 225 143 82 120 95 74 180
internal_count=3067 1339 1728 1009 518 428 134 294 247 225 174 491 471 1705 1655 143 117 96 50 1601 1568 1529 405 225 143 82 120 95 74 180
cat_boundaries=0 1
cat_threshold=10
is_linear=0
shrinkage=0.05


Tree=79
num_leaves=31
num_cat=1
split_feature=1 11 1 5 5 4 3 5 10 10 10 3 2 3 9 5 2 3 10 10 7 2 5 5 5 4 5 4 1 2
split_gain=0.784559 1.43184 0.624259 0.570299 0.426952 1.02843 0.625851 0.407732 0.395085 0.555769 0.406349 0.331351 0.334005 0.307692 0.303497 0.367274 0.753463 0.49797 0.399222 0.576136 0.730489 0.288395 0.451735 0.831028 0.264571 0.383353 0.258456 0.473803 0.325964 0.338186
threshold=270358.84000000003 0 264311.82000000007 6233.2414089869762 126584.91272437781 513273.52767857147 378768.98714285722 142335.75914286054 174.50000000000003 114.50000000000001 233.50000000000003 1239903.2007142862 238189.11000000002 90806.161428571446 1.0000000180025095e-35 75007.560835817465 373014.69000000006 433234.90571428579 162.50000000000003 68.500000000000014 2.5000000000000004 82743.585000000006 41317.756906491202 30721.231188236601 171267.9743014519 491220.28318783076 149492.29939356982 397348.8176785715 249520.31500000003 246961.92500000002
decision_type=2 1 2 2 2 2 2 2 2 2 2 2 2 2 2 2 2 2 2 2 2 2 2 2 2 2 2 2 2 2
left_child=2 -2 3 8 5 14 7 -6 9 13 -10 12 -8 -1 15 16 -3 18 19 -17 -21 22 23 -5 -14 -26 27 28 29 -23
right_child=1 4 -4 21 6 -7 11 -9 10 -11 -12 -13 24 -15 -16 17 -18 -19 -20 20 -22 26 -24 -25 25 -27 -28 -29 -30 -31
leaf_value=16.302952190524184 1603.6705554549455 -1769.5488492507366 -949.11164914786741 42.558798192115376 366.93490984401149 -2077.2821744292214 -533.58115396075482 -1259.5506965606983 11.899707748943396 -3.9296408728138581 -15.32288916843043 -2654.5573142283765 2351.8175265596287 -14.208446285601031 2375.7608190073147 1450.5274185586322 2014.694230769506 -1017.019176058138 926.36500673543276 229.52843525062212 -1967.4831109681331 8.0378216916531127 62.118355760099746 -109.75819118169821 -356.99077318158953 2838.8745969038719 3551.0165950595629 -646.08788343377523 849.0955292784389 -81.244771419054402
leaf_weight=26 330 22 23 36 22 37 32 21 24 20 21 22 191 26 31 40 20 51 97 21 27 1294 38 33 46 329 54 21 42 70
leaf_count=26 330 22 23 36 22 37 32 21 24 20 21 22 191 26 31 40 20 51 97 21 27 1294 38 33 46 329 54 21 42 70
internal_value=0.000842843 0.00175131 0.000138889 0.000249267 0.000780177 -0.000635838 0.00153092 -0.00430233 -0.00311966 -0.00541667 0.000555556 0.00193548 0.00215719 -0.00269231 0.000307444 -0.000215827 -0.00452381 0.000550848 0.00175676 -0.000681818 -0.004375 0.000497481 -0.00200935 -0.00442029 0.00243816 0.00166667 0.000678596 0.000550105 0.000661451 0.000527859
internal_weight=3067 1339 1728 1705 1009 346 663 43 117 72 45 620 598 52 309 278 42 236 185 88 48 1588 107 69 566 375 1481 1427 1406 1364
internal_count=3067 1339 1728 1705 1009 346 663 43 117 72 45 620 598 52 309 278 42 236 185 88 48 1588 107 69 566 375 1481 1427 1406 1364
cat_boundaries=0 1
cat_threshold=10
is_linear=0
shrinkage=0.05


Tree=80
num_leaves=31
num_cat=0
split_feature=1 6 7 10 6 7 6 2 3 3 7 2 3 10 1 1 6 2 1 4 3 2 4 3 4 2 6 6 10 1
split_gain=0.704043 1.02707 0.56324 0.667861 0.584654 0.550954 0.546598 0.630209 0.462574 0.529289 0.474235 0.894015 1.30449 1.4132 0.705468 0.812282 0.873354 0.677876 0.527284 0.41315 0.944422 0.402425 1.70925 0.558198 0.707926 0.403981 0.470491 0.9 0.397796 0.652142
threshold=161367.42000000004 49149.38181282374 5.5000000000000009 250.50000000000003 68069.032986903228 1.0000000180025095e-35 15704.575568612183 188404.78000000003 224232.83928571432 235516.22000000003 2.5000000000000004 516985.39500000008 429899.63785714289 164.50000000000003 367511.24500000005 294526.96000000008 104009.62978997744 246961.92500000002 1028137.0450000002 389411.87053571432 377005.93500000011 152143.40500000003 147858.02321428576 127962.98357142859 124203.32375000003 82078.155000000013 30907.185220021776 38761.893008739375 101.50000000000001 141400.81000000003
decision_type=2 2 2 2 2 2 2 2 2 2 2 2 2 2 2 2 2 2 2 2 2 2 2 2 2 2 2 2 2 2
left_child=21 6 3 4 -3 -6 7 -2 -7 -10 11 12 14 -14 15 16 -11 -12 19 -19 -21 23 -23 24 25 26 -1 -28 -24 -30
right_child=1 2 -4 -5 5 8 -8 -9 9 10 17 -13 13 -15 -16 -17 -18 18 -20 20 -22 22 28 -25 -26 -27 27 -29 29 -31
leaf_value=31.069220370621423 228.6903763643742 -279.32343440920357 1697.1152201908674 1452.9071750282383 1178.5283155160976 155.89725667687105 555.63787797585735 -119.57201294912086 -585.96563968796511 -198.61856006839025 643.64323742667261 1010.8859136728752 -318.5987122061938 -1185.826329642319 1175.8908857026406 -837.63587902002337 89.329249695004648 386.55952663542882 12412.515780253423 -1318.9902797396774 -197.04986207861782 -100.81540360362038 72.204714581876175 21.680331033915547 -154.52752885557928 0.8017141041684126 -254.6087140547657 63.958689689294658 150.66308074414297 -92.194284663684599
leaf_weight=41 134 29 219 69 226 96 328 20 28 26 88 142 37 31 45 24 48 95 57 29 266 34 55 349 46 369 20 20 28 38
leaf_count=41 134 29 219 69 226 96 328 20 28 26 88 142 37 31 45 24 48 95 57 29 266 34 55 349 46 369 20 20 28 38
internal_value=0.000686533 0.00121993 0.000594855 0.000209581 -5.13021e-05 0.000113086 0.00323651 0.000779221 -0.000385375 -0.000731441 -0.000518018 -0.00194051 -0.00400474 -0.00970588 -0.00129371 -0.00367347 -0.00108108 0.000420561 -0.000369127 -0.00102564 -0.00194915 -0.0004 -0.00274194 2.9586e-05 -0.00104839 -0.000444444 -0.00364198 -0.0075 4.13225e-05 -0.00257576
internal_weight=3037 2037 1555 1336 1267 1238 482 154 1012 916 888 353 211 68 143 98 74 535 447 390 295 1000 155 845 496 450 81 40 121 66
internal_count=3037 2037 1555 1336 1267 1238 482 154 1012 916 888 353 211 68 143 98 74 535 447 390 295 1000 155 845 496 450 81 40 121 66
is_linear=0
shrinkage=0.05


Tree=81
num_leaves=31
num_cat=0
split_feature=0 6 7 10 5 0 7 6 0 6 5 4 0 6 0 4 0 0 5 2 2 5 2 0 6 6 4 10 10 2
split_gain=0.589192 1.19488 0.588982 0.808981 0.5213 0.606033 0.428492 0.569763 0.542135 0.879262 0.573413 1.02083 0.450785 1.14843 1.29574 0.76639 0.503352 0.808812 0.662778 0.46593 1.51686 0.475365 0.402365 0.438596 0.40581 0.40734 0.40264 0.502446 0.741743 0.404291
threshold=175875.62500000003 44578.192004132761 5.5000000000000009 244.50000000000003 47685.674120121177 206522.35000000003 1.0000000180025095e-35 73711.586295707573 527967.51000000013 281981.5255516576 127358.78526881667 449424.16089285718 335049.23500000004 111103.17560738053 372629.17500000005 397348.8176785715 372629.17500000005 432248.34500000003 160148.23591941161 373014.69000000006 440523.68500000006 122700.24752052366 82078.155000000013 132294.65000000005 168585.86737647827 86000.256911015575 219480.8835714286 67.500000000000014 71.500000000000014 152143.40500000003
decision_type=2 2 2 2 2 2 2 2 2 2 2 2 2 2 2 2 2 2 2 2 2 2 2 2 2 2 2 2 2 2
left_child=22 -2 3 4 -3 -6 7 -7 9 12 11 -10 19 14 -14 -15 -17 -18 -19 21 -21 -8 23 -1 25 26 27 -24 -29 -30
right_child=1 2 -4 -5 5 6 8 -9 10 -11 -12 -13 13 15 -16 16 17 18 -20 20 -22 -23 24 -25 -26 -27 -28 28 29 -31
leaf_value=-28.502078528031053 347.2860816051533 -243.89298434789237 1619.0185326141991 1239.7399486858451 138.59416612813922 -189.6863064342223 203.68578744900677 1247.0667869750209 886.64766227015843 -879.42460532773703 2024.5910116973801 -2640.1584136575893 -1067.3347590005326 1212.3308410731281 -75.979293691222182 2702.9007596384167 -2532.6556637304971 1113.5375440850385 -1810.4442154355675 -1164.9155799344112 3528.3236021290431 -143.45675244511443 37.219258956892901 -211.05232697805914 -747.11594265944734 231.33021430474525 -69.586424844458847 -85.624279834341337 1.3557728834272387 -22.755028241979744
leaf_weight=75 339 24 219 99 105 23 160 196 24 39 288 24 21 66 41 26 39 41 23 25 32 33 217 20 21 41 40 20 521 195
leaf_count=75 339 24 219 99 105 23 160 196 24 39 288 24 21 66 41 26 39 41 23 25 32 33 217 20 21 41 40 20 521 195
internal_value=0.000587751 0.00113143 0.000542636 0.000146727 -0.000203252 -5.80429e-05 -0.000404178 0.00157534 -0.000895691 -0.00186813 0.000684524 -0.004375 -0.00131164 -0.0027821 -0.00870968 -0.000897436 -0.00313953 -0.00470874 -0.00125 0.0002 -0.00377193 0.00137306 -0.000304348 -0.00342105 -2.36965e-05 0.000116054 -8.5599e-05 0.000120672 -0.000502717 -0.00023743
internal_weight=3037 1887 1548 1329 1230 1206 1101 219 882 546 336 48 507 257 62 195 129 103 64 250 57 193 1150 95 1055 1034 993 953 736 716
internal_count=3037 1887 1548 1329 1230 1206 1101 219 882 546 336 48 507 257 62 195 129 103 64 250 57 193 1150 95 1055 1034 993 953 736 716
is_linear=0
shrinkage=0.05


Tree=82
num_leaves=31
num_cat=1
split_feature=2 11 4 6 4 6 3 5 10 4 10 2 10 10 1 3 4 6 3 10 6 5 5 8 10 6 2 3 2 1
split_gain=0.653096 1.58011 0.443505 0.540079 0.541625 0.754156 0.853047 0.534012 0.507936 0.448828 0.439403 0.425474 0.367983 1.06045 1.01857 0.44067 0.561286 0.707516 0.512418 0.48383 0.502134 0.912969 0.416249 0.395213 0.596588 0.626235 0.951452 0.381367 0.486659 0.342471
threshold=255935.42000000004 0 903807.27875000006 281981.5255516576 398491.41375000007 128585.338348404 409974.92000000004 246339.76032281623 216.50000000000003 1099443.6676785718 152.50000000000003 246961.92500000002 242.50000000000003 233.50000000000003 163701.77000000005 126039.56857142858 175375.88928571434 14282.094253043097 120103.61071428572 204.50000000000003 36254.742854633783 33096.056138908629 4874.8839069713058 1.0000000180025095e-35 69.500000000000014 11947.207803772782 135223.47000000003 214445.65142857147 216459.97500000001 89777.440000000017
decision_type=2 1 2 2 2 2 2 2 2 2 2 2 2 2 2 2 2 2 2 2 2 2 2 2 2 2 2 2 2 2
left_child=11 -2 3 4 10 6 -6 -5 -8 -4 -3 12 13 15 -15 18 23 -18 19 20 21 22 -1 -17 -25 26 -26 -19 -29 -22
right_child=1 2 9 7 5 -7 8 -9 -10 -11 -12 -13 -14 14 -16 16 17 27 -20 -21 29 -23 -24 24 25 -27 -28 28 -30 -31
leaf_value=-36.299007076201399 1201.4231090638671 22.58884087573848 9069.0621466419161 -802.7055241601538 -2079.597380214956 96.772372602008616 -1488.570951697199 -151.64912001999309 3317.3739597571835 -955.2219631641409 1275.8442138424543 -173.91748112743272 13.990463293900172 -76.464758894764245 360.83141633062337 63.77908061112926 -86.987375214094271 175.5961707005327 -62.798666007097808 31.308988820365609 -45.752503730444879 -120.31095564848006 -1.1290572127671605 158.17769128473952 44.435755405092458 18.972400296691539 -99.258530332501749 -62.552126349432569 110.4499986917251 39.885597906827407
leaf_weight=24 346 159 127 37 34 381 42 39 21 69 155 26 135 30 23 368 20 84 121 38 34 20 182 38 21 77 20 197 93 76
leaf_count=24 346 159 127 37 34 381 42 39 21 69 155 26 135 30 23 368 20 84 121 38 34 20 182 38 21 77 20 197 93 76
internal_value=0.00048897 0.0012766 0.000297952 -0.000184332 0.00020202 -0.00085774 -0.00479381 -0.00421053 -0.00134921 0.00244898 0.00181529 -0.000193608 -9.05682e-05 -0.0003206 -0.00726415 -6.01555e-05 0.000588235 -0.000837563 -0.00126263 -0.000347593 -0.000952381 -0.00230088 -0.00131068 0.00166031 -0.000448718 -0.00220339 -0.00719512 -0.000347593 -0.0012069 0.00181818
internal_weight=3037 1410 1064 868 792 478 97 76 63 196 314 1627 1601 1466 53 1413 918 394 495 374 336 226 206 524 156 118 41 374 290 110
internal_count=3037 1410 1064 868 792 478 97 76 63 196 314 1627 1601 1466 53 1413 918 394 495 374 336 226 206 524 156 118 41 374 290 110
cat_boundaries=0 1
cat_threshold=10
is_linear=0
shrinkage=0.05


Tree=83
num_leaves=31
num_cat=1
split_feature=1 11 1 7 1 7 7 0 0 10 1 0 4 1 10 5 5 1 4 9 7 7 10 5 4 6 4 3 1 1
split_gain=0.630815 1.7314 0.627653 0.549635 1.17583 0.51584 0.626253 0.816177 0.651626 0.486274 0.47928 0.4 0.386395 0.404281 0.363091 0.394824 0.408566 0.422855 0.362823 0.361229 0.395533 0.352394 1.29681 0.966376 0.344744 0.767882 0.904855 0.602007 0.329089 0.527888
threshold=270358.84000000003 0 349418.68500000006 2.5000000000000004 319151.15000000008 1.0000000180025095e-35 1.5000000000000002 339188.5500000001 287155.59500000003 236.50000000000003 238943.76000000004 500171.74000000005 391963.17375000002 249520.31500000003 231.50000000000003 391598.77079542173 315812.98684371059 1028137.0450000002 217614.23589285716 1.0000000180025095e-35 5.5000000000000009 4.5000000000000009 174.50000000000003 156314.5847961297 867306.46678571438 194078.48410926841 508332.40803571435 572687.07071428583 164631.90500000003 132956.40500000003
decision_type=2 1 2 2 2 2 2 2 2 2 2 2 2 2 2 2 2 2 2 2 2 2 2 2 2 2 2 2 2 2
left_child=5 18 3 4 11 -1 7 8 28 14 -8 -3 13 -12 15 16 17 19 -2 20 21 24 23 -23 25 -4 -27 -28 29 -7
right_child=1 2 9 -5 -6 6 10 -9 -10 -11 12 -13 -14 -15 -16 -17 -18 -19 -20 -21 -22 22 -24 -25 -26 26 27 -29 -30 -31
leaf_value=27.119294225290083 -35.253053383305392 874.31020467460405 342.33861803363226 113.48407990218242 -1048.0790968298245 -5.2761019094648818 0.95282962623993428 -179.35665773831965 173.62358242220594 3566.0290966225134 -138.68799210537776 -215.95210044037981 -556.70149344724052 373.01782416131459 -1593.491165330154 11592.79553813739 -1936.8980117560202 7261.5833189035329 1390.7772064171331 2909.6175111460411 1689.5357682907752 -3745.7687780357937 2577.0614283331433 -940.68139458490214 11098.212833260433 -948.55185124493255 3757.44698737112 -5953.9825347451506 290.60246347176911 -36.063831023764898
leaf_weight=207 23 20 249 98 34 93 1148 33 31 101 21 20 25 33 23 65 79 50 293 54 77 20 24 21 29 21 20 26 55 44
leaf_count=207 23 20 249 98 34 93 1148 33 31 101 21 20 25 33 23 65 79 50 293 54 77 20 24 21 29 21 20 26 55 44
internal_value=0.000406651 0.00121381 0.000196926 -0.00255814 -0.00581081 -0.000236686 -0.000563048 -0.0028125 -0.00172646 0.000750873 -9.37243e-05 1.86265e-10 -0.00386076 -0.00148148 0.000316623 0.000510204 0.000149254 0.000600677 0.0043865 0.000194085 -0.000236139 -0.000853658 -0.00423077 -0.00963415 -0.000217391 -0.000696202 -0.00544776 -0.00152174 -0.0028125 -0.00412409
internal_weight=3037 1347 1031 172 74 1690 1483 256 223 859 1227 40 79 54 758 735 670 591 316 541 487 410 65 41 345 316 67 46 192 137
internal_count=3037 1347 1031 172 74 1690 1483 256 223 859 1227 40 79 54 758 735 670 591 316 541 487 410 65 41 345 316 67 46 192 137
cat_boundaries=0 1
cat_threshold=10
is_linear=0
shrinkage=0.05


Tree=84
num_leaves=31
num_cat=2
split_feature=2 11 5 7 6 3 2 3 0 0 5 2 5 5 11 0 10 5 0 0 0 4 10 6 4 5 0 4 7 2
split_gain=0.583634 1.74025 0.590719 1.01248 1.50696 0.86733 0.601164 0.587587 0.469241 0.540833 0.421479 0.417271 0.415043 0.336255 0.349176 0.541302 0.883117 0.670624 0.711109 1.58236 0.716914 0.657392 0.530377 0.413741 0.774352 0.321431 0.324811 0.318683 0.335682 0.476565
threshold=255935.42000000004 0 126584.91272437781 1.5000000000000002 203900.31071073347 386413.44285714289 313429.03000000009 380580.67428571434 420963.16000000009 343228.20500000007 104116.03570179307 246961.92500000002 156314.5847961297 4874.8839069713058 1 255614.00000000003 91.500000000000014 41317.756906491202 142611.07500000004 156764.76500000004 97677.235000000015 122659.70982142859 35.500000000000007 14282.094253043097 175102.33928571429 42995.228707665905 215522.93500000003 393615.5246428572 2.5000000000000004 538185.72500000009
decision_type=2 1 2 2 2 2 2 2 2 2 2 2 2 2 1 2 2 2 2 2 2 2 2 2 2 2 2 2 2 2
left_child=11 -2 3 -3 5 -5 -7 12 9 -8 -10 13 -4 -1 22 17 -17 18 20 -20 -16 -21 -15 24 -24 -19 -27 -9 29 -29
right_child=1 2 7 4 -6 6 8 27 10 -11 -12 -13 -14 14 15 16 -18 25 19 21 -22 -23 23 -25 -26 26 -28 28 -30 -31
leaf_value=-18.174304801739492 1071.8130932898159 667.50991834836975 -3.6826369572522459 278.25458300785976 -1125.5658669992551 -218.35272122240224 61.989328746363178 2619.5586652446218 2727.3546698384603 -1401.4124276634993 -2926.749741430076 -172.51048885899695 -1555.9762217197467 72.999407588028745 -63.200147577006511 149.73631165994877 -176.5043087072803 199.15485755596566 -193.06354529810233 -57.094434589754599 56.660982218409963 242.73022843428109 0.21262919325780452 249.4491945089265 -82.816480220655933 0.60622230888303741 442.24712504234935 -581.15329535503383 2281.7537830047368 1138.1937232135526
leaf_weight=35 346 124 38 83 25 20 33 57 26 37 21 26 26 69 83 44 68 41 22 23 94 29 416 135 20 468 54 75 342 157
leaf_count=35 346 124 38 83 25 20 33 57 26 37 21 26 26 69 83 44 68 41 22 23 94 29 416 135 20 468 54 75 342 157
internal_value=0.000390188 0.00113475 0.000111732 -0.00150406 -0.00336735 -0.00204545 -0.00448905 0.000971223 -0.00311966 -0.00571429 0.000744681 -0.00025507 -0.00359375 -0.000153029 -4.46997e-05 -0.000662393 -0.00392857 -0.00022113 -0.00237052 -0.00648649 -0.000649717 -0.00173077 0.000846154 0.000359019 -0.000389908 0.000737123 0.000402299 0.00143423 0.00108014 -0.000387931
internal_weight=3037 1410 1064 369 245 220 137 695 117 70 47 1627 64 1601 1566 926 112 814 251 74 177 52 640 571 436 563 522 631 574 232
internal_count=3037 1410 1064 369 245 220 137 695 117 70 47 1627 64 1601 1566 926 112 814 251 74 177 52 640 571 436 563 522 631 574 232
cat_boundaries=0 1 2
cat_threshold=10 12
is_linear=0
shrinkage=0.05


Tree=85
num_leaves=31
num_cat=1
split_feature=11 6 10 7 1 0 0 1 6 0 4 1 6 1 0 0 7 4 10 1 10 7 7 6 2 6 4 4 0 10
split_gain=0.669939 1.11991 0.764487 0.720737 0.686825 0.576476 0.899284 0.89725 1.16182 0.921735 0.496048 0.559611 0.903939 0.468298 0.510204 1.06035 0.374928 0.647239 0.371246 0.347487 0.346303 0.523892 0.824789 0.698182 0.539839 0.548479 0.664292 0.625 0.390095 0.363152
threshold=0 16341.253995278885 45.500000000000007 5.5000000000000009 187290.01500000004 407826.83000000007 339188.5500000001 524288.31500000006 114825.00221141933 366146.72000000003 396645.29946428578 411838.23500000004 136501.98635866327 88895.295000000013 128401.895 135054.09000000005 1.5000000000000002 501511.33589285723 30.500000000000004 86154.595000000016 151.50000000000003 1.5000000000000002 2.5000000000000004 121145.85760887423 185465.33000000005 75939.08489602503 383706.95732142864 414646.92553571431 262709.99500000005 207.50000000000003
decision_type=1 2 2 2 2 2 2 2 2 2 2 2 2 2 2 2 2 2 2 2 2 2 2 2 2 2 2 2 2 2
left_child=1 2 -1 5 -4 6 13 8 9 -8 -7 12 -12 18 -15 -16 -14 -18 -2 -20 21 28 23 -23 -24 -26 -27 -28 -17 -22
right_child=3 -3 4 -5 -6 10 7 -9 -10 -11 11 -13 16 14 15 20 17 -19 19 -21 29 22 24 -25 25 26 27 -29 -30 -31
leaf_value=66.267467544344896 -117.10638748673856 973.67310195953087 1.5899190959696305 668.75633673384152 -163.87481594316114 1324.0567903113219 -768.63324361244668 -2862.2082383365805 954.68886977030115 -13.457317560624544 -2108.1674101314602 678.24958439897841 6777.052155019368 18.065539634964619 -678.91577386264737 -4.8655886712527368 2632.6207929957291 -629.2771856202703 1.145107695782779 -68.086092934380176 172.50080769984464 -16.059872442945437 297.45907940279955 -701.77938799392473 -187.07911030691577 263.459220782655 -869.74242499257252 1424.4226681470006 450.29958277344713 -11.517689444568493
leaf_weight=90 26 207 499 332 22 157 25 33 75 34 29 407 24 226 21 88 28 33 85 25 153 55 46 20 20 76 20 20 46 168
leaf_count=90 26 207 499 332 22 157 25 33 75 34 29 407 24 226 21 88 28 33 85 25 153 55 46 20 20 76 20 20 46 168
internal_value=0.000582524 0.00179952 0.000744681 0.000135846 9.59712e-06 -0.000231959 -0.000863708 -0.00428144 -0.00246269 -0.00771186 0.000943953 0.000201536 -0.00289474 -0.000342466 4.69241e-05 -0.000593451 -0.000294117 -0.00237705 -0.00308824 -0.00181818 -0.000266854 -0.00126598 -0.00258755 -0.007 -0.000769231 -0.00235294 -0.00103448 -0.00625 0.00126866 0.000950156
internal_weight=3090 818 611 2272 521 1940 1262 167 134 59 678 521 114 1095 959 733 85 61 136 110 712 391 257 75 182 136 116 40 134 321
internal_count=3090 818 611 2272 521 1940 1262 167 134 59 678 521 114 1095 959 733 85 61 136 110 712 391 257 75 182 136 116 40 134 321
cat_boundaries=0 1
cat_threshold=8
is_linear=0
shrinkage=0.05


Tree=86
num_leaves=31
num_cat=1
split_feature=11 6 10 1 7 2 0 0 10 1 6 2 10 4 6 6 1 6 1 0 0 6 2 4 10 1 10 2 0 10
split_gain=0.622144 1.1634 0.794173 0.671663 0.533158 0.598948 0.527044 0.941467 0.848185 0.880414 0.890778 0.802874 0.648214 0.589118 0.565586 0.591495 0.650202 1.25537 0.499967 0.390868 0.376099 0.375798 0.469413 0.709046 0.371246 0.347487 0.328217 0.316852 0.886364 0.315223
threshold=0 16341.253995278885 45.500000000000007 187290.01500000004 5.5000000000000009 149373.40000000005 407826.83000000007 339188.5500000001 229.50000000000003 524288.31500000006 144669.74872500729 321865.21000000002 142.50000000000003 399269.9537500001 216769.50933962673 198991.00324744967 443407.32000000007 129809.57337370444 88895.295000000013 142611.07500000004 1561492.3400000001 40046.088382577611 140536.59500000003 154388.71630952385 30.500000000000004 86154.595000000016 51.500000000000007 516985.39500000008 523564.02500000008 231.50000000000003
decision_type=1 2 2 2 2 2 2 2 2 2 2 2 2 2 2 2 2 2 2 2 2 2 2 2 2 2 2 2 2 2
left_child=1 2 -1 -4 6 -6 7 18 9 10 11 12 -9 26 15 16 17 -15 24 -20 -16 -21 23 -23 -2 -26 -8 28 -18 -7
right_child=4 -3 3 -5 5 29 13 8 -10 -11 -12 -13 -14 14 20 -17 27 -19 19 21 -22 22 -24 -25 25 -27 -28 -29 -30 -31
leaf_value=62.954094167127828 -111.25106811240158 924.98944686155505 1.5104231411708631 -155.68107514600331 -101.26011458246035 913.06149301423693 -278.15337497329932 -1452.1777611285834 2123.7712916897704 -3484.0182767768256 3011.8544912958841 -6.2932043661092196 -180.9576278475825 -4018.5640803729348 4727.2167135713698 -762.64463002602861 5139.0631550722646 -331.86908324807769 12.946215261996485 -36.371069338272882 -4373.0034062915247 47.506874989647514 1.6456295448339255 -172.50976209875392 1.0878523109933194 -64.681788287661362 1372.2354817260127 6021.1412095968335 -1211.8503048754512 -494.53002067039461
leaf_weight=90 26 207 499 22 40 253 20 28 30 26 22 41 20 20 260 25 26 76 276 39 20 23 579 42 85 25 148 61 22 39
leaf_count=90 26 207 499 22 40 253 20 28 30 26 22 41 20 20 260 25 26 76 276 39 20 23 579 42 85 25 148 61 22 39
internal_value=0.000566343 0.00173913 0.000662848 -8.63722e-05 0.000135846 0.00198795 -0.000180412 -0.000784469 -0.00428144 -0.0059489 -0.00400901 -0.00623595 -0.010625 0.000943953 9.80394e-05 -0.00173913 -0.000853658 -0.00385417 -0.000251141 0.000151199 0.00160714 -0.000490483 -0.000201863 -0.00423077 -0.00308824 -0.00181818 0.0035119 0.00178899 -0.00125 0.00277397
internal_weight=3090 818 611 521 2272 332 1940 1262 167 137 111 89 48 678 510 230 205 96 1095 959 280 683 644 65 136 110 168 109 48 292
internal_count=3090 818 611 521 2272 332 1940 1262 167 137 111 89 48 678 510 230 205 96 1095 959 280 683 644 65 136 110 168 109 48 292
cat_boundaries=0 1
cat_threshold=8
is_linear=0
shrinkage=0.05


Tree=87
num_leaves=31
num_cat=1
split_feature=11 4 10 2 5 3 4 4 10 3 0 9 2 5 2 3 5 5 5 0 4 0 10 0 0 3 0 3 0 10
split_gain=0.511659 1.16897 0.799441 0.734439 0.580585 1.08931 0.795016 0.924205 0.705944 0.853535 1.42446 0.653764 0.648982 1.2149 0.846342 0.727651 0.625 0.553846 0.533648 0.623605 0.727706 0.720475 0.614875 0.514703 0.470383 0.465752 0.451196 0.558945 0.652497 0.36
threshold=0 176029.3492857143 45.500000000000007 188404.78000000003 96117.070071128575 224232.83928571432 387813.85142857145 476945.73303571431 190.50000000000003 396004.79571428575 405023.70000000007 1.0000000180025095e-35 342665.44500000001 82515.176084094041 553620.76000000013 242178.02500000005 144382.88999112198 87869.833572332165 41317.756906491202 143496.31500000003 122659.70982142859 98820.410000000018 30.500000000000004 178055.21000000005 337547.21500000003 1239903.2007142862 251152.76500000004 433234.90571428579 523564.02500000008 160.50000000000003
decision_type=1 2 2 2 2 2 2 2 2 2 2 2 2 2 2 2 2 2 2 2 2 2 2 2 2 2 2 2 2 2
left_child=1 2 -1 -4 5 18 23 8 9 -8 24 12 13 15 -14 -7 -12 -15 19 21 -21 22 -2 -6 -11 -9 -10 -28 -29 -19
right_child=4 -3 3 -5 6 11 7 25 26 10 16 -13 14 17 -16 -17 -18 29 -20 20 -22 -23 -24 -25 -26 -27 27 28 -30 -31
leaf_value=58.926406029088916 -69.444951476929617 1061.8293312236681 1.302185396779552 -154.29158650678991 -729.37297445523416 -539.40276912723425 229.4826419357361 1367.5150233759566 -723.49962092929991 -1121.7602857387681 3140.0440199546492 1266.606168522796 209.69470013851924 407.46104195178089 -2156.8502968345015 -1929.2225267379918 -2738.478047619365 -918.26550763337389 8.8186610399483722 -48.850408069026685 -9.1248375202999323 64.010891794811215 -0.56181945335908134 649.95189455652019 -677.29755394164067 -4618.5123334770533 733.0778565246743 3285.2389089492303 -1346.963737658733 143.72022805623203
leaf_weight=89 23 202 506 21 21 37 66 531 22 21 20 31 78 20 24 26 20 25 568 35 42 86 62 313 20 24 96 21 20 20
leaf_count=89 23 202 506 21 21 37 66 531 22 21 20 31 78 20 24 26 20 25 568 35 42 86 62 313 20 24 96 21 20 20
internal_value=0.000614887 0.00167874 0.000616883 -0.000123339 0.000223488 -0.000617456 0.000983264 0.000180023 -0.00202614 -0.00452381 -0.00796296 -0.00342912 -0.00434783 -0.00671875 -0.00137255 -0.0116667 -0.00125 -0.00192308 0.000281863 -0.00165323 -0.00538961 2.924e-05 -0.00323529 0.00305389 -0.0145122 0.0013964 0.000283019 0.00135037 -0.00353659 -0.005
internal_weight=3090 818 616 527 2272 1077 1195 861 306 147 81 261 230 128 102 63 40 65 816 248 77 171 85 334 41 555 159 137 41 45
internal_count=3090 818 616 527 2272 1077 1195 861 306 147 81 261 230 128 102 63 40 65 816 248 77 171 85 334 41 555 159 137 41 45
cat_boundaries=0 1
cat_threshold=8
is_linear=0
shrinkage=0.05


Tree=88
num_leaves=31
num_cat=1
split_feature=2 11 2 6 4 7 3 10 10 10 4 6 2 10 7 3 3 3 1 1 0 6 1 0 3 1 7 0 0 6
split_gain=0.457494 1.47953 0.999292 2.51443 1.05296 0.798089 0.676091 0.654029 0.913984 0.571883 0.471373 0.663324 0.389714 0.393964 0.387376 0.387368 1.60809 0.387988 0.540875 0.492812 0.448148 0.381676 0.379215 0.635992 0.407466 0.60058 0.465702 0.543065 0.385464 0.455196
threshold=235267.88000000003 0 195687.98500000002 43283.204674816698 221461.39178571434 1.5000000000000002 239054.94642857145 192.50000000000003 81.500000000000014 101.50000000000001 388845.3776785715 107906.13446047829 178656.47000000003 197.50000000000003 1.0000000180025095e-35 378768.98714285722 371355.62642857147 1239903.2007142862 869690.97500000021 748649.40000000014 771630.27000000014 398738.94413311017 189859.16500000001 317020.21500000003 128882.97285714287 124960.78500000002 1.5000000000000002 129389.77 63974.165000000008 42898.718367399662
decision_type=2 1 2 2 2 2 2 2 2 2 2 2 2 2 2 2 2 2 2 2 2 2 2 2 2 2 2 2 2 2
left_child=2 -2 12 -4 -5 -6 9 8 -7 -3 -8 -12 14 -14 -1 16 -13 18 19 -17 -21 -20 24 -24 25 28 27 -26 -16 -30
right_child=1 6 3 4 5 7 10 -9 -10 -11 11 15 13 -15 22 17 -18 -19 21 20 -22 -23 23 -25 26 -27 -28 -29 29 -31
leaf_value=20.756015880969628 739.97516591327224 139.45898955474118 -157.16045419197229 511.77617298784867 -624.40718158757375 -639.68699381407941 1113.9584244690523 -131.73926928360257 214.41048314535675 -149.26889253436835 -418.31312904697825 2131.6563888998312 131.89712628464034 -54.999208957998206 -24.079383748279522 173.30435992583367 -1490.3202877777173 -4387.5867168032019 7031.3121573799262 849.60388786030626 -2574.110873462585 147.6442356902572 -343.0441986201285 306.21194905584736 -28.517778659961124 -121.67096287013266 42.478266492058523 2.0075231989907332 2.3452479587594404 -60.493651295162351
leaf_weight=137 404 29 20 59 23 23 163 20 50 26 41 48 128 38 21 530 20 24 142 24 30 44 39 31 27 38 422 66 338 85
leaf_count=137 404 29 20 59 23 23 163 20 50 26 41 48 128 38 21 530 20 24 142 24 30 44 39 31 27 38 422 66 338 85
internal_value=0.000744337 0.00136066 0.00014377 -0.00320513 -0.00128571 -0.00405172 0.000402299 -0.00198925 0.00020548 -0.005 0.000684803 0.000238095 0.000620438 0.00289157 0.000307309 0.000533643 -0.00308824 0.000843829 0.00103896 0.000291096 -0.00425926 0.0033871 -1.40579e-05 -0.00357143 0.000235707 -0.000809128 0.00121359 -0.00198925 -0.000292793 3.54612e-05
internal_weight=3090 1525 1565 195 175 116 1121 93 73 55 1066 903 1370 166 1204 862 68 794 770 584 54 186 1067 70 997 482 515 93 444 423
internal_count=3090 1525 1565 195 175 116 1121 93 73 55 1066 903 1370 166 1204 862 68 794 770 584 54 186 1067 70 997 482 515 93 444 423
cat_boundaries=0 1
cat_threshold=10
is_linear=0
shrinkage=0.05


Tree=89
num_leaves=31
num_cat=1
split_feature=11 1 10 5 3 1 6 4 6 4 3 3 0 7 0 6 1 1 1 3 10 4 10 3 7 5 6 0 1 4
split_gain=0.476446 1.14093 0.765386 0.540957 0.922602 0.76698 0.752163 0.732055 0.572509 0.568111 0.76201 0.673779 0.54688 0.723996 0.514703 0.49156 0.478139 0.463055 0.416082 0.626559 0.515625 0.392339 0.482995 0.596362 0.566762 0.557576 0.452308 0.428571 0.385073 0.38018
threshold=0 207858.23500000002 45.500000000000007 96117.070071128575 221093.87285714291 327504.38500000007 46507.085542017601 387813.85142857145 121803.69412352426 760962.83553571452 1206016.0507142858 559270.46428571444 332528.43500000006 2.5000000000000004 178055.21000000005 194078.48410926841 428246.89500000008 185828.83500000002 88895.295000000013 124524.91428571429 30.500000000000004 476945.73303571431 209.50000000000003 455748.94642857148 2.5000000000000004 140885.12103858995 127006.17951327014 299583.55000000005 330995.43000000011 302755.76558035723
decision_type=1 2 2 2 2 2 2 2 2 2 2 2 2 2 2 2 2 2 2 2 2 2 2 2 2 2 2 2 2 2
left_child=1 2 -1 4 6 8 18 14 29 11 -11 21 -7 -14 -5 -13 -15 -4 19 20 -2 22 23 24 25 -9 28 -28 -26 -6
right_child=3 -3 17 7 5 12 -8 9 -10 10 -12 15 13 16 -16 -17 -18 -19 -20 -21 -22 -23 -24 -25 26 -27 27 -29 -30 -31
leaf_value=54.982839900014191 -62.811899009592757 987.86285660708381 1.1198137290026549 -699.87727407195985 -202.70768928177952 1527.9689698021211 39.36653002593161 864.86811195681264 -384.88566001199706 6700.8032386942259 -3602.6726000337931 487.79064733305631 695.14121516086323 -1887.2724836816133 588.69146932693604 -3102.3532300958236 -900.71374973743991 -143.2603846987696 0.22697374381453908 -244.45310436286792 24.99226859059555 914.06071375600504 272.59908227275577 -556.96043024333051 -614.8056990657293 -226.35027132832343 -908.08385677824378 -1935.3713306293994 403.03934906476263 1500.8892773451782
leaf_weight=88 24 204 506 21 126 39 316 46 23 256 36 23 50 22 313 45 20 20 342 31 64 199 113 23 24 20 21 27 28 20
leaf_count=88 24 204 506 21 126 39 316 46 23 256 36 23 50 22 313 45 20 20 342 31 64 199 113 23 24 20 21 27 28 20
internal_value=0.000711974 0.00173913 0.000684039 0.000333041 -0.00047818 -0.00283333 0.000431146 0.00106695 -0.00505917 0.000296167 0.00208904 -0.000623901 3.81681e-05 -0.00206522 0.00305389 -0.00529412 -0.00690476 -3.80226e-05 -0.000856833 -0.00340336 -0.00125 9.98023e-06 -0.00112583 -0.00267196 -0.00162651 0.0019697 -0.004 -0.0075 -0.000769231 -0.00390411
internal_weight=3090 818 614 2272 1077 300 777 1195 169 861 292 569 131 92 334 68 42 526 461 119 88 501 302 189 166 66 100 48 52 146
internal_count=3090 818 614 2272 1077 300 777 1195 169 861 292 569 131 92 334 68 42 526 461 119 88 501 302 189 166 66 100 48 52 146
cat_boundaries=0 1
cat_threshold=8
is_linear=0
shrinkage=0.05


Tree=90
num_leaves=31
num_cat=1
split_feature=5 7 7 3 11 1 3 6 6 10 5 3 6 1 7 2 1 1 3 5 7 6 6 5 3 1 5 1 6 3
split_gain=0.579251 0.829014 0.660099 0.900845 0.463702 0.914894 0.489 1.04897 0.544395 0.519269 0.530483 0.871111 0.709707 0.443699 0.401565 0.592992 0.517238 0.318383 0.37494 0.303303 0.302535 0.329532 0.371725 0.370182 0.308024 0.477768 0.391653 0.715909 0.382138 0.493226
threshold=7832.736497676392 5.5000000000000009 1.5000000000000002 91740.601428571434 0 220791.11500000002 798706.82857142866 281981.5255516576 286953.74001711066 24.500000000000004 55704.832022349023 115243.72857142858 121803.69412352426 183060.98000000001 3.5000000000000004 516985.39500000008 618973.59500000009 98692.750000000015 90550.175714285724 217629.27568927195 1.0000000180025095e-35 44578.192004132761 71855.134435943764 52209.070545177608 464564.0450000001 483238.4150000001 120328.82646153282 245193.81000000003 114019.63656086488 301883.79785714293
decision_type=2 2 2 2 1 2 2 2 2 2 2 2 2 2 2 2 2 2 2 2 2 2 2 2 2 2 2 2 2 2
left_child=1 2 3 -1 5 13 7 9 -9 10 11 -6 -12 -2 15 16 20 18 -4 -17 21 -11 23 -23 25 26 28 -28 29 -22
right_child=4 -3 17 -5 6 -7 -8 8 -10 14 12 -13 -14 -15 -16 19 -18 -19 -20 -21 24 22 -24 -25 -26 -27 27 -29 -30 -31
leaf_value=1.1045504413078395 16.652368784126775 -54.989545871257782 12.537389665302962 -72.894176929942475 -13.086110949409846 1036.4396610975778 5662.1464232290837 -859.16307977959559 -132.64811590234925 161.84788626138024 493.13259495071901 -245.28066271225313 -1924.0211001955904 -78.618214631276174 67.323040828836199 3370.4259026332511 -620.75265713481849 115.12830409043453 -2.2355009016496132 -1822.2062334652064 -1.4508384223115327 156.44529453387443 764.00110045620602 -207.37843296256329 -471.6520240641355 2562.6780612120128 540.05616172226598 -1104.4160939579037 188.9868832178752 -522.93754299027103
leaf_weight=37 347 26 34 22 25 198 254 23 39 46 31 20 21 36 772 139 23 39 48 28 418 24 97 23 39 35 32 56 59 34
leaf_count=37 347 26 34 22 25 198 254 23 39 46 31 20 21 36 772 139 23 39 48 28 418 24 97 23 39 35 32 56 59 34
internal_value=0.000520661 -0.00203883 -0.000833333 -0.00516949 0.000707698 0.00195431 0.000373666 0.000110887 -0.00629032 0.000317378 -0.00324742 -0.00722222 0.000192308 0.000561358 0.000506849 -0.000128205 -0.000643341 0.00128099 -0.000487805 0.00260479 -0.000446118 0.00131579 0.000138889 -0.00351064 -0.000943536 -0.000678233 -0.00101002 -0.00409091 -0.000479452 -0.000973451
internal_weight=3025 206 180 59 2819 581 2238 1984 62 1922 97 45 52 383 1825 1053 886 121 82 167 863 190 144 47 673 634 599 88 511 452
internal_count=3025 206 180 59 2819 581 2238 1984 62 1922 97 45 52 383 1825 1053 886 121 82 167 863 190 144 47 673 634 599 88 511 452
cat_boundaries=0 1
cat_threshold=8
is_linear=0
shrinkage=0.05


Tree=91
num_leaves=31
num_cat=2
split_feature=1 11 0 9 10 10 10 6 6 2 2 0 11 1 0 10 5 8 0 5 1 1 0 0 0 0 5 0 1 10
split_gain=0.596642 1.71095 0.913342 0.577954 0.554629 0.565411 1.18182 0.66103 1.06258 0.585938 1.125 0.557365 0.469989 0.440048 0.432692 0.492308 0.374378 0.563811 0.385714 0.331724 0.315314 0.300551 0.685423 1.55787 0.39837 0.791698 0.504662 0.277402 0.235714 0.229432
threshold=256593.80000000002 0 710436.27000000014 1.0000000180025095e-35 154.50000000000003 91.500000000000014 98.500000000000014 122962.54071743919 103576.81067173934 329237.01500000007 415228.49000000005 625018.81500000006 1 411838.23500000004 500171.74000000005 129.50000000000003 112993.80064450284 1.0000000180025095e-35 366146.72000000003 95124.444919640286 682681.61500000011 220791.11500000002 213621.71500000003 229852.89000000004 432248.34500000003 381765.96500000003 91976.740660490977 295188.25000000006 337986.9150000001 17.500000000000004
decision_type=2 1 2 2 2 2 2 2 2 2 2 2 1 2 2 2 2 2 2 2 2 2 2 2 2 2 2 2 2 2
left_child=21 -2 3 4 5 7 -7 8 28 -8 -11 12 27 19 15 -12 -15 18 -18 -14 -9 24 -23 -24 25 26 29 -6 -3 -1
right_child=1 2 -4 -5 11 6 9 20 -10 10 14 -13 13 16 -16 -17 17 -19 -20 -21 -22 22 23 -25 -26 -27 -28 -29 -30 -31
leaf_value=-38.990115002817817 978.16114359408584 -286.55932840880149 4933.3725320285521 1832.1150383573367 -329.65743675499112 -1859.0419272142824 895.05602866265497 3688.4584885973659 -877.4644892815918 -1546.2255404098628 1564.527740977031 -2385.4050359674325 -178.98661771561677 3310.5002897867325 -5079.8391434428959 -351.17843508991695 -181.1890311318414 1823.9649926294705 -922.72780081271219 1376.1355389608129 -1878.4914393467575 190.42377050583934 -367.08045354904004 -41.347834483541355 1491.2355169389043 -749.68443179365659 690.24811284160216 1016.0349889624785 433.00389052802666 -0.31996359836132382
leaf_weight=32 352 20 276 71 21 37 32 64 36 24 32 25 26 40 20 20 21 27 35 57 28 60 20 62 39 20 67 113 22 1326
leaf_count=32 352 20 276 71 21 37 32 64 36 24 32 25 26 40 20 20 21 27 35 57 28 60 20 62 39 20 67 113 22 1326
internal_value=0.000454546 0.00121158 0.000175024 -0.000706874 -0.00114286 -0.00261194 -0.00469697 -0.000588235 -0.00397436 -0.00242187 -0.004375 0.00020548 0.000735294 -0.000787037 -0.00125 0.00115385 -0.00272358 -0.00463855 -0.0075 0.00198795 0.00228261 -0.000196802 -0.00239437 -0.00536585 1.34773e-05 -0.000121107 1.7544e-05 0.00291667 0.00142857 -0.000191458
internal_weight=3025 1399 1047 771 700 335 165 170 78 128 96 365 340 206 72 52 123 83 56 83 92 1626 142 82 1484 1445 1425 134 42 1358
internal_count=3025 1399 1047 771 700 335 165 170 78 128 96 365 340 206 72 52 123 83 56 83 92 1626 142 82 1484 1445 1425 134 42 1358
cat_boundaries=0 1 2
cat_threshold=10 1
is_linear=0
shrinkage=0.05


Tree=92
num_leaves=31
num_cat=1
split_feature=2 6 7 10 7 5 6 4 5 0 4 11 2 10 5 7 7 10 0 0 10 10 10 2 10 2 2 0 2 6
split_gain=0.485735 1.22447 0.489037 0.483772 0.483683 0.528671 0.979651 0.664704 0.788167 0.563618 0.520336 0.442831 0.708028 0.924176 0.59126 0.56871 0.490196 0.525527 0.488549 0.391507 0.368272 0.692122 1.18898 1.39236 0.749595 0.653333 0.550433 0.521173 0.448375 0.442031
threshold=238189.11000000002 51460.218851322665 1.5000000000000002 29.500000000000004 5.5000000000000009 261838.50722672034 256714.91811131249 660593.7082142859 221351.28441132806 507334.46000000008 217033.88250000004 0 361419.82000000001 40.500000000000007 129659.87757843696 1.5000000000000002 1.5000000000000002 209.50000000000003 557495.57500000007 436138.15500000009 114.50000000000001 198.50000000000003 184.50000000000003 170725.78500000003 141.50000000000003 143330.095 177520.34500000003 162742.00000000003 159031.20500000002 12212.008836534076
decision_type=2 2 2 2 2 2 2 2 2 2 2 1 2 2 2 2 2 2 2 2 2 2 2 2 2 2 2 2 2 2
left_child=2 -2 3 -1 5 6 10 -8 -9 -7 -3 15 -13 -14 16 -12 -15 19 -17 -18 26 22 23 24 -22 -26 29 -23 -29 -5
right_child=1 4 -4 20 -6 9 7 8 -10 -11 11 12 13 14 -16 18 17 -19 -20 -21 21 27 -24 -25 25 -27 -28 28 -30 -31
leaf_value=-37.040609252676994 934.5009019392179 -220.43122165434988 2.9896325641167092 -10.103932127833872 1601.0134438757104 -2419.2143916059918 -475.01390885100784 1078.1024426918045 -4898.5516307170865 7144.5204018156073 1676.0239348808286 989.75384647062367 -1935.5080977835064 61.768213698095771 667.45894471513247 79.938495951476625 -2131.278644029876 -50.765450822468438 -690.58170435403281 -1828.6263755151763 -133.20667831153224 11.241792758465998 -148.65198926582016 346.07623284572372 4.160086808013447 -22.418415240912388 -199.44385533346508 16.28053314464707 -231.58997601172129 107.00185303416504
leaf_weight=32 201 25 1141 37 217 36 26 28 25 172 148 94 20 34 158 187 23 25 20 20 24 56 26 41 30 20 30 23 36 70
leaf_count=32 201 25 1141 37 217 36 26 28 25 172 148 94 20 34 158 187 23 25 20 20 24 56 26 41 30 20 30 23 36 70
internal_value=0.000471075 0.00112748 -0.000140485 -0.00158824 0.00054849 0.000100865 -0.000462185 -0.00575949 -0.00254717 0.00235577 9.28384e-05 0.000336077 -0.000859375 -0.00214286 -0.00134615 0.00157534 -0.00431373 -0.00676471 -7.24636e-05 -0.0101163 -0.00110687 -0.00222656 -0.00457447 -0.0023913 -0.00648649 -0.003 0.000985402 0.000652174 -0.00262712 0.00266355
internal_weight=3025 1459 1566 425 1258 1041 833 79 53 208 754 729 374 280 260 355 102 68 207 43 393 256 141 115 74 50 137 115 59 107
internal_count=3025 1459 1566 425 1258 1041 833 79 53 208 754 729 374 280 260 355 102 68 207 43 393 256 141 115 74 50 137 115 59 107
cat_boundaries=0 1
cat_threshold=3
is_linear=0
shrinkage=0.05


Tree=93
num_leaves=31
num_cat=0
split_feature=5 4 2 3 5 3 7 2 0 6 4 5 5 0 0 7 1 2 2 4 3 0 7 5 5 0 2 2 7 0
split_gain=0.381371 0.393002 1.33837 0.705417 0.593404 0.472813 0.366095 0.380952 0.295313 0.421451 0.897822 0.529079 0.386391 0.366777 0.406053 0.402813 0.359966 0.806665 1.02711 0.808387 0.723214 0.593451 0.460351 0.67413 0.457441 0.334615 0.261654 0.301596 0.406308 0.251566
threshold=391598.77079542173 390239.97857142863 273660.16500000004 228495.40642857147 74429.597521369942 316903.36357142864 4.5000000000000009 332156.45500000002 922493.13000000012 281981.5255516576 660593.7082142859 324285.28731276351 261838.50722672034 222265.33500000005 246158.66500000001 5.5000000000000009 393562.90000000008 524753.90000000014 386468.1650000001 414646.92553571431 444401.80285714293 601181.03000000014 2.5000000000000004 133957.74695276996 130881.20134415502 542636.96000000008 337313.51000000007 484419.0500000001 3.5000000000000004 456941.59500000003
decision_type=2 2 2 2 2 2 2 2 2 2 2 2 2 2 2 2 2 2 2 2 2 2 2 2 2 2 2 2 2 2
left_child=1 2 -1 6 -3 -5 7 -4 9 13 -11 -12 -10 -6 -15 16 21 18 20 -20 -18 -16 29 -24 -21 -17 -7 28 -28 -19
right_child=-2 4 3 5 8 26 -8 -9 12 10 11 -13 -14 14 15 25 17 22 19 24 -22 -23 23 -25 -26 -27 27 -29 -30 -31
leaf_value=0.80469016286593331 6925.9090022241207 -511.15637647173025 213.089304311615 1137.3044886393016 3682.9207755935604 1068.6468628244088 300.13444674695813 -266.49878629037772 -216.21148280340933 -619.70301870717753 290.42393284701359 -4429.7738144515633 6258.3887370023967 -970.48271118850425 376.13477148377888 3141.1218639864446 -1026.4263119624873 -465.6457033658051 3.2463887797110349 -2390.1092318815113 2956.9756916580459 -613.54476022656468 -2488.2976569341668 1482.6316197732031 -1319.800705180013 -3045.1895305988437 -942.86168086435362 1368.7178849472743 1069.0180928360885 5804.482797170861
leaf_weight=1617 84 22 21 282 32 38 37 21 33 23 49 25 84 20 153 58 28 25 26 20 36 21 20 31 38 20 32 38 33 58
leaf_count=1617 84 22 21 282 32 38 37 21 33 23 49 25 84 20 153 58 28 25 26 20 36 21 20 31 38 20 32 38 33 58
internal_value=0.000487603 0.000392724 0.000752714 0.00300797 -0.00053528 0.00381797 -0.00132911 -0.00452381 -0.0003125 -0.000710102 -0.00376289 -0.00108108 0.00200855 -0.000204778 -0.000505415 -0.000243446 -0.000811403 -0.00191489 -0.00445946 -0.00809524 0.0003125 0.000977012 0.000895523 -0.00284314 -0.0113793 0.00307692 0.0014539 0.000145631 -0.00192308 0.00319277
internal_weight=3025 2941 2119 502 822 423 79 42 800 683 97 74 117 586 554 534 456 282 148 84 64 174 134 51 58 78 141 103 65 83
internal_count=3025 2941 2119 502 822 423 79 42 800 683 97 74 117 586 554 534 456 282 148 84 64 174 134 51 58 78 141 103 65 83
is_linear=0
shrinkage=0.05


Tree=94
num_leaves=31
num_cat=1
split_feature=1 11 2 9 10 5 2 1 4 6 1 2 4 1 2 5 7 4 10 5 5 5 10 7 4 10 4 5 2 2
split_gain=0.532959 1.43818 0.415089 0.56968 0.462543 0.644066 0.574873 0.500271 0.381114 0.662649 0.9 0.458701 0.951281 0.353136 0.5088 0.625541 0.498701 0.413621 0.362822 0.33598 1.03371 0.297573 0.303689 0.596349 0.447005 0.666601 0.30931 0.314771 0.494446 0.638226
threshold=256593.80000000002 0 524753.90000000014 1.0000000180025095e-35 155.50000000000003 111688.74158179871 777059.90500000014 1078049.9500000002 738330.17464285728 211869.44353650193 474212.97000000003 475497.74000000005 398491.41375000007 220791.11500000002 246961.92500000002 130881.20134415502 3.5000000000000004 225987.56839285718 94.500000000000014 285611.02608859289 221351.28441132806 75007.560835817465 132.50000000000003 5.5000000000000009 395324.75696428574 68.500000000000014 388845.3776785715 108516.60207817449 405998.49000000005 369476.97500000003
decision_type=2 1 2 2 2 2 2 2 2 2 2 2 2 2 2 2 2 2 2 2 2 2 2 2 2 2 2 2 2 2
left_child=13 -2 3 8 5 -4 -7 19 9 11 -11 21 -13 17 18 16 -16 -1 -15 20 -8 -3 23 24 25 -23 -24 -28 29 -29
right_child=1 2 4 -5 -6 6 7 -9 -10 10 -12 12 -14 14 15 -17 -18 -19 -20 -21 -22 22 26 -25 -26 -27 27 28 -30 -31
leaf_value=-0.16972401617570182 842.14972548497872 -1202.3413735244319 -1621.4450189422341 1782.7126425952677 3646.6198091899514 3454.0752187239596 2521.8242946259534 8814.7655172562627 7595.4124460783196 -44.571761596082474 -741.95480993918818 1603.577065543891 -2198.5344810104607 -181.59710593820594 -149.26931443183781 368.78586437137335 -575.58657355134994 63.342660555551838 189.29157293157388 6.7888004076126496 -5113.443882209951 -170.9414973615371 1114.501345314791 1490.444433683133 2.7742583308333471 -580.09464733256607 1853.5303243010658 -31.065902941693196 3007.3729328509348 -2746.3262252123714
leaf_weight=1319 352 37 30 59 172 101 25 42 25 20 20 24 37 27 22 24 20 165 49 66 21 31 65 26 43 26 44 71 39 23
leaf_count=1319 352 37 30 59 172 101 25 42 25 20 20 24 37 27 22 24 20 165 49 66 21 31 65 26 43 26 44 71 39 23
internal_value=0.000603306 0.0013188 0.000364239 -0.000508474 0.00149891 0.000263158 0.00107843 -0.000844156 -0.00102637 -0.00132411 -0.0075 -0.000793991 -0.00483607 -1.22999e-05 -0.00239437 -0.00560606 -0.00928571 0.000215634 0.000394737 -0.00258929 -0.00586956 -0.000185185 0.000244565 -0.00174603 -0.0035 -0.00640351 0.00128099 0.00019774 -0.00101504 -0.00297872
internal_weight=3025 1399 1047 590 457 285 255 154 531 506 40 466 61 1626 142 66 42 1484 76 112 46 405 368 126 100 57 242 177 133 94
internal_count=3025 1399 1047 590 457 285 255 154 531 506 40 466 61 1626 142 66 42 1484 76 112 46 405 368 126 100 57 242 177 133 94
cat_boundaries=0 1
cat_threshold=10
is_linear=0
shrinkage=0.05


Tree=95
num_leaves=31
num_cat=0
split_feature=2 4 4 7 0 0 5 6 10 5 4 6 6 3 0 10 10 6 0 5 5 4 3 2 3 10 10 7 0 2
split_gain=0.500633 1.48807 0.539553 0.5 0.469469 0.779538 0.408541 0.587524 0.37168 0.339849 1.03247 0.896894 0.720504 0.381547 0.309649 0.313145 0.852678 0.299136 0.904666 0.298786 0.549504 0.55372 0.262844 0.277657 0.238343 0.228822 0.676151 0.234457 0.226361 0.220569
threshold=273660.16500000004 388845.3776785715 230689.30196428575 2.5000000000000004 489052.80000000005 557495.57500000007 114762.05410160978 181076.79929150551 240.50000000000003 142335.75914286054 449424.16089285718 157393.97457162139 128585.338348404 1206016.0507142858 68316.825000000026 255.50000000000003 259.50000000000006 121145.85760887423 399339.38000000006 423354.85599922697 324285.28731276351 805789.245 1082063.2450000001 356720.39500000008 1029794.1664285715 222.50000000000003 219.50000000000003 3.5000000000000004 96546.97500000002 177520.34500000003
decision_type=2 2 2 2 2 2 2 2 2 2 2 2 2 2 2 2 2 2 2 2 2 2 2 2 2 2 2 2 2 2
left_child=4 2 3 -2 14 -6 7 8 17 -8 11 12 -11 19 -1 25 -17 -3 -19 20 22 -22 23 -12 -23 26 -16 28 -27 -30
right_child=1 6 -4 -5 5 -7 9 -9 -10 10 13 -13 -14 -15 15 16 -18 18 -20 -21 21 24 -24 -25 -26 27 -28 -29 29 -31
leaf_value=-21.246226201234549 -275.74565458816295 61.349711945695276 987.67280949638359 338.9759089534075 -815.87122628076986 1535.0212288329662 429.02029521276285 -1025.8469122168269 -1993.8188154404208 -1293.1016336902262 -87.798574672746895 -1044.2277609058372 1464.897108333309 -3149.5209475532333 2.1221599373328246 -56.030693256540395 35.867964900137757 -1660.4172301236169 739.75379392295349 9993.879178609408 -3485.9341740870705 6706.3383397670668 -1940.9442237757712 2489.4701607834886 -3996.4165442325925 11.221219666070882 -43.371744040733546 59.005841470401144 -45.45084978550036 181.05705285798186
leaf_weight=37 36 41 407 36 20 31 146 29 27 31 27 21 38 32 1385 27 25 25 34 48 20 36 25 221 28 22 22 86 60 38
leaf_count=37 36 41 407 36 20 31 146 29 27 31 27 21 38 32 1385 27 25 25 34 48 20 36 25 221 28 22 22 86 60 38
internal_value=0.000475335 0.0012156 0.00343424 -0.000555555 -7.70107e-05 -0.00480392 -6.63448e-05 -0.00237179 -0.000905512 0.000468054 -0.000123339 -0.005 -0.00224638 0.000881007 6.463e-05 0.000165165 -0.00365385 0.0005 -0.00177966 0.0012963 0.000798319 -0.00273809 0.00188645 0.00237903 -0.00046875 0.000288283 6.04124e-05 0.00184466 0.000416667 -0.000612245
internal_weight=3061 1308 479 72 1753 51 829 156 127 673 527 90 69 437 1702 1665 52 100 59 405 357 84 273 248 64 1613 1407 206 120 98
internal_count=3061 1308 479 72 1753 51 829 156 127 673 527 90 69 437 1702 1665 52 100 59 405 357 84 273 248 64 1613 1407 206 120 98
is_linear=0
shrinkage=0.05


Tree=96
num_leaves=31
num_cat=1
split_feature=2 2 1 2 11 3 1 10 0 10 0 1 5 0 3 10 7 1 0 3 5 5 10 10 2 1 1 2 5 5
split_gain=0.376505 0.539214 0.369543 0.661326 1.21329 0.631158 0.620635 0.535185 0.725926 0.497764 0.474074 0.347282 0.336589 0.326926 0.738443 0.334259 0.316599 0.631611 0.52892 0.696316 0.471836 0.981008 0.576956 0.457061 0.421766 0.346803 0.398072 0.28258 0.274731 0.549025
threshold=82743.585000000006 88960.73000000001 682681.61500000011 273660.16500000004 0 231203.28857142859 1078049.9500000002 169.50000000000003 922493.13000000012 62.500000000000007 698421.95500000007 836376.76500000013 160148.23591941161 87111.185000000012 92084.120714285731 163.50000000000003 1.5000000000000002 253361.80500000002 369617.96500000003 452915.53785714292 156314.5847961297 122700.24752052366 168.50000000000003 194.50000000000003 443407.32000000007 315261.07500000001 479155.55500000005 361419.82000000001 136534.7931255649 126584.91272437781
decision_type=2 2 2 2 1 2 2 2 2 2 2 2 2 2 2 2 2 2 2 2 2 2 2 2 2 2 2 2 2 2
left_child=13 -2 3 12 -5 -6 7 8 10 -7 11 -4 28 14 -1 -15 24 -18 25 20 21 22 -20 -21 27 -19 -27 -11 29 -3
right_child=1 2 6 4 5 9 -8 -9 -10 16 -12 -13 -14 15 -16 -17 17 18 19 23 -22 -23 -24 -25 -26 26 -28 -29 -30 -31
leaf_value=-3.6045997764464648 14.977257043670575 1.3585147263179209 -494.60475550148715 1060.5243609019255 -236.01258638182253 1459.1824321859049 5018.5171991386096 3808.5744598390065 1672.5143735759457 623.53690806606983 -4308.5149014586405 -1981.2207111373148 -615.12736938331 62.139742888961237 -68.482162048280188 -40.897385361610773 635.35640439243969 -346.60167057791017 -1641.2496210086954 1076.2206153688328 -2137.7744678063109 848.74010878380295 -425.41099208105874 -664.87264969826447 3467.4532532911348 1043.2480749503814 -468.95214608126292 -714.20639243838775 3147.0327139377296 -360.74721647659624
leaf_weight=37 88 1436 33 325 30 100 118 45 45 29 36 21 29 45 24 27 45 20 20 65 20 37 37 38 115 88 33 23 28 24
leaf_count=37 88 1436 33 325 30 100 118 45 45 29 36 21 29 45 24 27 45 20 20 65 20 37 37 38 115 88 33 23 28 24
internal_value=0.000459001 0.000577186 0.000457747 0.000653029 0.00163415 0.000422535 -0.00120805 -0.00305556 -0.00462963 0.000746269 -0.00722222 -0.00425926 -9.88775e-06 -0.00214286 -0.00483607 0.000138889 0.000175439 -0.000583126 -0.00128492 -0.0028341 -0.00552632 -0.00404255 -0.00815789 0.000145631 0.00200599 0.00109929 0.00210744 -0.00173077 9.40862e-05 1.86265e-10
internal_weight=3061 2928 2840 2542 1025 700 298 180 135 670 90 54 1517 133 61 72 570 403 358 217 114 94 57 103 167 141 121 52 1488 1460
internal_count=3061 2928 2840 2542 1025 700 298 180 135 670 90 54 1517 133 61 72 570 403 358 217 114 94 57 103 167 141 121 52 1488 1460
cat_boundaries=0 1
cat_threshold=10
is_linear=0
shrinkage=0.05


Tree=97
num_leaves=31
num_cat=0
split_feature=3 4 2 4 4 3 3 3 2 1 1 10 1 1 2 6 1 5 10 5 4 3 1 5 6 4 5 2 5 5
split_gain=0.347172 0.304402 1.33976 0.575282 0.517884 0.435209 0.372279 0.588524 0.366548 0.459081 0.4023 0.486071 0.436478 0.48532 0.42517 0.412941 0.341231 0.673881 0.467297 0.798066 0.430059 0.299701 0.294666 0.689822 0.298058 0.973364 0.904059 0.458661 0.297944 0.316887
threshold=84981.990714285741 388845.3776785715 275880.78000000009 391241.97714285721 230689.30196428575 218478.17785714287 371355.62642857147 378768.98714285722 365105.98000000004 279112.63000000006 618973.59500000009 166.50000000000003 340694.82000000007 398065.95000000007 484419.0500000001 142629.21340348822 1078049.9500000002 324285.28731276351 139.50000000000003 188291.0587314321 1031562.4142857144 881574.58142857149 191105.64500000005 19376.400143079536 46507.085542017601 175375.88928571434 51581.177112448851 69621.24500000001 42350.848692379157 60221.238444549301
decision_type=2 2 2 2 2 2 2 2 2 2 2 2 2 2 2 2 2 2 2 2 2 2 2 2 2 2 2 2 2 2
left_child=-1 2 22 -3 5 -4 -5 -8 9 -9 11 -10 -13 -14 15 -15 17 18 19 -12 -19 -21 24 -24 25 26 27 -2 -25 -30
right_child=1 3 4 6 -6 -7 7 8 10 -11 16 12 13 14 -16 -17 -18 20 -20 21 -22 -23 23 28 -26 -27 -28 -29 29 -31
leaf_value=-41.215327161013107 -58.861300609096531 -453.84220228196102 328.74876256221796 1463.0754103973168 988.21740976448621 -413.82065045085915 -1413.2992254435851 -1251.5650762843675 1128.7124241943241 -240.6351613094582 -6043.9912737460854 2082.7255059224594 -1366.8355617078751 1535.8251684358493 3826.4113015003068 -932.89350879687686 4245.239455989582 -3880.9411436580835 8638.9406131654014 188.12156000837606 -3861.7725253578501 -3403.3634345346495 -107.75421134254576 194.19455134092198 23.799173254694296 -184.37791945369128 -117.83165444611097 2.6292834692646387 -278.34906188120578 2.7938822451068881
leaf_weight=24 22 35 42 55 400 29 23 27 163 145 23 34 29 26 56 23 113 24 47 36 32 23 25 39 275 29 31 936 67 228
leaf_count=24 22 35 42 55 400 29 23 27 163 145 23 34 29 26 56 23 113 24 47 36 32 23 25 39 275 29 31 936 67 228
internal_value=0.000573342 0.000620678 0.000949129 -0.000142232 0.00330149 -0.000633803 0.000108078 -0.000157767 6.86644e-05 -0.00197674 0.000627981 0.00182779 -5.95236e-05 -0.00134328 0.000238095 -0.00316327 -0.000704698 -0.00202703 -3.87595e-05 -0.00231707 -0.00660714 0.000762712 0.000278451 -0.000988858 0.000630317 0.000235757 0.000500506 0.000772443 -0.000389221 -0.000932203
internal_weight=3061 3037 2123 914 471 71 879 824 801 172 629 331 168 134 105 49 298 185 129 82 56 59 1652 359 1293 1018 989 958 334 295
internal_count=3061 3037 2123 914 471 71 879 824 801 172 629 331 168 134 105 49 298 185 129 82 56 59 1652 359 1293 1018 989 958 334 295
is_linear=0
shrinkage=0.05


Tree=98
num_leaves=31
num_cat=0
split_feature=4 1 4 10 3 2 10 3 3 2 10 10 2 10 2 2 4 0 3 3 4 4 4 2 10 3 2 1 1 10
split_gain=0.359674 1.23446 0.668012 0.56 0.836364 0.471313 0.799154 0.47051 0.733649 0.342001 0.556684 0.662288 1.21219 0.593407 0.389838 0.382431 0.32967 0.308724 0.287808 0.795692 0.352238 0.56951 0.549987 0.474564 0.457143 0.311512 0.313713 0.277511 0.433853 0.614984
threshold=388845.3776785715 270358.84000000003 393615.5246428572 106.50000000000001 392349.10428571439 235267.88000000003 110.50000000000001 371355.62642857147 380580.67428571434 193901.95500000005 141.50000000000003 65.500000000000014 232310.66500000001 111.50000000000001 210554.06000000003 69621.24500000001 173764.83482142861 213621.71500000003 396004.79571428575 399066.07000000001 476945.73303571431 400155.21071428579 407998.79946428578 400207.65500000009 208.50000000000003 1206016.0507142858 273660.16500000004 618973.59500000009 869690.97500000021 145.50000000000003
decision_type=2 2 2 2 2 2 2 2 2 2 2 2 2 2 2 2 2 2 2 2 2 2 2 2 2 2 2 2 2 2
left_child=1 9 3 -2 -5 6 -3 -4 -9 15 11 14 13 -13 -11 -1 -12 -14 -10 -20 21 -21 -23 -24 -25 26 -22 -28 29 -29
right_child=2 5 7 4 -6 -7 -8 8 18 10 16 12 17 -15 -16 -17 -18 -19 19 20 25 22 23 24 -26 -27 27 28 -30 -31
leaf_value=-40.520636041786759 -681.4557210048938 -558.04561452928272 1635.0485638119765 1212.5402467761012 -753.73306557993021 600.79547368254089 1617.7091135702758 -1338.3292646688185 2851.9676162241553 -164.42679944917705 -130.95951645791763 -201.1659214571531 -168.95034846884406 168.69874527255206 302.94299987380981 2.4927356631577688 150.16398780429219 -251.23145421932651 -653.6419223688323 393.80728008085418 -540.67693437797095 -842.7503024264206 215.39080088005508 -470.78637114154282 -284.31583540427999 -2781.0143179048373 1476.5637062518676 -3765.9160249342931 3723.3616819744802 3833.8342248335866
leaf_weight=37 25 22 46 23 22 465 21 26 46 26 39 28 23 24 49 1301 91 21 20 49 20 32 50 28 35 34 188 80 155 35
leaf_count=37 25 22 46 23 22 465 21 26 46 26 39 28 23 24 49 1301 91 21 20 49 20 32 50 28 35 34 188 80 155 35
internal_value=0.000524339 0.000877969 -0.000306346 -0.005 -0.00166667 0.0030315 -0.00197674 8.29386e-05 -0.000200501 0.000210494 -0.00131229 -0.00318713 -0.0059375 -0.000769231 0.000333334 0.000553064 0.00115385 -0.0120455 7.77204e-05 -0.000165289 0.000113315 -0.00170103 -0.00327586 -0.00163717 -0.00452381 0.000800781 0.00112971 0.00139738 0.000370371 -0.00195652
internal_weight=3061 2147 914 70 45 508 43 844 798 1639 301 171 96 52 75 1338 130 44 772 726 706 194 145 113 63 512 478 458 270 115
internal_count=3061 2147 914 70 45 508 43 844 798 1639 301 171 96 52 75 1338 130 44 772 726 706 194 145 113 63 512 478 458 270 115
is_linear=0
shrinkage=0.05


Tree=99
num_leaves=31
num_cat=1
split_feature=11 2 0 2 10 2 0 5 5 1 1 7 0 5 7 0 2 5 2 1 2 2 6 10 1 3 3 1 1 10
split_gain=0.357797 1.82445 0.65911 0.507758 0.400691 0.338538 0.461704 0.275639 0.26393 0.655096 0.448643 0.300326 0.482884 0.501066 0.341276 0.640594 1.46667 0.484012 1.10455 0.554029 0.315528 0.448646 0.300795 0.541175 1.01102 0.476183 1.07156 0.2625 0.262026 0.334147
threshold=0 275880.78000000009 350831.96500000008 266317.76000000007 17.500000000000004 73314.755000000019 84004.775000000009 439966.3942250454 324285.28731276351 668406.84500000009 1078049.9500000002 1.5000000000000002 601181.03000000014 167700.546880907 2.5000000000000004 601181.03000000014 635191.79000000015 88530.763104210273 272157.78500000009 407176.96500000003 501588.40000000008 97422.390000000014 37424.915427991036 221.50000000000003 102141.07500000001 158581.32642857145 211824.96428571429 223792.88500000004 259784.71000000002 61.500000000000007
decision_type=1 2 2 2 2 2 2 2 2 2 2 2 2 2 2 2 2 2 2 2 2 2 2 2 2 2 2 2 2 2
left_child=1 2 3 5 -2 -1 -7 8 11 -10 -11 12 13 -6 15 20 -17 18 22 -20 21 -13 23 24 -16 -24 -27 -28 -19 -30
right_child=4 -3 -4 -5 7 6 -8 -9 9 10 -12 14 -14 -15 17 16 -18 28 19 -21 -22 -23 25 -25 -26 26 27 -29 29 -31
leaf_value=-23.725392449111073 -362.35821932908317 1005.9258510555828 -85.526492518132116 -137.84691588125062 110.94015857834638 42.591411489609996 1.0935499174189518 6989.4356634309115 8078.1729648921237 -3699.5803169218011 1625.1630433676783 84.335954074718614 5167.4688346428238 -396.41758584973877 52.276274439795174 -796.60410150785242 1261.4129635241068 1390.4407360156272 -167.7235974681326 -2249.4408045891983 1691.6957600642354 -68.52736720421521 68.271404666213002 215.46390737011598 -347.3199949295489 -464.63361397840345 107.09279285783656 -467.92158644744097 1506.187706688858 10.086433942136699
leaf_weight=24 27 317 28 32 296 76 967 45 23 47 37 34 71 34 31 20 24 61 39 21 21 119 122 27 21 21 28 20 76 352
leaf_count=24 27 317 28 32 296 76 967 45 23 47 37 34 71 34 31 20 24 61 39 21 21 119 122 27 21 21 28 20 76 352
internal_value=0.000442666 0.001011 7.54217e-05 0.000268426 -7.06821e-05 0.000454546 0.000589645 3.14467e-05 -8.0906e-05 -0.00247664 -0.00452381 9.73576e-05 0.00125935 0.000454546 -0.000351977 -0.00211009 -0.0075 0.000115995 -0.00136364 -0.0075 -0.000747126 -0.00153595 1.86265e-10 -0.00259494 -0.00557692 0.0010733 -0.00224638 0.001875 0.00111452 0.00067757
internal_weight=3061 1444 1127 1099 1617 1067 1043 1590 1545 107 84 1438 401 330 1037 218 44 819 330 60 174 153 270 79 52 191 69 48 489 428
internal_count=3061 1444 1127 1099 1617 1067 1043 1590 1545 107 84 1438 401 330 1037 218 44 819 330 60 174 153 270 79 52 191 69 48 489 428
cat_boundaries=0 1
cat_threshold=10
is_linear=0
shrinkage=0.05


Tree=100
num_leaves=31
num_cat=0
split_feature=6 6 1 10 10 6 4 10 5 1 8 4 3 1 5 10 10 2 6 1 10 0 4 1 1 1 3 10 4 2
split_gain=0.425403 1.60621 1.02943 0.405088 0.997068 0.948148 1.07302 0.415128 0.759007 0.403082 0.413566 0.455405 0.815839 0.572024 0.472783 0.532236 0.430668 0.484601 0.813303 0.453204 0.62146 0.755739 0.621045 0.485431 0.506856 0.877336 0.714114 0.504436 0.48595 0.441519
threshold=30907.185220021776 34958.101065373776 286404.10000000003 90.500000000000014 98.500000000000014 128037.85784872471 542050.73750000016 25.500000000000004 57483.940158256606 1340411.5150000004 1.0000000180025095e-35 401334.3548214286 444401.80285714293 383950.27000000008 77047.152409744202 175.50000000000003 127.50000000000001 974722.88500000013 305838.35725481884 568239.64000000001 183.50000000000003 601181.03000000014 122373.84316964286 163701.77000000005 220791.11500000002 192461.51500000004 362402.9671428572 197.50000000000003 402517.48767857149 475497.74000000005
decision_type=2 2 2 2 2 2 2 2 2 2 2 2 2 2 2 2 2 2 2 2 2 2 2 2 2 2 2 2 2 2
left_child=2 -2 -1 7 5 -5 -7 8 -3 10 16 14 13 -13 15 -12 29 18 19 20 -18 22 -22 -24 25 -25 -26 -28 -29 -6
right_child=1 3 -4 4 9 6 -8 -9 -10 -11 11 12 -14 -15 -16 -17 17 -19 -20 -21 21 -23 23 24 26 -27 27 28 -30 -31
leaf_value=2.5799147360484289 -172.45073887130761 -188.28425029547356 1120.2747907688783 312.93583719891149 -238.72455487561348 -1333.8407675078777 -695.12285168161577 65.901905404291185 149.5960202586156 11367.240924427 162.65769552213806 -28.949384525994461 800.90132381899605 -1432.0780817217569 1072.5642840738928 -81.948015369661206 19.9187256115423 5845.1355244013575 -4309.5956087003751 3364.7931985821583 -64.481586681660545 -1294.9507555493174 31.927469496213128 -5.0786540076771471 516.40731073323514 -353.58630819942596 -655.16471830717489 -405.1149767095016 686.97330956070664 979.7028322023051
leaf_weight=735 35 24 149 27 111 21 24 554 79 38 68 20 89 28 124 72 275 41 29 70 25 22 92 36 56 29 25 66 55 56
leaf_count=735 35 24 149 27 111 21 24 554 79 38 68 20 89 28 124 72 275 41 29 70 25 22 92 36 56 29 25 66 55 56
internal_value=0.000284553 -8.90003e-05 0.00121041 8.34881e-05 -0.000370247 -0.00611111 -0.0105556 0.00111872 -0.00179612 -8.05885e-05 -0.000219582 0.00113466 -0.00120438 -0.00645833 0.00234848 0.000357143 -0.000769231 -0.000298416 -0.000576923 -0.000259654 -0.000653451 -0.00189655 -0.00138021 -0.000849582 -0.00192884 -0.00576923 -0.000693069 -0.00253425 -0.00119835 -0.00308383
internal_weight=3075 2191 884 2156 1499 72 45 657 103 1427 1389 401 137 48 264 140 988 821 780 751 681 406 384 359 267 65 202 146 121 167
internal_count=3075 2191 884 2156 1499 72 45 657 103 1427 1389 401 137 48 264 140 988 821 780 751 681 406 384 359 267 65 202 146 121 167
is_linear=0
shrinkage=0.05


Tree=101
num_leaves=31
num_cat=1
split_feature=3 10 1 1 1 4 0 1 1 2 6 6 1 4 1 11 1 1 4 0 4 10 1 10 0 3 2 3 4 0
split_gain=0.517507 0.459865 0.487478 2.10548 1.01823 0.781304 0.625354 0.347234 0.398376 0.667794 0.360579 0.564706 0.358718 0.296226 0.954127 0.745438 0.581217 0.768939 0.553156 0.824513 0.519185 0.756989 0.47472 0.580022 0.899071 0.54758 0.415911 0.516232 1.27682 0.565714
threshold=130190.23142857144 245.50000000000003 116704.96500000001 144390.91500000001 124960.78500000002 125017.97535714287 144522.85000000003 98692.750000000015 93625.795000000027 95836.580000000016 42700.58050265893 44395.902811311913 78050.005000000019 388845.3776785715 291138.22500000003 0 189859.16500000001 194682.13500000004 334480.92495879129 339188.5500000001 300000.32001322758 121.50000000000001 256593.80000000002 69.500000000000014 203691.06500000003 209372.7328571429 292926.15500000009 397755.18857142859 407998.79946428578 500171.74000000005
decision_type=2 2 2 2 2 2 2 2 2 2 2 2 2 2 2 1 2 2 2 2 2 2 2 2 2 2 2 2 2 2
left_child=1 2 5 4 -4 7 -5 8 10 -10 12 -12 -1 14 16 -16 -2 -18 19 20 22 -22 23 -19 25 -25 27 -15 -29 -30
right_child=13 -3 3 6 -6 -7 -8 -9 9 -11 11 -13 -14 26 15 -17 17 18 -20 -21 21 -23 -24 24 -26 -27 -28 28 29 -31
leaf_value=-30.367465589350356 14.448393069677175 4.5277463119957551 -13.975362001349295 366.62116561785882 -175.03413815637236 -115.00084476169808 -28.17524544654923 47.541716925994038 -7.7609691147195168 31.426779881315305 -47.148983928735476 20.097757402480454 6.1322974303623843 842.17196526722478 1034.1273016370601 149.34692173601604 -175.62998288671363 224.4147597579956 498.04441072620267 -499.92372442099435 -171.50467753049566 32.240552441314406 521.58115055781752 -101.89766773138982 -264.16609216571339 673.78003220640403 11.297140091004662 -1248.2535045860964 4580.4060416494449 -457.60130385375169
leaf_weight=46 716 45 23 45 31 30 41 77 42 38 20 34 155 34 263 171 23 44 37 27 24 31 61 37 34 43 831 22 22 28
leaf_count=46 716 45 23 45 31 30 41 77 42 38 20 34 155 34 263 171 23 44 37 27 24 31 61 37 34 43 831 22 22 28
internal_value=0.000300813 -0.000980861 -0.00135739 -0.00392857 -0.0116667 -0.000542986 0.000930233 2.4272e-05 -0.000671642 -0.00375 0.000294118 -0.00333333 0.00126866 0.000629085 0.00106221 0.00304147 0.000264624 -0.00137119 -0.000769231 -0.00147841 -0.000656934 -0.005 0.00043379 -0.00101266 -0.00289474 1.86265e-10 -6.93701e-05 -0.00301887 -0.00541667 -0.001
internal_weight=3075 627 582 140 54 442 86 412 335 80 255 54 201 2448 1511 434 1077 361 338 301 274 55 219 158 114 80 937 106 72 50
internal_count=3075 627 582 140 54 442 86 412 335 80 255 54 201 2448 1511 434 1077 361 338 301 274 55 219 158 114 80 937 106 72 50
cat_boundaries=0 1
cat_threshold=10
is_linear=0
shrinkage=0.05


Tree=102
num_leaves=31
num_cat=0
split_feature=2 6 3 2 1 1 7 2 0 6 5 10 6 2 0 3 2 5 3 0 10 10 3 0 5 7 0 6 0 2
split_gain=0.358068 1.03558 0.907292 0.951452 0.503433 0.410306 0.701005 0.689323 0.891094 0.551951 0.542114 0.487937 0.645566 0.474917 0.44971 0.376872 0.575002 0.372667 0.89908 0.412736 0.349782 0.625891 0.332328 0.331687 0.692935 0.647619 0.478139 0.434889 0.328327 0.539132
threshold=255935.42000000004 114825.00221141933 328123.72285714292 405998.49000000005 291138.22500000003 191105.64500000005 2.5000000000000004 227828.70500000005 297294.37000000005 47884.309205675083 52209.070545177608 96.500000000000014 81664.153204817194 64375.44000000001 337547.21500000003 371355.62642857147 338602.64000000007 126584.91272437781 413517.83500000002 390224.83000000002 162.50000000000003 227.50000000000003 1206016.0507142858 489052.80000000005 171267.9743014519 2.5000000000000004 372629.17500000005 122962.54071743919 77696.615000000005 82078.155000000013
decision_type=2 2 2 2 2 2 2 2 2 2 2 2 2 2 2 2 2 2 2 2 2 2 2 2 2 2 2 2 2 2
left_child=5 4 3 -3 -2 9 7 8 -7 10 13 12 -8 -1 -9 -6 -17 18 19 -4 -20 -22 23 24 27 26 -26 -19 -15 -30
right_child=1 2 17 -5 15 6 11 14 -10 -11 -12 -13 -14 28 -16 16 -18 22 20 -21 21 -23 -24 -25 25 -27 -28 -29 29 -31
leaf_value=-49.676105840992001 6.6097630069667863 4.1240581938664347 720.5742961215276 -740.32536439693729 973.25062463602944 83.113338475286312 -279.19242211343629 -285.85673458733442 -590.0980805549766 30.578420972357875 -71.39103336224295 64.306546997858206 336.91408854469489 47.83323464559183 -151.11532829642624 -325.01417500259527 303.73779009749211 -500.36936423569864 -2224.4374980744024 -25.775944529563009 166.31886461413308 -596.27760280601819 -2538.8682030181626 1649.6707801663165 -438.83069105313535 526.34398526034954 -1259.8697565952161 1630.8119607268668 -53.270891610385924 1.3248095960474906
leaf_weight=20 138 21 50 20 295 69 24 20 38 245 36 127 37 54 21 23 62 21 27 56 44 24 34 387 20 60 22 117 57 906
leaf_count=20 138 21 50 20 295 69 24 20 38 245 36 127 37 54 21 23 62 21 27 56 44 24 34 387 20 60 22 117 57 906
internal_value=0.000512195 0.0010943 7.19825e-05 -0.00719512 0.00287645 1.20921e-05 -0.00154762 -0.00412162 -0.00200935 0.000409712 -7.9217e-05 0.000478724 -0.00319672 0.000130183 -0.00963415 0.00381579 0.000882353 0.000417634 -0.00146766 0.00169811 -0.005 -0.00308824 0.000990923 0.00125199 -0.000208333 -0.00333333 -0.00809524 0.00210145 0.000280236 6.74976e-05
internal_weight=3075 1421 903 41 518 1654 336 148 107 1318 1073 188 61 1037 41 380 85 862 201 106 95 68 661 627 240 102 42 138 1017 963
internal_count=3075 1421 903 41 518 1654 336 148 107 1318 1073 188 61 1037 41 380 85 862 201 106 95 68 661 627 240 102 42 138 1017 963
is_linear=0
shrinkage=0.05


Tree=103
num_leaves=31
num_cat=0
split_feature=6 6 1 7 7 6 6 7 0 6 6 6 4 0 2 0 4 4 2 5 4 6 2 2 10 1 5 2 0 1
split_gain=0.360525 1.65487 0.903723 0.394435 0.67716 0.425683 0.422793 0.378101 0.679709 0.454886 0.731162 0.710673 0.506767 0.434783 1.01964 0.432738 0.369822 0.831931 1.33389 0.810872 0.467093 0.460331 0.392807 0.401578 0.361448 0.356241 0.723588 0.337173 0.520576 0.382809
threshold=30907.185220021776 34958.101065373776 291138.22500000003 1.0000000180025095e-35 2.5000000000000004 36888.230992773686 398738.94413311017 1.5000000000000002 507334.46000000008 75613.881588898148 45901.726176719465 42700.58050265893 262126.74732142859 601181.03000000014 607443.92500000016 395669.96500000003 389411.87053571432 464517.94517857145 553620.76000000013 126584.91272437781 428947.87321428576 108598.62113886322 777059.90500000014 906157.57000000018 242.50000000000003 403110.97000000003 142335.75914286054 225604.16500000001 378119.72000000003 398065.95000000007
decision_type=2 2 2 2 2 2 2 2 2 2 2 2 2 2 2 2 2 2 2 2 2 2 2 2 2 2 2 2 2 2
left_child=2 -2 24 -3 6 -6 7 8 15 10 11 -9 -11 27 -15 -5 -7 18 20 -19 21 -18 -21 -24 -1 -23 -27 -14 -29 -30
right_child=1 3 -4 4 5 16 -8 9 -10 12 -12 -13 13 14 -16 -17 17 19 -20 22 -22 25 23 -25 -26 26 -28 28 29 -31
leaf_value=0.67488466303683081 -163.33815301351549 371.77596151249281 1023.814341482133 0.22355691526075672 -92.257039125390179 25.032293608116632 -6151.5023809413806 28.284199042682339 3448.0959876364259 -369.30034462278195 40.840949541322907 -45.112141931454026 84.891464499243753 -1146.7842075760707 465.20162020081563 -292.36946173852584 -294.18473466324662 -830.95337739623926 -1327.0140977337326 2505.3205603931237 -1403.7799172896223 1152.6351799655745 -4732.8763612070716 5260.4129800626106 58.055221122232581 1686.241574155833 -2819.6146958555692 -400.54168347246548 -140.88045382439125 1185.5198678429015
leaf_weight=684 35 307 137 155 29 682 23 29 87 22 46 23 30 23 28 47 20 38 20 168 23 74 23 99 63 43 20 36 37 24
leaf_count=684 35 307 137 155 29 682 23 29 87 22 46 23 30 23 28 47 20 38 20 168 23 74 23 99 63 43 20 36 37 24
internal_value=0.000414634 7.07441e-05 0.00126697 0.000245826 -2.97456e-05 0.000641647 -0.00139344 -0.00113288 0.00015571 -0.00238255 0.000408163 -0.00365385 -0.00375 -0.00286517 -0.00676471 -0.00143564 0.000785124 -0.000208333 -0.00275 0.00134146 -0.00138889 -0.000414013 0.00224138 8.19674e-05 0.000582329 0.000620438 -0.00214286 -0.00129921 -0.00273196 8.19674e-05
internal_weight=3075 2191 884 2156 1849 1239 610 587 289 298 98 52 200 178 51 202 1210 528 200 328 180 157 290 122 747 137 63 127 97 61
internal_count=3075 2191 884 2156 1849 1239 610 587 289 298 98 52 200 178 51 202 1210 528 200 328 180 157 290 122 747 137 63 127 97 61
is_linear=0
shrinkage=0.05


Tree=104
num_leaves=31
num_cat=1
split_feature=11 1 6 4 10 1 7 1 0 0 3 1 3 0 1 1 6 1 1 1 1 7 10 1 10 5 10 10 3 1
split_gain=0.453812 1.41054 0.462227 1.33477 0.428126 0.564706 0.41028 0.989686 0.504596 0.709114 0.398374 0.354464 0.353322 0.484229 0.615258 0.478139 0.349541 0.338018 0.377863 0.830604 0.363636 0.333642 0.389401 0.330842 0.291564 0.396023 0.289612 1.30715 0.592796 0.418572
threshold=0 293250.66000000009 36888.230992773686 121971.94464285717 168.50000000000003 115232.09500000002 1.5000000000000002 277549.11500000005 103849.62000000001 87731.375000000015 90806.161428571446 85437.10500000001 91599.966428571453 94270.685000000012 102141.07500000001 94954.195000000022 104009.62978997744 264311.82000000007 128088.22000000002 146398.57500000004 192461.51500000004 1.0000000180025095e-35 65.500000000000014 87705.310000000012 113.50000000000001 12432.449122995948 90.500000000000014 98.500000000000014 426113.06142857141 1340411.5150000004
decision_type=1 2 2 2 2 2 2 2 2 2 2 2 2 2 2 2 2 2 2 2 2 2 2 2 2 2 2 2 2 2
left_child=1 6 3 4 5 -2 7 17 9 -8 -11 -4 -12 15 -15 -14 -10 18 21 -20 24 -1 -23 -24 -21 -26 -13 28 -28 -29
right_child=2 -3 11 -5 -6 -7 8 -9 16 10 12 26 13 14 -16 -17 -18 -19 19 20 -22 22 23 -25 25 -27 27 29 -30 -31
leaf_value=6.1250822116010752 21.547434674160733 959.34143304132454 185.11506875250623 -426.31000009638922 145.89234265576937 -173.84420586382834 9.2170241639904784 -124.92504975454229 55.648241783380264 2.8488553145399322 -5.1281864910845716 64.607191413066133 -85.04604281263272 23.996630156942206 -78.028877513130425 -0.4546279914495564 -17.557685760554936 173.78258409146758 -90.224055629292522 77.511396550508678 -223.54283370003532 -64.510597944677897 9.4329460638193403 -3.1093964004574395 -45.573561620282995 35.829205541738709 -1200.2151998520314 -13.899194717479052 -784.21025497341998 10751.225569159453
leaf_weight=53 34 253 35 24 37 20 98 21 529 41 28 468 20 30 23 22 38 26 25 40 33 21 41 31 20 39 20 934 33 38
leaf_count=53 34 253 35 24 37 20 98 21 529 41 28 468 20 30 23 22 38 26 25 40 33 21 41 31 20 39 20 934 33 38
internal_value=0.000365854 0.00101248 -0.000202662 -0.00326087 -0.000494505 -0.00333333 0.000292621 -0.00114286 0.000898673 -0.00091603 -0.00292683 2.61782e-05 -0.00434959 -0.00289474 0.000283019 -0.00690476 0.00173721 -0.000471124 -0.000940594 -0.00264331 -0.00106061 0.000890411 -0.000913978 0.000833334 0.000454546 -0.00177966 -9.04218e-05 -0.000560975 -0.00820755 -0.000144033
internal_weight=3075 1432 1643 115 91 54 1179 350 829 262 164 1528 123 95 53 42 567 329 303 157 132 146 93 72 99 59 1493 1025 53 972
internal_count=3075 1432 1643 115 91 54 1179 350 829 262 164 1528 123 95 53 42 567 329 303 157 132 146 93 72 99 59 1493 1025 53 972
cat_boundaries=0 1
cat_threshold=10
is_linear=0
shrinkage=0.05


Tree=105
num_leaves=31
num_cat=0
split_feature=1 4 1 4 10 1 3 2 5 2 4 10 7 10 0 4 7 5 10 0 4 10 1 4 2 7 7 7 4 2
split_gain=0.41368 0.516069 0.865032 0.62986 0.635491 0.588767 0.579074 0.879502 0.74311 0.510417 1.09884 0.622902 0.498765 0.478596 0.45951 0.444504 0.76771 0.935488 0.429501 0.416261 0.383086 0.488909 0.448324 0.364485 0.412208 0.409697 0.351085 0.554305 0.637711 0.467313
threshold=1213230.8100000003 388845.3776785715 249520.31500000003 423144.68464285723 122.50000000000001 682681.61500000011 396004.79571428575 342665.44500000001 116729.40733952666 246961.92500000002 314879.24570488726 101.50000000000001 1.0000000180025095e-35 105.50000000000001 405023.70000000007 506212.04999999999 2.5000000000000004 261838.50722672034 73.500000000000014 641841.67000000016 303298.87482142862 36.500000000000007 379833.14000000007 669903.92625000014 924534.84500000009 3.5000000000000004 4.5000000000000009 1.5000000000000002 91271.17357142859 166697.78500000003
decision_type=2 2 2 2 2 2 2 2 2 2 2 2 2 2 2 2 2 2 2 2 2 2 2 2 2 2 2 2 2 2
left_child=1 2 9 6 5 -5 13 8 -8 26 11 -11 -6 18 -9 19 17 -17 -3 -14 -4 -22 -23 -7 -25 -26 27 28 -1 -30
right_child=-2 3 20 4 12 23 7 14 -10 10 -12 -13 15 -15 -16 16 -18 -19 -20 -21 21 22 -24 24 25 -27 -28 -29 29 -31
leaf_value=-10.560121436344716 5207.3910402530155 1056.7718937490863 455.24349098456196 2512.8366746133211 3142.417788890687 -465.34040334461156 -184.56613967316747 -221.66570975575192 -1344.7869141352558 -233.15918208553904 395.882811813594 -164.8893260526624 306.54172400603687 967.83163780814618 549.59243541619128 -2251.9201894645607 -387.57287060246523 -58.372445367154128 -738.03713980335635 -2319.1518003611136 -31.437287211562278 -145.06645710871561 2284.6352251219637 5588.3618899625217 6600.2486917950928 -2301.4105343601673 -7.5365238514713617 12.300738561202435 4.0817267367678944 -121.12659644736496
leaf_weight=21 82 21 398 133 39 22 21 40 37 20 21 23 94 92 67 23 77 21 20 22 21 69 66 50 30 25 393 711 284 127
leaf_count=21 82 21 398 133 39 22 21 40 37 20 21 23 94 92 67 23 77 21 20 22 21 69 66 50 30 25 393 711 284 127
internal_value=0.000276873 0.000180723 0.000589601 -0.0008753 0.000149254 0.00192308 -0.00271812 -0.00469697 -0.00965517 1.86265e-10 -0.004375 -0.00895349 -0.00152174 -0.000263158 -0.00200935 -0.00238397 -0.00450413 -0.00977273 -0.0047561 -0.000172414 0.00229242 0.000192308 0.0012963 -0.000511811 0.000714286 -0.00227273 0.000182292 0.000625547 -0.000787037 -0.000352798
internal_weight=3070 2988 2154 834 536 260 298 165 58 1600 64 43 276 133 107 237 121 44 41 116 554 156 135 127 105 55 1536 1143 432 411
internal_count=3070 2988 2154 834 536 260 298 165 58 1600 64 43 276 133 107 237 121 44 41 116 554 156 135 127 105 55 1536 1143 432 411
is_linear=0
shrinkage=0.05


Tree=106
num_leaves=31
num_cat=1
split_feature=6 4 1 6 2 3 3 6 1 10 0 4 6 3 1 2 0 3 2 7 3 3 0 3 11 1 1 0 7 0
split_gain=0.428289 0.514363 0.696548 0.530918 0.425926 0.655044 0.781349 0.603418 0.574242 0.967888 1.21805 0.39751 0.643942 0.396255 0.846749 0.611487 0.403493 0.738965 0.496241 0.377352 0.684262 0.570789 0.354494 0.460548 0.351223 0.630878 0.525302 0.478139 0.359912 0.549023
threshold=367043.57300942176 388845.3776785715 256593.80000000002 107906.13446047829 195687.98500000002 174251.78214285718 157203.80785714291 83349.271378533755 220791.11500000002 144.50000000000003 213621.71500000003 393615.5246428572 125262.425585351 1029794.1664285715 1170112.9500000002 516985.39500000008 350831.96500000008 388157.50714285712 491074.49500000005 2.5000000000000004 508943.45071428578 433234.90571428579 289671.17500000005 403279.36928571435 0 337986.9150000001 294526.96000000008 318444.77500000008 1.5000000000000002 318444.77500000008
decision_type=2 2 2 2 2 2 2 2 2 2 2 2 2 2 2 2 2 2 2 2 2 2 2 2 1 2 2 2 2 2
left_child=1 2 4 -3 7 6 -6 -1 -7 10 -10 12 -5 15 -15 16 22 -18 19 20 21 -19 23 -13 28 26 -26 -28 29 -4
right_child=-2 3 24 11 5 8 -8 -9 9 -11 -12 13 -14 14 -16 -17 17 18 -20 -21 -22 -23 -24 -25 25 -27 27 -29 -30 -31
leaf_value=0.695557412851743 3185.1093914986404 -226.11992376632372 -47.954535440815008 394.34204864572712 -16.07592511659896 41.182194830884569 -137.75458569038912 75.811761424925564 13.353425111712362 82.827976988455831 -299.27569589195321 2636.92339072194 -1115.7081713158675 -4500.2496760391487 6023.4178458070755 917.00035693264931 -955.90313800945376 -338.06247526284523 -1768.1256952929662 299.84823686530939 -1005.2905232750984 134.67337571594337 2559.3610322978147 -1157.5777308233114 272.88238573433921 638.39532449439957 -467.58084147774565 -22.969244466689108 928.88742072859702 1528.2889766423407
leaf_weight=1304 147 33 61 26 47 95 21 68 22 31 24 29 31 25 21 279 26 36 22 125 22 26 40 28 39 112 20 22 245 43
leaf_count=1304 147 33 61 26 47 95 21 68 22 31 24 29 31 25 21 279 26 36 22 125 22 26 40 28 39 112 20 22 245 43
internal_value=0.000325733 0.000193295 0.000589601 -0.000916775 6.82384e-05 -0.001875 -0.00602941 0.000408163 -0.000232558 -0.00344156 -0.00804348 -0.000638587 -0.00464912 -0.000301914 -0.00478261 2.36969e-05 -0.00135593 -0.002393 -0.00149351 -0.000741627 -0.00333333 -0.000645161 0.00139175 -0.00114035 0.00214022 0.000320197 -0.00302469 -0.00690476 0.00305014 0.000673077
internal_weight=3070 2923 2154 769 1612 240 68 1372 172 77 46 736 57 679 46 633 354 257 231 209 84 62 97 57 542 193 81 42 349 104
internal_count=3070 2923 2154 769 1612 240 68 1372 172 77 46 736 57 679 46 633 354 257 231 209 84 62 97 57 542 193 81 42 349 104
cat_boundaries=0 1
cat_threshold=10
is_linear=0
shrinkage=0.05


Tree=107
num_leaves=31
num_cat=1
split_feature=1 4 1 4 3 10 0 10 0 4 6 0 0 1 1 10 10 6 4 5 0 11 1 1 4 0 5 8 4 10
split_gain=0.398439 0.411602 0.677457 0.527913 0.598275 0.447332 0.446376 0.730702 0.46702 0.420669 0.698726 0.463387 0.623077 0.459261 0.569164 0.397744 0.392075 0.381927 0.378093 0.367448 0.371504 0.357018 0.658573 0.339471 0.415179 0.276845 0.222467 0.220669 0.416206 0.332865
threshold=1213230.8100000003 388845.3776785715 295994.90000000008 423144.68464285723 396004.79571428575 122.50000000000001 405023.70000000007 172.50000000000003 523564.02500000008 506212.04999999999 361361.47975868621 407826.83000000007 527967.51000000013 388154.28000000009 325563.81000000006 98.500000000000014 143.50000000000003 128037.85784872471 216133.69946428575 128357.81606349666 427699.05000000005 0 337986.9150000001 682681.61500000011 669903.92625000014 577566.06000000017 121332.18348206226 1.0000000180025095e-35 294276.57428571436 97.500000000000014
decision_type=2 2 2 2 2 2 2 2 2 2 2 2 2 2 2 2 2 2 2 2 2 1 2 2 2 2 2 2 2 2
left_child=1 2 19 4 15 23 7 -6 17 13 11 -11 -13 14 -7 -3 -14 -8 -4 20 27 -20 -23 26 -25 -10 -5 -1 29 -29
right_child=-2 3 18 5 6 9 8 -9 25 10 -12 12 16 -15 -16 -17 -18 -19 21 -21 -22 22 -24 24 -26 -27 -28 28 -30 -31
leaf_value=2.8094040261928042 4799.106577526235 -480.01910986367693 -552.64826531325991 291.71683202635398 -1067.2665134508059 397.51619925078728 3427.5158704639662 -216.20510408953652 -217.09382962540906 545.90886322029905 7647.2038913835686 -3910.8480054722954 2807.68506779885 906.16534080287556 -3690.5882069469803 695.01600963233386 -1423.9788585644587 -1491.1304963526345 919.10409099346145 1161.6456762165988 -442.1325327051307 -306.54199253930057 531.9185183283663 -478.3119436153163 2339.5357081187167 23.923875162134124 3364.6120945425851 -77.016472544378132 636.71270641019385 -0.44742744980861304
leaf_weight=1250 82 38 23 27 30 20 28 38 24 23 48 20 22 92 21 95 30 23 218 39 22 34 108 22 105 22 106 147 44 269
leaf_count=1250 82 38 23 27 30 20 28 38 24 23 48 20 22 92 21 95 30 23 218 39 22 34 108 22 105 22 106 147 44 269
internal_value=0.00034202 0.000247657 0.000612814 -0.000695443 -0.00238255 0.000242537 -0.00439394 -0.0075 -0.00221649 -0.00115942 -0.00304196 -0.00552632 -0.0075 0.000864662 -0.00353659 0.000112782 -0.00461538 0.00107843 0.00251958 0.000200452 9.23789e-05 0.00291667 0.000723684 0.00173077 -0.00011811 -0.00586956 0.00349624 0.000175439 -0.000760869 -0.00125
internal_weight=3070 2988 2154 834 298 536 165 68 97 276 143 95 72 133 41 133 52 51 383 1771 1732 360 142 260 127 46 133 1710 460 416
internal_count=3070 2988 2154 834 298 536 165 68 97 276 143 95 72 133 41 133 52 51 383 1771 1732 360 142 260 127 46 133 1710 460 416
cat_boundaries=0 1
cat_threshold=10
is_linear=0
shrinkage=0.05


Tree=108
num_leaves=31
num_cat=0
split_feature=6 0 4 0 7 7 2 7 6 0 0 10 2 4 6 4 2 2 4 5 2 10 5 2 0 2 6 6 4 10
split_gain=0.320202 0.5 0.424885 0.636689 0.589461 0.460932 0.517172 0.50506 0.675954 0.369171 0.559085 0.43677 0.371867 0.647239 0.365057 0.353067 0.430923 0.709655 0.394866 0.342857 0.33416 0.324279 0.304437 0.438439 0.432692 0.423014 0.684262 0.404799 0.652497 0.296378
threshold=367043.57300942176 432248.34500000003 385148.46392857149 262709.99500000005 1.5000000000000002 1.0000000180025095e-35 342665.44500000001 5.5000000000000009 111103.17560738053 213621.71500000003 229852.89000000004 139.50000000000003 246961.92500000002 294935.11271428579 114019.63656086488 300000.32001322758 214222.48500000002 146454.20500000005 301347.3733928572 107301.43079407841 144508.52500000005 134.50000000000003 70882.235317453786 172731.66000000003 154313.99500000002 195687.98500000002 43283.204674816698 48508.886321881648 219480.8835714286 160.50000000000003
decision_type=2 2 2 2 2 2 2 2 2 2 2 2 2 2 2 2 2 2 2 2 2 2 2 2 2 2 2 2 2 2
left_child=2 -2 3 9 15 6 -4 8 19 22 11 -11 -12 -14 -10 16 17 -5 -17 -7 -6 -20 25 24 -24 -1 -27 -28 -29 -16
right_child=1 -3 5 4 20 7 -8 -9 14 10 12 -13 13 -15 29 18 -18 -19 21 -21 -22 -23 23 -25 -26 26 27 28 -30 -31
leaf_value=0.984798792896037 -277.9215782169212 7253.3397128457473 -177.87787805116403 12.89181095669079 -98.047777158123054 -926.92251149687172 2755.3160917585587 1085.6948760049252 765.44036722441979 -152.96194597608331 314.22368043513302 -51.13852729439872 -123.9303752407568 295.80153161536032 -47.37319080686234 -95.815066046445224 223.38605418413715 -135.10449519140997 -34.194253600518238 -189.01728207785288 866.89730826643017 584.75262851241166 164.5992325434033 77.815406714479934 -454.27515699659938 -130.02935023803897 180.17518863691663 -253.87209179136545 10.510770621659097 -431.56593743355853
leaf_weight=1180 21 126 20 21 20 20 90 122 22 34 41 25 33 28 290 23 86 29 20 28 254 29 32 145 20 22 21 20 21 227
leaf_count=1180 21 126 20 21 20 20 90 122 22 34 41 25 33 28 290 23 86 29 20 28 254 29 32 145 20 22 21 20 21 227
internal_value=0.00034202 0.00261905 0.000227506 0.000603612 0.00219917 -0.000738706 0.00227273 -0.00120592 -0.00181431 0.00012947 -0.00214286 -0.00601695 9.80394e-05 -0.00237705 -0.00130798 0.000192308 0.00169118 -0.002 -0.00263889 -0.0075 0.00372263 -0.000102041 0.000379877 0.00220812 -0.00173077 9.49369e-05 -0.00333333 -0.000645161 -0.00353659 -0.0015764
internal_weight=3070 147 2923 2104 482 819 110 709 587 1622 161 59 102 61 539 208 136 50 72 48 274 49 1461 197 52 1264 84 62 41 517
internal_count=3070 147 2923 2104 482 819 110 709 587 1622 161 59 102 61 539 208 136 50 72 48 274 49 1461 197 52 1264 84 62 41 517
is_linear=0
shrinkage=0.05


Tree=109
num_leaves=31
num_cat=1
split_feature=1 11 1 7 6 0 3 3 5 5 10 1 6 5 10 10 3 0 6 6 7 5 0 6 3 0 1 3 3 10
split_gain=0.37979 0.292838 1.01415 0.43169 0.426624 0.523028 0.404999 0.363729 0.462019 0.326519 0.816065 0.565739 0.42633 0.560023 0.386621 0.619487 0.730396 0.58628 0.611711 0.848227 0.415957 0.546429 0.405844 0.333333 0.685307 0.317437 0.437614 0.309872 0.828003 0.311635
threshold=1213230.8100000003 0 293250.66000000009 1.0000000180025095e-35 36888.230992773686 129389.77 219785.74357142861 119815.00357142858 33096.056138908629 41317.756906491202 147.50000000000003 187290.01500000004 72305.550381487192 67453.735831204875 90.500000000000014 98.500000000000014 396004.79571428575 443056.65500000009 207719.14711148813 168585.86737647827 4.5000000000000009 120328.82646153282 515088.79500000004 367043.57300942176 588183.77642857155 98820.410000000018 106673.93000000001 299948.86500000005 306437.45071428578 255.50000000000003
decision_type=2 1 2 2 2 2 2 2 2 2 2 2 2 2 2 2 2 2 2 2 2 2 2 2 2 2 2 2 2 2
left_child=1 2 27 -3 7 25 -4 -5 -9 10 -7 -11 13 -13 -14 -16 22 18 19 20 21 -18 -17 24 -19 26 -6 29 -29 -1
right_child=-2 3 6 4 5 9 -8 8 -10 11 -12 12 14 -15 15 16 17 23 -20 -21 -22 -23 -24 -25 -26 -27 -28 28 -30 -31
leaf_value=2.0609038384356713 4232.9878715854838 296.31827054126677 -169.85050544272292 5.945089790946696 -45.213442208804082 -90.220505330666995 761.9783771315939 -530.67397709206614 -139.61857467676109 58.754414621760411 32.002389462755595 -157.57823420028214 282.35064631582679 97.223974614768849 -1067.8932230935184 311.80427844247532 -479.35995822087563 37.065036189060685 -717.0285166334038 3516.951449698076 -161.8320271997425 -1431.7022886288159 -529.20750416407361 6765.2773050371607 -3900.818870753234 50.907019078691313 25.303842683481989 -270.47581166113764 302.93056602481835 -17.759096616160114
leaf_weight=1118 82 224 30 46 25 25 215 20 32 117 28 26 254 22 41 144 28 152 20 26 47 40 21 40 48 71 36 22 31 39
leaf_count=1118 82 224 30 46 25 25 215 20 32 117 28 26 254 22 41 144 28 152 20 26 47 40 21 40 48 71 36 22 31 39
internal_value=0.000423453 0.000331325 0.000836178 -0.000152301 -0.000500382 -0.0002436 0.00377551 -0.00367347 -0.00653846 -0.000607043 -0.00443396 -0.000409357 -0.000830583 -0.00541667 -0.000574913 -0.0012603 -0.000830388 -0.00198254 -0.00431677 -0.00315603 -0.005 -0.0075 0.0019697 -0.000416666 -0.00125 0.00272727 8.19674e-05 0.000247934 -0.00349057 0.000419188
internal_weight=3070 2988 1455 1533 1309 1211 245 98 52 1079 53 1026 909 48 861 607 566 401 161 141 115 68 165 240 200 132 61 1210 53 1157
internal_count=3070 2988 1455 1533 1309 1211 245 98 52 1079 53 1026 909 48 861 607 566 401 161 141 115 68 165 240 200 132 61 1210 53 1157
cat_boundaries=0 1
cat_threshold=10
is_linear=0
shrinkage=0.05


Tree=110
num_leaves=31
num_cat=0
split_feature=6 1 6 4 3 6 0 0 3 6 3 5 5 1 6 7 0 1 4 4 0 4 0 6 6 3 1 3 5 3
split_gain=0.366166 0.759797 0.345169 1.10053 0.740747 0.660326 0.593927 0.486312 0.515723 0.436893 0.392036 0.264258 0.505181 0.367098 0.284444 0.257313 0.407667 0.610693 0.704859 0.9373 0.483278 0.402952 0.34699 0.295475 0.540937 0.379848 0.275557 0.246692 0.238095 0.35
threshold=112715.55988619714 293250.66000000009 128585.338348404 398491.41375000007 437656.4114285715 122962.54071743919 318444.77500000008 213621.71500000003 369276.96000000002 135100.44332905117 413517.83500000002 33096.056138908629 78868.886002430081 337986.9150000001 100178.02530066804 5.5000000000000009 489052.80000000005 772552.72500000009 423144.68464285723 390239.97857142863 353977.08500000008 529028.35928571445 1253947.2600000002 270874.48256614216 247838.10495402032 588183.77642857155 950324.20000000007 968199.37000000011 173007.1862001144 825259.9921428574
decision_type=2 2 2 2 2 2 2 2 2 2 2 2 2 2 2 2 2 2 2 2 2 2 2 2 2 2 2 2 2 2
left_child=1 -1 3 6 5 -5 7 -2 -9 -4 -8 -3 -13 14 -14 16 17 18 19 -11 -21 -20 23 24 25 -18 -24 -25 -17 -30
right_child=2 11 9 4 -6 -7 10 8 -10 15 -12 12 13 -15 -16 28 22 -19 21 20 -22 -23 26 27 -26 -27 -28 -29 29 -31
leaf_value=1.8964326378493794 17.342299319199114 689.05080748685077 620.97220433788959 -1431.0455007281782 3166.6235635236499 -1118.7040530903864 1806.2736915562091 -476.94111414040566 21.778288412732518 89.312864642219978 -131.72470097623733 -130.16965512246031 62.60457723688085 1323.3079100115328 -159.04004794307858 1626.3708272566353 2226.8196238094811 -4427.5023553277124 577.47549515869719 -49.869812182001034 -1382.1612508171027 -1384.5385663929164 2289.9944320839604 3487.9398914367994 -3796.3984060276071 -206.24357411427536 -5308.7498566129152 4130.7664337476062 -1082.0747530248573 8204.252351233692
leaf_weight=1654 30 116 65 23 22 25 80 20 23 46 26 57 25 139 20 45 133 24 104 26 23 27 26 70 25 26 38 88 28 35
leaf_count=1654 30 116 65 23 22 25 80 20 23 46 26 57 25 139 20 45 133 24 104 26 23 27 26 70 25 26 38 88 28 35
internal_value=0.000548721 0.00094729 -0.000194805 -0.00182731 -0.00714286 -0.010625 0.000251397 -0.00321918 -0.00662791 0.000295537 0.00264151 0.00303922 0.00209544 0.00336957 -0.000555555 -3.92668e-05 -0.000411585 -0.002 -0.00119469 -0.00447368 -0.00928571 0.00118321 0.000566503 0.00119883 -0.000163043 0.00091195 -0.0028125 0.00278481 0.00222222 0.000238095
internal_weight=3089 2011 1078 249 70 48 179 73 43 829 106 357 241 184 45 764 656 250 226 95 49 131 406 342 184 159 64 158 108 63
internal_count=3089 2011 1078 249 70 48 179 73 43 829 106 357 241 184 45 764 656 250 226 95 49 131 406 342 184 159 64 158 108 63
is_linear=0
shrinkage=0.05


Tree=111
num_leaves=31
num_cat=0
split_feature=7 3 2 1 5 6 2 3 7 0 6 5 3 2 3 5 3 5 5 6 6 0 6 2 6 3 7 2 5 3
split_gain=0.334467 0.39642 0.334195 0.469613 0.286368 0.31311 0.451061 0.506924 0.814446 0.455271 0.450374 0.35518 0.34073 0.457284 0.360225 0.306779 0.274782 0.26974 0.235611 0.305275 0.528179 0.218352 0.324279 0.216456 0.564689 0.60942 0.490595 0.433505 0.374158 0.415385
threshold=5.5000000000000009 1206016.0507142858 206623.57500000004 196164.30500000002 5088.3845341294082 118969.01629422152 275880.78000000009 300666.79642857151 1.5000000000000002 227601.43500000003 121803.69412352426 113855.66576723999 328123.72285714292 378362.99000000005 362402.9671428572 456290.21455313457 407787.44214285718 110988.71730441235 7832.736497676392 14676.719014205233 37188.494001121588 551425.88500000013 270874.48256614216 495609.40000000008 155481.2509383517 433234.90571428579 2.5000000000000004 311015.33000000002 129659.87757843696 413517.83500000002
decision_type=2 2 2 2 2 2 2 2 2 2 2 2 2 2 2 2 2 2 2 2 2 2 2 2 2 2 2 2 2 2
left_child=1 4 3 18 -1 6 7 17 -9 -8 -7 -10 13 -12 -14 23 -11 -6 -2 -20 -21 -4 -23 24 28 -26 27 -27 29 -16
right_child=2 -3 21 -5 5 10 9 8 11 16 12 -13 14 -15 15 -17 -18 -19 19 20 -22 22 -24 -25 25 26 -28 -29 -30 -31
leaf_value=-6.5830487423486943 -25.468348684518844 -4417.1517988866863 596.98401218402228 -1170.4030364183691 1.9656855560699094 -252.58576612258031 -127.98499096927669 -616.5222002449018 347.25153479534634 516.57658369999615 16.380375991113176 -170.07467446250604 2999.6325121203004 -367.10995283640472 13.206186577463962 8317.0834497004016 -51.390295896787364 373.96249198998777 30.685504647067969 -164.92154087255972 49.282042725312948 -2267.2112479579109 6737.3913319368212 235.40333328931592 -361.63454922335842 215.96558190566995 817.65463367250527 -855.43387799440006 482.87440063220686 -1405.5886939833142
leaf_weight=47 32 35 214 21 1263 31 20 25 21 315 29 22 36 20 48 28 41 34 51 29 52 20 29 356 30 26 55 27 102 30
leaf_count=47 32 35 214 21 1263 31 20 25 21 315 29 22 36 20 48 28 41 34 51 29 52 20 29 356 30 26 55 27 102 30
internal_value=0.000500162 0.000285877 0.00176339 0.000135135 0.000356869 0.000427902 0.000807008 0.000384616 -0.00382353 0.00234043 -0.000378973 0.000348837 -0.000146124 -0.00418367 0.000121951 -0.000128205 0.00275281 0.000605243 0.00103659 0.0019697 6.17286e-05 0.00290875 -0.000102041 -0.000341246 -0.00128931 -0.00369565 -0.00194444 -0.00537736 0.000555556 -0.00205128
internal_weight=3089 2641 448 185 2606 2559 1741 1365 68 376 818 43 787 49 738 702 356 1297 164 132 81 263 49 674 318 138 108 53 180 78
internal_count=3089 2641 448 185 2606 2559 1741 1365 68 376 818 43 787 49 738 702 356 1297 164 132 81 263 49 674 318 138 108 53 180 78
is_linear=0
shrinkage=0.05


Tree=112
num_leaves=31
num_cat=0
split_feature=4 6 0 0 5 5 4 3 3 7 1 3 10 6 10 0 1 1 1 6 1 1 4 10 10 3 10 10 3 3
split_gain=0.377949 0.878447 1.03453 0.723194 0.548352 0.536126 0.382809 0.35214 0.393284 0.329978 0.601337 0.672002 0.886863 0.486979 0.304948 0.346879 0.539008 0.382429 1.14532 1.09412 0.434761 0.452973 0.332678 0.3234 0.363137 0.304878 0.294117 0.58281 0.282594 0.374961
threshold=398491.41375000007 128585.338348404 551425.88500000013 262709.99500000005 94078.567190292888 133133.95262291358 409704.43375000008 413517.83500000002 448650.97928571433 1.5000000000000002 359202.95500000002 297585.0921428572 134.50000000000003 123793.04869707425 45.500000000000007 203691.06500000003 147142.95500000005 230817.63500000004 197760.97500000001 45507.843043542198 286404.10000000003 335816.46500000003 91271.17357142859 190.50000000000003 224.50000000000003 170582.22500000003 246.50000000000003 238.50000000000003 158581.32642857145 135208.22785714289
decision_type=2 2 2 2 2 2 2 2 2 2 2 2 2 2 2 2 2 2 2 2 2 2 2 2 2 2 2 2 2 2
left_child=3 2 4 5 -2 14 -6 9 -9 10 11 -5 -13 -11 -1 16 22 18 19 -17 -19 -22 -16 -18 -25 -26 27 28 29 -24
right_child=1 -3 -4 7 6 -7 -8 8 -10 13 -12 12 -14 -15 15 17 23 20 -20 -21 21 -23 26 24 25 -27 -28 -29 -30 -31
leaf_value=26.083081313330922 -2325.6926527799801 50.135726222000827 -2474.4724011012845 52.249877979646854 -315.87293487536954 -220.83599952992756 1284.1478579531095 -258.20904834556279 1176.1960315293945 707.94586688497395 3438.4715426948869 -516.45613223345731 81.041370277821969 -20.593685045195969 21.076936170711704 -191.82892037090548 61.793997298109403 77.722791194368767 -124.57274382853043 170.87027930302611 -224.23725309237562 1044.5824785436255 -4.7489059579825001 -12.839624163443899 259.94114793036482 -39.796909222933976 15.600773025959853 -163.63384617543804 -101.77604207482935 27.773101879063923
leaf_weight=247 21 693 20 105 37 31 24 44 30 299 73 33 38 50 26 20 338 42 20 31 35 22 440 69 41 41 61 21 22 115
leaf_count=247 21 693 20 105 37 31 24 44 30 299 73 33 38 50 26 20 338 42 20 31 35 22 440 69 41 41 61 21 22 115
internal_value=0.000467789 -0.000471698 -0.00480392 0.000793374 -0.00231707 0.000221948 8.19674e-05 0.00217262 -0.00108108 0.00257525 0.00118474 -0.000397727 -0.00415493 0.00356734 0.000348837 5.20835e-05 0.000357751 -0.00205882 -0.00485915 -0.000882353 -5.05049e-05 -0.00289474 -0.000547445 0.00162577 -0.000298013 0.00195122 -0.000766312 -0.00110368 -0.000805892 -0.000585585
internal_weight=3089 795 102 2294 82 1622 61 672 74 598 249 176 71 349 1591 1344 1174 170 71 51 99 57 685 489 151 82 659 598 577 555
internal_count=3089 795 102 2294 82 1622 61 672 74 598 249 176 71 349 1591 1344 1174 170 71 51 99 57 685 489 151 82 659 598 577 555
is_linear=0
shrinkage=0.05


Tree=113
num_leaves=31
num_cat=0
split_feature=7 2 2 10 0 1 4 5 6 5 1 4 1 5 4 6 4 4 0 1 0 0 5 10 10 0 0 6 10 1
split_gain=0.369631 0.334097 0.453175 0.534982 0.380952 0.269659 0.456199 0.328744 0.745853 0.742205 0.363872 0.318222 0.47153 0.441727 0.279233 0.810399 0.318205 0.503961 0.853333 0.512121 0.493282 0.570555 0.56561 0.63503 0.464368 0.500397 0.697312 0.399815 0.383819 0.337742
threshold=5.5000000000000009 184225.86500000002 136326.89500000002 98.500000000000014 154313.99500000002 748649.40000000014 738330.17464285728 258615.33492402805 256714.91811131249 113855.66576723999 647897.77500000002 1099443.6676785718 869690.97500000021 328924.07039972878 513273.52767857147 178093.84371244119 476945.73303571431 398491.41375000007 591652.38000000012 537380.32500000007 240016.58500000005 213621.71500000003 110182.05823445389 95.500000000000014 257.50000000000006 163833.70500000005 160729.05000000002 24710.563569740498 246.50000000000003 166583.71000000002
decision_type=2 2 2 2 2 2 2 2 2 2 2 2 2 2 2 2 2 2 2 2 2 2 2 2 2 2 2 2 2 2
left_child=5 2 -2 -4 -5 7 -7 8 10 -10 14 12 -8 -13 16 -16 17 20 19 -19 21 24 23 -23 25 26 28 -22 29 -1
right_child=1 -3 3 4 -6 6 11 -9 9 -11 -12 13 -14 -15 15 -17 -18 18 -20 -21 27 22 -24 -25 -26 -27 -28 -29 -30 -31
leaf_value=-3.0811782706438313 7.3088072888581195 437.03970096530134 -407.94872365222193 -461.07627915657667 314.77233566593873 -1492.2360858957345 -2804.4058116093133 3033.2488746717431 9.5203754042529507 -1536.8388574847659 3637.7120494582555 2057.0834020677853 2608.2785260999012 -8077.2968103986659 -1013.538814543019 4871.6139411929098 2534.3611016427044 9.9269496189595507 -1032.6592739577334 -1088.7608065815452 566.19284425749254 475.01006825693025 -132.27116427208881 -95.504316154843451 -15.769989129141756 37.436037218556784 -211.45836693485873 52.567498845725304 71.496645638215725 201.25765368754324
leaf_weight=677 90 291 25 21 21 34 31 74 22 23 42 32 111 26 23 24 73 146 21 29 126 23 22 38 33 362 32 480 37 100
leaf_count=677 90 291 25 21 21 34 31 74 22 23 42 32 111 26 23 24 73 146 21 29 126 23 22 38 33 362 32 480 37 100
internal_value=0.000435416 0.00176339 -9.55412e-05 -0.00320895 0.000238095 0.000210148 -0.00141026 0.000367678 0.000263609 -0.00611111 0.000388986 -0.0005 0.000774648 -0.00362069 0.000302761 -0.00351064 0.000384266 0.000272813 -0.00214286 -0.001 0.000518135 -2.26584e-05 -0.00403614 -0.00155738 0.00024577 0.000405629 -0.000260047 0.00169967 2.45702e-05 -0.000212355
internal_weight=3089 448 157 67 42 2641 234 2407 2333 45 2288 200 142 58 2246 47 2199 2126 196 175 1930 1324 83 61 1241 1208 846 606 814 777
internal_count=3089 448 157 67 42 2641 234 2407 2333 45 2288 200 142 58 2246 47 2199 2126 196 175 1930 1324 83 61 1241 1208 846 606 814 777
is_linear=0
shrinkage=0.05


Tree=114
num_leaves=31
num_cat=0
split_feature=7 3 4 1 5 4 5 4 5 2 5 5 1 10 0 0 4 10 0 10 10 5 0 5 2 1 4 2 3 1
split_gain=0.343093 0.393586 0.28992 0.440029 0.283534 0.260116 0.25175 0.456673 0.248403 0.315704 0.238743 0.265735 0.668262 0.291157 0.276801 0.271133 0.429938 0.409179 0.495122 0.375252 0.348742 0.4708 0.451882 0.270818 0.433083 0.64251 0.488819 0.338837 0.284097 0.359465
threshold=5.5000000000000009 1206016.0507142858 216133.69946428575 197760.97500000001 5088.3845341294082 91719.473214285725 138146.13288717566 494266.58017857152 7832.736497676392 182107.81500000003 456290.21455313457 32234.866698631249 293250.66000000009 254.50000000000003 293712.02500000008 147310.62000000002 135410.90026785716 166.50000000000003 135054.09000000005 152.50000000000003 128.50000000000003 7832.736497676392 94270.685000000012 40656.314985334488 163746.75000000003 119291.82000000002 120901.90928571431 80961.35000000002 118964.325 88895.295000000013
decision_type=2 2 2 2 2 2 2 2 2 2 2 2 2 2 2 2 2 2 2 2 2 2 2 2 2 2 2 2 2 2
left_child=1 4 3 8 5 -1 -4 -8 -2 -10 11 12 13 14 15 16 19 18 -18 20 21 22 -6 24 25 26 -13 -25 -29 -30
right_child=2 -3 6 -5 10 -7 7 -9 9 -11 -12 23 -14 -15 -16 -17 17 -19 -20 -21 -22 -23 -24 27 -26 -27 -28 28 29 -31
leaf_value=25.439035111894512 -17.173104374025083 -3794.9361547335161 616.50319731201489 -998.50954224566567 14.454933307737361 -29.408460458610513 -1218.1837356781955 4170.55933089067 16.654371076541576 -86.041000465260268 7957.752527307578 48.081071694538394 712.45553583575577 -57.161986682560681 -80.191243509938303 74.30109890927848 -17.068400134992284 -59.516495998866425 89.942627649989802 24.545476193968604 -60.154721326074686 66.543092898203 -4.8866933895036047 126.81317205220503 342.08202254326147 -132.48044641916783 -39.843736452300924 164.91847713310943 -37.490671502839881 4.4312172135327073
leaf_weight=22 32 35 161 22 32 25 34 62 112 25 28 31 98 26 20 226 41 45 29 90 30 74 30 36 38 30 34 29 56 1536
leaf_count=22 32 35 161 22 32 25 34 62 112 25 28 31 98 26 20 226 41 45 29 90 30 74 30 36 38 30 34 29 56 1536
internal_value=0.000483976 0.000266945 0.00176339 0.000287958 0.000337682 -0.00351064 0.00285992 0.000833334 0.00115385 0.00208029 0.000408363 0.000357566 0.00115385 0.000567652 0.000786062 0.0009799 0.000148248 -0.0023913 1.86265e-10 0.00128906 -0.000120482 0.000955883 -0.00225806 2.79331e-05 -0.00214286 -0.00394737 -0.00115385 0.000202173 9.56202e-05 6.28159e-06
internal_weight=3089 2641 448 191 2606 47 257 96 169 137 2559 2531 741 643 617 597 371 115 70 256 166 136 62 1790 133 95 65 1657 1621 1592
internal_count=3089 2641 448 191 2606 47 257 96 169 137 2559 2531 741 643 617 597 371 115 70 256 166 136 62 1790 133 95 65 1657 1621 1592
is_linear=0
shrinkage=0.05


Tree=115
num_leaves=31
num_cat=0
split_feature=4 3 3 1 5 4 5 2 2 5 3 0 1 1 1 1 2 1 0 0 5 0 0 2 0 1 0 4 4 2
split_gain=0.337001 0.525254 0.433415 0.710878 0.689366 0.756821 0.661333 0.856018 1.08651 0.55225 0.756821 0.533333 0.509047 0.411449 0.481496 0.4 0.375073 0.372821 0.334259 0.30739 0.294983 0.289558 0.512834 0.345695 0.674599 0.346238 0.253267 0.257459 0.232901 0.236025
threshold=867306.46678571438 1206016.0507142858 413517.83500000002 295994.90000000008 133133.95262291358 217033.88250000004 129659.87757843696 579120.67000000004 386468.1650000001 133957.74695276996 384851.28857142857 507334.46000000008 474212.97000000003 772552.72500000009 1028137.0450000002 489230.06000000006 281386.79500000004 337986.9150000001 378119.72000000003 1253947.2600000002 371384.67775465845 335049.23500000004 557495.57500000007 619845.31000000017 500171.74000000005 398065.95000000007 361639.60500000004 302755.76558035723 367074.60357142863 321865.21000000002
decision_type=2 2 2 2 2 2 2 2 2 2 2 2 2 2 2 2 2 2 2 2 2 2 2 2 2 2 2 2 2 2
left_child=2 19 3 9 5 -5 7 8 -4 10 26 15 18 21 -15 -10 17 -7 -6 -2 -21 -8 23 24 25 -23 28 -28 29 -1
right_child=1 -3 6 4 12 16 13 -9 11 -11 -12 -13 -14 14 -16 -17 -18 -19 -20 20 -22 22 -24 -25 -26 -27 27 -29 -30 -31
leaf_value=-0.34691180127553101 5277.4002374989423 -2798.769152561279 -8.4036250252982949 -859.7666026928639 -395.28413336065569 -199.83619500778315 1684.5003527839265 2729.3871813070236 -951.1401186137191 2367.5278634446399 -933.07905122229567 -2087.5293776455214 3048.6481249434082 -2043.4212571599162 1098.1653914535352 -587.21491063172732 665.96467262130443 547.72781543165854 -1836.2095520463401 -1838.3919340474167 5481.0259609073219 -323.66625497898661 932.81604744536787 -1202.4526532205316 -1052.5028976495482 2551.8201129198119 -457.01390362861497 381.48194439788335 146.47777610704077 -63.00087208160452
leaf_weight=1626 139 35 45 22 30 24 51 29 20 50 20 20 38 48 21 20 380 27 24 20 26 22 113 29 22 58 30 22 22 25
leaf_count=1626 139 35 45 22 30 24 51 29 20 50 20 20 38 48 21 20 380 27 24 20 26 22 113 29 22 58 30 22 22 25
internal_value=0.000160236 0.00204545 1.40946e-05 0.000299145 0.00188073 0.00268212 -0.0013253 -0.00432836 -0.00642857 -0.000181058 -0.000329513 -0.0108333 -0.00206522 -0.00021978 -0.00369565 -0.0075 0.00314385 -0.000882353 -0.00518518 0.00310811 -0.000434782 0.000593221 -0.000122951 -0.00225191 -0.000882353 0.00125 -0.000217391 -0.00365385 -0.00011058 -0.000178679
internal_weight=3058 220 2838 2340 545 453 498 134 105 1795 1745 60 92 364 69 40 431 51 54 185 46 295 244 131 102 80 1725 52 1673 1651
internal_count=3058 220 2838 2340 545 453 498 134 105 1795 1745 60 92 364 69 40 431 51 54 185 46 295 244 131 102 80 1725 52 1673 1651
is_linear=0
shrinkage=0.05


Tree=116
num_leaves=31
num_cat=0
split_feature=4 3 4 6 0 3 3 3 0 0 0 10 1 3 1 1 1 1 6 3 1 10 7 10 1 6 10 3 0 0
split_gain=0.281614 0.483608 0.477107 0.934338 0.546825 0.66233 1.29359 0.572368 0.463778 0.967459 0.440825 0.508239 0.377611 0.328798 0.306973 0.473326 0.551261 0.483131 0.289882 0.805286 0.281584 0.278799 0.866667 0.771429 0.730803 0.751022 0.278101 0.268786 0.554443 0.26228
threshold=867306.46678571438 1206016.0507142858 428947.87321428576 133698.11710930648 262709.99500000005 225722.15785714288 213533.60642857142 301883.79785714293 386153.45500000002 436138.15500000009 203691.06500000003 231.50000000000003 284169.10500000004 283542.07142857148 344617.74500000005 205323.95000000004 245193.81000000003 286404.10000000003 24710.563569740498 290822.88857142866 584401.12000000011 160.50000000000003 1.5000000000000002 220.50000000000003 618973.59500000009 211869.44353650193 250.50000000000003 225722.15785714288 160729.05000000002 1253947.2600000002
decision_type=2 2 2 2 2 2 2 2 2 2 2 2 2 2 2 2 2 2 2 2 2 2 2 2 2 2 2 2 2 2
left_child=2 29 4 -4 10 6 -6 12 20 -10 13 14 18 27 15 -12 -17 -18 -7 -20 -5 24 -23 -24 -11 -26 -9 -1 -29 -2
right_child=1 -3 3 8 5 7 -8 26 9 21 11 -13 -14 -15 -16 16 17 -19 19 -21 -22 22 23 -25 25 -27 -28 28 -30 -31
leaf_value=0.74677657688441279 5013.5302256239956 -2658.8306949332145 -552.14367710120564 2260.3276089231672 99.485807498152454 280.96441953225388 -569.69433786558409 20.674617165835357 -536.00877369722105 2265.3489647864021 113.7394746419718 -248.44596283098073 623.15712855140509 332.74783252854991 697.02143956813961 -132.50325573867897 212.49506181353502 -142.75300606343885 54.123921555825348 -110.85031419415185 -608.81366517475624 3417.342288731415 -1671.1923113254725 625.98539664044256 -1012.3356576869123 78.025126284171378 2466.4020719133787 436.66733618159469 -418.73394015867598 743.73018738733947
leaf_weight=1313 139 35 25 71 26 29 38 454 38 79 55 20 169 50 28 39 29 45 35 22 27 30 28 20 22 59 35 21 31 46
leaf_count=1313 139 35 25 71 26 29 38 454 38 79 55 20 169 50 28 39 29 45 35 22 27 30 28 20 22 59 35 21 31 46
internal_value=9.48334e-05 0.00181818 -3.87595e-05 -0.0016416 0.000223452 0.00128713 -0.00359375 0.00170699 -0.00101604 -0.00206522 -0.000303495 -0.00240741 0.00362745 1.7668e-05 -0.00163265 -0.00244048 -0.00429204 -0.00175676 0.000930233 -0.00114035 0.00193878 -0.000882353 -0.00333333 -0.0075 0.0003125 -0.00302469 0.000705522 -0.000128205 -0.00365385 0.00283784
internal_weight=3058 220 2838 399 2439 808 64 744 374 276 1631 216 255 1415 196 168 113 74 86 57 98 238 78 48 160 81 489 1365 52 185
internal_count=3058 220 2838 399 2439 808 64 744 374 276 1631 216 255 1415 196 168 113 74 86 57 98 238 78 48 160 81 489 1365 52 185
is_linear=0
shrinkage=0.05


Tree=117
num_leaves=31
num_cat=0
split_feature=10 10 10 4 3 10 0 1 6 0 10 1 2 10 0 0 6 2 10 2 1 1 3 10 0 0 1 6 4 3
split_gain=0.27178 0.616021 0.457442 0.279955 0.449837 0.719931 0.407353 0.357154 0.431866 0.512543 0.364066 0.371139 1.24325 0.318182 0.311366 0.305716 0.43637 0.465446 0.603449 0.669692 1.21234 0.747738 1.13829 0.448751 0.406791 0.753472 0.694623 0.376373 0.278695 0.551063
threshold=260.50000000000006 257.50000000000006 250.50000000000003 133147.27821428576 124097.38357142858 104.50000000000001 125164.31500000002 82858.37000000001 39684.161699439072 142611.07500000004 174.50000000000003 94325.000000000015 95495.160000000018 29.500000000000004 111428.32500000001 129389.77 42700.58050265893 290950.18000000005 107.50000000000001 153983.22500000003 161367.42000000004 184324.19000000003 291639.24071428576 233.50000000000003 412361.76000000007 292011.27500000008 479155.55500000005 45113.758009726582 867306.46678571438 1206016.0507142858
decision_type=2 2 2 2 2 2 2 2 2 2 2 2 2 2 2 2 2 2 2 2 2 2 2 2 2 2 2 2 2 2
left_child=1 2 3 4 7 -6 -5 13 9 10 11 -9 -13 -1 -7 -8 17 18 -17 -20 -21 -22 -23 27 25 -25 -26 -18 -29 -30
right_child=-2 -3 -4 6 5 14 15 8 -10 -11 -12 12 -14 -15 -16 16 23 -19 19 20 21 22 -24 24 26 -27 -28 28 29 -31
leaf_value=-34.42218414623661 97.959884450402569 -108.75313405819264 70.761467231734954 54.052611266325336 9.5925543839779923 -121.67102983362616 -7.1275780530556165 2.4381708733139575 13.788769426605421 -92.065967706933691 9.5516700310685128 -42.114149417230635 -1.5548227251073892 32.738889624499286 -33.018807722365167 63.134444386142945 -116.51543913171292 577.69833361937413 24.53628553159578 -90.694374083565819 245.60184135569904 -137.91382633781458 26.755647656851682 -218.64849892833965 -1928.0190468808532 745.13735109852666 446.5283409952691 -0.58987355120924356 4873.9338857123903 -2749.7913799573271
leaf_weight=32 48 35 86 116 43 37 38 82 101 26 87 31 70 56 36 173 22 126 85 21 73 20 38 32 22 31 25 1268 164 34
leaf_count=32 48 35 86 116 43 37 38 82 101 26 87 31 70 56 36 173 22 126 85 21 73 20 38 32 22 31 25 1268 164 34
internal_value=0.000225638 0.000166113 0.000243698 0.000136726 -0.000823627 -0.00362069 0.000388986 -0.000154639 -0.000793451 -0.00175676 -0.00111111 -0.00237705 -0.00440594 0.00272727 -0.00664384 0.000234807 0.000313965 0.00154851 0.000731707 -0.000907173 -0.00289474 -0.00110687 -0.00534483 -0.000100125 -0.00318182 -0.000555555 -0.00670213 0.000127688 0.000225103 0.0019697
internal_weight=3058 3010 2975 2889 601 116 2288 485 397 296 270 183 101 88 73 2172 2134 536 410 237 152 131 58 1598 110 63 47 1488 1466 198
internal_count=3058 3010 2975 2889 601 116 2288 485 397 296 270 183 101 88 73 2172 2134 536 410 237 152 131 58 1598 110 63 47 1488 1466 198
is_linear=0
shrinkage=0.05


Tree=118
num_leaves=31
num_cat=0
split_feature=10 5 5 0 3 2 5 3 2 5 10 0 10 5 2 2 3 5 2 7 5 5 0 1 2 1 5 3 1 10
split_gain=0.252532 0.301606 0.678935 0.376404 0.438357 0.79577 0.638291 0.816667 0.480006 0.422095 0.801313 0.766309 0.81505 0.819946 0.59801 1.10331 0.773244 0.490917 0.620003 0.363521 0.410698 0.907194 0.378547 0.372943 0.471152 0.816667 0.560895 0.411609 0.546076 0.363087
threshold=17.500000000000004 30721.231188236601 18623.262859948682 661823.4800000001 413517.83500000002 365105.98000000004 133133.95262291358 352271.63285714295 346562.19000000006 125344.4409958035 224.50000000000003 335049.23500000004 90.500000000000014 270830.12469758576 400207.65500000009 479878.03000000009 444401.80285714293 176176.98395671838 369476.97500000003 3.5000000000000004 96117.070071128575 90564.208972458073 95836.580000000016 335816.46500000003 258572.09500000003 245193.81000000003 49641.373843985166 124817.04571428572 130257.54500000001 41.500000000000007
decision_type=2 2 2 2 2 2 2 2 2 2 2 2 2 2 2 2 2 2 2 2 2 2 2 2 2 2 2 2 2 2
left_child=-1 2 29 4 5 8 -7 -8 19 14 11 -11 -13 17 -6 -16 -17 18 -14 20 21 -3 -21 24 26 -26 27 -24 -29 -2
right_child=1 3 -4 -5 9 6 7 -9 -10 10 -12 12 13 -15 15 16 -18 -19 -20 22 -22 -23 23 -25 25 -27 -28 28 -30 -31
leaf_value=-51.110205365150968 35.769370282808858 -13.852317136197133 113.83616304077076 1079.9865689518679 58.801581444493927 891.06776337508438 -569.18187194513962 2994.2186945802018 -97.841219391979877 1454.8280259423293 2190.0003998732777 1132.0905482206622 340.75483606674538 -3316.7047191973297 -1284.0249688880167 -2161.3674987902791 1463.9136954210824 42.368893766945554 -1850.3571079448864 59.312533377760694 53.224883424767917 -138.05168910748196 8.3410701115402723 1281.5173094026682 -779.39624583587113 -31.938479912113095 68.068157916512618 64.283928736764864 -425.60187285850998 -0.73775201483511754
leaf_weight=56 72 466 245 312 43 204 20 60 30 56 51 57 26 20 24 20 26 42 38 68 148 25 51 54 20 60 148 23 31 562
leaf_count=56 72 466 245 312 43 204 20 60 30 56 51 57 26 20 24 20 26 42 38 68 148 25 51 54 20 60 148 23 31 562
internal_value=0.00029104 0.000353098 0.00113197 3.06172e-05 -0.00024572 0.000170455 0.00253521 -0.00125 -0.000427046 -0.00169975 -0.000689655 -0.00190377 -0.00346995 -0.00571429 -0.00429204 -0.00714286 -0.0026087 -0.00396226 -0.00671875 -0.000255941 -0.00102504 -0.00172098 0.000824176 0.000219638 -0.000405405 -0.00375 0.000652174 -0.00214286 -0.00518518 0.000268139
internal_weight=3058 3002 879 2123 1811 1408 284 80 1124 403 290 239 183 126 113 70 46 106 64 1094 639 491 455 387 333 80 253 105 54 634
internal_count=3058 3002 879 2123 1811 1408 284 80 1124 403 290 239 183 126 113 70 46 106 64 1094 639 491 455 387 333 80 253 105 54 634
is_linear=0
shrinkage=0.05


Tree=119
num_leaves=31
num_cat=0
split_feature=10 4 0 6 1 4 2 6 6 7 10 2 2 1 10 10 2 4 1 10 2 10 1 1 2 10 10 0 10 10
split_gain=0.247592 0.248016 0.240775 0.509843 0.657222 0.745652 0.420419 0.433929 0.408333 0.306845 0.297674 0.703943 0.44853 0.45873 0.266848 0.287557 0.483033 0.292817 0.543303 0.296473 0.637905 0.285189 0.333292 0.295274 0.568182 0.283044 0.384283 1.15059 0.823052 0.3617
threshold=17.500000000000004 292670.81812169316 661823.4800000001 170736.09711433004 489230.06000000006 738330.17464285728 424263.92000000004 198991.00324744967 176048.9093020412 1.5000000000000002 189.50000000000003 924534.84500000009 1083362.1950000001 1028137.0450000002 41.500000000000007 47.500000000000007 244732.56000000003 119228.47000000002 93625.795000000027 192.50000000000003 95495.160000000018 174.50000000000003 584401.12000000011 88895.295000000013 88960.73000000001 250.50000000000003 239.50000000000003 412361.76000000007 242.50000000000003 255.50000000000003
decision_type=2 2 2 2 2 2 2 2 2 2 2 2 2 2 2 2 2 2 2 2 2 2 2 2 2 2 2 2 2 2
left_child=1 -1 3 14 8 6 -6 -8 -5 -4 12 -12 -11 -14 -2 16 -16 18 -17 20 -20 23 25 24 -19 26 -23 28 -28 -27
right_child=2 -3 9 4 5 -7 7 -9 -10 10 11 -13 13 -15 15 17 -18 21 19 -21 -22 22 -24 -25 -26 29 27 -29 -30 -31
leaf_value=3.433733258436563 35.620701078374616 -576.40187493902329 3158.1122888706323 -160.47816398138963 -45.622845422678594 396.82963019224917 -1054.8370020616683 -1310.5386031219559 89.853661402291948 1945.8267773196881 -1887.5274442787265 2741.4147533549672 -2182.9098034248923 15896.951937579272 -57.682837987972675 3.0763599003833879 291.2235037242678 64.159722014252026 -77.027769013975728 13.229670109705451 -9.4063676938609788 -4.1687713834452458 3170.1481633923231 23.342950329529753 -111.6679369165428 243.36532356316036 -63.660115638861321 -1963.8770693630531 135.84466254544682 1.1356337866092465
leaf_weight=36 283 20 97 24 21 36 20 28 96 127 20 23 24 21 39 121 22 22 31 24 50 604 30 982 22 52 21 21 56 85
leaf_count=36 283 20 97 24 21 36 20 28 96 127 20 23 24 21 39 121 22 22 31 24 50 604 30 982 22 52 21 21 56 85
internal_value=0.000258339 -0.00303571 0.000319787 0.000167286 -0.00211111 -0.005 -0.00804348 -0.010625 0.000416667 0.00163462 0.000581396 -0.00313953 0.00151163 -0.00277778 0.000375254 0.000187901 -0.00319672 0.000285243 -0.00141593 -0.00404762 -0.00549383 0.000488127 -0.000178366 0.00105263 -0.00295455 -0.000363528 -0.000769231 -0.00367347 -0.000844156 0.00171533
internal_weight=3058 56 3002 2690 225 105 69 48 120 312 215 43 172 45 2465 2182 61 2121 226 105 81 1895 869 1026 44 839 702 98 77 137
internal_count=3058 56 3002 2690 225 105 69 48 120 312 215 43 172 45 2465 2182 61 2121 226 105 81 1895 869 1026 44 839 702 98 77 137
is_linear=0
shrinkage=0.05


Tree=120
num_leaves=31
num_cat=0
split_feature=5 10 10 6 1 5 8 2 4 10 5 10 2 5 10 0 10 2 2 2 10 2 0 6 4 10 2 2 0 0
split_gain=0.310716 0.291361 0.478759 0.299206 0.584054 0.555685 0.380416 0.785906 0.390143 0.356455 0.666931 0.808081 0.586378 0.347826 0.332239 0.430638 0.378324 0.464923 0.565714 0.678788 0.372608 0.873599 0.857457 0.4612 0.70614 0.436983 0.605394 0.359383 0.405681 0.694286
threshold=456290.21455313457 261.50000000000006 257.50000000000006 24710.563569740498 293250.66000000009 25191.250864867772 1.0000000180025095e-35 516985.39500000008 357759.90303571435 182.50000000000003 140885.12103858995 118.50000000000001 777059.90500000014 344057.21568908996 201.50000000000003 601181.03000000014 152.50000000000003 93593.61500000002 390857.35000000003 454398.42500000005 93.500000000000014 232310.66500000001 227601.43500000003 69296.256444369094 125534.11964285716 74.500000000000014 232310.66500000001 199034.94500000004 163833.70500000005 140564.71500000003
decision_type=2 2 2 2 2 2 2 2 2 2 2 2 2 2 2 2 2 2 2 2 2 2 2 2 2 2 2 2 2 2
left_child=1 2 3 4 5 -1 7 14 -8 10 11 -10 -12 -14 16 -16 20 -18 -19 -20 25 23 -23 24 -22 26 27 28 29 -5
right_child=-2 -3 -4 6 -6 -7 8 -9 9 -11 12 -13 13 -15 15 -17 17 18 19 -21 21 22 -24 -25 -26 -27 -28 -29 -30 -31
leaf_value=5.0389166062528368 5002.9307771342501 202.21334241647821 -87.333262075190447 -2.1578550746590284 564.75132092802426 -28.420759978347917 51.550356154398628 1183.1792406155669 -1199.9012487916823 949.10879997051893 860.30198197733716 -84.513002115342502 -3796.7116286816326 3132.2500113042861 -47.410975248852182 -344.94665677018139 -65.042659984272646 54.946500747682983 -816.74191799128494 397.29697190953709 20.270593621198334 -209.72665778199973 -165.32573554907384 54.745491165338912 -107.0653533533399 106.38428573604993 312.64601325845774 -105.45629196704255 96.5334369652996 -75.86835812955259
leaf_weight=644 36 33 53 75 90 20 344 330 30 103 70 36 23 23 277 21 24 184 20 22 47 27 95 92 28 82 125 32 59 30
leaf_count=644 36 33 53 75 90 20 344 330 30 103 70 36 23 23 277 21 24 184 20 22 47 27 95 92 28 82 125 32 59 30
internal_value=0.000382114 0.000327411 0.000276115 0.00036065 0.00122016 0.000707831 6.59392e-05 -0.000350318 0.00110493 -0.000263158 -0.00159341 -0.00560606 0.000689655 -0.00369565 -0.000927419 -0.00238255 -0.000467091 0.0012 0.00190266 -0.00333333 -0.00106936 -0.00243945 -0.00565574 -8.98202e-05 -0.003 -8.68484e-05 -0.000919003 -0.00265306 -0.00170732 -0.00357143
internal_weight=3075 3039 3006 2953 754 664 2199 1570 629 285 182 66 116 46 1240 298 942 250 226 42 692 289 122 167 75 403 321 196 164 105
internal_count=3075 3039 3006 2953 754 664 2199 1570 629 285 182 66 116 46 1240 298 942 250 226 42 692 289 122 167 75 403 321 196 164 105
is_linear=0
shrinkage=0.05


Tree=121
num_leaves=31
num_cat=0
split_feature=7 1 1 3 6 10 2 10 0 6 1 1 2 6 6 6 1 1 10 0 6 10 0 5 0 0 5 2 3 10
split_gain=0.681268 0.58256 0.562567 0.493874 0.919754 0.353653 0.554147 0.324068 0.354467 1.34576 0.896003 0.49735 1.05652 2.5037 0.541284 1.42609 0.568889 0.587778 0.436722 0.420529 0.479214 0.349124 0.378788 0.58177 0.384688 1.08774 0.301705 0.360863 0.295756 0.393284
threshold=2.5000000000000004 367511.24500000005 325563.81000000006 508943.45071428578 207719.14711148813 257.50000000000006 202780.73000000001 248.50000000000003 282461.83500000002 72305.550381487192 277549.11500000005 174612.23000000001 166697.78500000003 40486.246300593797 42700.58050265893 44395.902811311913 96519.655000000013 147142.95500000005 213.50000000000003 147310.62000000002 25400.329045009636 199.50000000000003 84004.775000000009 6373.6310542160963 123175.02500000001 129389.77 42350.848692379157 225604.16500000001 292565.95071428578 150.50000000000003
decision_type=2 2 2 2 2 2 2 2 2 2 2 2 2 2 2 2 2 2 2 2 2 2 2 2 2 2 2 2 2 2
left_child=1 2 7 -3 -5 -2 -7 8 11 10 -10 12 14 -14 19 -16 -17 -18 28 20 21 22 -1 -24 -25 -26 -13 -28 -11 -30
right_child=5 3 -4 4 -6 6 -8 -9 9 18 -12 26 13 -15 15 16 17 -19 -20 -21 -22 -23 23 24 25 -27 27 -29 29 -31
leaf_value=48.785371173595451 17.180912649235555 881.29215532037279 -333.39154891351768 -565.92728290643618 191.69525900627963 25.78758671586121 -345.32587250707803 12.686404738408008 -22.232861489716615 92.371098087215231 -220.35738807624284 135.09396136099059 -148.55875118174421 142.64681330304049 -84.253764629860768 72.90178775171259 -60.473567404159944 116.36797121881166 -170.01572293775746 73.084738730231422 -6.6137998657516484 28.183386785428606 -36.996097719038985 26.534331546142234 -43.672813763341409 17.992130893439619 76.349165783234795 -87.282021658050581 -201.6788616960165 546.21696867868593
leaf_weight=24 1712 219 60 34 126 22 27 51 34 48 26 86 24 30 23 30 25 20 21 79 31 34 26 39 22 21 68 39 44 30
leaf_count=24 1712 219 60 34 126 22 27 51 34 48 26 86 24 30 23 30 25 20 21 79 31 34 26 39 22 21 68 39 44 30
internal_value=0.000382114 -0.000479452 -0.00114973 0.00117414 -0.0009375 0.00102499 -0.00316327 -0.000828571 -0.00106796 -0.00288177 -0.00916667 -0.00047504 -0.00142523 -0.00796296 -0.000481283 -0.00367347 -0.000333333 -0.00388889 -0.000244755 0.000652174 -0.000583756 0.000481928 -0.000681818 -0.00194444 0.000121951 -0.00313953 0.00163212 -0.000140187 0.00090164 -0.00108108
internal_weight=3075 1314 935 379 160 1761 49 875 824 203 60 621 428 54 374 98 75 45 143 276 197 166 132 108 82 43 193 107 122 74
internal_count=3075 1314 935 379 160 1761 49 875 824 203 60 621 428 54 374 98 75 45 143 276 197 166 132 108 82 43 193 107 122 74
is_linear=0
shrinkage=0.05


Tree=122
num_leaves=31
num_cat=0
split_feature=7 2 2 3 6 5 7 0 0 6 5 4 3 0 5 2 6 6 0 0 6 2 3 3 3 2 2 0 5 4
split_gain=0.589915 0.3007 0.62945 1.28128 0.520073 1.02757 0.666103 0.519635 0.573686 0.475033 0.889863 0.437271 1.00947 0.400031 0.371717 0.283472 0.611079 0.857359 0.318987 0.420833 0.573687 0.302459 0.281077 0.54 0.276845 0.259439 0.436411 0.272511 1.55818 0.427817
threshold=2.5000000000000004 326119.78000000009 356720.39500000008 396004.79571428575 112715.55988619714 144382.88999112198 5.5000000000000009 262709.99500000005 213621.71500000003 47884.309205675083 52209.070545177608 409704.43375000008 448650.97928571433 232009.21000000002 96117.070071128575 424263.92000000004 176048.9093020412 207719.14711148813 124164.94500000002 129389.77 11778.350834494229 94242.095000000016 392349.10428571439 423273.4285714287 373623.22571428574 396082.10500000004 365105.98000000004 292011.27500000008 66865.457558682814 224455.03446428574
decision_type=2 2 2 2 2 2 2 2 2 2 2 2 2 2 2 2 2 2 2 2 2 2 2 2 2 2 2 2 2 2
left_child=15 7 3 14 -4 6 11 8 9 10 -2 24 -13 -10 -3 18 -17 -18 21 -20 -21 -1 -9 -24 -6 26 27 29 -29 -22
right_child=1 2 4 -5 5 -7 -8 22 13 -11 -12 12 -14 -15 -16 16 17 -19 19 20 25 -23 23 -25 -26 -27 -28 28 -30 -31
leaf_value=-0.60131175989389385 4.5697871371066885 -548.81115923404241 1527.2818892177029 -1271.9912897465952 -674.39837073277977 1226.3162370540642 882.93418377981652 460.91034269310251 -114.17280838668097 46.876466529869106 -69.325047340745797 226.80474268972822 -2138.4915800621538 2.2284966594670084 1259.3789038585128 2345.3791962399619 -770.81285992491212 19.781591788778684 -45.56075180965513 25.059379731105007 -10.866334340692418 77.157959185975599 -616.57150512437863 1236.5957184120339 -169.65198919055663 -500.16730784951034 1987.7631836537328 -248.74465741903634 -19.885197144563975 42.580429272722768
leaf_weight=91 610 22 61 24 22 296 46 164 38 229 26 25 34 42 23 158 23 136 40 38 307 98 25 50 24 27 28 34 198 136
leaf_count=91 610 22 61 24 22 296 46 164 38 229 26 25 34 42 23 158 23 136 40 38 307 98 25 50 24 27 28 34 198 136
internal_value=0.000398374 0.000996593 6.06588e-05 -0.00442029 0.000669292 7.83e-05 -0.00327815 0.0014527 0.000925926 0.00130058 0.000597484 -0.00547619 -0.00262712 -0.003125 0.000555556 -0.000403348 0.000899054 -0.00128931 -0.000817452 -0.00125 -0.000989583 0.00103175 0.00353556 0.001 -0.00913043 -0.00130137 -0.00111664 -0.00137037 -0.00275862 -0.000643341
internal_weight=3075 1761 577 69 508 447 151 1184 945 865 636 105 59 80 45 1314 317 159 997 808 768 189 239 75 46 730 703 675 232 443
internal_count=3075 1761 577 69 508 447 151 1184 945 865 636 105 59 80 45 1314 317 159 997 808 768 189 239 75 46 730 703 675 232 443
is_linear=0
shrinkage=0.05


Tree=123
num_leaves=31
num_cat=0
split_feature=7 10 10 2 1 1 4 3 4 3 6 10 10 10 1 3 5 2 5 10 10 3 5 3 2 6 2 2 7 1
split_gain=0.505135 0.432187 0.344128 0.554147 0.311816 0.831977 0.617483 0.429762 0.423997 0.541707 0.854858 0.3523 0.302548 0.301322 0.283626 0.486311 0.906744 0.878455 0.692269 0.667465 0.581234 0.602125 0.570946 0.714099 0.511703 0.502884 0.41133 0.406489 0.331573 0.331288
threshold=2.5000000000000004 260.50000000000006 257.50000000000006 202780.73000000001 367511.24500000005 325563.81000000006 401334.3548214286 305341.66285714292 440513.60017857148 519856.9671428572 211869.44353650193 220.50000000000003 250.50000000000003 41.500000000000007 1078049.9500000002 396004.79571428575 126584.91272437781 334676.59500000003 103256.24612878035 140.50000000000003 119.50000000000001 119409.1792857143 258615.33492402805 415664.4707142858 92939.950000000026 42700.58050265893 974722.88500000013 84936.565000000017 3.5000000000000004 220791.11500000002
decision_type=2 2 2 2 2 2 2 2 2 2 2 2 2 2 2 2 2 2 2 2 2 2 2 2 2 2 2 2 2 2
left_child=1 4 12 -4 5 -1 11 -7 -8 -10 -11 -6 13 -2 15 20 17 -17 -19 26 21 24 23 -21 -15 -23 -18 -22 -27 -30
right_child=2 -3 3 -5 6 7 8 -9 9 10 -12 -13 -14 14 -16 16 19 18 -20 22 27 25 -24 -25 -26 28 -28 -29 29 -31
leaf_value=-2.5972580131403387 60.196112389791722 75.760375270063591 24.269718023212874 -291.81928569941482 2346.1140683186727 -102.84210537532191 -203.18156844715898 -875.60436785804507 3067.7735854873995 -650.34457410554342 26.151132283811251 -135.35296368279637 196.61046662974124 3.6042825862417156 4940.954159184701 112.55528424838526 2491.898745574264 -549.62108832174351 -579.61599919816865 -1564.5870825484844 -15.126581607041567 66.507273647126382 -3578.6978019327967 358.25044096314099 -38.426894530100668 -267.04344228109215 -3800.2298563369391 34.66678179107415 58.463773571675574 -83.213049540379245
leaf_weight=852 218 37 22 27 97 28 38 32 61 28 120 21 48 22 58 22 111 29 28 22 20 133 25 85 31 45 25 634 74 82
leaf_count=852 218 37 22 27 97 28 38 32 61 28 120 21 48 22 58 22 111 29 28 22 20 133 25 85 31 45 25 634 74 82
internal_value=0.000414634 -0.000327245 0.0009682 -0.00316327 -0.000481597 -0.000975877 0.000753425 -0.00666667 -0.000668016 0.000215311 -0.00141892 0.00372881 0.00108645 0.000973558 0.00071231 0.000569164 -0.00105187 -0.00575949 -0.00903509 0.000335821 0.00110951 -0.000426356 -0.00219697 -0.000607476 -0.00537736 0.000359282 0.00279412 0.00201835 -0.00121891 -0.000128205
internal_weight=3075 1314 1761 49 1277 912 365 60 247 209 148 118 1712 1664 1446 1388 347 79 57 268 1041 387 132 107 53 334 136 654 201 156
internal_count=3075 1314 1761 49 1277 912 365 60 247 209 148 118 1712 1664 1446 1388 347 79 57 268 1041 387 132 107 53 334 136 654 201 156
is_linear=0
shrinkage=0.05


Tree=124
num_leaves=31
num_cat=0
split_feature=7 2 3 2 5 5 2 2 10 10 6 0 5 5 10 6 10 2 3 2 10 0 6 2 5 2 5 3 0 5
split_gain=0.447956 0.337717 0.760622 1.29033 0.681148 1.0878 0.563432 0.524783 0.383288 0.664115 0.347718 0.392486 1.24823 0.377138 0.361545 0.430384 0.325468 0.554147 0.296258 0.481671 0.595238 0.27215 0.439581 0.597795 0.386897 0.739485 0.357527 0.549006 0.868056 1.37077
threshold=2.5000000000000004 538185.72500000009 420395.72500000009 475497.74000000005 217629.27568927195 278887.53271303652 424263.92000000004 390857.35000000003 107.50000000000001 219.50000000000003 128585.338348404 292011.27500000008 66865.457558682814 125344.4409958035 142.50000000000003 99544.252073323514 257.50000000000006 202780.73000000001 281161.68142857146 219832.47500000003 134.50000000000003 91936.055000000008 39684.161699439072 90508.205000000016 68912.420012181989 184225.86500000002 147182.69537654278 409974.92000000004 399339.38000000006 126584.91272437781
decision_type=2 2 2 2 2 2 2 2 2 2 2 2 2 2 2 2 2 2 2 2 2 2 2 2 2 2 2 2 2 2
left_child=1 2 6 8 -3 -6 7 10 -4 -10 11 18 -13 14 -14 -16 21 -18 19 -1 -21 22 23 -2 25 -23 27 -26 29 -29
right_child=16 4 3 -5 5 -7 -8 -9 9 -11 -12 12 13 -15 15 -17 17 -19 -20 20 -22 24 -24 -25 26 -27 -28 28 -30 -31
leaf_value=-0.43123375034624534 10.405129690531222 2759.1149078829462 402.61137849707097 -1404.7984767900259 -4087.7849331367202 995.53434199512492 3342.1324051475626 -126.10087541164981 -646.80044129761507 168.6495653133486 1324.579277391492 -403.83955091873844 131.60646455725092 -463.26501852005043 -437.91556412310786 111.17079101202728 23.056232122052563 -277.22832141444343 50.249757875155545 471.50759490213954 -139.08635474383513 6.7340082741068912 89.469755382634332 -100.22677065565631 22.380843950189341 324.46640838870661 762.35411673609781 -539.94228511798474 44.060692220350923 289.90966252085116
leaf_weight=543 36 113 35 22 21 78 65 23 37 21 45 29 56 21 24 29 22 27 110 21 21 520 64 38 412 186 336 22 72 26
leaf_count=543 36 113 35 22 21 78 65 23 37 21 45 29 56 21 24 29 22 27 110 21 21 520 64 38 412 186 336 22 72 26
internal_value=0.000333334 -0.000365297 -0.000716878 -0.00456522 0.00146226 -0.00156566 -0.00026849 -0.000585683 -0.00198925 -0.00448276 -0.000394883 -0.000620609 -0.00286163 -0.000769231 0.000412844 -0.00254717 0.000854628 -0.00316327 -0.000107913 -0.000555555 -0.00571429 0.000969626 -0.00115942 -0.00378378 0.00115629 0.0020255 0.000449309 -0.000357143 -0.00333333 -0.00854167
internal_weight=3075 1314 1102 115 212 99 987 922 93 58 899 854 159 130 109 53 1761 49 695 585 42 1712 138 74 1574 706 868 532 120 48
internal_count=3075 1314 1102 115 212 99 987 922 93 58 899 854 159 130 109 53 1761 49 695 585 42 1712 138 74 1574 706 868 532 120 48
is_linear=0
shrinkage=0.05


Tree=125
num_leaves=31
num_cat=1
split_feature=11 2 5 0 2 2 10 5 10 1 2 0 10 0 6 6 4 5 2 5 10 1 6 2 1 0 0 0 2 5
split_gain=0.522278 0.983679 0.641046 0.696035 0.742857 0.88411 0.591697 0.470105 0.503287 0.52376 0.455804 0.510002 0.589146 0.623755 0.520734 0.518942 1.05592 0.469481 0.548461 0.457143 0.409254 0.587922 0.701714 0.703463 0.928582 0.56338 0.533769 0.376609 0.445426 1.02968
threshold=0 304023.5500000001 77047.152409744202 222265.33500000005 405998.49000000005 210554.06000000003 24.500000000000004 30721.231188236601 52.500000000000007 226543.77500000002 311015.33000000002 710436.27000000014 244.50000000000003 206522.35000000003 104908.1793161301 121145.85760887423 380747.99178571434 160148.23591941161 238189.11000000002 138146.13288717566 241.50000000000003 85437.10500000001 47884.309205675083 98692.750000000015 162530.45500000005 166863.00000000003 127261.66000000002 98820.410000000018 195687.98500000002 16695.964744711473
decision_type=1 2 2 2 2 2 2 2 2 2 2 2 2 2 2 2 2 2 2 2 2 2 2 2 2 2 2 2 2 2
left_child=1 27 3 6 5 -5 -2 -8 -9 20 17 12 13 -12 -15 19 -17 -4 -19 -16 21 -10 23 -23 26 -24 -25 -1 -29 -30
right_child=2 -3 10 4 -6 -7 7 8 9 -11 11 -13 -14 14 15 16 -18 18 -20 -21 -22 22 25 24 -26 -27 -28 28 29 -31
leaf_value=-1.3881510614486108 -248.8133213870257 644.47727063647244 393.22716659509194 -2.6082620270657872 306.92619686766869 -547.89454978884555 69.719995363724863 138.51822585877454 148.46702353252851 866.77950524582093 564.88357980407579 1040.3364339592977 2667.112964081447 -151.05250804552756 446.1716728571638 -1180.2680097278242 -132.05814814281462 -583.76920961508586 1472.2871618282745 -698.21153203004758 49.762917900810777 30.527488456573668 10.187769667840911 -144.22605810437975 -8.0049591602628265 -58.65966364942998 -413.34851635243587 19.497904953708954 -78.067599271892206 4.8656843130926806
leaf_weight=292 26 201 166 28 26 37 73 51 27 22 33 266 50 20 70 22 390 31 29 20 25 27 57 34 23 29 20 660 31 266
leaf_count=292 26 201 166 28 26 37 73 51 27 22 33 266 50 20 70 22 390 31 29 20 25 27 57 34 23 29 20 660 31 266
internal_value=6.88075e-05 0.000753425 -0.000552109 -0.0020297 -0.00598901 -0.00884615 -0.00115942 -0.000670103 -0.00150794 -0.00238636 0.000123063 -0.000396096 -0.00119835 -0.00166667 -0.00208812 -0.00177291 -0.00252427 0.00212389 -0.00166667 0.00166667 -0.00305785 -0.00375576 -0.00473684 -0.0075 -0.00993506 -0.00139535 -0.0135185 0.000236189 0.000715779 -0.000892256
internal_weight=3052 1450 1602 505 91 65 414 388 315 264 1097 871 605 555 522 502 412 226 60 90 242 217 190 104 77 86 54 1249 957 297
internal_count=3052 1450 1602 505 91 65 414 388 315 264 1097 871 605 555 522 502 412 226 60 90 242 217 190 104 77 86 54 1249 957 297
cat_boundaries=0 1
cat_threshold=10
is_linear=0
shrinkage=0.05


Tree=126
num_leaves=31
num_cat=1
split_feature=10 0 10 5 11 2 1 2 5 5 7 2 1 5 1 10 2 4 2 7 7 1 10 1 5 4 7 2 2 1
split_gain=0.34403 0.356131 0.87715 0.314288 0.382934 0.604123 0.343613 0.381724 0.55261 1.03842 0.50875 0.54388 0.406287 0.574713 0.478236 0.616005 0.454487 0.497658 0.642857 0.368516 0.736433 0.995517 0.403385 0.431947 0.544531 0.675105 0.515658 0.385714 0.362666 0.357938
threshold=242.50000000000003 416304.46500000003 250.50000000000003 5365.9861635209363 0 304023.5500000001 1078049.9500000002 97422.390000000014 45327.026397994567 42350.848692379157 1.5000000000000002 128401.895 950324.20000000007 338217.79514391854 748649.40000000014 95.500000000000014 326119.78000000009 378911.09035714291 390857.35000000003 1.5000000000000002 2.5000000000000004 436247.71500000003 90.500000000000014 304223.69000000006 139335.16524784229 464517.94517857145 3.5000000000000004 417986.48000000004 110073.395 618973.59500000009
decision_type=2 2 2 2 1 2 2 2 2 2 2 2 2 2 2 2 2 2 2 2 2 2 2 2 2 2 2 2 2 2
left_child=3 -2 -3 -1 5 -5 7 -6 9 10 -9 28 13 14 16 -16 -10 18 -18 27 21 -21 -22 -24 26 -26 -25 -19 -12 -29
right_child=1 2 -4 4 6 -7 -8 8 12 -11 11 -13 -14 -15 15 -17 17 19 -20 20 22 -23 23 24 25 -27 -28 29 -30 -31
leaf_value=-11.585368292786884 62.144234105304605 -1859.4718898735948 2532.8598909613884 2.1555058191795529 56.517695110558179 571.18582429064077 4507.0009966150337 9.3901228317110466 10.553054588658348 -626.55495639929927 -154.1285919459668 -389.27726443801618 -3088.143683937149 5875.0162771314663 -4295.0610883985082 23.658476772242821 365.86862792051375 -247.60505732082262 -518.74906888588998 -367.42242734936013 1029.8801415916721 573.43905963451391 64.700205688175458 -1042.7428204652967 -2032.9811259510425 -113.76388808854452 356.26383406443097 1882.7703585394386 38.298049787314405 -910.9261162504929
leaf_weight=58 197 20 43 1082 107 185 109 57 376 21 23 30 44 65 35 32 28 20 28 35 69 31 45 21 30 49 68 94 24 26
leaf_count=58 197 20 43 1082 107 185 109 57 376 21 23 30 44 65 35 32 28 20 28 35 69 31 45 21 30 49 68 94 24 26
internal_value=0.000183486 0.00192308 -0.00134921 2.14902e-05 9.87566e-05 0.000732185 -0.000450237 -0.000670103 -0.000915268 -0.00370968 -0.00208955 -0.00474026 -0.000520073 -0.000323194 -0.0006231 -0.00470149 -0.000326087 -0.00125 -0.00571429 -0.000737705 -0.0016092 -0.00636364 -0.000496454 -0.00157277 -0.00273809 -0.00575949 -5.61796e-05 0.00142857 -0.00138298 0.0025
internal_weight=3052 260 63 2792 2734 1267 1467 1358 1251 155 134 77 1096 1052 987 67 920 544 56 488 348 66 282 213 168 79 89 140 47 120
internal_count=3052 260 63 2792 2734 1267 1467 1358 1251 155 134 77 1096 1052 987 67 920 544 56 488 348 66 282 213 168 79 89 140 47 120
cat_boundaries=0 1
cat_threshold=10
is_linear=0
shrinkage=0.05


Tree=127
num_leaves=31
num_cat=0
split_feature=3 6 3 2 5 5 6 5 3 5 1 4 1 1 6 4 1 3 4 0 1 4 2 2 1 2 4 5 3 0
split_gain=0.320858 0.553911 0.51666 0.595238 0.468086 0.92901 0.462879 0.484905 0.409764 0.524162 0.792753 0.627572 0.64095 0.458844 0.72803 0.401874 0.344131 0.312201 0.291149 0.284444 0.259981 0.657905 0.589978 0.847837 0.482871 0.719595 0.471375 0.907683 0.423559 0.456876
threshold=134956.56000000003 47385.234014279638 133861.51714285716 138408.285 11491.827503407048 12432.449122995948 24710.563569740498 20431.333941662022 222386.66500000001 91341.761379179065 443407.32000000007 286684.47232142865 170546.69000000003 117803.21000000001 46900.147219338738 221461.39178571434 293250.66000000009 298717.88285714289 175699.42982142861 222265.33500000005 383950.27000000008 389411.87053571432 195687.98500000002 214222.48500000002 319151.15000000008 337313.51000000007 423144.68464285723 142335.75914286054 386413.44285714289 468425.10000000003
decision_type=2 2 2 2 2 2 2 2 2 2 2 2 2 2 2 2 2 2 2 2 2 2 2 2 2 2 2 2 2 2
left_child=1 2 -1 -4 18 -6 16 -8 13 10 11 12 -10 14 -9 -14 17 -7 -2 -17 22 -22 -11 -24 -25 -26 27 -23 -27 -30
right_child=4 -3 3 -5 5 6 7 8 9 20 -12 -13 15 -15 -16 19 -18 -19 -20 -21 21 26 23 24 25 28 -28 -29 29 -31
leaf_value=0.19987985012509454 54.50916368992003 -8.5072126688246144 5.6806133390505904 -83.396025006026974 -111.1294987625196 51.898471837997263 -76.255166800704956 -109.04289443103954 68.935529296574458 363.54090140710747 -558.34751212280059 46.211730490476562 -47.884577146040016 29.92958753391563 302.2413978581011 -742.7677122190853 535.09987721880623 -120.22523559448071 -23.629684199417003 -462.69597888041937 2213.9111187229842 428.29786668245288 -319.42685391860709 37.04908515758958 85.644136135234405 -779.72346233185453 280.61779594525672 -1657.7293542775876 435.76503861048371 -2004.8736733996143
leaf_weight=680 127 28 21 21 30 164 20 20 24 58 26 129 29 319 24 20 89 21 21 25 128 82 27 242 46 28 509 46 26 22
leaf_count=680 127 28 21 21 30 164 20 20 24 58 26 129 29 319 24 20 89 21 21 25 128 82 27 242 46 28 509 46 26 22
internal_value=0.000298165 -0.0006 -0.00033241 -0.00571429 0.000590791 0.0004039 0.000527307 0.000243243 0.000327869 -4.43079e-05 -0.00211462 -0.0011674 -0.00418367 0.00183196 -0.00295455 -0.00648649 0.00244526 0.00121622 0.00331081 -0.00944444 0.00038715 0.000947713 -0.000567929 -0.00126598 -0.000631868 -0.00319672 0.000290424 -0.00242187 -0.00618421 -0.00333333
internal_weight=3052 750 722 42 2302 2154 2124 1850 1830 1467 253 227 98 363 44 74 274 185 148 45 1214 765 449 391 364 122 637 128 76 48
internal_count=3052 750 722 42 2302 2154 2124 1850 1830 1467 253 227 98 363 44 74 274 185 148 45 1214 765 449 391 364 122 637 128 76 48
is_linear=0
shrinkage=0.05


Tree=128
num_leaves=31
num_cat=0
split_feature=3 4 4 7 2 1 1 0 0 4 5 3 2 0 1 1 0 3 5 10 7 2 2 0 10 10 3 1 5 10
split_gain=0.286704 0.511933 0.50996 0.558086 0.508279 0.574555 0.50054 0.408287 0.669753 1.49919 0.625 0.387902 0.387557 0.334392 0.32997 0.472152 0.411632 0.55082 0.398982 0.386105 0.444142 0.461894 0.836645 0.394636 0.390725 0.532837 0.395368 0.48005 0.366308 0.964543
threshold=134956.56000000003 302112.58732142864 124480.04053571429 3.5000000000000004 129389.77 134834.28000000003 108071.99500000001 206522.35000000003 257982.52000000005 409704.43375000008 126584.91272437781 133861.51714285716 356720.39500000008 127261.66000000002 1078049.9500000002 836376.76500000013 771630.27000000014 944443.11500000011 380985.83631915052 33.500000000000007 1.5000000000000002 475497.74000000005 495609.40000000008 416304.46500000003 82.500000000000014 112.50000000000001 382961.56142857147 443407.32000000007 160148.23591941161 166.50000000000003
decision_type=2 2 2 2 2 2 2 2 2 2 2 2 2 2 2 2 2 2 2 2 2 2 2 2 2 2 2 2 2 2
left_child=2 6 -1 11 -5 -6 -2 -3 9 10 -9 -4 13 -8 15 18 -17 -18 19 23 -21 28 -23 -10 -24 -26 -27 -28 -22 -30
right_child=1 7 3 4 5 -7 12 8 14 -11 -12 -13 -14 -15 -16 16 17 -19 -20 20 21 22 24 -25 25 26 27 -29 29 -31
leaf_value=0.35269659251911178 -54.896243914684831 350.78864926251299 38.052986628576534 -115.14753358319732 31.537911593197926 -56.965364500347157 122.81923515525244 -84.609500270854326 286.15241462494885 2101.5656774108202 -359.46004975594252 -76.776619144521845 1071.0761396577432 14.645639750039335 4384.0430819792082 -1287.2063247640631 1882.7544080419459 -3300.7923749080264 4976.3534948072474 522.05149136565171 79.816651044811877 -738.75020311631988 434.07155503788601 -2873.7882950159064 -1748.3815752919318 798.73516373224504 -171.39135021513854 160.67436524956645 2318.2646622197585 -1588.1829754014414
leaf_weight=574 37 53 78 23 28 25 78 20 28 22 20 22 72 977 115 29 21 40 37 211 270 20 31 25 24 20 26 57 38 31
leaf_count=574 37 53 78 23 28 25 78 20 28 22 20 22 72 977 115 29 21 40 37 211 270 20 31 25 24 20 26 57 38 31
internal_value=0.000249017 0.00052563 -0.0006 -0.00295455 -0.00618421 -0.00349057 0.00126289 -0.000228471 -0.000437788 -0.00548387 -0.01125 -0.0005 0.00145075 0.00120853 -0.000131965 -0.000451542 -0.00388889 -0.00155738 -7.33494e-05 -0.0003137 -1.37361e-05 -0.000802708 -0.00286517 -0.00443396 -0.00164557 -0.00287402 -0.00131068 -0.00283133 0.000280236 -0.00297101
internal_weight=3052 2302 750 176 76 53 1164 1138 1085 62 40 100 1127 1055 1023 908 90 61 818 781 728 517 178 53 158 127 103 83 339 69
internal_count=3052 2302 750 176 76 53 1164 1138 1085 62 40 100 1127 1055 1023 908 90 61 818 781 728 517 178 53 158 127 103 83 339 69
is_linear=0
shrinkage=0.05


Tree=129
num_leaves=31
num_cat=0
split_feature=10 1 10 3 3 10 6 5 1 6 6 1 5 7 10 6 2 0 10 5 0 0 0 6 1 1 6 0 10 7
split_gain=0.268767 0.234416 0.229466 0.24253 0.443983 0.501044 0.359519 0.483734 0.436911 0.338693 0.423992 0.486111 0.384851 0.317199 0.309862 0.299079 0.297038 0.289018 0.291638 0.273603 0.351586 0.265314 0.722514 0.805963 0.258983 0.236391 0.309818 0.270434 0.299405 0.246154
threshold=17.500000000000004 266952.43000000005 20.500000000000004 134956.56000000003 132400.2035714286 196.50000000000003 24710.563569740498 20431.333941662022 293250.66000000009 42210.887596326334 43945.739976583114 98692.750000000015 42995.228707665905 3.5000000000000004 253.50000000000003 46217.53984996587 77807.390000000014 131455.58500000002 250.50000000000003 380985.83631915052 1326924.3800000001 84004.775000000009 89761.785000000018 6927.7645778391561 121612.50000000001 143374.48500000002 7663.6078342185829 98820.410000000018 187.50000000000003 3.5000000000000004
decision_type=2 2 2 2 2 2 2 2 2 2 2 2 2 2 2 2 2 2 2 2 2 2 2 2 2 2 2 2 2 2
left_child=1 -1 -2 4 9 13 8 -8 14 12 11 -11 16 -6 -5 -12 -4 24 19 20 -19 -18 23 -23 -9 26 27 28 29 -24
right_child=2 -3 3 6 5 -7 7 17 -10 10 15 -13 -14 -15 -16 -17 21 18 -20 -21 -22 22 25 -25 -26 -27 -28 -29 -30 -31
leaf_value=-18.049455961965265 85.205506994508426 -105.88314137800756 -28.140962493115097 29.279581374613031 9.301941877091993 -100.67010253630326 -75.711718987962271 -20.647657020281496 507.47811776846385 -44.378736237483324 69.204176813676028 -4.4324858596124912 125.63698705167022 -55.096284730218713 -6.8469686588876648 -9.0403977802770168 36.493723249072893 -1.4354256683569542 782.90408769815326 4018.51458563305 -3019.4188107263894 2.2078700026052243 3.7511189091263923 -90.794600585010699 341.38205497825265 -11.213956198605466 28.392842057478585 63.651685903803354 -37.928998205263085 -1.6551388235394375
leaf_weight=35 45 20 39 334 32 23 20 22 87 21 82 24 46 29 20 46 50 1463 94 101 28 26 20 28 76 41 112 21 22 45
leaf_count=35 45 20 39 334 32 23 20 22 87 21 82 24 46 29 20 46 50 1463 94 101 28 26 20 28 76 41 112 21 22 45
internal_value=0.000281783 -0.00318182 0.000345346 0.000291328 -0.000516266 -0.00392857 0.000545657 0.000232816 0.0018254 -5.61796e-05 -0.00193642 -0.00611111 0.000666667 -0.00155738 0.0010452 -0.00046875 0.000173268 0.000319507 0.000166074 6.28159e-06 -0.000164319 0.000616439 7.93653e-05 -0.00518518 0.00295918 0.00116858 0.00181818 -9.25924e-05 -0.00132184 0.000384616
internal_weight=3052 55 2997 2952 707 84 2245 1804 441 623 173 45 450 61 354 128 404 1784 1686 1592 1491 365 315 54 98 261 220 108 87 65
internal_count=3052 55 2997 2952 707 84 2245 1804 441 623 173 45 450 61 354 128 404 1784 1686 1592 1491 365 315 54 98 261 220 108 87 65
is_linear=0
shrinkage=0.05


Tree=130
num_leaves=31
num_cat=0
split_feature=6 2 7 6 1 3 2 2 1 3 10 10 5 1 3 2 6 5 2 10 6 5 1 3 3 7 2 4 2 10
split_gain=0.575358 0.607917 0.598672 0.597717 0.510924 0.443089 0.8244 0.755505 0.70028 0.492888 0.449371 0.34078 0.297273 0.587778 0.281317 0.276224 0.381344 0.273846 0.461565 0.887346 0.494692 0.736643 0.59032 0.490715 0.862051 0.480603 0.667371 0.51267 0.432986 0.393162
threshold=30907.185220021776 290950.18000000005 5.5000000000000009 36594.729929084751 281803.10000000003 126039.56857142858 188404.78000000003 202780.73000000001 192461.51500000004 121438.68285714288 212.50000000000003 77.500000000000014 39282.105838163297 100706.99000000001 118964.325 1574417.9600000002 424678.58466219017 261838.50722672034 288753.74000000005 25.500000000000004 117836.1444139721 122700.24752052366 317754.87000000005 275888.70142857148 218478.17785714287 1.5000000000000002 417986.48000000004 375439.2678571429 804593.59000000008 169.50000000000003
decision_type=2 2 2 2 2 2 2 2 2 2 2 2 2 2 2 2 2 2 2 2 2 2 2 2 2 2 2 2 2 2
left_child=1 4 3 -2 -1 9 10 8 -8 12 -7 -4 13 -5 -14 16 17 18 20 -20 21 22 -9 24 -21 26 27 -25 -19 -30
right_child=2 -3 11 5 -6 6 7 15 -10 -11 -12 -13 14 -15 -16 -17 -18 28 19 23 -22 -23 -24 25 -26 -27 -28 -29 29 -31
leaf_value=4.168356507567327 -131.03554800243916 420.27213859116 336.49504280548581 51.25584610519212 -91.623956518457405 37.329484837547682 96.958920179917669 17.368568090876693 -449.07559362836218 -83.208975980683917 -16.282894912206732 35.136950314172473 84.4031959044991 -61.509998192981939 -3.1936768593576232 7001.741749467561 -8003.9642811228159 1991.5686838653637 -2074.7415713826717 477.05787050539595 212.93690776210411 -517.73690459196609 -509.60203293688102 2962.8286377788768 -419.75508244528487 -156.04988482890434 2289.5480044712103 -356.15762832849941 -967.20778598762797 6962.8476625523326
leaf_weight=695 62 137 84 20 27 289 21 162 30 85 56 245 44 25 35 22 20 71 21 24 75 21 20 21 26 407 167 37 81 23
leaf_count=695 62 137 84 20 27 289 21 162 30 85 56 245 44 25 35 22 20 71 21 24 75 21 20 21 26 407 167 37 81 23
internal_value=0.000119555 0.00121653 -0.000309936 -0.000656836 0.000637119 -0.000490848 -0.000207026 -0.000804644 -0.00676471 -0.0026555 0.00195652 0.00165654 -0.000645161 -0.00388889 0.00120253 -0.000550918 -0.000654762 -0.000536332 -0.000861366 -0.00154339 0.00086331 -0.000418719 0.000604396 -0.00123167 -0.006 -0.00085443 0.001 -0.00362069 0.00128571 -0.000769231
internal_weight=3053 859 2194 1865 722 1803 1594 1249 51 209 345 329 124 45 79 1198 1176 1156 981 703 278 203 182 682 50 632 225 58 175 104
internal_count=3053 859 2194 1865 722 1803 1594 1249 51 209 345 329 124 45 79 1198 1176 1156 981 703 278 203 182 682 50 632 225 58 175 104
is_linear=0
shrinkage=0.05


Tree=131
num_leaves=31
num_cat=1
split_feature=11 10 2 0 0 4 2 10 10 2 0 5 4 10 2 0 1 2 10 2 7 1 10 0 5 6 5 1 0 0
split_gain=0.522049 0.577444 0.711007 0.871256 0.525259 0.761027 0.509284 0.463096 0.766248 0.428657 0.682792 0.482406 0.477042 0.585661 1.35553 0.600796 0.444926 0.48792 0.850757 1.01334 0.422296 0.414079 0.336991 0.330328 0.535452 0.390625 0.384689 0.390436 0.331656 0.312554
threshold=0 166.50000000000003 1170112.9500000002 1121804.6600000001 229852.89000000004 506212.04999999999 334676.59500000003 80.500000000000014 68.500000000000014 94883.685000000012 203691.06500000003 74429.597521369942 294276.57428571436 187.50000000000003 415228.49000000005 246158.66500000001 364003.37000000005 324265.02000000008 235.50000000000003 479878.03000000009 5.5000000000000009 494655.77000000008 257.50000000000006 710436.27000000014 217629.27568927195 265376.84609726974 173007.1862001144 604275.45000000007 557495.57500000007 439999.90000000008
decision_type=1 2 2 2 2 2 2 2 2 2 2 2 2 2 2 2 2 2 2 2 2 2 2 2 2 2 2 2 2 2
left_child=4 20 3 9 6 7 22 8 -6 -3 -11 -12 -13 14 -14 -15 -17 -18 19 -19 23 -20 -1 24 26 -26 27 28 -2 -7
right_child=1 2 -4 -5 5 29 -8 -9 -10 10 11 12 13 15 -16 16 17 18 21 -21 -22 -23 -24 -25 25 -27 -28 -29 -30 -31
leaf_value=2.2540732855006271 -0.45480423751893873 -26.432347373360148 4239.166000056458 -5924.5239573275303 49.745598397423826 69.372103601713562 -195.64348309975441 319.43121837686755 -250.3561613739239 52.899604393290886 -546.47230362641903 74.692298768937405 -35.113093320076146 -342.21618959536761 -708.99428286095883 1615.850472529587 4243.3148795012467 -272.28365466186887 -694.54059140130494 -124.78542841899524 613.6892293421779 2270.8023410472588 -12.285548902128049 1199.4070239885361 -3403.8394589559757 3.5821772733354047 1390.9291979555494 -1561.9274021781737 -1010.3259149946275 -1568.8897072308705
leaf_weight=1006 453 32 35 24 104 20 25 389 22 112 29 54 28 20 23 62 28 27 21 24 134 25 30 166 32 32 32 20 22 22
leaf_count=1006 453 32 35 24 104 20 25 389 22 112 29 54 28 20 23 62 28 27 21 24 134 25 30 166 32 32 32 20 22 22
internal_value=8.68001e-05 -0.000605536 -0.00189338 -0.00236739 0.000700246 0.00194794 5.18381e-05 0.00247573 -0.00015873 -0.00190722 -0.00151214 -0.00262463 -0.00205128 -0.00294574 -0.0077451 -0.00176328 -0.000882353 -0.0026 -0.00427835 -0.00872549 0.000173962 0.000652174 0.000222008 -0.000284016 -0.000837563 -0.00515625 -0.000313093 -0.000656565 -0.000368421 -0.00452381
internal_weight=3053 1435 544 509 1618 557 1061 515 126 485 453 341 312 258 51 207 187 125 97 51 891 46 1036 757 591 64 527 495 475 42
internal_count=3053 1435 544 509 1618 557 1061 515 126 485 453 341 312 258 51 207 187 125 97 51 891 46 1036 757 591 64 527 495 475 42
cat_boundaries=0 1
cat_threshold=9
is_linear=0
shrinkage=0.05


Tree=132
num_leaves=31
num_cat=1
split_feature=11 0 3 1 3 0 2 2 5 0 1 0 5 4 0 2 4 7 5 3 3 0 0 2 7 3 0 5 5 1
split_gain=0.417107 0.506293 0.652681 0.860468 0.959756 0.635237 0.595784 0.637909 0.881484 0.629048 0.540309 0.490782 0.454816 0.951281 0.43743 0.388212 0.382895 0.341856 0.309552 0.276253 0.547348 0.506938 0.644802 0.47451 0.472727 0.987399 0.375059 0.576178 0.28125 0.275225
threshold=0 661823.4800000001 396004.79571428575 277549.11500000005 407787.44214285718 255614.00000000003 415228.49000000005 524753.90000000014 128357.81606349666 500171.74000000005 367511.24500000005 299583.55000000005 122700.24752052366 378911.09035714291 473850.27500000008 409340.1650000001 390239.97857142863 2.5000000000000004 164836.42297550617 127962.98357142859 124097.38357142858 156764.76500000004 169247.40000000002 123160.62000000001 1.5000000000000002 301883.79785714293 366146.72000000003 78113.717897721697 46739.233436995681 306049.81500000006
decision_type=1 2 2 2 2 2 2 2 2 2 2 2 2 2 2 2 2 2 2 2 2 2 2 2 2 2 2 2 2 2
left_child=11 2 10 -4 -5 -6 9 8 -8 -7 12 15 19 -14 17 -1 -12 -9 -16 20 28 -21 -23 -22 25 26 27 -24 -2 -26
right_child=1 -3 3 4 5 6 7 14 -10 -11 16 -13 13 -15 18 -17 -18 -19 -20 21 23 22 24 -25 29 -27 -28 -29 -30 -31
leaf_value=2.3553403098447623 5.7356243315850772 737.9871935758033 765.94318745919225 -2245.8983682301819 1951.2800664426786 2504.7425708771038 -2000.7668170256384 -3694.1411301976814 -206.55511876738743 -700.61726628018687 2585.4711922741435 237.90564743324609 -354.31344175076839 1049.9324032099425 1647.0389291036631 -218.93075960155471 -147.25184824494497 -150.76454020816388 -292.91414540718887 126.44539764179349 -85.990949032250057 -383.36781235473302 50.675413520063103 -2.1356159245716726 10.964944478594449 -717.32522968477804 248.9937879604006 -531.49701936862436 -3.2430702516459031 433.0823219041917
leaf_weight=1212 96 291 44 25 24 63 29 22 34 38 95 384 37 24 21 22 39 32 32 71 34 22 32 20 148 20 25 22 48 47
leaf_count=1212 96 291 44 25 24 63 29 22 34 38 95 384 37 24 21 22 39 32 32 71 34 22 32 20 148 20 25 22 48 47
internal_value=0.000152309 -0.000467128 -0.000944056 -0.00269231 -0.00359375 -0.00279661 -0.00348708 -0.00529412 -0.00928571 -0.000445544 -0.000128205 0.000700246 -0.000727554 -0.00483607 -0.00294392 0.000218801 0.00276119 -0.00611111 0.000283019 -0.000299145 -0.00181818 0.000478036 -0.000379747 -0.00611111 0.000238095 -0.00257576 -6.3291e-05 -0.00240741 -0.000208333 0.00166667
internal_weight=3053 1435 1144 364 320 295 271 170 63 101 780 1618 646 61 107 1234 134 54 53 585 198 387 316 54 294 99 79 54 144 195
internal_count=3053 1435 1144 364 320 295 271 170 63 101 780 1618 646 61 107 1234 134 54 53 585 198 387 316 54 294 99 79 54 144 195
cat_boundaries=0 1
cat_threshold=9
is_linear=0
shrinkage=0.05


Tree=133
num_leaves=31
num_cat=1
split_feature=11 0 3 10 6 6 2 1 1 0 0 1 0 1 1 2 2 5 10 10 1 6 1 1 1 0 2 10 3 10
split_gain=0.336554 0.525417 0.724484 0.529966 0.911458 0.696599 0.511068 0.445862 0.966503 0.445394 0.499275 0.557724 0.410156 0.531164 0.622156 0.3857 1.16476 0.960302 0.654183 0.392275 0.370256 0.534188 0.423938 0.266379 0.790034 0.421538 0.477851 0.56561 0.420332 0.263419
threshold=0 661823.4800000001 396004.79571428575 140.50000000000003 211869.44353650193 136501.98635866327 415228.49000000005 375168.83000000002 443407.32000000007 132294.65000000005 128401.895 133808.64500000005 386153.45500000002 420491.74500000005 726605.24000000011 365105.98000000004 329237.01500000007 74429.597521369942 143.50000000000003 257.50000000000006 371602.00500000006 128037.85784872471 349418.68500000006 130257.54500000001 124051.74000000001 118455.59500000002 99396.960000000006 60.500000000000007 120994.95428571431 181.50000000000003
decision_type=1 2 2 2 2 2 2 2 2 2 2 2 2 2 2 2 2 2 2 2 2 2 2 2 2 2 2 2 2 2
left_child=9 2 20 12 5 6 -5 -7 -9 10 23 -12 -4 -14 -15 16 19 -18 -19 -11 22 -22 29 24 25 26 -1 -28 -29 -2
right_child=1 -3 3 4 -6 7 -8 8 -10 15 11 -13 13 14 -16 -17 17 18 -20 -21 21 -23 -24 -25 -26 -27 27 28 -30 -31
leaf_value=1.9764252138231098 3.3040250346708322 701.08783389701193 2168.521043553098 -282.76112911258377 -854.21918808912687 2956.8043792328754 -427.83505794014383 -1607.7587531354579 49.133860110041326 24.766505544981591 -3.5675275516602518 -106.52283340590414 1940.1032535180079 -1785.6518478028056 2604.4004448060105 312.54749137553017 298.9736066992163 -412.4742397692321 -7.2932220836546735 -22.190228039546863 2772.0857930622128 -133.19795632605366 -370.87311267947172 45.895465490797484 -31.671378853608488 50.076576454608208 -152.84699545374775 4.2124590280416063 -135.98347474067239 -34.635210628490739
leaf_weight=228 420 291 50 37 24 26 33 21 51 837 20 21 39 55 28 190 22 21 22 25 90 40 25 90 24 35 22 41 20 205
leaf_count=228 420 291 50 37 24 26 33 21 51 837 20 21 39 55 28 190 22 21 22 25 90 40 25 90 24 35 22 41 20 205
internal_value=5.40454e-05 -0.00050173 -0.000987762 -0.00282967 -0.00463542 -0.00333333 -0.00714286 -0.000612245 -0.00263889 0.000546683 -0.000688623 -0.00597561 -0.000813953 -0.00237705 -0.00463855 0.00110564 0.000685006 -0.00576923 -0.0101163 0.00117169 -0.000128205 0.00230769 -0.000615384 -0.000217391 -0.000810811 -0.000202312 -0.000787781 -0.00403614 -0.00155738 -0.00036
internal_weight=3053 1435 1144 364 192 168 70 98 72 1618 501 41 172 122 83 1117 927 65 43 862 780 130 650 460 370 346 311 83 61 625
internal_count=3053 1435 1144 364 192 168 70 98 72 1618 501 41 172 122 83 1117 927 65 43 862 780 130 650 460 370 346 311 83 61 625
cat_boundaries=0 1
cat_threshold=9
is_linear=0
shrinkage=0.05


Tree=134
num_leaves=31
num_cat=0
split_feature=6 6 1 10 6 10 1 5 3 3 0 5 1 3 3 3 3 0 6 0 5 2 2 4 4 3 0 1 10 10
split_gain=0.349582 0.500469 0.458658 0.304065 0.279929 0.260975 0.381099 0.601242 0.294293 0.675 0.255563 0.477279 0.540793 0.436415 1.12635 0.50625 1.00199 0.741668 0.669673 0.65615 0.577778 0.416979 0.45897 0.587709 0.410619 0.33993 0.285135 0.311888 0.283548 0.861933
threshold=30907.185220021776 34958.101065373776 298795.71000000002 64.500000000000014 27377.126534717117 49.500000000000007 199820.78500000003 83996.429739810948 120103.61071428572 130190.23142857144 661823.4800000001 324285.28731276351 668406.84500000009 396004.79571428575 399066.07000000001 413517.83500000002 444401.80285714293 601181.03000000014 136501.98635866327 507334.46000000008 139335.16524784229 320358.76500000007 458903.97500000003 491220.28318783076 506212.04999999999 388157.50714285712 1561492.3400000001 1170112.9500000002 98.500000000000014 91.500000000000014
decision_type=2 2 2 2 2 2 2 2 2 2 2 2 2 2 2 2 2 2 2 2 2 2 2 2 2 2 2 2 2 2
left_child=2 -2 4 5 -1 6 7 8 -3 -10 11 12 13 25 -15 20 18 21 19 -17 -16 -18 23 -23 -24 28 27 -12 29 -5
right_child=1 3 -4 10 -6 -7 -8 -9 9 -11 26 -13 -14 14 15 16 17 -19 -20 -21 -22 22 24 -25 -26 -27 -28 -29 -30 -31
leaf_value=2.273936054350278 -103.24159771304137 94.305060230797267 431.78371099992 -2.7423251977469647 67.808141126636102 126.71011329731492 77.441725366181515 -936.31311298984281 -89.477338559258456 101.3757935938681 142.51692352221286 -3870.4702468920755 900.59801389217432 -1401.5217792680062 1240.6776834541849 -581.96987391097332 831.48846851368512 -2100.043692908313 -541.94187986514441 -11.467946637643207 -716.71788222265764 -397.12149648282099 2464.6315310302343 2772.5869331123376 -10.059131993201706 1948.1218841264335 -3128.9169532251553 5680.0636122556525 -0.31830958978256746 -619.09838375371487
leaf_weight=722 36 32 104 118 33 137 200 20 20 40 168 29 42 22 52 33 42 21 38 23 20 28 43 26 34 47 21 51 821 30
leaf_count=722 36 32 104 118 33 137 200 20 20 40 168 29 42 22 52 33 42 21 38 23 20 28 43 26 34 47 21 51 821 30
internal_value=7.04227e-05 -0.000264357 0.000925495 -0.000166821 0.000496689 0.000991091 0.000192308 -0.00214286 -0.000434782 -0.0025 -0.000471035 -0.000718175 -0.000590278 -0.000758226 -0.00219895 -0.00152778 -0.00246528 -0.000412371 -0.00670213 -0.0101786 0.00222222 0.00066474 -0.000725191 -0.00425926 0.00175325 -0.000216535 0.00104167 0.00157534 -0.000417956 -0.00243243
internal_weight=3053 2194 859 2158 755 449 312 112 92 60 1709 1469 1440 1398 382 360 288 194 94 56 72 173 131 54 77 1016 240 219 969 148
internal_count=3053 2194 859 2158 755 449 312 112 92 60 1709 1469 1440 1398 382 360 288 194 94 56 72 173 131 54 77 1016 240 219 969 148
is_linear=0
shrinkage=0.05


Tree=135
num_leaves=31
num_cat=0
split_feature=10 10 10 1 1 3 10 2 5 0 0 3 3 1 2 0 10 2 9 10 10 10 10 2 5 1 0 5 3 5
split_gain=0.387004 0.353538 0.533205 0.415913 0.520415 0.33468 0.297834 0.254596 0.531922 0.587724 0.632869 0.72 0.7 0.451214 0.419402 0.413219 0.293305 0.576349 0.282132 0.265196 0.675 0.282575 0.714652 0.489545 0.436724 0.831003 0.675545 0.225217 0.245354 0.211046
threshold=64.500000000000014 260.50000000000006 257.50000000000006 86154.595000000016 88895.295000000013 944443.11500000011 56.500000000000007 509633.48000000004 156314.5847961297 832401.2300000001 468425.10000000003 460756.10428571433 397755.18857142859 302096.73000000004 570289.31000000017 582636.63500000013 71.500000000000014 202780.73000000001 1.0000000180025095e-35 96.500000000000014 82.500000000000014 110.50000000000001 124.50000000000001 974722.88500000013 139335.16524784229 529638.04500000004 902965.40000000014 5634.4964057764419 90550.175714285724 176176.98395671838
decision_type=2 2 2 2 2 2 2 2 2 2 2 2 2 2 2 2 2 2 2 2 2 2 2 2 2 2 2 2 2 2
left_child=5 2 3 -2 -5 6 29 8 16 10 11 12 -10 -12 -9 -15 17 -6 19 20 -16 -21 -23 24 -24 -26 -27 28 -18 -1
right_child=1 -3 -4 4 7 -7 -8 14 9 -11 13 -13 -14 15 18 -17 27 -19 -20 21 -22 22 23 -25 25 26 -28 -29 -30 -31
leaf_value=16.860644457095891 12.980845892094521 271.23151877195619 -255.53173206874968 -36.694953011687659 -155.23466399534001 -844.87846698914768 178.4609612661036 1959.6154553505403 948.05458134106766 5748.1173166035596 358.27361447066215 1424.8933457559313 -677.56567814085497 -1893.6175468639992 2834.4458791599445 -647.33828018433314 6.6690373557068696 353.58754998836872 1024.0970202544861 859.02365961182477 -4526.4124832745265 -4323.9204011489737 2297.2919779475392 4018.0586051560203 -666.63781258718598 4916.7465556773132 -3222.3198513946131 2.9473970164525496 -19.778721702573815 1989.1717624450041
leaf_weight=476 105 53 36 30 30 45 86 79 24 20 22 30 21 22 30 23 21 29 29 31 24 22 35 68 21 31 28 1475 20 57
leaf_count=476 105 53 36 30 30 45 86 79 24 20 22 30 21 22 30 23 21 29 29 31 24 22 35 68 21 31 28 1475 20 57
internal_value=0.000319219 1.90761e-05 -7.37205e-05 2.20266e-05 -0.000127021 0.00138554 0.00168821 -3.51286e-05 -0.000296488 -0.00302469 -0.00415493 -0.001 -0.005 -0.00768657 0.00110553 -0.0105556 -1.58728e-05 -0.00347458 0.000297806 -0.000172414 -0.00333333 0.000550848 -0.000121951 0.00090164 -0.00108696 -0.003125 -8.47456e-05 0.000118734 -0.00353659 0.00124765
internal_weight=3023 2359 2306 2270 2165 664 619 2135 1737 162 142 75 45 67 398 45 1575 59 319 290 54 236 205 183 115 80 59 1516 41 533
internal_count=3023 2359 2306 2270 2165 664 619 2135 1737 162 142 75 45 67 398 45 1575 59 319 290 54 236 205 183 115 80 59 1516 41 533
is_linear=0
shrinkage=0.05


Tree=136
num_leaves=31
num_cat=0
split_feature=5 10 3 6 1 1 10 0 1 0 10 1 10 1 10 1 1 3 0 3 5 3 9 0 7 6 0 6 0 4
split_gain=0.328282 0.302165 0.418449 0.263347 0.315361 0.630026 0.49168 0.25698 0.762589 0.559266 0.548652 0.457719 0.315756 0.286617 0.293168 0.280519 0.268018 0.664133 0.614267 0.880103 0.611135 0.480186 0.767832 0.445117 0.849253 0.571769 0.367063 0.363171 0.427778 0.896296
threshold=456290.21455313457 64.500000000000014 944443.11500000011 6342.1610494499646 86154.595000000016 88895.295000000013 260.50000000000006 125164.31500000002 110073.395 129389.77 255.50000000000003 131286.31000000003 68.500000000000014 144390.91500000001 241.50000000000003 332668.01500000007 189859.16500000001 250887.78285714288 213621.71500000003 218478.17785714287 49641.373843985166 301883.79785714293 1.0000000180025095e-35 278159.82000000007 1.5000000000000002 116787.85359248157 179016.49000000002 13065.475100524882 175875.62500000003 136017.59642857147
decision_type=2 2 2 2 2 2 2 2 2 2 2 2 2 2 2 2 2 2 2 2 2 2 2 2 2 2 2 2 2 2
left_child=1 2 -1 -3 -5 -6 7 13 -9 -10 11 -11 -13 14 -7 -12 27 18 20 -20 -18 -19 23 24 -23 -26 -22 28 29 -14
right_child=-2 3 -4 4 5 6 -8 8 9 10 15 12 16 -15 -16 -17 17 21 19 -21 26 22 -24 -25 25 -27 -28 -29 -30 -31
leaf_value=24.467469317805627 4672.548821379808 -2.6241664336337953 -1218.5092130380133 9.1579902407220413 -40.656853926121279 -0.4573973814042962 434.71676813370954 -157.04561447166498 -60.669818729996351 32.412231918764057 -16.527077837524651 -49.058495707317405 24.733128108543028 269.33208427488648 28.753252263223658 -681.11371012713721 -142.2275862177807 61.246774549901801 -1.747992109957194 -542.87423968829091 -31.760607459988762 -383.94585656957122 1230.7978823225142 -25.455533584298216 -172.15693032282033 1072.7130976316519 1055.1617382362269 90.708930633840808 293.59890802150619 -67.21552381284269
leaf_weight=619 37 53 40 95 28 201 49 20 29 64 22 36 54 65 31 20 29 203 27 34 35 23 77 675 35 49 37 278 22 36
leaf_count=619 37 53 40 95 28 201 49 20 29 64 22 36 54 65 31 20 29 203 27 34 35 23 77 675 35 49 37 278 22 36
internal_value=0.000319219 0.000261219 0.00120637 -6.44588e-06 7.47583e-05 -4.81871e-05 4.88147e-05 -6.6603e-05 -0.000290859 -0.000182073 -6.83369e-05 7.00119e-05 -9.09089e-05 0.0012963 0.000474138 -0.00571429 1.23918e-05 -0.000351307 -0.00333333 -0.00729508 -0.000940594 0.000103578 -0.000413271 -0.000882353 -0.0038785 -0.00154762 0.00152778 0.00115385 -0.00125 -0.00277778
internal_weight=3023 2986 659 2327 2274 2179 2151 2102 1805 1785 1756 1714 1650 297 232 42 1614 1224 162 61 101 1062 859 782 107 84 72 390 112 90
internal_count=3023 2986 659 2327 2274 2179 2151 2102 1805 1785 1756 1714 1650 297 232 42 1614 1224 162 61 101 1062 859 782 107 84 72 390 112 90
is_linear=0
shrinkage=0.05


Tree=137
num_leaves=31
num_cat=0
split_feature=5 6 6 3 0 10 2 3 5 2 1 2 2 2 6 1 1 1 10 3 7 6 10 5 3 0 2 10 10 7
split_gain=0.305968 0.379449 0.406284 0.722794 0.409199 0.355263 0.352318 0.580035 0.342857 0.328983 0.412091 0.267114 0.319409 0.596619 0.56959 0.518128 1.13404 0.49797 0.540317 0.611576 0.568413 0.888785 0.434159 0.419673 0.369231 0.351216 0.339917 0.451256 0.88937 0.488168
threshold=5634.4964057764419 30907.185220021776 37424.915427991036 120994.95428571431 91147.715000000011 201.50000000000003 290950.18000000005 301368.32500000001 40656.314985334488 91171.510000000009 91795.705000000016 77807.390000000014 409340.1650000001 246961.92500000002 115555.99780710715 98692.750000000015 87041.410000000018 443407.32000000007 66.500000000000014 386413.44285714289 3.5000000000000004 104908.1793161301 247.50000000000003 136534.7931255649 420395.72500000009 489052.80000000005 365105.98000000004 207.50000000000003 165.50000000000003 1.0000000180025095e-35
decision_type=2 2 2 2 2 2 2 2 2 2 2 2 2 2 2 2 2 2 2 2 2 2 2 2 2 2 2 2 2 2
left_child=-1 6 3 -3 5 -4 7 9 -5 -2 -11 -6 13 15 -14 16 -13 18 19 -15 26 -22 25 -23 -19 -17 27 28 29 -20
right_child=1 2 4 8 11 -7 -8 -9 -10 10 -12 12 14 17 -16 22 -18 24 20 -21 21 23 -24 -25 -26 -27 -28 -29 -30 -31
leaf_value=-4.7651206955663303 12.021206681526399 8.9477598167662489 127.39124475109583 -497.51126571741736 93.232661518616155 -15.580998229843178 327.55966796192672 -54.684756313406197 -179.50878320689819 -21.859685736271221 5.2114274133400249 13.907017111619988 2129.9176207809796 70.565524047323976 21.751608706088625 23.895206547237468 -41.52233551232414 -143.66330374030187 -358.31858848399793 -229.21760621537811 -309.04939240744761 41.273573261902676 -70.60099342179754 -267.79393054106123 1951.2172682982248 -234.12173411099047 -0.4717616493367609 -456.76439340756519 153.84647790239751 -549.86150236488982
leaf_weight=77 92 59 75 28 27 20 124 20 20 23 521 34 93 61 657 584 27 39 24 22 38 72 37 34 65 34 31 28 23 34
leaf_count=77 92 59 75 28 27 20 124 20 20 23 521 34 93 61 657 584 27 39 24 22 38 72 37 34 65 34 31 28 23 34
internal_value=0.000319219 0.000400543 6.00187e-05 -0.00294392 0.000216125 0.00342105 0.00134615 0.000884147 -0.0075 0.0011478 0.000680147 6.11e-05 -7.74375e-06 -0.000518113 0.0008 0.000391062 -0.00401639 -0.00190021 -0.00276567 0.000783133 -0.00380282 -0.00159722 0.000801527 0.000754717 0.00115385 0.00111651 -0.00607143 -0.00738532 -0.00549383 -0.0087931
internal_weight=3023 2946 2166 107 2059 95 780 656 48 636 544 1964 1937 1187 750 716 61 471 367 83 284 144 655 106 104 618 140 109 81 58
internal_count=3023 2946 2166 107 2059 95 780 656 48 636 544 1964 1937 1187 750 716 61 471 367 83 284 144 655 106 104 618 140 109 81 58
is_linear=0
shrinkage=0.05


Tree=138
num_leaves=31
num_cat=1
split_feature=5 6 6 6 5 6 1 1 2 5 2 2 0 10 6 11 6 5 5 6 10 10 2 2 0 0 10 0 6 4
split_gain=0.312508 0.404133 0.678533 0.348498 0.244501 0.238943 0.427756 1.2746 0.426625 0.343394 0.265526 0.619195 0.72897 0.79858 0.707843 0.467501 0.427959 0.589002 0.403104 0.402381 0.357548 0.464129 0.407288 0.503646 0.830796 0.355952 0.34386 0.379436 0.463746 0.337089
threshold=5634.4964057764419 25836.227883290372 27377.126534717117 30907.185220021776 4676.1847436001217 36594.729929084751 87041.410000000018 89777.440000000017 101976.58000000002 32234.866698631249 409340.1650000001 290950.18000000005 551425.88500000013 241.50000000000003 75613.881588898148 0 131447.28535472744 121332.18348206226 163323.57170830676 155481.2509383517 31.500000000000004 36.500000000000007 273660.16500000004 246961.92500000002 324396.56000000006 347663.93000000005 247.50000000000003 489052.80000000005 66499.480648905665 153694.26196428572
decision_type=2 2 2 2 2 2 2 2 2 2 2 2 2 2 2 1 2 2 2 2 2 2 2 2 2 2 2 2 2 2
left_child=4 -2 -3 -4 -1 9 -7 -8 -9 -5 11 20 13 14 -13 18 17 -17 -12 -16 -10 -22 23 26 -25 -18 27 28 29 -23
right_child=1 2 3 5 -6 6 7 8 10 -11 15 12 -14 -15 19 16 25 -19 -20 -21 21 22 -24 24 -26 -27 -28 -29 -30 -31
leaf_value=15.917703657307001 9.9291777909379348 -122.54029660433547 70.82682807031199 61.249750550517184 -7.2706997056694309 80.504854994326067 -97.077613782428173 24.336711647640325 288.84919777321591 -155.43693143262487 1444.3890915014017 -427.13996233575904 -953.09290233108322 -531.62481557092804 27.471793864733911 21.499922939299921 2553.2980745440145 -361.37155866260707 -34.414118961894808 -179.64135314911803 -44.922055191366837 0.39035663708439738 122.68211621031692 -353.93717055097846 51.787570128498771 66.842538158362075 -56.532043439217389 -262.28315259548771 25.351697201624884 -360.76913730550325
leaf_weight=26 721 22 37 21 51 81 20 96 57 50 157 32 51 23 210 41 59 28 37 30 20 194 42 34 38 431 38 31 311 34
leaf_count=26 721 22 37 21 51 81 20 96 57 50 157 32 51 23 210 41 59 28 37 30 20 194 42 34 38 431 38 31 311 34
internal_value=0.000352299 0.000434488 0.000101124 0.00018838 -0.00279221 0.000106187 0.000202864 5.95831e-05 0.000185557 -0.00274648 2.1075e-05 -0.000458515 -0.00222543 -0.00127119 -0.000514706 0.000750332 -8.78716e-06 -0.00369565 0.00279412 0.000416667 0.000306633 1.34773e-05 0.000221607 -7.35292e-05 -0.00402778 0.000510204 0.000394737 0.000701755 0.00101113 -0.000701754
internal_weight=3023 2946 2225 2203 77 2166 2095 2014 1994 71 1898 1145 346 295 272 753 559 69 194 240 799 742 722 680 72 490 608 570 539 228
internal_count=3023 2946 2225 2203 77 2166 2095 2014 1994 71 1898 1145 346 295 272 753 559 69 194 240 799 742 722 680 72 490 608 570 539 228
cat_boundaries=0 1
cat_threshold=3
is_linear=0
shrinkage=0.05


Tree=139
num_leaves=31
num_cat=0
split_feature=10 6 6 5 5 0 1 4 0 7 4 2 0 2 6 10 10 6 2 4 4 0 2 7 10 1 10 2 2 0
split_gain=0.345527 0.430048 0.360879 0.4634 0.451832 0.327493 0.319873 0.365352 0.329268 0.529347 0.294255 0.346973 0.611048 0.528527 0.675557 0.637477 0.699505 0.493065 0.488168 0.444769 0.957507 0.436205 0.667609 0.493649 0.732462 0.468505 0.477215 0.416947 0.56414 0.459434
threshold=64.500000000000014 6342.1610494499646 25836.227883290372 25191.250864867772 30721.231188236601 91936.055000000008 294526.96000000008 135167.34089285717 140564.71500000003 4.5000000000000009 119228.47000000002 174612.23000000001 184942.17500000002 365105.98000000004 211869.44353650193 240.50000000000003 95.500000000000014 113505.5981142065 272157.78500000009 221461.39178571434 289036.66803571436 366146.72000000003 246961.92500000002 2.5000000000000004 183.50000000000003 379833.14000000007 140.50000000000003 130457.15000000001 123160.62000000001 147310.62000000002
decision_type=2 2 2 2 2 2 2 2 2 2 2 2 2 2 2 2 2 2 2 2 2 2 2 2 2 2 2 2 2 2
left_child=-1 5 6 -4 -5 -2 7 -3 9 -9 -6 12 27 14 15 16 19 -15 -17 -13 -21 22 23 24 -18 26 -24 28 29 -12
right_child=1 2 3 4 10 -7 -8 8 -10 -11 11 13 -14 17 -16 18 21 -19 -20 20 -22 -23 25 -25 -26 -27 -28 -29 -30 -31
leaf_value=19.548547767468719 -0.034715358976707883 4.6109783467538916 -58.830563074869168 525.63679513243676 -166.42315513269921 -2.6930487642812242 373.71067228233238 -4.6659938990591989 22.868209842945458 -70.126665416472704 8.3373345781783357 131.38154169218458 40.908750291530879 1548.4937892866708 -518.31678860541638 -17.400704161490989 31.446615824464285 -19.585147161473309 -549.19507488344323 -504.10440238588603 -246.87219643891001 137.58827007135582 -123.93534830318393 261.26929473071766 -243.98952708198664 860.71217821545292 -62.766127471085852 31.546356952177828 -95.968563061441742 -49.467255328429857
leaf_weight=664 32 156 31 42 36 21 73 62 246 20 119 24 101 88 33 34 34 613 24 22 35 102 34 101 20 24 73 112 21 26
leaf_count=664 32 156 31 42 36 21 73 62 246 20 119 24 101 88 33 34 34 613 24 22 35 102 34 101 20 24 73 112 21 26
internal_value=0.00030268 1.90761e-05 0.000121423 -0.000231561 -0.000122235 -0.00443396 0.0012298 0.000764463 -0.000182927 -0.00292683 -0.000250596 -0.000152439 0.00117414 -0.00055115 -0.00169643 -0.00126186 -0.00065032 0.000363766 -0.0062069 -0.00487654 -0.0072807 0.000231959 -0.000769231 0.00145161 -0.00240741 -0.00339695 -0.00481308 -3.5971e-05 -0.00162651 -0.000517241
internal_weight=3023 2359 2306 1749 1718 53 557 484 328 82 1676 1640 379 1261 560 527 469 701 58 81 57 388 286 155 54 131 107 278 166 145
internal_count=3023 2359 2306 1749 1718 53 557 484 328 82 1676 1640 379 1261 560 527 469 701 58 81 57 388 286 155 54 131 107 278 166 145
is_linear=0
shrinkage=0.05


Tree=140
num_leaves=31
num_cat=0
split_feature=1 3 6 6 3 0 1 0 0 3 2 10 3 1 7 1 4 6 1 10 10 2 3 3 0 10 0 0 0 0
split_gain=0.592214 0.360056 0.372159 0.942579 0.765843 0.567187 0.752322 0.970611 0.48467 0.465186 0.811249 0.413547 0.37913 0.517477 0.448019 0.341633 0.34973 0.711445 0.800041 0.415118 0.808275 0.681653 0.593269 0.526863 0.525 0.30284 0.550785 0.487708 0.424208 0.359773
threshold=1565539.9750000003 84981.990714285741 121145.85760887423 128585.338348404 328123.72285714292 551425.88500000013 364003.37000000005 324396.56000000006 262709.99500000005 299948.86500000005 255935.42000000004 171.50000000000003 426113.06142857141 295994.90000000008 2.5000000000000004 302096.73000000004 760962.83553571452 281981.5255516576 494655.77000000008 164.50000000000003 195.50000000000003 356720.39500000008 534700.47071428585 433234.90571428579 551425.88500000013 45.500000000000007 203691.06500000003 183355.71000000005 181454.00000000003 232009.21000000002
decision_type=2 2 2 2 2 2 2 2 2 2 2 2 2 2 2 2 2 2 2 2 2 2 2 2 2 2 2 2 2 2
left_child=1 -1 8 5 -5 6 7 -4 25 -10 -11 -8 13 14 -12 -6 17 19 -19 22 23 -22 -17 -21 -24 -3 27 28 -27 -28
right_child=-2 2 3 4 15 -7 11 -9 9 10 12 -13 -14 -15 -16 16 -18 18 -20 20 21 -23 24 -25 -26 26 29 -29 -30 -31
leaf_value=-43.703279556949674 -1333.0550491635261 16.759306014074426 -559.42201252508426 -133.99272084866959 577.07494408990021 -699.88906941767527 -641.3419075792018 645.01425105965973 69.811547388426334 -400.0786506308088 -203.21187244142283 2373.6828852682661 -199.59269441389847 460.90937207213994 719.22284068739384 2256.4611691103341 2186.6944937986259 189.25915865377851 -775.63222967390448 -916.91786277306483 -532.75249366999708 1171.7765595045128 -4890.1571199632726 -240.18167517301774 100.78614243981626 -0.43805935908343763 -47.563207763386011 45.643315794815265 -137.43507067700509 -41.546320596277504
leaf_weight=22 23 236 34 37 98 20 22 23 272 27 30 29 26 193 22 132 243 21 25 22 31 92 21 31 35 1020 88 111 20 73
leaf_count=22 23 236 34 37 98 20 22 23 272 27 30 29 26 193 22 132 243 21 25 22 31 92 21 31 35 1020 88 111 20 73
internal_value=-5.03408e-05 9.81694e-06 5.60318e-05 -0.000786026 -0.000139594 -0.00476562 -0.00333333 -0.0072807 0.000420208 0.00166667 0.000302014 0.00107843 0.00112546 0.00173469 -0.00269231 0.000206392 -0.000206738 -0.00109756 -0.00695652 -0.000357143 -0.00210227 0.000121951 0.0012766 -0.00726415 -0.00303571 -3.87595e-05 -0.000335366 4.77847e-05 -0.000288461 -0.00307453
internal_weight=3079 3056 3034 916 788 128 108 57 2118 570 298 51 271 245 52 751 653 410 46 364 176 123 188 53 56 1548 1312 1151 1040 161
internal_count=3079 3056 3034 916 788 128 108 57 2118 570 298 51 271 245 52 751 653 410 46 364 176 123 188 53 56 1548 1312 1151 1040 161
is_linear=0
shrinkage=0.05


Tree=141
num_leaves=31
num_cat=0
split_feature=6 6 2 2 5 6 4 3 2 0 5 5 3 5 5 10 3 5 6 0 10 2 2 0 4 4 2 6 0 10
split_gain=0.524275 0.674974 0.546975 1.11999 0.817177 0.556027 0.676073 0.406826 0.59652 0.561673 0.367347 0.40553 0.353972 0.711872 0.330401 0.341502 0.323062 0.701754 0.514849 0.388431 0.283277 0.512121 0.426443 0.528938 0.81 0.421533 0.571618 1.23574 0.36896 0.584011
threshold=120478.11991451381 149035.15484648271 386468.1650000001 449917.94000000006 126584.91272437781 142629.21340348822 395324.75696428574 426113.06142857141 292926.15500000009 246158.66500000001 76082.003594417169 113855.66576723999 386413.44285714289 107301.43079407841 129659.87757843696 147.50000000000003 299948.86500000005 96117.070071128575 101163.62310457297 386153.45500000002 124.50000000000001 1270417.1000000003 1028137.0450000002 811818.69500000007 1069953.8230357144 669903.92625000014 332156.45500000002 281981.5255516576 542636.96000000008 202.50000000000003
decision_type=2 2 2 2 2 2 2 2 2 2 2 2 2 2 2 2 2 2 2 2 2 2 2 2 2 2 2 2 2 2
left_child=7 2 10 4 -4 6 -5 8 16 -10 -2 -12 -11 -14 -13 -16 18 -18 -1 -19 21 25 23 28 -25 26 -3 -28 29 -22
right_child=1 20 3 5 -6 -7 -8 -9 9 12 11 14 13 -15 15 -17 17 19 -20 -21 22 -23 -24 24 -26 -27 27 -29 -30 -31
leaf_value=-0.050533730578009639 -557.85788263410052 486.48737451365264 -1118.6383052898989 -474.31413220624029 -593.04694886008645 -415.46692284140767 996.7804483141299 -182.90969269125762 -32.466712312085093 485.8601817156582 529.8355446681644 -180.0562595218621 -169.76591094156581 1014.3293713852669 -141.11971194156271 1248.0897375700911 -257.28455222252853 117.70293534772257 72.44713330921833 -114.36696064637192 -96.827146793736006 -5183.1705182013284 3647.2861236371459 -1254.4510265589422 5195.5927863864981 1930.7089958549095 -88.620510528047262 -242.17726594334459 2024.0136847938638 1329.1247623105546
leaf_weight=1542 21 52 24 28 25 20 74 28 51 282 33 27 32 44 20 46 38 37 52 20 70 33 71 20 25 131 91 23 62 57
leaf_count=1542 21 52 24 28 25 20 74 28 51 282 33 27 32 44 20 46 38 37 52 20 70 33 71 20 25 131 91 23 62 57
internal_value=-0.000164014 -0.00113851 -0.00301887 -0.00494152 -0.0113265 -0.00237705 -0.000882353 0.000272813 0.000352717 0.00206601 -0.000782313 0.000238095 0.00276536 -0.000263158 -0.00145161 0.000454546 -6.21668e-05 -0.00289474 0.00010665 0.000614035 -0.00019685 -0.00121212 0.00090164 -0.000128205 -0.005 -0.000555555 -0.00222892 -0.00421053 0.00103175 -0.000511811
internal_weight=3079 953 318 171 49 122 102 2126 2098 409 147 126 358 76 93 66 1689 95 1594 57 635 330 305 234 45 297 166 114 189 127
internal_count=3079 953 318 171 49 122 102 2126 2098 409 147 126 358 76 93 66 1689 95 1594 57 635 330 305 234 45 297 166 114 189 127
is_linear=0
shrinkage=0.05


Tree=142
num_leaves=31
num_cat=0
split_feature=1 6 4 6 2 6 0 3 10 0 2 3 3 2 1 3 1 3 3 5 4 5 3 2 1 2 10 10 3 4
split_gain=0.568395 0.402607 0.815919 0.879428 0.748616 0.740063 0.783621 0.574654 0.662365 0.540449 0.77979 0.467456 0.879487 0.846887 0.435367 0.400459 0.606974 0.345884 0.335919 1.29606 0.504746 0.554566 0.309277 0.298309 0.59948 1.225 0.296206 0.801366 0.529871 0.68495
threshold=1565539.9750000003 120478.11991451381 760962.83553571452 281981.5255516576 346562.19000000006 128585.338348404 551425.88500000013 503643.45642857143 201.50000000000003 617625.81000000017 471632.68500000011 413517.83500000002 377005.93500000011 361419.82000000001 483238.4150000001 426113.06142857141 436247.71500000003 328123.72285714292 386413.44285714289 106658.83706061462 295977.06142857141 16695.964744711473 373623.22571428574 361419.82000000001 319151.15000000008 314722.19000000006 158.50000000000003 203.50000000000003 468749.88285714295 405819.34464285715
decision_type=2 2 2 2 2 2 2 2 2 2 2 2 2 2 2 2 2 2 2 2 2 2 2 2 2 2 2 2 2 2
left_child=1 15 3 5 -5 6 11 17 9 10 -9 12 13 -3 -6 16 18 -7 20 -20 23 -22 -19 24 -1 -26 -24 28 29 -28
right_child=-2 2 -4 4 14 7 -8 8 -10 -11 -12 -13 -14 -15 -16 -17 -18 22 19 -21 21 -23 26 -25 25 -27 27 -29 -30 -31
leaf_value=-0.047143605273348696 -1314.0368655103939 16.612119066025311 1834.1734911266467 458.80740619832568 -43.781328612143589 -413.3478309077824 -595.21187494834828 203.16480963165429 -205.7058519218815 829.07795494252503 -3620.9031266288011 -461.07234629164981 938.82588874647013 -566.55796424954269 -675.84562298800279 -173.76420805669457 2722.2055026862854 2185.5729930820298 -227.46885422778197 489.91232044910424 -51.34316960220869 209.30367456449059 2044.4383099362276 1623.967715791606 26.982783321466776 -492.92094516158068 -35.156425076711578 1031.9770498510613 819.96389759056899 -1305.188992747384
leaf_weight=1564 23 29 251 21 22 25 22 22 26 44 35 25 44 22 21 28 86 44 22 36 33 289 104 28 20 20 26 102 25 20
leaf_count=1564 23 29 251 21 22 25 22 22 26 44 35 25 44 22 21 28 86 44 22 36 33 289 104 28 20 20 26 102 25 20
internal_value=-0.000212731 -0.000153796 -0.00102151 -0.00192194 -0.0075 -0.00134146 -0.00450704 -0.00039112 -0.00326772 -0.00143564 -0.00464912 -0.00291667 -0.00131579 -0.00578431 -0.0112791 0.000225776 0.000305053 0.00066474 0.000129225 -0.00362069 0.000240532 0.00204969 0.00110592 -0.000116421 -0.000205735 -0.00625 0.000487365 -0.000780347 -0.00485915 -0.00804348
internal_weight=3079 3056 930 679 64 615 142 473 127 101 57 120 95 51 43 2126 2098 346 2012 58 1954 322 321 1632 1604 40 277 173 71 46
internal_count=3079 3056 930 679 64 615 142 473 127 101 57 120 95 51 43 2126 2098 346 2012 58 1954 322 321 1632 1604 40 277 173 71 46
is_linear=0
shrinkage=0.05


Tree=143
num_leaves=31
num_cat=0
split_feature=6 5 2 2 3 4 6 3 5 7 10 5 6 3 4 2 3 0 5 5 3 6 10 0 0 3 5 5 6 7
split_gain=0.514527 0.835816 0.634668 0.969437 1.68427 0.663868 0.640839 0.61119 0.631147 0.411526 0.40526 0.390131 0.397495 0.411777 0.421156 0.386122 0.902391 0.370674 0.351495 0.456269 0.350654 0.833654 0.350032 0.418113 0.4096 0.508918 0.306087 0.278867 0.267606 0.254989
threshold=121145.85760887423 127358.78526881667 396082.10500000004 524753.90000000014 444401.80285714293 399269.9537500001 203900.31071073347 444401.80285714293 164836.42297550617 1.5000000000000002 108.50000000000001 173007.1862001144 174070.62251378351 534700.47071428585 510112.9064285715 292926.15500000009 426113.06142857141 262709.99500000005 112993.80064450284 83376.933967288132 386413.44285714289 108598.62113886322 101.50000000000001 240016.58500000005 507334.46000000008 397755.18857142859 104116.03570179307 78113.717897721697 5930.723019535717 1.5000000000000002
decision_type=2 2 2 2 2 2 2 2 2 2 2 2 2 2 2 2 2 2 2 2 2 2 2 2 2 2 2 2 2 2
left_child=15 2 9 4 5 -4 -5 22 -9 -2 -11 -10 -13 -14 -15 28 17 26 19 -12 29 -22 -3 -24 25 -25 27 -17 -1 -19
right_child=1 7 3 6 -6 -7 -8 8 11 10 18 12 13 14 -16 16 -18 20 -20 -21 21 -23 23 24 -26 -27 -28 -29 -30 -31
leaf_value=-6.2611012554812993 941.46859061856549 -379.71402280880216 -525.15911939778459 220.03447207732339 -1881.484824011759 2389.0796990539816 -119.23837750642993 1655.3224749376523 -432.2146841189915 151.22663193635901 -496.86678599066022 -143.75101801317481 803.34032680498558 -821.55776112146214 246.36088134984959 -125.71879794416641 -181.83441515872335 19.737947191662304 -73.406250404054688 631.0916242133128 -158.3677238699471 1417.8263099550736 1935.1976090208336 -18.859662261408271 3190.0793315648698 -899.27750618512425 -69.392590474901823 168.42989650269431 0.16781243880362698 533.04150580554824
leaf_weight=38 24 37 22 46 23 25 22 106 21 25 20 35 46 21 295 27 23 83 20 23 30 48 20 36 32 40 23 24 1661 183
leaf_count=38 24 37 22 46 23 25 22 106 21 25 20 35 46 21 295 27 23 83 20 23 30 48 20 36 32 40 23 24 1661 183
internal_value=-0.000147775 -0.00112354 -0.0036 -0.00586956 -0.01 -0.00457447 -0.00161765 -0.000224964 0.000610687 -0.000803571 -0.00238636 -0.000263158 8.81614e-05 0.000580111 -6.3291e-05 0.000280374 0.00159864 0.00212919 -0.00452381 -0.00197674 0.00281977 -0.000128205 -0.00287879 -0.00164062 -0.00287037 -0.00486842 -0.00108108 0.00107843 -6.18009e-05 0.00368421
internal_weight=3079 939 250 138 70 47 68 689 524 112 88 418 397 362 316 2140 441 418 63 43 344 78 165 128 108 76 74 51 1699 266
internal_count=3079 939 250 138 70 47 68 689 524 112 88 418 397 362 316 2140 441 418 63 43 344 78 165 128 108 76 74 51 1699 266
is_linear=0
shrinkage=0.05


Tree=144
num_leaves=31
num_cat=0
split_feature=6 5 4 6 1 0 0 6 3 1 3 6 1 3 1 0 6 6 0 7 3 3 7 7 5 5 3 3 4 4
split_gain=0.389062 0.682264 0.441902 0.424657 0.485628 0.353413 0.781925 0.5495 0.394382 0.504034 0.379568 0.980719 0.336092 0.597741 0.715136 0.478139 0.381349 0.316892 0.361149 0.590929 0.570821 0.4 0.316564 0.323439 0.745681 0.505561 0.316218 0.638704 0.419219 0.686055
threshold=121145.85760887423 129659.87757843696 570946.61571428587 149035.15484648271 249520.31500000003 130407.67500000002 128401.895 47884.309205675083 426113.06142857141 436247.71500000003 386413.44285714289 111103.17560738053 524288.31500000006 413517.83500000002 325563.81000000006 255614.00000000003 133698.11710930648 11355.406770350948 305119.35500000004 2.5000000000000004 299948.86500000005 310743.97214285721 1.0000000180025095e-35 1.5000000000000002 6373.6310542160963 8689.2106798521982 460756.10428571433 503643.45642857143 449424.16089285718 418029.89910714288
decision_type=2 2 2 2 2 2 2 2 2 2 2 2 2 2 2 2 2 2 2 2 2 2 2 2 2 2 2 2 2 2
left_child=5 2 3 12 -5 6 7 22 9 10 17 -12 13 14 15 -2 -16 -7 -19 20 -20 -22 -1 24 -24 -26 28 -28 29 -3
right_child=1 26 -4 4 -6 8 -8 -9 -10 -11 11 -13 -14 -15 16 -17 -18 18 19 -21 21 -23 23 -25 25 -27 27 -29 -30 -31
leaf_value=15.68884646356134 -507.89245422203862 -84.623097744502218 -480.4868878658109 -15.046250045374633 301.47862990106074 31.552244259701702 -89.754913302752698 236.05804603622843 -149.28090989397779 2610.7651818136819 -174.00050309153482 498.05763676669932 1000.196753636262 -1227.130850666063 460.83976009228701 -243.9566137047988 -187.02279119594945 0.66676878008373697 23.849657949209611 519.49486918222465 -570.06885208217795 29.815244939396077 -49.262326485115125 -2.2086763165001932 7.8521835105964897 -7.9889063817398069 1486.2694727776054 -29.643037860048391 3136.0210379027017 -1562.0359116907894
leaf_weight=50 20 124 24 23 63 130 24 44 30 89 31 29 26 31 36 22 20 959 89 106 20 20 20 456 20 23 87 406 31 26
leaf_count=50 20 124 24 23 63 130 24 44 30 89 31 29 26 31 36 22 20 959 89 106 20 20 20 456 20 23 87 406 31 26
internal_value=-0.000115297 -0.000963791 -0.00311321 -0.00246888 0.000348837 0.00025701 -0.000729984 -0.00038336 0.000675316 0.000790903 0.000556359 -0.00333333 -0.00403226 -0.00507752 -0.00316327 -0.00809524 0.000535714 0.000732629 0.000477387 0.00223404 -3.87595e-05 -0.005 -0.000799648 -0.0011657 -0.00452381 -0.000813953 -0.000118694 0.000537526 -0.00190608 -0.003
internal_weight=3079 939 265 241 86 2140 637 613 1503 1473 1384 60 155 129 98 42 56 1324 1194 235 129 40 569 519 63 43 674 493 181 150
internal_count=3079 939 265 241 86 2140 637 613 1503 1473 1384 60 155 129 98 42 56 1324 1194 235 129 40 569 519 63 43 674 493 181 150
is_linear=0
shrinkage=0.05


Tree=145
num_leaves=31
num_cat=0
split_feature=3 4 0 5 5 10 4 1 7 6 5 6 3 3 3 4 4 10 0 10 3 10 1 1 5 0 0 1 5 7
split_gain=0.42744 0.241975 0.966431 0.709815 0.708285 0.450323 0.510373 0.566357 0.378862 0.332987 0.344498 0.33264 0.470247 1.20655 0.521882 1.32658 0.314591 0.419375 1.21433 0.714286 0.7 0.469275 0.274376 0.520923 0.372513 0.429093 0.578661 0.544444 0.273485 0.259145
threshold=1206016.0507142858 389411.87053571432 262709.99500000005 74429.597521369942 15596.358183056995 250.50000000000003 867306.46678571438 238943.76000000004 2.5000000000000004 111647.54902496944 110182.05823445389 305838.35725481884 380580.67428571434 362402.9671428572 413517.83500000002 404276.63994709001 791081.76035714301 170.50000000000003 601181.03000000014 205.50000000000003 479529.04714285722 46.500000000000007 162530.45500000005 197760.97500000001 107301.43079407841 292011.27500000008 366146.72000000003 281803.10000000003 51581.177112448851 4.5000000000000009
decision_type=2 2 2 2 2 2 2 2 2 2 2 2 2 2 2 2 2 2 2 2 2 2 2 2 2 2 2 2 2 2
left_child=1 2 9 -3 -4 6 7 -5 22 29 28 12 13 -9 -14 -16 17 21 19 20 -19 -17 -6 -24 25 -25 27 -27 -11 -1
right_child=-2 3 4 5 8 -7 -8 11 -10 10 -12 -13 14 -15 15 16 -18 18 -20 -21 -22 -23 23 24 -26 26 -28 -29 -30 -31
leaf_value=0.61958499374254206 -2773.9128914353764 -384.78118060730594 -107.27173889251092 1627.5410632694941 33.676456054579276 1994.1961830088985 1066.1568402497458 187.21515533843353 318.03779975874295 -130.07286174607077 -53.090332266464287 -438.93609196837861 476.11674154743969 -665.50109186546933 -567.19014615287756 -861.38055505357954 -1778.9442123939561 -1194.3510342357622 -926.43234166621005 394.34661301365986 3349.119144362407 1266.2049129332877 -150.0198431004994 451.16520112168837 645.55624538619031 34.245170381262866 59.252447849556191 -359.71093562434572 529.21012673154826 -20.185665961058575
leaf_weight=1095 39 20 21 46 42 52 177 23 237 20 32 40 114 32 38 24 27 21 26 60 24 155 21 65 53 24 53 36 24 445
leaf_count=1095 39 20 21 46 42 52 177 23 237 20 32 40 114 32 38 24 27 21 26 60 24 155 21 65 53 24 53 36 24 445
internal_value=-5.50873e-05 1.14869e-05 0.000295203 -0.000688282 0.00210145 -0.000471478 -0.000762082 -0.00142857 0.00245763 -0.000321782 -0.00355263 -0.00184931 -0.00152574 -0.00590909 -0.00103272 -0.00193333 -0.000934718 -0.000483871 -0.00263359 -0.000238095 -0.005 0.00108939 0.0012585 0.000634921 0.00132035 0.000224719 -0.00163717 -0.005 -0.000681818 -0.000162337
internal_weight=3086 3047 2168 879 552 859 807 630 531 1616 76 584 544 55 489 375 337 310 131 105 45 179 294 252 231 178 113 60 44 1540
internal_count=3086 3047 2168 879 552 859 807 630 531 1616 76 584 544 55 489 375 337 310 131 105 45 179 294 252 231 178 113 60 44 1540
is_linear=0
shrinkage=0.05


Tree=146
num_leaves=31
num_cat=0
split_feature=10 0 3 4 6 0 2 4 3 6 1 0 10 3 4 0 0 6 10 3 8 2 1 10 2 1 1 3 1 6
split_gain=0.324192 0.31298 0.238613 0.388757 0.532991 0.526183 0.461358 0.375631 0.737435 0.63591 0.423946 0.48512 0.51942 0.469444 0.483457 0.389162 0.637369 0.403226 0.382812 0.575284 0.34131 0.592246 0.435515 0.522626 0.50141 0.335943 0.322356 0.50535 0.417588 0.344455
threshold=261.50000000000006 1561492.3400000001 126039.56857142858 387813.85142857145 108598.62113886322 262709.99500000005 378362.99000000005 738330.17464285728 588183.77642857155 284870.39884652669 558054.69500000018 601181.03000000014 189.50000000000003 413517.83500000002 404276.63994709001 507334.46000000008 407826.83000000007 149035.15484648271 176.50000000000003 479529.04714285722 1.0000000180025095e-35 90508.205000000016 91795.705000000016 154.50000000000003 134026.89500000005 682681.61500000011 173938.28500000003 120994.95428571431 92318.240000000005 5930.723019535717
decision_type=2 2 2 2 2 2 2 2 2 2 2 2 2 2 2 2 2 2 2 2 2 2 2 2 2 2 2 2 2 2
left_child=1 2 20 5 -5 6 -4 8 9 10 11 13 -13 -6 -15 16 17 -16 19 -12 26 -22 -23 24 -24 -9 27 29 -29 -1
right_child=-2 -3 3 4 7 -7 -8 25 -10 -11 18 12 -14 14 15 -17 -18 -19 -20 -21 21 22 23 -25 -26 -27 -28 28 -30 -31
leaf_value=-14.719166864794264 149.50858804007314 -3018.6763684480325 0.93111781121388215 -130.19185569505291 334.63641453526384 73.218214866239279 -104.28079961827501 4044.3606709758569 -579.53191513039576 -169.85892955114514 -1881.977289192034 1166.8977043924697 -1318.984473846084 -352.57560946931079 -27.66412755266672 191.29210397865992 -380.85469168614867 1509.8216689613846 2013.3951924147129 1589.1951321939987 26.559084016668347 -80.905497026179944 -1.2240548578483763 7.6791269083748324 -45.792360094280625 17.152169725910717 121.72741171311759 -0.22127185569461383 -81.27395189102856 0.94043053636116292
leaf_weight=24 32 23 1004 34 180 527 20 47 34 32 20 25 21 31 31 35 52 31 64 44 39 26 29 40 24 226 28 37 39 287
leaf_count=24 32 23 1004 34 180 527 20 47 34 32 20 25 21 31 31 35 52 31 64 44 39 26 29 40 24 226 28 37 39 287
internal_value=-6.48069e-06 -5.89389e-05 -1.48464e-05 0.000199349 -0.000622933 0.000680206 1.95314e-05 -0.000383734 -0.00108333 -0.00065371 -0.000243446 -0.00103448 -0.00586956 -0.000416666 -0.00222222 -0.00104027 -0.00245614 0.000967742 0.00226563 -0.00046875 -0.000933682 -0.00291139 -0.00466387 -0.00306452 -0.00632075 0.00115385 -0.000180723 -0.000555555 -0.00421053 0.000337621
internal_weight=3086 3054 3031 2458 907 1551 1024 873 600 566 534 406 46 360 180 149 114 62 128 64 573 158 119 93 53 273 415 387 76 311
internal_count=3086 3054 3031 2458 907 1551 1024 873 600 566 534 406 46 360 180 149 114 62 128 64 573 158 119 93 53 273 415 387 76 311
is_linear=0
shrinkage=0.05


Tree=147
num_leaves=31
num_cat=0
split_feature=4 0 10 6 4 0 0 5 10 4 5 0 6 1 4 10 10 7 2 6 6 5 5 10 5 3 2 7 7 0
split_gain=0.333969 0.733436 0.446692 0.581554 0.510724 0.477922 0.428114 0.98373 0.819432 0.401883 0.370104 0.362513 0.689382 0.817268 0.508086 1.30645 0.608888 0.818182 0.417336 0.312739 0.419873 0.328728 0.312289 0.296054 0.296274 0.36968 0.87526 0.257204 0.63432 0.541634
threshold=389411.87053571432 268668.97500000003 250.50000000000003 108598.62113886322 391963.17375000002 224927.81500000003 566263.16500000015 309695.27276718622 215.50000000000003 397348.8176785715 15596.358183056995 395669.96500000003 149035.15484648271 403110.97000000003 506212.04999999999 108.50000000000001 149.50000000000003 3.5000000000000004 405998.49000000005 111647.54902496944 122313.35513916756 5634.4964057764419 380985.83631915052 132.50000000000003 96117.070071128575 299181.59500000003 290950.18000000005 1.5000000000000002 2.5000000000000004 1208396.8800000001
decision_type=2 2 2 2 2 2 2 2 2 2 2 2 2 2 2 2 2 2 2 2 2 2 2 2 2 2 2 2 2 2
left_child=1 19 3 -2 -5 -6 7 9 22 -7 -3 12 13 -11 16 -16 17 -13 -18 21 -21 -1 27 24 25 -12 -27 -8 -29 -30
right_child=2 10 -4 4 5 6 8 -9 -10 11 23 14 -14 -15 15 -17 18 -19 -20 20 -22 -23 -24 -25 -26 26 -28 28 29 -31
leaf_value=-6.7821684520514864 -156.42875853065934 -105.56906269119602 1632.6782367147607 -348.40777411906947 3290.6844186923627 545.78885435694576 1322.5836684939914 -3912.8726082727899 -1318.8032176556844 372.13539870783438 32.955759292972594 -291.09917773291915 1224.9830096876015 -430.42719342352848 32.285755733351778 -1510.6893629241513 -109.94154394152571 726.61276838546758 2574.3857673786347 -34.05575510029221 -52.992305832872709 0.51307599419651806 4351.8490794812351 197.64673462258955 439.25423156011124 -289.27135493290001 75.094063890647348 -378.63735737418591 228.75223154121079 -2269.495643296731
leaf_weight=80 21 21 61 28 36 48 85 28 39 32 89 22 68 31 31 31 37 22 48 21 58 1479 65 257 104 21 38 40 123 22
leaf_count=80 21 21 61 28 36 48 85 28 39 32 89 22 68 31 31 31 37 22 48 21 58 1479 65 257 104 21 38 40 123 22
internal_value=2.59237e-05 0.000364391 -0.00077342 -0.00106768 -0.000861244 -0.000631188 -0.000893782 -0.00203518 0.000320856 -0.00135135 0.00198113 -0.00198758 3.81681e-05 -0.00373016 -0.00337696 -0.00709677 -0.00158915 -0.00636364 0.000882353 -0.00015873 -0.00322785 -3.207e-06 0.0011194 0.00224951 0.00103175 -0.000405405 -0.00347458 0.000370371 -0.000675675 0.000862069
internal_weight=3086 2168 918 857 836 808 772 398 374 370 530 322 131 63 191 62 129 44 85 1638 79 1559 335 509 252 148 59 270 185 145
internal_count=3086 2168 918 857 836 808 772 398 374 370 530 322 131 63 191 62 129 44 85 1638 79 1559 335 509 252 148 59 270 185 145
is_linear=0
shrinkage=0.05


Tree=148
num_leaves=31
num_cat=2
split_feature=7 11 1 1 1 4 10 11 1 10 10 10 3 0 0 6 6 6 3 4 0 4 10 0 6 6 4 10 3 1
split_gain=0.351744 0.491607 0.487396 0.73756 0.449509 0.722558 0.358272 0.342912 0.883481 0.817315 0.306214 0.468072 0.524782 0.612424 0.621688 0.66131 1.01849 0.367025 0.340108 0.758439 0.594464 0.530474 0.339244 0.319779 0.470023 0.302825 0.477268 0.267063 0.358869 0.452815
threshold=2.5000000000000004 0 449695.39500000008 325563.81000000006 1170112.9500000002 1099443.6676785718 51.500000000000007 1 479155.55500000005 21.500000000000004 198.50000000000003 190.50000000000003 298717.88285714289 566263.16500000015 282461.83500000002 194078.48410926841 142629.21340348822 104009.62978997744 226609.01785714287 175375.88928571434 273357.30500000005 135965.0325 148.50000000000003 405023.70000000007 25836.227883290372 126605.83024862045 202838.42660714287 33.500000000000007 133861.51714285716 97422.390000000014
decision_type=2 1 2 2 2 2 2 1 2 2 2 2 2 2 2 2 2 2 2 2 2 2 2 2 2 2 2 2 2 2
left_child=1 2 3 6 5 7 -1 8 9 -2 11 12 18 14 -14 16 17 -16 19 21 -21 27 -15 24 -12 26 -8 -3 29 -29
right_child=4 10 -4 -5 -6 -7 25 -9 -10 -11 23 -13 13 22 15 -17 -18 -19 -20 20 -22 -23 -24 -25 -26 -27 -28 28 -30 -31
leaf_value=81.73535655708821 -289.16810182073499 -19.335472630206592 3166.0499409434269 -231.79500591000752 5116.772408263012 -5234.3781733500909 5.2606028669854918 7.8730559393647646 -716.98871140082383 6.2910343403906044 4.2288657745621476 -235.92912516460416 2.816910212043374 -81.668366964884811 -392.04625057032632 -3670.8059482766475 467.52195862265273 -202.41343112870712 65.926999946710296 -158.31569107351851 -11.850449396047296 49.897809279456418 9058.869935975632 974.27289624417153 -32.761322205513984 168.96745933193435 -467.34066858633133 -0.38454806721099521 -6.6124065441547888 125.16713883146593
leaf_weight=47 20 35 83 40 54 22 126 1205 28 419 96 37 48 98 24 23 33 37 84 32 33 64 24 63 107 27 31 79 23 44
leaf_count=47 20 35 83 40 54 22 126 1205 28 419 96 37 48 98 24 23 33 37 84 32 33 64 24 63 107 27 31 79 23 44
internal_value=4.21259e-05 -0.000568012 0.00101648 1.84504e-05 0.000509153 0.000365998 0.0011039 0.00048445 -0.000660377 -0.000125285 -0.00113682 -0.00168524 -0.00138766 -0.00301394 -0.005 -0.00696581 -0.00510638 -0.00893443 -0.000203045 -0.000967742 -0.00576923 0.000306123 -0.000327869 0.000300752 -0.000665024 0.000108696 -0.000732484 -0.00107735 -0.000136986 0.00093496
internal_weight=3086 1338 354 271 1748 1694 231 1672 467 439 984 718 681 287 165 117 94 61 394 310 65 245 122 266 203 184 157 181 146 123
internal_count=3086 1338 354 271 1748 1694 231 1672 467 439 984 718 681 287 165 117 94 61 394 310 65 245 122 266 203 184 157 181 146 123
cat_boundaries=0 1 2
cat_threshold=1 1
is_linear=0
shrinkage=0.05


Tree=149
num_leaves=31
num_cat=1
split_feature=5 1 6 5 11 7 1 10 2 1 3 1 3 2 10 10 10 5 3 1 7 1 1 3 10 10 2 2 10 5
split_gain=0.421493 0.40254 0.31078 0.429501 0.366755 0.615554 0.635582 0.743122 0.809043 0.530341 0.320386 0.537778 0.353333 0.454857 0.409099 0.518548 0.365771 0.614267 0.706597 0.652497 0.377234 0.318857 0.422049 0.313373 0.309225 0.458145 0.279787 1.53728 0.426136 0.5
threshold=6055.1362497380405 87041.410000000018 424678.58466219017 391598.77079542173 0 1.0000000180025095e-35 801519.06500000006 190.50000000000003 405998.49000000005 407176.96500000003 413517.83500000002 330995.43000000011 293411.12142857147 195687.98500000002 239.50000000000003 205.50000000000003 77.500000000000014 82515.176084094041 225722.15785714288 238943.76000000004 5.5000000000000009 321270.94000000006 344617.74500000005 209372.7328571429 79.500000000000014 62.500000000000007 463800.83000000007 495609.40000000008 175.50000000000003 144382.88999112198
decision_type=2 2 2 2 1 2 2 2 2 2 2 2 2 2 2 2 2 2 2 2 2 2 2 2 2 2 2 2 2 2
left_child=1 -1 3 4 5 6 7 8 -2 10 12 -12 13 -6 15 16 23 20 -19 -20 -18 -7 -23 -15 25 -14 -24 -28 29 -29
right_child=2 -3 -4 -5 9 21 -8 -9 -10 -11 11 -13 24 14 -16 -17 17 18 19 -21 -22 22 26 -25 -26 -27 27 28 -30 -31
leaf_value=-12.190689698517067 -12.356886614988852 -1.1788160616963879 -6147.0486563174618 4050.247810906294 2.0620506380141181 1863.9972679880048 2864.9832474890372 511.62144414431259 -763.39150615620099 1220.0403381397507 87.320110456535517 -430.23736590616829 26.657410506866348 -17.601594338606851 -40.970766914550296 194.5521606039988 9.0002053359627148 -486.17271703882699 -101.44829451428798 511.26818217242618 -48.127654541020881 -185.85493786283092 55.361483088432635 39.524532133324357 97.459491038360696 -225.39581949890965 -1556.0160251170573 -1489.4903645128572 1874.1397611567038 27.092874444946602
leaf_weight=37 21 70 24 67 1230 98 24 30 33 199 25 20 65 27 23 31 80 20 20 21 21 25 194 82 286 20 29 40 64 160
leaf_count=37 21 70 24 67 1230 98 24 30 33 199 25 20 65 27 23 31 80 20 20 21 21 25 194 82 286 20 29 40 64 160
internal_value=0.000139339 -0.00294392 0.000250084 0.000296108 0.000204294 -0.000769231 -0.00425926 -0.00630952 -0.00981481 0.000527523 0.000281583 -0.00388889 0.000379024 4.82317e-05 -0.00161538 -0.00112583 -0.00182657 -0.00333333 -0.00729508 -0.00353659 -0.000940594 -0.000163934 -0.000664062 0.000412844 0.0017655 -0.000882353 -0.000338809 -0.00131399 -0.000113636 -0.00125
internal_weight=3086 107 2979 2955 2888 718 108 84 54 2170 1971 45 1926 1555 325 302 271 162 61 41 101 610 512 109 371 85 487 293 264 200
internal_count=3086 107 2979 2955 2888 718 108 84 54 2170 1971 45 1926 1555 325 302 271 162 61 41 101 610 512 109 371 85 487 293 264 200
cat_boundaries=0 1
cat_threshold=4
is_linear=0
shrinkage=0.05


Tree=150
num_leaves=31
num_cat=0
split_feature=10 10 1 2 6 3 3 6 1 5 5 7 2 6 6 4 2 4 3 3 6 5 4 4 3 2 10 3 5 4
split_gain=0.364675 0.659019 0.372429 0.640244 0.270568 0.26781 0.811359 0.715393 0.571553 0.660714 0.656772 0.483503 0.460573 0.914668 0.719728 0.608923 0.549295 0.3679 0.351976 0.484879 0.374287 0.365755 0.393476 1.01082 0.46057 0.345873 0.692322 0.961025 0.486898 0.935537
threshold=17.500000000000004 28.500000000000004 132170.73000000004 318555.50500000006 415433.35128896585 371355.62642857147 377005.93500000011 108598.62113886322 249520.31500000003 135241.27525234167 16695.964744711473 2.5000000000000004 193901.95500000005 43283.204674816698 71855.134435943764 222408.70160714287 210554.06000000003 291865.03214285721 396004.79571428575 444401.80285714293 398738.94413311017 103256.24612878035 400155.21071428579 423144.68464285723 409974.92000000004 121612.50000000001 205.50000000000003 90550.175714285724 48990.531681823901 124480.04053571429
decision_type=2 2 2 2 2 2 2 2 2 2 2 2 2 2 2 2 2 2 2 2 2 2 2 2 2 2 2 2 2 2
left_child=2 -2 -1 -4 5 8 -7 11 12 10 -10 -8 15 -14 -15 25 -16 -12 -9 21 -21 -20 24 -24 -23 26 27 -3 29 -29
right_child=1 4 3 -5 -6 6 7 18 9 -11 17 -13 13 14 16 -17 -18 -19 19 20 -22 22 23 -25 -26 -27 -28 28 -30 -31
leaf_value=-106.34867569897887 39.09751782289149 5.3353292725230599 87.236283023645456 -624.85356729459988 5091.0100475210347 -471.71530539350061 -159.9875460039047 505.74931393980728 -92.962803868464277 -103.35100655304535 16.641873766541618 -338.94901757580885 -118.95249499618961 64.413469835781413 -201.1903472277148 82.416837161827459 -27.768420710896919 212.33610639028345 412.76564727464552 49.446927270072194 -3640.9845432961702 544.86598124017655 -1502.9971738677009 10.439252426051157 -172.84220087368968 1.7687060166508939 2.8562901618641678 -5.3565535677513685 22.346472200109222 -78.493797288846324
leaf_weight=21 160 51 21 20 42 23 23 110 30 35 117 24 24 69 27 58 116 290 48 500 22 29 37 35 40 654 108 215 51 44
leaf_count=21 160 51 21 20 42 23 23 110 30 35 117 24 24 69 27 58 116 290 48 500 22 29 37 35 40 654 108 215 51 44
internal_value=-7.55583e-05 3.35364e-06 -0.00387097 -0.00109756 -0.000173636 -0.000233813 -0.000948372 -0.000702765 0.000103229 0.00161017 0.00213959 -0.00670213 -0.00039873 -0.00241525 -0.00136792 4.23389e-06 -0.00339161 0.00266585 -0.000359318 -0.000766526 1.91573e-05 -0.00293651 -0.00421986 -0.00680556 -0.00152174 -0.000253784 -0.00128998 -0.00234072 -0.0033871 -0.00426641
internal_weight=3044 2982 62 41 2822 2780 891 868 1889 472 437 47 1417 236 212 1181 143 407 821 711 522 189 141 72 69 1123 469 361 310 259
internal_count=3044 2982 62 41 2822 2780 891 868 1889 472 437 47 1417 236 212 1181 143 407 821 711 522 189 141 72 69 1123 469 361 310 259
is_linear=0
shrinkage=0.05


Tree=151
num_leaves=31
num_cat=0
split_feature=1 1 3 0 6 3 7 3 0 6 1 1 3 4 4 0 0 0 1 6 1 1 4 1 10 1 10 0 10 10
split_gain=0.354156 0.34727 0.360077 0.721216 0.699446 0.745825 0.621169 0.580001 0.923149 0.565948 0.546579 1.04443 0.805664 0.489001 0.693132 0.454878 0.449178 1.05613 0.771922 0.762604 0.567273 0.566645 0.533812 0.584416 0.965515 1.21995 0.438312 0.437975 0.426055 0.370375
threshold=1565539.9750000003 1121804.6600000001 371355.62642857147 262709.99500000005 128585.338348404 380580.67428571434 1.5000000000000002 409974.92000000004 366146.72000000003 110373.15389610942 367511.24500000005 281803.10000000003 294656.28928571433 302112.58732142864 385148.46392857149 339188.5500000001 347663.93000000005 507334.46000000008 816783.13500000013 382296.36668734596 578635.78500000015 974722.88500000013 515721.64607142861 529638.04500000004 127.50000000000001 383950.27000000008 225.50000000000003 523564.02500000008 91.500000000000014 28.500000000000004
decision_type=2 2 2 2 2 2 2 2 2 2 2 2 2 2 2 2 2 2 2 2 2 2 2 2 2 2 2 2 2 2
left_child=1 2 3 13 5 -4 10 9 -9 -7 11 15 -13 29 -15 -5 20 22 -19 21 -6 28 23 24 -18 -26 -27 -10 -20 -1
right_child=-2 -3 4 6 16 7 -8 8 27 -11 -12 12 -14 14 -16 -17 17 18 19 -21 -22 -23 -24 -25 25 26 -28 -29 -30 -31
leaf_value=15.02289532123204 -417.43507485935447 2145.4135335364563 -702.94848531143907 43.810333057043181 1615.5675317201328 -181.25081842342524 263.89884299317055 -165.98874438586424 112.50295643859018 471.98288145062617 2341.3693391624324 -32.185821750282486 -265.95203194681824 -27.83394815580715 428.80797426375176 -163.04359999864261 2125.9708778142713 495.99795980562686 -68.182904756501031 10180.041623620034 -968.72345085552411 23.353433424345269 -2767.842108422712 1458.5277304525778 726.22035594204965 -1227.5776025252831 -590.2643512768941 -302.1629587119595 -3452.3080860999262 -0.96772841221371175
leaf_weight=136 22 83 20 75 78 34 258 28 47 78 43 34 20 30 26 37 31 244 22 24 22 30 45 44 37 22 20 29 21 1404
leaf_count=136 22 83 20 75 78 34 258 28 47 78 43 34 20 30 26 37 31 244 22 24 22 30 45 44 37 22 20 29 21 1404
internal_value=-4.27068e-05 3.30925e-06 -8.6764e-05 0.000273873 -0.000936073 -0.00326271 0.00200214 -0.00240741 -0.00509615 8.92859e-05 -2.39233e-05 -0.0013253 -0.00703704 -0.000231829 -0.00482143 0.00142857 -7.81248e-05 -0.000648148 0.00104106 -0.00273196 0.003 -0.00527397 -0.00354271 -0.00214286 -0.00409091 -0.00702532 -0.0128571 -0.00223684 -0.00895349 -6.49349e-05
internal_weight=3044 3022 2939 2063 876 236 467 216 104 112 209 166 54 1596 56 112 640 540 341 97 100 73 199 154 110 79 42 76 43 1540
internal_count=3044 3022 2939 2063 876 236 467 216 104 112 209 166 54 1596 56 112 640 540 341 97 100 73 199 154 110 79 42 76 43 1540
is_linear=0
shrinkage=0.05


Tree=152
num_leaves=31
num_cat=0
split_feature=1 1 6 2 3 5 10 10 3 2 2 10 1 0 1 2 0 0 10 1 0 5 1 3 5 1 10 10 2 1
split_gain=0.427793 0.360042 0.312662 0.62468 0.273765 0.487054 0.301039 0.399145 0.530771 0.278625 0.496205 0.709655 0.466931 0.466765 0.434389 0.366125 0.491588 0.359364 0.762397 0.917343 0.380952 0.349179 0.466407 0.49657 0.955739 1.07326 0.484771 0.40332 0.543798 0.469025
threshold=1461176.6550000003 1121804.6600000001 382296.36668734596 1083362.1950000001 90550.175714285724 5365.9861635209363 17.500000000000004 31.500000000000004 382961.56142857147 112400.12000000001 92939.950000000026 152.50000000000003 129341.85500000001 88854.420000000013 97422.390000000014 82743.585000000006 87111.185000000012 135054.09000000005 129.50000000000003 147142.95500000005 118455.59500000002 54507.39339857109 298795.71000000002 174251.78214285718 18623.262859948682 184324.19000000003 111.50000000000001 87.500000000000014 225604.16500000001 223792.88500000004
decision_type=2 2 2 2 2 2 2 2 2 2 2 2 2 2 2 2 2 2 2 2 2 2 2 2 2 2 2 2 2 2
left_child=1 2 3 4 -1 -6 -7 8 -8 10 15 13 -11 -12 -15 16 -9 18 19 -14 -21 22 23 -19 25 -25 -26 28 29 -23
right_child=-2 -3 -4 -5 5 6 7 9 -10 12 11 -13 17 14 -16 -17 -18 21 -20 20 -22 27 -24 24 26 -27 -28 -29 -30 -31
leaf_value=3.8844238262327799 -367.01815569487661 3453.870893888266 2884.9565611720423 -720.81679770613209 -11.217716402358764 -85.268466213767823 38.534414415590263 -53.45378934323567 -344.19454620429451 21.047329495192816 2.209381911479249 1.227181960989518 -137.15813748273641 -37.197776445590108 -93.287141225273501 2.6865058477348747 2.3848177720588408 29.19899593536725 0.37019333331119936 318.45666791363908 -76.090577109157877 4.8630360347154449 285.38911964749826 36.320196456459271 -174.40672839002858 -124.78996189284835 148.46128243254083 -36.303794414432751 152.76075303473348 -328.80761302422923
leaf_weight=103 33 72 65 40 25 44 131 22 29 170 24 70 23 26 25 107 61 311 107 21 21 51 109 25 45 34 58 938 232 22
leaf_count=103 33 72 65 40 25 44 131 22 29 170 24 70 23 26 25 107 61 311 107 21 21 51 109 25 45 34 58 938 232 22
internal_value=5.58478e-05 0.000117901 3.23241e-05 -4.52329e-05 4.23432e-05 -5.30939e-05 1.10867e-05 7.88882e-05 0.0025 -7.59391e-05 -0.00141791 -0.00362069 0.000131518 -0.007 -0.00970588 0.000263158 -0.00222892 -8.26237e-05 -0.00226744 -0.00653846 -0.00214286 0.000123288 0.00113402 0.000454546 -0.00179012 -0.00686441 0.00111651 -0.00034996 0.00122951 -0.00253425
internal_weight=3044 3011 2939 2874 2834 2731 2706 2662 160 2502 335 145 2167 75 51 190 83 1997 172 65 42 1825 582 473 162 59 103 1243 305 73
internal_count=3044 3011 2939 2874 2834 2731 2706 2662 160 2502 335 145 2167 75 51 190 83 1997 172 65 42 1825 582 473 162 59 103 1243 305 73
is_linear=0
shrinkage=0.05


Tree=153
num_leaves=31
num_cat=0
split_feature=1 0 6 3 2 6 3 1 1 7 0 9 10 1 3 6 10 2 3 1 1 3 6 10 10 6 0 0 7 6
split_gain=0.374693 0.317561 0.444433 0.769562 0.949801 0.700983 0.522618 0.907355 0.800025 0.543905 1.19437 0.397942 0.37676 0.268878 0.26839 0.395526 0.347839 0.515723 0.337983 0.428751 0.479451 0.593407 0.305036 0.268687 0.268763 0.255396 0.418447 0.745716 0.964286 0.409208
threshold=1565539.9750000003 698421.95500000007 111647.54902496944 337522.94214285718 405998.49000000005 117836.1444139721 371355.62642857147 379833.14000000007 304223.69000000006 1.5000000000000002 343228.20500000007 1.0000000180025095e-35 45.500000000000007 89777.440000000017 90372.626428571457 7663.6078342185829 111.50000000000001 93593.61500000002 111260.01857142859 88895.295000000013 84004.775000000009 122951.3192857143 6927.7645778391561 49.500000000000007 60.500000000000007 194078.48410926841 357901.85000000003 566263.16500000015 3.5000000000000004 138723.34230673066
decision_type=2 2 2 2 2 2 2 2 2 2 2 2 2 2 2 2 2 2 2 2 2 2 2 2 2 2 2 2 2 2
left_child=1 2 6 4 5 -4 8 -8 12 10 -10 25 13 -1 -14 16 17 -16 -17 20 21 -20 -18 -21 -25 29 -27 28 -28 -5
right_child=-2 -3 3 11 -6 -7 7 -9 9 -11 -12 -13 14 -15 15 18 22 -19 19 23 -22 -23 -24 24 -26 26 27 -29 -30 -31
leaf_value=-3.5842399473794395 -378.21241333164841 233.39781602402465 -22.05877386123321 -95.431790987052025 -453.04356937957959 44.829692985420742 -641.54856278580644 528.12838813852966 -341.71342338266959 458.08824513264784 1091.4793939104215 1127.6118522922684 3.9975248796155158 18.83540234608925 -21.08826162991431 22.613903313983378 2.3744699488635814 -7.2256271513090331 60.842815586445319 -83.459076470650643 -55.69596169846298 -91.909825666896495 -1.3691097748719105 119.98535525696717 0.30847470744218058 412.69254513855344 -3474.5496709207277 2355.1687658292608 10.872324900864832 78.087885804520454
leaf_weight=68 22 268 21 257 32 46 34 41 25 157 39 76 42 219 23 33 44 20 24 25 29 28 24 63 1030 42 36 31 27 218
leaf_count=68 22 268 21 257 32 46 34 41 25 157 39 76 42 219 23 33 44 20 24 25 29 28 24 63 1030 42 36 31 27 218
internal_value=0.000137977 0.000185308 2.54178e-05 -0.000979644 -0.00510101 -0.00171642 0.000426829 -0.00366667 0.000589012 0.00341629 -0.00046875 -0.000385735 0.000215311 0.00186411 -0.000126354 -0.000249441 -0.00310811 -0.00662791 8.11707e-06 -0.000129274 -0.00364198 -0.000769231 -0.000882353 0.000125224 0.000242452 -0.000810147 -0.00272059 -0.00457447 -0.00769841 -0.000263158
internal_weight=3044 3022 2754 786 99 67 1968 75 1893 221 64 687 1672 287 1385 1343 111 43 1232 1199 81 52 68 1118 1093 611 136 94 63 475
internal_count=3044 3022 2754 786 99 67 1968 75 1893 221 64 687 1672 287 1385 1343 111 43 1232 1199 81 52 68 1118 1093 611 136 94 63 475
is_linear=0
shrinkage=0.05


Tree=154
num_leaves=31
num_cat=0
split_feature=9 6 3 3 5 2 2 0 5 0 0 2 6 5 3 3 6 3 7 5 2 2 7 3 2 4 3 4 4 3
split_gain=0.297555 0.278613 0.23502 1.10997 0.576842 0.620591 0.929024 0.435869 0.679837 0.35607 0.747968 0.538082 0.358137 0.349206 0.415646 0.279497 0.23656 0.373179 0.380952 0.272747 0.354544 0.463886 0.283434 0.230269 0.519231 0.224483 0.199957 0.431393 0.228353 0.389536
threshold=1.0000000180025095e-35 9452.1154460247708 409974.92000000004 415664.4707142858 129659.87757843696 538185.72500000009 415228.49000000005 262709.99500000005 133133.95262291358 566263.16500000015 494389.05500000005 729229.20000000007 170736.09711433004 16695.964744711473 301883.79785714293 433234.90571428579 98684.841549004734 337522.94214285718 1.5000000000000002 78868.886002430081 294136.4150000001 329237.01500000007 2.5000000000000004 225722.15785714288 261101.73000000001 388845.3776785715 588183.77642857155 760962.83553571452 1061388.8887500002 1120377.0121428573
decision_type=2 2 2 2 2 2 2 2 2 2 2 2 2 2 2 2 2 2 2 2 2 2 2 2 2 2 2 2 2 2
left_child=2 -2 7 -4 5 6 15 8 25 10 11 -6 -12 -9 23 -5 -16 18 -18 -19 -21 -22 -23 24 -15 -1 -11 -28 -29 -30
right_child=1 -3 3 4 9 -7 -8 13 -10 26 12 -13 -14 14 16 -17 17 19 -20 20 21 22 -24 -25 -26 -27 27 28 29 -31
leaf_value=-0.33108090164044746 -5.3422071409802419 28.576299399842696 -1513.2004195799125 -33.346378642891516 168.69146852815368 1754.0023240510041 -430.24154331801878 -93.304311950164688 -163.93017490841396 1903.7945786713685 -76.914052706572292 -2415.0963046935317 -446.45756596192342 14.1612595073357 242.02630122371068 702.9650585205012 -825.81554178524846 -289.18821918268389 274.1493874101464 383.18059714268998 -169.59970714824792 962.92294728309253 -75.592073932017399 137.17038227368695 -259.09774262247345 847.29504910031744 -163.7714807937009 3114.022860122459 -875.89103583457165 8112.9968897130593
leaf_weight=1421 23 270 34 25 125 34 35 27 32 73 21 34 25 27 59 22 21 20 21 46 21 66 85 190 25 21 23 129 45 44
leaf_count=1421 23 270 34 25 125 34 35 27 32 73 21 34 25 27 59 22 21 20 21 46 21 66 85 190 25 21 23 129 45 44
internal_value=7.22735e-05 0.00158703 -8.90583e-05 -0.000904335 -0.000433071 -0.00362069 -0.00597561 0.000172911 -0.000291723 0.000279384 -0.00134146 0.000283019 -0.00695652 0.00129934 0.00155766 -0.00138298 0.000427729 -0.000178571 -0.00452381 0.000588235 0.00110092 5.81397e-05 0.00102649 0.0031405 0.000192308 -0.000131761 0.00133758 0.000643154 0.00133028 -0.000617977
internal_weight=3044 293 2751 669 635 116 82 2082 1474 519 205 159 46 608 581 47 339 280 42 238 218 172 151 242 52 1442 314 241 218 89
internal_count=3044 293 2751 669 635 116 82 2082 1474 519 205 159 46 608 581 47 339 280 42 238 218 172 151 242 52 1442 314 241 218 89
is_linear=0
shrinkage=0.05


Tree=155
num_leaves=31
num_cat=0
split_feature=4 5 1 0 1 1 6 2 0 0 2 3 0 7 1 4 5 0 1 1 4 4 2 6 0 0 4 3 6 1
split_gain=0.373916 0.618318 0.607759 0.444237 0.430903 1.03988 0.949974 0.980152 1.17402 0.765621 0.434423 0.368146 0.416001 0.347071 0.996361 0.717715 0.665472 0.619401 0.621614 0.484945 0.390762 0.893711 0.485853 0.653656 0.326918 0.391847 0.346071 0.40454 0.596986 0.335839
threshold=387813.85142857145 71742.172016100943 411838.23500000004 206522.35000000003 449695.39500000008 375168.83000000002 176048.9093020412 386468.1650000001 395669.96500000003 271484.84500000003 369476.97500000003 1206016.0507142858 361639.60500000004 1.5000000000000002 281803.10000000003 300000.32001322758 5869.527124083922 234668.66000000003 321270.94000000006 325563.81000000006 136298.99017857146 120462.88339285714 129389.77 40046.088382577611 190720.65500000003 195215.27000000005 173764.83482142861 153293.91571428577 13477.038953115489 165720.92000000001
decision_type=2 2 2 2 2 2 2 2 2 2 2 2 2 2 2 2 2 2 2 2 2 2 2 2 2 2 2 2 2 2
left_child=2 -2 13 -3 5 9 7 -7 -9 -5 -6 12 -12 14 16 19 -1 18 24 -16 21 -18 -23 -24 26 -26 27 -15 -29 -30
right_child=1 3 -4 4 10 6 -8 8 -10 -11 11 -13 -14 17 15 -17 20 -19 -20 -21 -22 22 23 -25 25 -27 -28 28 29 -31
leaf_value=-17.132030515045276 -211.56125543074887 2075.6380899860123 1995.9887006862182 -652.9216254879716 116.54518617307484 -192.33063351259602 302.12239794229725 -21.842930920045504 -1167.3784913533896 50.416520619818293 -1374.962550806549 -3401.0987918646542 23.473633003826507 1.281838098451362 124.74246360045873 -184.40489065134733 10.556217909609828 173.46663442461693 -21.786098715048684 -127.69020091140847 25.534172246246943 -4.002982717751375 -46.60400346290632 -120.69128298080598 -20.208953604528435 -18.658625367972174 53.879846968258278 316.95965872891293 -8.3679043009788483 -87.606679252443939
leaf_weight=28 21 34 107 21 73 35 30 22 31 200 40 33 408 667 28 21 86 283 23 27 248 70 24 22 23 103 261 26 37 22
leaf_count=28 21 34 107 21 73 35 30 22 31 200 40 33 408 667 28 21 86 283 23 27 248 70 24 22 23 103 261 26 37 22
internal_value=2.29209e-05 -0.000801688 0.000394112 -0.000609493 -0.000823068 -0.00222714 -0.00601695 -0.00863636 -0.0129245 -0.00020362 3.61013e-05 -0.000509355 -0.000133928 0.000197599 -0.000866426 -0.00618421 -2.09203e-05 0.000605537 9.46646e-05 -0.00318182 0.000444445 -0.00118812 -0.00405172 -0.00804348 0.000258999 -0.00214286 0.000557749 1.32981e-05 -0.00323529 -0.00601695
internal_weight=3054 948 2106 927 893 339 118 88 53 221 554 481 448 1999 554 76 478 1445 1162 55 450 202 116 46 1139 126 1013 752 85 59
internal_count=3054 948 2106 927 893 339 118 88 53 221 554 481 448 1999 554 76 478 1445 1162 55 450 202 116 46 1139 126 1013 752 85 59
is_linear=0
shrinkage=0.05


Tree=156
num_leaves=31
num_cat=0
split_feature=4 0 5 2 6 0 6 10 0 1 1 0 0 6 0 6 1 1 10 10 6 6 10 7 6 2 10 6 10 2
split_gain=0.381384 0.65603 0.673934 0.658581 1.48399 0.530474 0.480583 0.839694 0.648338 0.633194 0.474338 0.672042 0.415625 0.333053 0.286077 0.503353 0.323937 0.730519 1.11861 0.876556 0.507941 0.491497 0.315429 0.315208 0.435638 0.631967 0.766869 0.764377 0.41957 0.247381
threshold=394689.6166071429 234668.66000000003 16695.964744711473 195687.98500000002 43283.204674816698 222265.33500000005 131447.28535472744 176.50000000000003 337547.21500000003 403110.97000000003 144390.91500000001 190720.65500000003 273357.30500000005 48508.886321881648 551425.88500000013 388326.90521691699 375168.83000000002 508344.71500000008 127.50000000000001 202.50000000000003 176048.9093020412 256714.91811131249 173.50000000000003 1.5000000000000002 361361.47975868621 729229.20000000007 189.50000000000003 275537.99546421139 67.500000000000014 145611.20000000004
decision_type=2 2 2 2 2 2 2 2 2 2 2 2 2 2 2 2 2 2 2 2 2 2 2 2 2 2 2 2 2 2
left_child=1 3 -3 10 -5 13 7 9 -9 -2 29 -12 -8 -6 15 16 22 18 -18 -20 -19 -22 -14 -16 25 26 -25 -27 -29 -1
right_child=6 2 -4 4 5 -7 12 8 -10 -11 11 -13 14 -15 23 -17 17 20 19 -21 21 -23 -24 24 -26 27 -28 28 -30 -31
leaf_value=-0.20625895705957245 -124.95898541155189 -66.889421005178903 82.75983828831005 -126.79750532488696 224.53143425463099 -23.560191374013595 1673.7563829354397 -570.55953571510031 878.96030535257 -3545.9495196881335 35.266478256401165 -54.104076596096142 -70.738580090173386 -17.060971508735602 2175.1389677580642 -1598.914911264503 1678.783896697408 1498.4048910876731 -1221.065281698128 -537.32535257878772 -1313.0114015551494 440.88287546197427 1495.7283537863686 2080.3708287101795 2713.6761609632335 -1554.879101763584 -1318.7281042890074 3013.0921945199534 -3865.8368272073239 -41.728042324530463
leaf_weight=749 34 35 627 23 26 33 52 24 68 23 419 51 38 173 117 21 24 50 22 31 28 21 35 70 108 21 24 21 20 66
leaf_count=749 34 35 627 23 26 33 52 24 68 23 419 51 38 173 117 21 24 50 22 31 28 21 35 70 108 21 24 21 20 66
internal_value=8.84088e-05 0.000435967 0.00175227 -0.00012987 -0.00245098 -0.00125 -0.000809859 -0.00338926 -0.000434782 -0.00815789 0.000330739 0.00159574 -0.000263158 -0.000276382 -0.000606759 -0.00185185 -0.0012249 -0.00238636 -0.00603896 -0.0100943 0.000454546 -0.00316327 0.00157534 0.000275591 -0.000681818 -0.00237179 0.000212766 -0.00629032 -0.00231707 -0.000398773
internal_weight=3054 2202 662 1540 255 232 852 149 92 57 1285 470 703 199 651 270 249 176 77 53 99 49 73 381 264 156 94 62 41 815
internal_count=3054 2202 662 1540 255 232 852 149 92 57 1285 470 703 199 651 270 249 176 77 53 99 49 73 381 264 156 94 62 41 815
is_linear=0
shrinkage=0.05


Tree=157
num_leaves=31
num_cat=0
split_feature=6 6 1 0 10 10 10 10 10 10 0 0 5 6 3 6 10 6 3 7 0 0 7 7 1 1 10 10 1 6
split_gain=0.359919 0.719282 0.900025 0.502802 0.328784 0.326199 0.506584 0.393827 0.311916 0.913818 0.439734 1.31688 0.575836 0.437348 0.598141 0.418274 0.375608 0.400146 0.511853 0.376111 0.301878 0.446858 0.280812 0.32 0.267161 0.466186 0.254973 0.571687 0.604105 0.78125
threshold=42700.58050265893 43945.739976583114 96982.175000000003 145642.87000000002 184.50000000000003 149.50000000000003 146.50000000000003 158.50000000000003 90.500000000000014 94.500000000000014 118455.59500000002 89761.785000000018 65584.703715809868 361361.47975868621 750621.0357142858 76385.712391747584 118.50000000000001 178093.84371244119 312087.94642857148 2.5000000000000004 159469.98500000002 176555.30000000002 1.5000000000000002 4.5000000000000009 112560.93500000001 136842.61500000002 128.50000000000003 205.50000000000003 119291.82000000002 11355.406770350948
decision_type=2 2 2 2 2 2 2 2 2 2 2 2 2 2 2 2 2 2 2 2 2 2 2 2 2 2 2 2 2 2
left_child=3 2 -2 26 -5 6 8 -7 24 -10 11 -11 -12 14 15 -14 17 18 -17 -18 -6 -22 -23 -24 -3 -26 -1 28 -28 -30
right_child=1 5 -4 4 20 7 -8 -9 9 10 12 -13 13 -15 -16 16 19 -19 -20 -21 21 22 23 -25 25 -27 27 -29 29 -31
leaf_value=5.8365610389924578 -84.033925972309476 67.418253294960948 -12.034801740491774 48.224398469570353 168.28733081546631 153.48252487040813 -2172.0948067254808 13.625686534257984 -803.25339387618203 25.401568673483524 91.176920219282081 -147.23823181462399 -41.90853804524842 108.57776247163129 -3855.2712306831709 1.1287338939032472 -42.63229074273454 112.44547573497761 -554.04444802159719 517.07200170337637 -75.678530178381806 -69.506270108464591 217.03437124977484 -16.949413573215647 -132.50835989379874 1.6263027511011954 -0.016378147461569469 1.2503294257126119 -12.145785545859768 -361.06562053052272
leaf_weight=309 21 28 34 323 27 68 23 787 35 22 60 20 36 51 29 27 44 31 26 63 32 22 45 30 20 519 103 138 49 32
leaf_count=309 21 28 34 323 27 68 23 787 35 22 60 20 36 51 29 27 44 31 26 63 32 22 45 30 20 519 103 138 49 32
internal_value=0.000137525 -0.000272634 -0.00590909 0.000855856 0.00207724 -0.000108523 -0.000705996 0.000614035 -0.00053907 -0.00153153 -0.00086797 -0.00571429 -0.000313351 -0.00118892 -0.00203125 -0.0011674 -0.000235602 -0.00273809 -0.00537736 0.00172897 0.000192308 -0.000813953 0.000876289 0.00233333 0.000238095 -9.27625e-06 -7.13152e-05 -0.0010559 -0.00288043 -0.00611111
internal_weight=3054 1944 55 1110 479 1889 1034 855 1011 444 409 42 367 307 256 227 191 84 53 107 156 129 97 75 567 539 631 322 184 81
internal_count=3054 1944 55 1110 479 1889 1034 855 1011 444 409 42 367 307 256 227 191 84 53 107 156 129 97 75 567 539 631 322 184 81
is_linear=0
shrinkage=0.05


Tree=158
num_leaves=31
num_cat=0
split_feature=3 6 3 1 7 3 0 10 1 0 1 1 0 0 0 3 3 3 0 5 3 3 3 5 1 6 3 7 10 3
split_gain=0.323394 0.320442 0.332173 0.634773 0.616894 0.672328 0.516662 0.428649 0.487231 0.879058 0.395068 0.598036 1.46812 0.365767 0.539742 0.75 0.388827 0.625335 0.750436 0.371401 0.331383 0.434045 0.303536 0.619864 0.302772 0.402643 0.540377 0.44096 0.347222 0.293268
threshold=1206016.0507142858 415433.35128896585 409974.92000000004 262282.68500000006 1.5000000000000002 420395.72500000009 566263.16500000015 134.50000000000003 618973.59500000009 625018.81500000006 375168.83000000002 428246.89500000008 416304.46500000003 232009.21000000002 219196.43500000003 222386.66500000001 283542.07142857148 225722.15785714288 160729.05000000002 16695.964744711473 299948.86500000005 301883.79785714293 468749.88285714295 126584.91272437781 494655.77000000008 364628.79054146173 920924.44071428583 3.5000000000000004 96.500000000000014 239054.94642857145
decision_type=2 2 2 2 2 2 2 2 2 2 2 2 2 2 2 2 2 2 2 2 2 2 2 2 2 2 2 2 2 2
left_child=1 2 6 -4 7 -6 13 8 -5 -10 -7 12 -12 14 16 -16 17 -1 -19 -15 29 -22 -13 -24 -25 26 27 -26 -27 -21
right_child=-2 -3 3 4 5 10 -8 -9 9 -11 11 22 -14 19 15 -17 -18 18 -20 20 21 -23 23 24 25 28 -28 -29 -30 -31
leaf_value=0.85426982838963339 -2572.6964568140502 3654.5598648174937 -213.27598438081532 3564.9384073694669 -662.47345458599614 825.43560797831401 -542.63257401203498 2137.4162308234954 -1432.7351566192783 190.50627621749553 1484.8078822407979 248.50774355594586 -2268.196843725696 -61.120773713340739 33.557811477296056 -243.25893718639006 56.39808061825169 313.00948468382785 -350.75892290951168 17.741407272358416 -194.35277501696535 78.384120245529857 -827.23257943653334 476.88789842919726 3246.0155085141123 -1732.8130277274315 -3888.0106691358069 -74.531040401862739 2726.9505991288538 262.87920953544574
leaf_weight=1362 37 35 37 29 29 53 26 91 22 42 20 59 21 35 20 30 78 20 34 111 30 386 25 35 41 36 28 60 36 186
leaf_count=1362 37 35 37 29 29 53 26 91 22 42 20 59 21 35 20 30 78 20 34 111 30 386 25 35 41 36 28 60 36 186
internal_value=0.000186641 0.00024362 0.000187794 -0.000798193 -0.000422647 -0.00143341 0.000470233 0.00201087 -0.000376344 -0.0028125 -0.000917874 -0.0015097 -0.00719512 0.000549738 0.000110104 -0.005 0.000281125 9.18081e-05 -0.00518518 0.00145722 0.00170407 0.000793269 -0.00078125 -0.00151341 -0.000720339 -0.00146766 -0.00313953 -0.00143564 0.00152778 0.0029798
internal_weight=3054 3017 2982 664 627 443 2318 184 93 64 414 361 41 2292 1544 50 1494 1416 54 748 713 416 320 261 236 201 129 101 72 297
internal_count=3054 3017 2982 664 627 443 2318 184 93 64 414 361 41 2292 1544 50 1494 1416 54 748 713 416 320 261 236 201 129 101 72 297
is_linear=0
shrinkage=0.05


Tree=159
num_leaves=31
num_cat=0
split_feature=4 6 1 6 0 0 0 0 2 6 1 0 5 1 4 2 2 6 7 1 5 4 0 0 5 5 2 5 1 5
split_gain=0.340364 0.674195 0.530589 0.47143 0.406266 0.641212 0.371091 1.22506 0.806586 0.851023 0.358137 0.28182 0.523964 0.487625 0.345782 0.325057 0.57241 0.354872 0.274632 1.08404 0.782699 0.66628 0.521723 0.592782 0.448872 0.411092 0.36085 0.308526 0.620429 0.434134
threshold=398491.41375000007 131447.28535472744 411838.23500000004 147844.39382622534 361639.60500000004 535414.21000000008 357901.85000000003 436138.15500000009 672052.88000000012 181076.79929150551 420491.74500000005 1027470.9200000002 301338.93343541614 1005808.2800000001 1099443.6676785718 509633.48000000004 471632.68500000011 211869.44353650193 1.5000000000000002 279112.63000000006 12123.681795991719 300000.32001322758 234668.66000000003 219196.43500000003 104116.03570179307 78868.886002430081 258572.09500000003 5869.527124083922 128088.22000000002 8689.2106798521982
decision_type=2 2 2 2 2 2 2 2 2 2 2 2 2 2 2 2 2 2 2 2 2 2 2 2 2 2 2 2 2 2
left_child=2 4 18 -4 -2 -6 -3 8 9 10 -8 15 13 -13 -14 16 17 -9 19 20 27 25 23 -20 -22 -21 -25 -1 29 -29
right_child=1 6 3 -5 5 -7 7 11 -10 -11 -12 12 14 -15 -16 -17 -18 -19 22 21 24 -23 -24 26 -26 -27 -28 28 -30 -31
leaf_value=-16.351345393096061 -703.84633796590424 1016.2786606373822 1502.0524859076786 -41.388917650538048 246.08118300822213 -1514.9512195027132 -216.51363644293602 109.2834146666015 -3052.4487378250915 1305.424225908173 -205.47692921482476 51.996272869922649 2814.7878270103829 -3348.2116118886224 -4011.8436708056747 317.70377189955116 -1837.7351400949756 -337.40105538312542 1.8725056704895697 84.857691502907699 22.238321049624989 -223.37416413890367 127.07445297862894 -22.317246246701469 -186.25158616706227 -338.30126098527558 -44.667018604149234 3.2012400228018629 -51.870136937858526 -7.6237699350989478
leaf_weight=28 32 106 133 37 55 20 21 77 24 22 25 20 54 26 29 235 23 27 1123 23 307 34 345 25 34 32 24 47 38 28
leaf_count=28 32 106 133 37 55 20 21 77 24 22 25 20 54 26 29 235 23 27 1123 23 307 34 345 25 34 32 24 47 38 28
internal_value=0.000235757 -0.000653266 0.000549159 0.00323529 -0.00434579 -0.00233333 -7.98256e-05 -0.000574614 -0.00586956 -0.00308824 -0.00695652 0.000417515 -0.00158915 -0.00586956 0.000783133 0.0011326 -0.000905512 0.000673077 0.00033046 -0.000604203 0.00033195 -0.00567416 0.000682268 0.000179181 0.00162757 -0.00227273 -0.00520408 -0.00280142 -0.00163717 0.001
internal_weight=3054 796 2258 170 107 75 689 583 92 68 46 491 129 46 83 362 127 104 2088 571 482 89 1517 1172 341 55 49 141 113 75
internal_count=3054 796 2258 170 107 75 689 583 92 68 46 491 129 46 83 362 127 104 2088 571 482 89 1517 1172 341 55 49 141 113 75
is_linear=0
shrinkage=0.05


Tree=160
num_leaves=31
num_cat=0
split_feature=1 10 2 6 6 0 2 0 0 3 10 2 4 6 3 10 4 0 2 6 0 10 6 6 2 10 10 2 3 10
split_gain=0.519965 0.384989 0.307396 0.561674 0.932522 1.05445 0.812366 0.807563 0.827079 0.75198 0.594655 0.535192 0.484282 0.516381 0.46149 0.600292 0.637691 1.12055 0.504286 0.43573 0.322913 0.886427 0.374498 0.299861 0.578804 0.50469 0.607837 0.375579 0.29744 0.296241
threshold=73314.755000000019 257.50000000000006 873514.70000000007 116787.85359248157 128585.338348404 527967.51000000013 373014.69000000006 337547.21500000003 224927.81500000003 328123.72285714292 25.500000000000004 365105.98000000004 302381.66214285721 107272.37584940426 406457.7028571429 90.500000000000014 420279.74303571432 416304.46500000003 777059.90500000014 98684.841549004734 326744.49500000005 120.50000000000001 104009.62978997744 71855.134435943764 152143.40500000003 242.50000000000003 233.50000000000003 222890.37000000002 415664.4707142858 125.50000000000001
decision_type=2 2 2 2 2 2 2 2 2 2 2 2 2 2 2 2 2 2 2 2 2 2 2 2 2 2 2 2 2 2
left_child=-1 2 3 6 5 7 12 8 -5 -6 -11 -10 20 19 -12 -16 17 -17 -18 -14 22 -22 23 25 -25 26 27 -2 -9 -4
right_child=1 -3 29 4 9 -7 -8 28 11 10 14 -13 13 -15 15 16 18 -19 -20 -21 21 -23 -24 24 -26 -27 -28 -29 -30 -31
leaf_value=36.871770584758885 0.59925279048703861 -11.639725906903017 56.008128169776825 91.306361421366717 -215.47889774192723 -662.84283634024462 1122.8284839114365 847.3438516601542 -11.064274138554449 -2471.0385561378862 846.67255397832241 -620.29251781815981 -19.093521112395077 4.2372365519882651 2015.3959647484969 -807.60156827448372 41.638700463370697 462.34609794600186 -2597.1574046946289 -612.92938485678519 93.49229938921178 -318.22589323429531 82.468300698877712 22.72242044015767 -51.12604471366523 56.903916440223128 -35.498952996307544 84.273846216935837 -94.601432853178579 2245.7576064415457
leaf_weight=53 1053 84 115 24 37 35 130 53 20 30 119 21 27 53 117 27 232 32 25 24 50 43 45 31 190 84 50 192 23 97
leaf_count=53 1053 84 115 24 37 35 130 53 20 30 119 21 27 53 117 27 232 32 25 24 50 43 45 31 190 84 50 192 23 97
internal_value=8.9859e-05 4.89735e-06 9.90267e-05 -4.15611e-05 -0.00116352 -0.004375 0.000410751 -0.00244681 -0.00653846 -0.000250404 0.000189004 -0.0108537 0.000141151 -0.00317308 0.000561594 -0.000196305 -0.00132911 -0.00601695 -0.000252918 -0.00676471 0.000339471 -0.00252688 0.00050152 0.000375 -0.00133484 0.000649021 0.000405406 0.00062249 0.00105263 0.00193396
internal_weight=3116 3063 2979 2767 795 176 1972 141 65 619 582 41 1842 104 552 433 316 59 257 51 1738 93 1645 1600 221 1379 1295 1245 76 212
internal_count=3116 3063 2979 2767 795 176 1972 141 65 619 582 41 1842 104 552 433 316 59 257 51 1738 93 1645 1600 221 1379 1295 1245 76 212
is_linear=0
shrinkage=0.05


Tree=161
num_leaves=31
num_cat=0
split_feature=4 7 4 2 2 0 3 3 7 1 2 10 4 1 2 3 3 4 2 1 1 10 2 0 1 1 2 10 10 1
split_gain=0.408478 0.76097 0.586936 0.809312 0.80196 0.710577 0.604555 0.673193 0.577674 0.671445 0.556574 0.380317 0.369231 0.340846 0.900537 0.33108 0.778335 0.325519 0.339067 0.303704 0.388458 0.293543 0.262083 0.254921 0.253139 0.264652 0.319418 0.243819 0.276268 0.232578
threshold=382512.13750000007 5.5000000000000009 423144.68464285723 427250.85500000004 311015.33000000002 314495.83500000008 400956.68571428576 386413.44285714289 1.5000000000000002 393562.90000000008 373014.69000000006 111.50000000000001 394689.6166071429 379833.14000000007 405998.49000000005 306437.45071428578 301368.32500000001 1099443.6676785718 1270417.1000000003 1461176.6550000003 1121804.6600000001 257.50000000000006 924534.84500000009 463300.02500000008 73314.755000000019 78050.005000000019 79391.525000000009 242.50000000000003 238.50000000000003 379833.14000000007
decision_type=2 2 2 2 2 2 2 2 2 2 2 2 2 2 2 2 2 2 2 2 2 2 2 2 2 2 2 2 2 2
left_child=13 2 3 4 11 -6 7 -7 -5 -10 -3 -2 -13 14 15 16 21 19 22 20 29 24 -19 -15 -1 -26 -27 28 -28 -4
right_child=1 10 17 8 5 6 -8 -9 9 -11 -12 12 -14 23 -16 -17 -18 18 -20 -21 -22 -23 -24 -25 25 26 27 -29 -30 -31
leaf_value=32.094416987565502 -265.2051469012543 -349.90103676745269 -165.01093160936978 1025.3018125797496 -676.03120198363888 -18.100691355816586 188.03517393597261 -860.50089885861019 1479.9527332502148 -530.30221640409434 1865.6551026232291 455.26746543487536 -31.515574026244515 1658.5044369608677 -439.96857208868573 77.793638248453306 -134.24724755403085 -3531.8723876725544 -5485.7684661020321 -750.08473126130821 7153.0950810066461 -8.5940124911255733 8452.4920429348585 157.85170967458623 -35.235397524449773 27.862719181795882 1.5430556021520427 48.41198667417288 -91.149827174064797 61.849553414233903
leaf_weight=50 20 29 88 73 31 22 25 30 23 34 115 26 39 85 30 106 38 20 27 24 41 47 23 23 26 38 1521 93 25 344
leaf_count=50 20 29 88 73 31 22 25 30 23 34 115 26 39 85 30 106 38 20 27 24 41 47 23 23 26 38 1521 93 25 344
internal_value=9.62791e-06 -0.000802708 -0.00134831 -0.00304954 -0.00510363 -0.00796296 -0.00538961 -0.00846154 1.86265e-10 -0.00377193 0.00256944 -0.00147059 0.000384616 0.000413065 0.000263425 0.000396091 0.000239391 -0.000379189 -0.00357143 7.04227e-05 0.000348837 0.000388889 -0.000813953 0.00314815 0.00049344 0.000390488 0.000468098 0.000363026 0.000213454 -9.25924e-05
internal_weight=3116 1034 890 323 193 108 77 52 130 57 144 85 65 2082 1974 1944 1838 567 70 497 473 1800 43 108 1753 1703 1677 1639 1546 432
internal_count=3116 1034 890 323 193 108 77 52 130 57 144 85 65 2082 1974 1944 1838 567 70 497 473 1800 43 108 1753 1703 1677 1639 1546 432
is_linear=0
shrinkage=0.05


Tree=162
num_leaves=31
num_cat=1
split_feature=1 1 5 1 11 2 10 1 3 7 3 1 5 2 1 5 5 10 10 10 4 3 3 1 5 3 7 5 4 1
split_gain=0.356028 0.396767 0.274212 0.440458 0.311354 0.610097 0.422723 0.348439 0.627028 0.327822 1.22795 0.591976 0.963021 0.383412 0.528454 0.341085 0.453833 0.33366 0.327047 0.428216 1.03516 0.748093 0.364454 0.568509 0.435977 0.636415 0.953835 0.559531 0.991472 0.486432
threshold=73314.755000000019 78050.005000000019 391598.77079542173 1391885.1650000003 0 356720.39500000008 17.500000000000004 1170112.9500000002 1082063.2450000001 1.5000000000000002 299948.86500000005 94954.195000000022 48556.320582300948 153983.22500000003 150548.70500000005 12681.974210476614 6448.5537910596022 249.50000000000003 245.50000000000003 230.50000000000003 464517.94517857145 373623.22571428574 157203.80785714291 383950.27000000008 67453.735831204875 407787.44214285718 3.5000000000000004 54507.39339857109 225987.56839285718 284169.10500000004
decision_type=2 2 2 2 1 2 2 2 2 2 2 2 2 2 2 2 2 2 2 2 2 2 2 2 2 2 2 2 2 2
left_child=-1 -2 3 4 5 9 -6 8 18 10 -3 12 15 -13 -15 16 -11 -16 19 22 21 -21 -8 24 27 29 -27 -24 -29 -26
right_child=1 2 -4 -5 6 -7 7 -9 -10 11 -12 13 -14 14 17 -17 -18 -19 -20 20 -22 -23 23 -25 25 26 -28 28 -30 -31
leaf_value=33.423461206143365 -54.691443034904523 -0.34669539761308221 2015.8727831580677 -1708.5381626277767 -158.21763375280773 1656.4894410810521 12.547041283734529 9939.318061175305 -4621.0832333741928 2.4614357686749728 -147.28685048062769 21.397302804587135 -16.358833395688574 -67.340088901380625 28.496160456414003 143.05273625612975 -7.4796660760218332 -18.44021777318174 541.74579963394206 -20.119232421763755 1235.1661499518052 -1526.4449290990933 -23.381069472216769 6.8307392303599777 156.42684080978944 -449.80979572619935 34.128792936126239 -859.21521313940855 -7.0653843010662332 -77.437121424616265
leaf_weight=53 27 356 88 20 25 71 266 45 32 57 28 270 20 20 500 22 29 33 108 32 31 26 41 518 135 57 53 20 26 107
leaf_count=53 27 356 88 20 25 71 266 45 32 57 28 270 20 20 500 22 29 33 108 32 31 26 41 518 135 57 53 20 26 107
internal_value=-6.4183e-06 -7.6722e-05 -2.30565e-05 -0.000105156 -5.46446e-05 0.000480226 -0.000548303 -0.000444222 -0.000578512 0.000243446 -0.000989583 0.000741325 -0.00242187 0.00123329 0.000479205 -0.000555555 -0.00197674 0.000778612 -0.000422535 -0.000640244 -0.00398876 -0.00793103 -0.000396566 -0.000851619 -0.0021754 -0.00139205 -0.00454545 -0.00534483 -0.00913043 4.13225e-05
internal_weight=3116 3063 3036 2948 2928 1406 1522 1497 1452 1335 384 951 128 823 553 108 86 533 1420 1312 89 58 1223 957 439 352 110 87 46 242
internal_count=3116 3063 3036 2948 2928 1406 1522 1497 1452 1335 384 951 128 823 553 108 86 533 1420 1312 89 58 1223 957 439 352 110 87 46 242
cat_boundaries=0 1
cat_threshold=10
is_linear=0
shrinkage=0.05


Tree=163
num_leaves=31
num_cat=0
split_feature=6 7 2 10 10 2 2 1 0 4 1 1 7 4 10 6 6 0 4 2 2 10 6 4 2 7 1 0 6 10
split_gain=0.342973 0.470811 0.966004 0.630054 0.556026 0.516373 1.225 0.413479 0.410111 0.692903 0.991622 0.632447 0.7085 0.557706 0.554505 0.505612 1.47561 0.689954 0.448004 0.439965 0.931569 0.432143 0.429062 0.401328 0.401111 0.366006 0.503085 0.427907 0.359764 0.354116
threshold=54082.356308984665 5.5000000000000009 337313.51000000007 98.500000000000014 25.500000000000004 317186.07000000001 570289.31000000017 311341.90000000008 366146.72000000003 508332.40803571435 284169.10500000004 302096.73000000004 1.0000000180025095e-35 394689.6166071429 219.50000000000003 129809.57337370444 118969.01629422152 527967.51000000013 383706.95732142864 386468.1650000001 454398.42500000005 167.50000000000003 424678.58466219017 291125.76803571434 272157.78500000009 4.5000000000000009 836376.76500000013 489052.80000000005 110373.15389610942 128.50000000000003
decision_type=2 2 2 2 2 2 2 2 2 2 2 2 2 2 2 2 2 2 2 2 2 2 2 2 2 2 2 2 2 2
left_child=7 4 3 -3 5 -2 -7 -1 9 10 18 -12 -13 14 -10 16 -15 -18 23 28 -21 -20 25 24 -6 29 27 -27 -14 -17
right_child=1 2 -4 -5 8 6 -8 -9 13 -11 11 12 19 15 -16 22 17 -19 21 20 -22 -23 -24 -25 -26 26 -28 -29 -30 -31
leaf_value=1.5576181259907067 181.97248319837931 -311.03106043841387 1515.2033156121938 0.4796829656535625 0.31287327051711267 -2316.1467276488283 1842.6975723492924 592.66043253568898 764.1980404177566 2217.61827764081 -292.40734634787617 -589.71018370524587 -56.251704023911884 143.75320636066886 -80.527185417444883 -24.895884565564973 -263.57439032101814 -645.06468164669013 -234.15395577758551 -496.44956901472 -41.343266834123284 914.64395071498484 -3495.0476254847922 51.238189947665539 -164.87718171130109 -118.27567268671493 -5843.836172903978 3856.8284274934194 218.98092023062802 127.83484442061634
leaf_weight=1355 23 23 176 41 225 20 20 53 150 39 23 37 40 41 39 186 21 20 24 21 41 21 21 86 20 20 26 23 58 223
leaf_count=1355 23 23 176 41 225 20 20 53 150 39 23 37 40 41 39 186 21 20 24 21 41 21 21 86 20 20 26 23 58 223
internal_value=8.9859e-05 -0.000386417 0.00166667 -0.00359375 -0.000722071 -0.00531746 -0.00875 0.000667614 -0.000516014 -0.00145669 -0.00187919 -0.00454545 -0.00362944 0.00025974 0.00261905 -0.000507745 -0.00414634 -0.0108537 -0.000319149 -0.0021875 -0.00548387 -0.005 9.01805e-05 0.000317221 -0.000714286 0.00039749 -0.00297101 0.000348837 -0.000102041 0.00096577
internal_weight=3116 1708 240 64 1468 63 40 1408 1405 635 596 220 197 770 189 581 82 41 376 160 62 45 499 331 245 478 69 43 98 409
internal_count=3116 1708 240 64 1468 63 40 1408 1405 635 596 220 197 770 189 581 82 41 376 160 62 45 499 331 245 478 69 43 98 409
is_linear=0
shrinkage=0.05


Tree=164
num_leaves=31
num_cat=0
split_feature=1 1 0 6 6 1 1 1 7 3 4 6 4 10 6 6 4 0 0 6 1 6 3 1 6 0 10 3 0 1
split_gain=0.328462 0.20578 0.26301 0.214519 0.367454 0.415697 0.852199 0.364956 0.396739 0.253063 0.291115 0.94907 0.637396 0.545973 0.474703 0.975113 0.452971 0.700529 0.687013 0.405848 0.669565 0.662735 0.445417 0.393702 0.375459 0.633136 0.5047 0.357564 0.327829 0.428871
threshold=73314.755000000019 78050.005000000019 84004.775000000009 7816.898001939544 11488.061042573747 123051.55500000001 125838.80000000002 95868.110000000015 5.5000000000000009 117725.64714285715 286684.47232142865 123793.04869707425 302755.76558035723 254.50000000000003 128585.338348404 127006.17951327014 398491.41375000007 535414.21000000008 337547.21500000003 110373.15389610942 411838.23500000004 102342.11368464198 413517.83500000002 315261.07500000001 83349.271378533755 297294.37000000005 120.50000000000001 328123.72285714292 361639.60500000004 281803.10000000003
decision_type=2 2 2 2 2 2 2 2 2 2 2 2 2 2 2 2 2 2 2 2 2 2 2 2 2 2 2 2 2 2
left_child=-1 -2 -3 7 -5 -6 -7 8 -4 -8 11 13 23 24 15 16 19 18 -18 20 21 -14 -21 28 25 -11 -27 -16 29 -12
right_child=1 2 3 4 5 6 9 -9 -10 10 12 -13 14 -15 27 -17 17 -19 -20 22 -22 -23 -24 -25 -26 26 -28 -29 -30 -31
leaf_value=31.674407239536482 -52.03475178945942 20.381939522324842 0.18853973420243064 13.462943385293611 13.239180574309129 -23.461081448833241 35.336773296127113 -14.067476982896105 -1.4630544632171365 -0.63551432856276691 47.596259904225519 -428.04829981305448 20.605776945211712 -177.42026136736604 -205.10960593760478 -358.58838883396794 -716.44798611884744 -612.81144756435629 554.71089454061394 316.58870934163417 974.85641739119183 -242.77281651027485 -207.7716880352844 694.90036436089213 389.90400168815324 -10.394480322557641 -508.73119841014761 39.21311038177322 -89.436996018198883 -17.503896631410694
leaf_weight=53 27 104 111 198 221 24 41 42 28 592 132 26 37 28 23 24 21 20 45 108 22 33 28 108 31 31 25 792 27 114
leaf_count=53 27 104 111 198 221 24 41 42 28 592 132 26 37 28 23 24 21 20 45 108 22 33 28 108 31 31 25 792 27 114
internal_value=0.000154044 8.65167e-05 0.000125165 3.75172e-05 0.000147219 -1.37092e-05 -0.00021012 -0.00162983 -0.000395683 -0.000112651 -0.000183061 -0.00100273 0.000208605 -0.000657708 -0.000377276 -0.00195266 -0.00121019 -0.00430233 -0.00181818 -4.38595e-05 -0.0026087 -0.005 0.00169118 0.00198163 -0.000375552 -0.000632716 -0.00571429 0.000276074 0.000970696 0.00154472
internal_weight=3116 3063 3036 2932 2751 2553 2332 181 139 2308 2267 733 1534 707 1153 338 314 86 66 228 92 70 136 381 679 648 56 815 273 246
internal_count=3116 3063 3036 2932 2751 2553 2332 181 139 2308 2267 733 1534 707 1153 338 314 86 66 228 92 70 136 381 679 648 56 815 273 246
is_linear=0
shrinkage=0.05


Tree=165
num_leaves=31
num_cat=0
split_feature=5 5 1 3 0 1 3 4 4 3 1 3 3 10 1 10 4 10 10 5 1 4 0 3 10 10 3 5 1 10
split_gain=0.302072 0.649641 0.315836 0.513212 0.88205 0.39861 0.414578 0.299513 0.486051 0.385883 0.402002 0.463215 0.537448 0.808595 0.505286 0.390656 0.353238 0.295322 0.529555 0.540748 0.318266 0.290317 0.410634 0.494744 0.335712 0.319517 0.324971 0.99447 0.819274 0.650729
threshold=34741.368890882528 37281.008952082018 315261.07500000001 299181.59500000003 305119.35500000004 139946.47000000003 173234.00714285718 669903.92625000014 1099443.6676785718 588183.77642857155 647897.77500000002 371355.62642857147 378768.98714285722 155.50000000000003 379833.14000000007 36.500000000000007 1130176.5851785715 197.50000000000003 190.50000000000003 135241.27525234167 223792.88500000004 399269.9537500001 443056.65500000009 413517.83500000002 73.500000000000014 246.50000000000003 460756.10428571433 144382.88999112198 500514.67500000005 207.50000000000003
decision_type=2 2 2 2 2 2 2 2 2 2 2 2 2 2 2 2 2 2 2 2 2 2 2 2 2 2 2 2 2 2
left_child=2 -2 3 5 -5 -1 -7 9 -9 10 11 14 13 -13 17 -14 -10 18 19 -3 -19 22 23 -17 -23 26 27 28 29 -26
right_child=1 7 -4 4 -6 6 -8 8 16 -11 -12 12 15 -15 -16 21 -18 20 -20 -21 -22 24 -24 -25 25 -27 -28 -29 -30 -31
leaf_value=-0.34095518260529939 -51.794818570080601 -0.77334241906901202 526.08871277424907 -165.50327980167538 233.46266385345268 80.399464345679789 5.2172577182358353 1087.9487965754035 -5203.616928345773 -428.64347423485651 675.15151778070003 -19.361431790046638 -245.1213427939295 -526.22968243588264 1272.2744439405233 38.361099491655573 666.23006156075405 1.7695112461926212 -454.62398470886848 -356.26483785189112 88.434643002149755 2006.0226518569475 847.97305447494603 -456.16612186043386 -39.086952324372504 1935.2578185883781 -22.996245806424184 -956.41859243870169 2501.4088511780255 -1485.1009988180658
leaf_weight=472 38 723 41 25 22 204 191 239 37 32 65 20 24 21 113 85 38 141 28 23 66 29 71 36 57 35 124 40 30 20
leaf_count=472 38 723 41 25 22 204 191 239 37 32 65 20 24 21 113 85 38 141 28 23 66 29 71 36 57 35 124 40 30 20
internal_value=-3.23623e-05 -0.000362997 0.000706806 0.000514223 -0.00457447 0.000790081 0.00196203 -0.000245589 0.00117834 -0.000496354 -0.000396916 -0.00054567 -0.0016723 -0.00719512 6.39856e-05 -0.00126134 -0.00233333 -0.000300713 -0.000749354 -0.000495978 0.00137681 -0.000977229 0.000572917 -0.00119835 -0.00186567 -0.00235294 -0.00293358 -0.00452381 -0.00200935 -0.00474026
internal_weight=3090 2135 955 914 47 867 395 2097 314 1783 1751 1686 592 41 1094 551 75 981 774 746 207 527 192 121 335 306 271 147 107 77
internal_count=3090 2135 955 914 47 867 395 2097 314 1783 1751 1686 592 41 1094 551 75 981 774 746 207 527 192 121 335 306 271 147 107 77
is_linear=0
shrinkage=0.05


Tree=166
num_leaves=31
num_cat=0
split_feature=2 4 4 1 2 7 4 0 10 0 10 1 3 0 4 2 5 10 0 0 10 10 10 10 5 10 2 1 5 1
split_gain=0.312597 0.453411 0.427965 0.386728 0.656117 0.371753 0.942308 0.494809 0.644155 0.774685 0.917313 0.468155 0.528008 0.350775 0.566933 0.331656 0.325084 0.24737 0.352113 0.671433 0.336605 0.99199 0.51 0.307984 0.992063 0.346502 0.327832 0.421145 0.521739 0.419099
threshold=635191.79000000015 1099443.6676785718 401334.3548214286 428246.89500000008 819491.67500000016 1.0000000180025095e-35 476945.73303571431 378119.72000000003 160.50000000000003 641841.67000000016 181.50000000000003 367511.24500000005 448650.97928571433 566263.16500000015 508332.40803571435 64375.44000000001 328924.07039972878 145.50000000000003 82086.090000000011 87111.185000000012 189.50000000000003 199.50000000000003 196.50000000000003 138.50000000000003 33096.056138908629 134.50000000000003 87111.185000000012 96982.175000000003 44728.476151970819 124051.74000000001
decision_type=2 2 2 2 2 2 2 2 2 2 2 2 2 2 2 2 2 2 2 2 2 2 2 2 2 2 2 2 2 2
left_child=2 3 15 4 -2 6 -4 -7 13 10 -10 -12 -13 14 -9 -1 -3 18 -17 -20 -19 22 -22 25 -25 26 -21 28 -28 -29
right_child=1 16 5 -5 -6 7 -8 8 9 -11 11 12 -14 -15 -16 17 -18 20 19 23 21 -23 -24 24 -26 -27 27 29 -30 -31
leaf_value=-17.93403908034432 -633.19671704588973 7792.3616934228012 -471.42363232495813 676.21322740429514 380.96709211749271 446.46248139636867 2193.375814322761 129.4627861244326 -996.58949905997815 -1550.9474099788131 761.47427730009838 368.39369263085166 -308.28480679796775 1139.2379354428331 -1285.5293204171467 21.298915471126652 -5483.6689069791255 8.8107080034181777 -30.038737837331524 48.978553527562056 -45.638140928521658 6.7820546342520629 -67.151127192554057 85.18964952829235 -83.590533137238907 11.040366104056453 -0.75229347534039426 69.020246633115335 -87.202219250791501 -3.5741972427027662
leaf_weight=23 31 30 26 239 22 99 26 32 20 26 26 32 38 79 27 75 39 387 37 45 60 581 25 20 36 32 69 70 23 815
leaf_count=23 31 30 26 239 22 99 26 32 20 26 26 32 38 79 27 75 39 387 37 45 60 581 25 20 36 32 69 70 23 815
internal_value=1.61814e-05 0.00139889 -0.000166728 0.00226027 -0.00160377 -0.00161253 -0.00557692 -0.0010686 -0.00214286 -0.00450704 -0.00275862 -0.000729166 -0.00285714 0.000289855 -0.00262712 0.000104439 -0.00224638 0.000164835 -0.000319149 -0.000536181 0.000726496 4.50452e-05 -0.005 -0.000315315 -0.00392857 -0.000123339 -0.000283757 -0.000475947 -0.00369565 -0.000141243
internal_weight=3090 361 2729 292 53 431 52 379 280 142 116 96 70 138 59 2298 69 2275 1222 1147 1053 666 85 1110 56 1054 1022 977 92 885
internal_count=3090 361 2729 292 53 431 52 379 280 142 116 96 70 138 59 2298 69 2275 1222 1147 1053 666 85 1110 56 1054 1022 977 92 885
is_linear=0
shrinkage=0.05


Tree=167
num_leaves=31
num_cat=0
split_feature=6 6 5 6 1 7 3 0 4 0 6 4 0 3 5 4 4 7 5 3 2 6 6 4 3 1 1 3 0 0
split_gain=0.348594 0.583881 0.494621 0.493237 0.857143 0.380436 0.74064 0.742778 0.9 0.379887 0.611866 0.91131 1.21212 0.634106 0.453334 0.424533 0.467658 0.356034 0.348187 0.504533 0.343137 0.328142 1.20496 0.768627 0.302817 0.278023 0.385196 0.272727 0.266102 0.239172
threshold=7816.898001939544 24710.563569740498 21394.682203222128 7537.0338937629231 94325.000000000015 1.5000000000000002 299181.59500000003 129389.77 135410.90026785716 771630.27000000014 247838.10495402032 669903.92625000014 357901.85000000003 588183.77642857155 328924.07039972878 1099443.6676785718 1130176.5851785715 5.5000000000000009 6233.2414089869762 90550.175714285724 166697.78500000003 30907.185220021776 36594.729929084751 121971.94464285717 114128.79285714288 647897.77500000002 604275.45000000007 94025.472857142871 641841.67000000016 591652.38000000012
decision_type=2 2 2 2 2 2 2 2 2 2 2 2 2 2 2 2 2 2 2 2 2 2 2 2 2 2 2 2 2 2
left_child=3 5 -3 17 -5 6 7 8 -2 10 13 12 -12 21 -13 -11 -17 18 19 -1 -9 -4 23 -23 -24 26 28 -20 -26 -16
right_child=1 2 9 4 -6 -7 -8 20 -10 15 11 14 -14 -15 29 16 -18 -19 27 -21 -22 22 24 -25 25 -27 -28 -29 -30 -31
leaf_value=6.3071247082626929 57.992706491157719 -100.43247670476289 56.451599674458002 5.3618473583764041 -41.959955906381609 48.850451314533871 -114.53353600674676 29.862548739805902 -24.430320959880437 597.48157914702654 -50.565325698287609 1283.4805233538791 -434.30001944783135 -681.96302562468361 -1774.6434854841402 -5147.5150525180279 5553.779441801069 -25.648533199859074 20.989229547309375 -9.6544080001276757 -40.989222415019199 -16.554642317352428 152.27753264592172 -363.94066836821247 -0.046448903029729031 991.58465751312588 -620.36039741069044 0.10983739558284167 -199.62574560137591 3824.6599636381688
leaf_weight=42 20 30 78 21 21 396 21 70 20 186 33 38 22 22 25 31 35 21 44 34 32 48 30 20 1590 59 27 22 31 21
leaf_count=42 20 30 78 21 21 396 21 70 20 186 33 38 22 22 25 31 35 21 44 34 32 48 30 20 1590 59 27 22 31 21
internal_value=-8.0906e-05 6.06588e-05 -0.000288048 -0.00207317 -0.00690476 0.00151163 -0.000521472 0.000774648 -0.005 -0.000204704 -0.000430528 -0.00363309 -0.00863636 -0.00019685 -0.000357143 0.00162698 -0.00181818 -0.000828221 7.04227e-05 -0.00223684 0.00303922 -9.82473e-05 -0.000235457 -0.00676471 2.01499e-05 -6.73695e-05 -0.000188107 0.00272727 -8.94508e-05 -0.00369565
internal_weight=3090 2885 2326 205 42 559 163 142 40 2296 2044 139 55 1905 84 252 66 163 142 76 102 1883 1805 68 1737 1707 1648 66 1621 46
internal_count=3090 2885 2326 205 42 559 163 142 40 2296 2044 139 55 1905 84 252 66 163 142 76 102 1883 1805 68 1737 1707 1648 66 1621 46
is_linear=0
shrinkage=0.05


Tree=168
num_leaves=31
num_cat=0
split_feature=3 2 3 6 2 3 6 7 5 4 2 6 3 7 1 1 5 6 6 1 4 6 4 2 10 3 1 7 7 6
split_gain=0.238672 0.494869 0.367737 0.345679 0.380502 0.361757 0.331434 0.625916 0.523211 0.511348 0.660013 0.828003 0.347944 0.298878 0.269683 0.234329 0.839591 0.233056 0.587621 0.371527 0.21662 0.521911 0.510288 0.494728 0.778302 0.319023 0.450354 0.4 0.4 0.277692
threshold=95266.858571428587 88960.73000000001 91599.966428571453 6719.8449871417515 95836.580000000016 90550.175714285724 24710.563569740498 1.5000000000000002 21394.682203222128 136017.59642857147 166697.78500000003 20961.702775947928 114128.79285714288 1.0000000180025095e-35 69474.885000000009 183060.98000000001 12916.928695511595 30907.185220021776 36594.729929084751 134834.28000000003 760962.83553571452 265376.84609726974 1099443.6676785718 906157.57000000018 153.50000000000003 534700.47071428585 647897.77500000002 2.5000000000000004 4.5000000000000009 296503.68648045248
decision_type=2 2 2 2 2 2 2 2 2 2 2 2 2 2 2 2 2 2 2 2 2 2 2 2 2 2 2 2 2 2
left_child=1 2 14 5 -5 -3 7 9 -8 13 -11 -12 -10 -2 -1 -9 -17 -14 19 -19 21 25 -22 -24 -25 26 -20 -27 -29 -23
right_child=6 3 -4 4 -6 -7 8 15 12 10 11 -13 17 -15 -16 16 -18 18 20 -21 22 29 23 24 -26 27 -28 28 -30 -31
leaf_value=-1.3774289545842384 -0.2052737859554338 41.06800468211452 -19.058946159543492 -3.0122519180520646 -0.43272512700101551 -2.2459466983664162 -95.410852869524604 58.779367688926449 152.43889441835711 66.269496043167479 -98.66372914264322 11.428344868303412 203.3737378591166 -16.139723896852331 5.0937552446464629 -211.29825826730885 54.727120736817767 -306.34047710830441 -0.81046964683491896 5.6484739791354608 1686.4478631066952 -248.92864418854734 -5887.5122859502808 -4710.1809687093746 7357.396148246974 -437.94898727024849 1432.780386487854 2401.2829024416201 -257.4501671124471 -120.6359329839824
leaf_weight=23 24 20 21 44 37 43 30 255 34 60 22 31 54 29 51 23 116 33 1637 20 216 36 22 20 33 32 45 20 20 39
leaf_count=23 24 20 21 44 37 43 30 255 34 60 22 31 54 29 51 23 116 33 1637 20 216 36 22 20 33 32 45 20 20 39
internal_value=3.23626e-05 -0.00148536 0.00131579 -0.00333333 -0.00549383 -0.000555555 0.000159593 0.00125 -0.00010694 -0.0013253 0.000575221 -0.00349057 -1.99025e-05 -0.00537736 0.00297297 0.00233503 0.000683453 -9.65422e-05 -0.000177174 -0.00537736 -4.71696e-05 -0.00024877 0.00121993 -0.00233333 0.000283019 -7.41161e-05 6.53985e-05 -0.00333333 1.86265e-10 -0.00433333
internal_weight=3090 239 95 144 81 63 2851 560 2291 166 113 53 2261 53 74 394 139 2227 2173 53 2120 1829 291 75 53 1754 1682 72 40 75
internal_count=3090 239 95 144 81 63 2851 560 2291 166 113 53 2261 53 74 394 139 2227 2173 53 2120 1829 291 75 53 1754 1682 72 40 75
is_linear=0
shrinkage=0.05


Tree=169
num_leaves=31
num_cat=0
split_feature=6 5 4 4 5 10 6 5 5 7 4 10 1 5 2 1 4 2 7 3 5 6 3 10 6 4 1 5 1 6
split_gain=0.236127 0.254222 0.231738 0.454231 0.400835 0.439208 0.346904 0.36 0.342075 0.340728 0.361134 0.295726 0.293384 0.273268 0.510212 0.556581 0.351865 0.258111 0.305022 0.473267 0.41133 0.262626 0.486701 0.424419 0.830567 0.607604 0.531329 0.494017 0.334394 0.323578
threshold=424678.58466219017 456290.21455313457 124823.61410714287 124203.32375000003 54507.39339857109 52.500000000000007 24710.563569740498 40656.314985334488 58432.983415189221 1.5000000000000002 135768.00089285718 259.50000000000006 137707.87000000002 33832.991519492149 162563.47000000003 183060.98000000001 300000.32001322758 560115.69500000018 1.5000000000000002 415664.4707142858 328924.07039972878 125262.425585351 337522.94214285718 160.50000000000003 128585.338348404 390239.97857142863 604275.45000000007 193358.77887970794 416123.95000000001 137435.86740872913
decision_type=2 2 2 2 2 2 2 2 2 2 2 2 2 2 2 2 2 2 2 2 2 2 2 2 2 2 2 2 2 2
left_child=1 2 3 -1 5 6 -4 -8 -6 10 -7 12 -10 14 -12 -16 -17 21 20 -20 -19 28 -23 26 -25 -26 -24 -28 -14 -27
right_child=-2 -3 4 -5 8 9 7 -9 11 -11 13 -13 17 -15 15 16 -18 18 19 -21 -22 22 23 24 25 29 27 -29 -30 -31
leaf_value=-0.62814436487963321 -4469.3858357340678 3533.650707368306 19.459841702545205 -5.413856660566239 -62.560788137556528 -13.406141854556715 -342.18472355309461 -44.430822766402088 93.59200080317288 38.123707587280876 23.922639129103967 895.3289818137639 -6.5553981284822633 307.31430468136324 -223.14733087041975 9.8400806173713793 -111.77245001123241 1823.6633089091058 -531.28690193860018 17.115923924411806 -414.4485152889315 -340.94383208541706 25.035008566278222 -676.91162736851538 2683.510990198175 15.315534891924145 -4043.50018926851 -149.87261718060097 1263.0988832898199 -352.50620861346755
leaf_weight=566 26 27 78 24 35 37 20 25 60 490 60 29 573 34 20 20 29 111 26 216 25 32 161 20 28 21 20 45 117 115
leaf_count=566 26 27 78 24 35 37 20 25 60 490 60 29 573 34 20 20 29 111 26 216 25 32 161 20 28 21 20 45 117 115
internal_value=0.00012945 0.000169713 0.00012677 -0.000762712 0.000341234 0.00124846 -0.00150406 -0.005 -0.000110159 0.00173913 1.86265e-10 -3.12677e-06 -9.55412e-05 0.00101227 -3.87595e-05 -0.00297101 -0.000102041 -0.000231788 0.000899471 -0.000165289 0.00279412 -0.00060954 -0.00156109 -0.00109756 -0.00288043 -0.00170732 0.000353982 -0.00346154 1.86265e-10 -0.00308824
internal_weight=3090 3064 3037 590 2447 813 123 45 1634 690 200 1599 1570 163 129 69 49 1510 378 242 136 1132 442 410 184 164 226 65 690 136
internal_count=3090 3064 3037 590 2447 813 123 45 1634 690 200 1599 1570 163 129 69 49 1510 378 242 136 1132 442 410 184 164 226 65 690 136
is_linear=0
shrinkage=0.05


Tree=170
num_leaves=31
num_cat=0
split_feature=4 7 6 4 4 1 4 0 1 2 0 3 1 3 0 0 10 3 1 2 3 1 0 2 0 6 1 3 0 1
split_gain=0.317693 0.541771 0.417467 0.2816 0.37724 0.351687 0.248401 0.26095 0.305122 0.251112 0.258127 0.292085 0.536049 0.953533 0.437538 0.750457 0.433108 0.462963 0.41806 0.355208 0.577547 0.346569 0.391 0.337778 0.335424 0.281071 0.286185 0.336485 0.669713 0.272545
threshold=115910.37714285716 5.5000000000000009 6927.7645778391561 92458.67410714287 91603.312500000015 75388.630000000019 120901.90928571431 98820.410000000018 110073.395 1396333.3000000003 77696.615000000005 125456.43500000003 160427.07000000004 122582.9635714286 121806.11500000001 132294.65000000005 122.50000000000001 138913.3585714286 126986.87500000001 145611.20000000004 135569.16 154096.62000000002 182422.28000000003 98692.750000000015 97677.235000000015 47385.234014279638 315261.07500000001 299948.86500000005 305119.35500000004 165720.92000000001
decision_type=2 2 2 2 2 2 2 2 2 2 2 2 2 2 2 2 2 2 2 2 2 2 2 2 2 2 2 2 2 2
left_child=1 2 -1 4 5 -4 7 8 -2 10 -8 12 13 23 -13 16 18 -18 -16 21 -21 -17 -23 -12 -15 26 27 29 -29 -22
right_child=6 -3 3 -5 -6 -7 9 -9 -10 -11 11 14 -14 24 15 19 17 -19 -20 20 25 22 -24 -25 -26 -27 -28 28 -30 -31
leaf_value=5.6089495226481398 12.170262044521998 -4.2619224350736387 7.5215524516875183 -30.592071681495014 4.4769871445962339 -5.688208040598095 97.464182199808931 90.460213467477033 -235.01476523596421 3401.878128955077 27.133801883150706 31.75733755432471 203.81702381926107 -6.2792670093311367 63.148928131196818 26.66993252259407 -32.952764859233802 -6.1376390249654778 -51.036926245111538 -60.216832317797071 -26.983124291875324 -139.11260774819399 151.5961318461672 -2.0258077092372875 -189.20048272703664 -0.31707661217596023 491.69218148446754 -119.00280599005535 444.13524108207002 67.988813517567039
leaf_weight=101 27 38 21 25 67 26 29 80 20 48 34 120 35 20 20 180 27 27 26 24 72 22 35 43 21 1502 49 26 25 285
leaf_count=101 27 38 21 25 67 26 29 80 20 48 34 120 35 20 20 180 27 27 26 24 72 22 35 43 21 1502 49 26 25 285
internal_value=0.000317073 -0.00129496 -0.000416666 -0.00219424 -0.00114035 -0.00457447 0.000477297 0.0026378 -0.000319149 0.000374532 0.000308925 0.00025646 -0.00186274 -0.00347458 0.000389344 0.000237069 -0.004 -0.00703704 -0.000434782 0.000427928 0.000209279 0.00225738 -0.00114035 -0.000194805 -0.00963415 0.000303727 0.0013895 0.000955883 -0.00284314 0.0014986
internal_weight=3075 278 240 139 114 47 2797 127 47 2670 2622 2593 153 118 2440 2320 100 54 46 2220 1983 237 57 77 41 1959 457 408 51 357
internal_count=3075 278 240 139 114 47 2797 127 47 2670 2622 2593 153 118 2440 2320 100 54 46 2220 1983 237 57 77 41 1959 457 408 51 357
is_linear=0
shrinkage=0.05


Tree=171
num_leaves=31
num_cat=0
split_feature=4 4 1 1 3 3 7 6 1 1 3 6 6 0 1 0 4 4 1 6 6 1 3 0 10 6 10 0 0 4
split_gain=0.233966 0.454467 0.35655 0.352267 0.405493 0.565993 0.276587 0.298 0.252962 0.24395 0.966306 0.427171 0.412512 0.250067 0.263441 0.229837 0.207817 0.353799 0.848436 0.246653 0.212498 0.322828 0.29327 0.669713 0.256823 0.385713 0.351313 0.598168 0.950488 0.458897
threshold=115910.37714285716 92458.67410714287 124051.74000000001 116704.96500000001 120994.95428571431 123419.90785714287 5.5000000000000009 25400.329045009636 91147.715000000011 138408.285 126521.99000000001 10002.938648931124 9343.580700110957 128401.895 133808.64500000005 96982.175000000003 121805.80410714286 135554.6035714286 176879.07000000004 34958.101065373776 47385.234014279638 315261.07500000001 299948.86500000005 305119.35500000004 112.50000000000001 149035.15484648271 89.500000000000014 771630.27000000014 468425.10000000003 392618.93571428576
decision_type=2 2 2 2 2 2 2 2 2 2 2 2 2 2 2 2 2 2 2 2 2 2 2 2 2 2 2 2 2 2
left_child=1 6 3 4 -2 -6 7 -1 -3 10 -4 -11 -12 -14 -15 -13 -17 18 19 -18 21 22 -19 -24 26 -26 -22 28 29 -28
right_child=2 8 9 -5 5 -7 -8 -9 -10 11 12 15 13 14 -16 16 17 20 -20 -21 24 -23 23 -25 25 -27 27 -29 -30 -31
leaf_value=3.5947706492223768 20.774999566111802 -50.229461971494445 -94.986109325905858 16.029414051333045 -103.83919574444845 24.447128117881302 -2.5129853205223585 -2.7766935662458532 -1.9399564084206091 111.79142344625323 -47.91579065276995 593.33915216026787 -4.6255045007854356 31.296460980705177 -67.505402472903555 19.782141088828595 -81.877380043706012 21.646908853129972 274.26200400081137 -7.3292310431237269 -0.58201193035077725 467.10757241024339 -113.05266569055283 421.92847902796734 -2.0934576937652274 220.30562660318753 -140.89667280015365 3674.7762751853697 -793.65574793181406 340.1343706277022
leaf_weight=180 103 20 21 73 30 135 31 26 21 48 28 25 32 62 31 40 21 381 29 22 476 49 26 25 648 333 68 21 38 32
leaf_count=180 103 20 21 73 30 135 31 26 21 48 28 25 32 62 31 40 21 381 29 22 476 49 26 25 648 333 68 21 38 32
internal_value=0.000268293 -0.00111511 0.000405792 0.00192082 0.00108209 -0.000454545 -0.000274261 0.00038835 -0.00597561 0.00019544 -0.0016092 0.000333041 -0.000228758 0.001 0.00231183 0.000232767 0.000178814 0.000112955 -0.00333333 -0.0077907 0.000231283 0.00115385 0.000717593 -0.00284314 -4.33166e-05 0.000463813 -0.000826771 -0.00286163 -0.00405797 -0.0015
internal_weight=3075 278 2797 341 268 165 237 206 41 2456 174 2282 153 125 93 2234 2209 2169 72 43 2097 481 432 51 1616 981 635 159 138 100
internal_count=3075 278 2797 341 268 165 237 206 41 2456 174 2282 153 125 93 2234 2209 2169 72 43 2097 481 432 51 1616 981 635 159 138 100
is_linear=0
shrinkage=0.05


Tree=172
num_leaves=31
num_cat=0
split_feature=5 10 3 7 6 0 10 6 6 10 6 2 10 0 0 10 3 5 5 4 6 4 2 2 7 5 0 2 6 10
split_gain=0.341244 0.400597 0.530399 0.574108 0.475478 0.490196 0.453186 0.430416 0.354883 0.242923 0.39724 0.334624 0.320422 0.4378 0.477977 0.472807 0.41146 0.294297 0.36496 0.835106 0.451125 0.355601 0.664229 0.754992 0.7895 0.615843 0.340926 0.323317 0.279376 0.520623
threshold=8481.9218015551087 51.500000000000007 90806.161428571446 5.5000000000000009 10172.673165672535 91936.055000000008 200.50000000000003 7663.6078342185829 9839.8124710019456 123.50000000000001 98684.841549004734 1028137.0450000002 113.50000000000001 308451.37500000006 297294.37000000005 17.500000000000004 168574.70428571431 324285.28731276351 206974.46227285682 522101.09410714294 168585.86737647827 397348.8176785715 334676.59500000003 405998.49000000005 2.5000000000000004 157860.22606546877 399339.38000000006 85593.180000000008 131447.28535472744 49.500000000000007
decision_type=2 2 2 2 2 2 2 2 2 2 2 2 2 2 2 2 2 2 2 2 2 2 2 2 2 2 2 2 2 2
left_child=1 -1 6 4 5 -4 -3 -7 -2 10 12 17 13 14 15 -10 -14 18 19 20 21 27 -23 24 -24 26 -25 -11 29 -12
right_child=8 2 3 -5 -6 7 -8 -9 9 11 28 -13 16 -15 -16 -17 -18 -19 -20 -21 -22 22 23 25 -26 -27 -28 -29 -30 -31
leaf_value=15.031290886478567 20.909037927360544 4.861570695511805 1.9070238528452057 -53.592720762475267 2.9486327889349186 -2.9721861978228223 -1.9519471324926265 -2.357129236292089 -87.370719003513514 -4.8409264200542728 -164.65786993566587 2052.1655916997684 64.106140741669535 196.48265014266747 -126.17616827321304 5.6317307675018036 -131.64617254240031 -462.65350839380221 3345.8839714561627 -577.41189576045952 763.17691137679856 327.7373936943722 841.95389128256033 -57.182883787208041 -1726.4309977294693 -867.63969690465842 583.11282945808307 10.055106322945296 -18.109319214485165 -31.638776100978191
leaf_weight=57 97 48 34 21 27 27 20 41 22 42 44 67 28 83 21 466 29 41 49 21 60 49 20 38 31 23 73 986 381 129
leaf_count=57 97 48 34 21 27 27 20 41 22 42 44 67 28 83 21 466 29 41 49 21 60 49 20 38 31 23 73 986 381 129
internal_value=0.000317073 -0.00136364 -0.00233945 -0.004 -0.00275194 -0.00431373 0.00132353 -0.00676471 0.000482143 0.000375509 -0.000153782 0.0008 0.00068567 0.00103041 0.000481336 0.00079918 -0.00289474 0.000638521 0.000761494 0.000606851 0.000763994 0.000562599 -0.00119658 -0.00256757 -0.0077451 -0.000597015 0.000945946 0.000963035 -0.00113718 -0.00280347
internal_weight=3075 275 218 150 129 102 68 68 2800 2703 1203 1500 649 592 509 488 57 1433 1392 1343 1322 1262 234 185 51 134 111 1028 554 173
internal_count=3075 275 218 150 129 102 68 68 2800 2703 1203 1500 649 592 509 488 57 1433 1392 1343 1322 1262 234 185 51 134 111 1028 554 173
is_linear=0
shrinkage=0.05


Tree=173
num_leaves=31
num_cat=0
split_feature=2 4 4 1 4 6 6 6 6 3 0 6 6 0 0 6 0 0 7 6 1 4 2 0 0 0 4 0 2 6
split_gain=0.224954 0.256084 0.604406 0.419022 0.302343 0.33558 0.461175 0.249863 0.421087 0.343506 0.342712 0.376471 0.379627 0.334091 0.324754 0.356202 0.544402 0.284225 0.524803 0.259551 0.298495 0.259009 0.25 0.246242 1.0404 0.719115 0.749054 0.386156 0.298915 0.245228
threshold=64375.44000000001 300836.95071428578 301347.3733928572 330995.43000000011 303298.87482142862 149035.15484648271 157393.97457162139 128037.85784872471 131447.28535472744 464564.0450000001 366146.72000000003 120478.11991451381 115555.99780710715 463300.02500000008 432248.34500000003 110373.15389610942 527967.51000000013 337547.21500000003 3.5000000000000004 133698.11710930648 344617.74500000005 412390.29964285716 373014.69000000006 427699.05000000005 566263.16500000015 523564.02500000008 501511.33589285723 1121804.6600000001 495609.40000000008 382296.36668734596
decision_type=2 2 2 2 2 2 2 2 2 2 2 2 2 2 2 2 2 2 2 2 2 2 2 2 2 2 2 2 2 2
left_child=-1 3 -3 -2 -4 7 -7 10 -9 19 11 12 17 -11 -12 -16 -17 18 -6 -10 -21 -22 -13 28 25 26 -25 29 -8 -26
right_child=1 2 4 -5 5 6 23 8 9 13 14 22 -14 -15 15 16 -18 -19 -20 20 21 -23 -24 24 27 -27 -28 -29 -30 -31
leaf_value=-10.311647969190128 1.2589238568570544 -68.351609639215752 92.362868637024945 370.62290559918546 -127.38334186384623 1247.7129600405315 710.2800344318041 -244.97137784077779 1834.6451586026524 -472.3740660073787 877.00356591795389 64.278627368133428 -263.24177354623123 367.79698895176534 -46.31198778992183 733.24740892953434 -326.86156229527325 -305.14420230023615 202.27618806737712 -831.27310481503685 -24.21664006477269 1884.3973034332234 -348.96884974455867 1071.5594376473362 176.47587296547013 -323.57778640372197 -879.48316161441289 -356.99087959125603 -11.624313583827256 6611.7137059900042
leaf_weight=27 1724 28 61 112 28 53 69 36 21 20 59 25 20 24 37 47 37 20 34 29 37 23 20 22 178 26 39 104 64 51
leaf_count=27 1724 28 61 112 28 53 69 36 21 20 59 25 20 24 37 47 37 20 34 29 37 23 20 22 178 26 39 104 64 51
internal_value=0.000284553 0.000324803 -0.000239274 0.000697168 -6.75674e-05 -0.000253784 0.000544555 -0.00118955 -0.00263158 -0.00149351 -0.000351682 -0.00214286 -0.00382353 -0.00522727 0.00111111 -0.000371901 0.00142857 -0.00231707 -0.000645161 1.86265e-10 -0.00117978 0.000833334 0.00166667 0.000117541 -0.00047619 -0.00534483 -0.00237705 0.000795796 0.00199248 0.00194323
internal_weight=3075 3048 1212 1836 1184 1123 606 517 190 154 327 147 102 44 180 121 84 82 62 110 89 60 45 553 420 87 61 333 133 229
internal_count=3075 3048 1212 1836 1184 1123 606 517 190 154 327 147 102 44 180 121 84 82 62 110 89 60 45 553 420 87 61 333 133 229
is_linear=0
shrinkage=0.05


Tree=174
num_leaves=31
num_cat=0
split_feature=2 1 1 0 2 2 2 1 10 7 2 10 2 0 10 10 0 0 6 4 0 2 2 4 10 1 1 2 6 6
split_gain=0.221746 0.236367 0.191818 0.186364 0.558524 0.808126 0.415154 0.807563 0.498531 0.454882 0.4 0.382212 0.381343 0.685995 0.65689 0.287415 0.248252 0.366189 0.217943 0.335673 0.216903 0.213918 0.766268 0.274734 0.232311 0.481827 0.201608 0.324272 0.277937 0.198611
threshold=64375.44000000001 73314.755000000019 78050.005000000019 395669.96500000003 415228.49000000005 390857.35000000003 235267.88000000003 335816.46500000003 223.50000000000003 4.5000000000000009 193901.95500000005 96.500000000000014 1083362.1950000001 678984.24500000023 49.500000000000007 78.500000000000014 366146.72000000003 357901.85000000003 361361.47975868621 506212.04999999999 436138.15500000009 553620.76000000013 651454.24500000023 420279.74303571432 28.500000000000004 95497.85000000002 500514.67500000005 1028137.0450000002 247838.10495402032 172782.68422723815
decision_type=2 2 2 2 2 2 2 2 2 2 2 2 2 2 2 2 2 2 2 2 2 2 2 2 2 2 2 2 2 2
left_child=-1 -2 -3 16 5 6 7 10 9 -8 -5 12 13 14 -6 -16 17 21 19 20 -13 23 -23 24 25 -4 -21 28 -28 -26
right_child=1 2 3 4 11 -7 8 -9 -10 -11 -12 18 -14 -15 15 -17 -18 -19 -20 26 -22 22 -24 -25 29 -27 27 -29 -30 -31
leaf_value=-9.7960655707306827 36.934008526091517 -63.915277601105153 -49.199989310379294 753.13227985649291 -2097.9519282518095 -606.96595606809194 271.35222931162463 -188.43647421315902 -313.32687096360905 -112.81658799737778 -136.53700556339808 -31.593465540306369 -3783.4980954875195 1139.2774267663488 2215.5234909080218 -157.83498128706239 794.92952788481352 -152.98764111166889 1739.8660667845852 217.718995109644 628.68469199869548 -386.18935431549852 623.52784108066362 1443.4366608691096 0.89450159647333727 35.96634773677691 -163.82610983303013 290.00837887636123 -3602.9959289182989 -199.06268836973626
leaf_weight=27 45 21 21 20 27 30 102 28 34 27 20 31 37 79 28 21 83 23 100 22 115 25 27 54 1813 116 31 21 26 21
leaf_count=27 45 21 21 20 27 30 102 28 34 27 20 31 37 79 28 21 83 23 100 22 115 25 27 54 1813 116 31 21 26 21
internal_value=0.000252033 0.000291995 0.000238095 0.00027163 -0.000381727 -0.00227969 -0.00127706 -0.00455882 9.20247e-05 0.00151163 1.86265e-10 0.000539034 -0.00125 -0.00016129 -0.00355263 -0.000102041 0.000510765 0.000404762 0.00153179 0.000731707 0.00226027 0.000474242 -0.00269231 0.000555556 0.000459158 0.00244526 -0.0015 -0.00269231 -0.00464912 0.000310796
internal_weight=3075 3048 3003 2982 799 261 231 68 163 129 40 538 192 155 76 49 2183 2100 346 246 146 2077 52 2025 1971 137 100 78 57 1834
internal_count=3075 3048 3003 2982 799 261 231 68 163 129 40 538 192 155 76 49 2183 2100 346 246 146 2077 52 2025 1971 137 100 78 57 1834
is_linear=0
shrinkage=0.05


Tree=175
num_leaves=31
num_cat=0
split_feature=3 6 4 4 10 10 1 3 1 0 10 1 4 10 10 0 0 0 4 1 6 6 3 0 0 0 6 4 0 6
split_gain=0.297219 0.938588 0.676386 0.82963 0.442274 0.83921 0.536453 0.822857 0.62628 0.450956 0.429894 0.388615 0.829665 0.361579 0.430384 0.334239 0.570563 0.293301 0.256024 0.239136 0.742982 0.43271 0.518771 0.476077 0.530235 0.436226 0.591277 0.300638 0.723508 0.343331
threshold=413517.83500000002 133698.11710930648 428947.87321428576 395324.75696428574 224.50000000000003 167.50000000000003 544882.56500000006 1082063.2450000001 393562.90000000008 617625.81000000017 188.50000000000003 618973.59500000009 738330.17464285728 91.500000000000014 121.50000000000001 566263.16500000015 479004.31000000006 966850.47500000021 542050.73750000016 379833.14000000007 174070.62251378351 138723.34230673066 309686.23357142863 257982.52000000005 282461.83500000002 317020.21500000003 111103.17560738053 302112.58732142864 301331.57500000007 104009.62978997744
decision_type=2 2 2 2 2 2 2 2 2 2 2 2 2 2 2 2 2 2 2 2 2 2 2 2 2 2 2 2 2 2
left_child=15 2 3 -2 5 9 8 -8 -7 11 -5 13 -13 -3 -15 16 19 -6 -11 21 -21 22 27 -24 -25 -26 -27 29 -29 -1
right_child=1 4 -4 10 17 6 7 -9 -10 18 -12 12 -14 14 -16 -17 -18 -19 -20 20 -22 -23 23 24 25 26 -28 28 -30 -31
leaf_value=-0.28805153707636605 -283.09940123179342 1823.6031349621157 -614.34288208903001 -62.931320796068967 986.64992487809195 7.079591790514538 1498.0462141889113 -3176.1784123154703 -403.8213157314454 2228.4559230769428 1063.5994515076652 -1622.9337147220431 369.75297490107329 -315.20132636314224 766.67788618163718 -362.85886663985968 1869.5255885329673 -2007.2340877764943 234.3447183432269 668.09449511512969 -96.893342975340659 159.0431542912944 -336.87950215354095 998.84818775640258 -295.21509293050673 -77.860860477929691 107.25134668793362 -51.124549419093533 321.48165242183472 8.0516286287211418
leaf_weight=1704 30 40 22 28 74 23 50 20 35 45 26 38 22 24 29 23 60 20 204 190 20 74 29 24 25 29 49 23 21 69
leaf_count=1704 30 40 22 28 74 23 50 20 35 45 26 38 22 24 29 23 60 20 204 190 20 74 29 24 25 29 49 23 21 69
internal_value=-0.00014658 -0.0010274 -0.00537736 -0.00333333 -0.000288461 -0.000849056 -0.004375 -0.00142857 -0.00793103 0.000273632 0.000370371 -0.00186274 -0.005 0.000161291 -0.00254717 0.000128205 0.000187743 0.00287234 0.00158635 5.98141e-05 0.00166667 -0.000105032 -0.000245818 -0.00301282 -0.00169291 -0.00325243 -0.00141026 -8.25518e-06 -0.00409091 9.30628e-05
internal_weight=3070 730 106 84 624 530 128 70 58 402 54 153 60 93 53 2340 2317 94 249 2257 210 2047 1973 156 127 103 78 1817 44 1773
internal_count=3070 730 106 84 624 530 128 70 58 402 54 153 60 93 53 2340 2317 94 249 2257 210 2047 1973 156 127 103 78 1817 44 1773
is_linear=0
shrinkage=0.05


Tree=176
num_leaves=31
num_cat=0
split_feature=2 6 4 4 1 3 5 6 6 3 2 6 10 10 10 2 5 10 10 6 1 6 4 3 6 2 2 1 4 2
split_gain=0.329696 0.412204 0.613636 0.568182 0.476525 0.37845 0.736276 0.562246 1.46782 0.52108 0.364687 0.586359 0.953373 0.431658 1.43751 0.428785 0.754209 0.570927 0.376724 0.339292 0.542723 0.421086 0.450722 0.308219 0.285789 0.444673 0.589501 0.751886 0.451334 0.292541
threshold=1466779.4400000002 398738.94413311017 1099443.6676785718 1039200.7830357144 1121804.6600000001 413517.83500000002 118470.56287015569 135100.44332905117 120478.11991451381 483066.75000000006 479878.03000000009 172782.68422723815 190.50000000000003 201.50000000000003 224.50000000000003 974722.88500000013 292071.28661657387 41.500000000000007 120.50000000000001 211869.44353650193 449695.39500000008 143520.64543863767 405819.34464285715 399066.07000000001 127006.17951327014 378362.99000000005 329237.01500000007 321270.94000000006 299799.25750000012 304023.5500000001
decision_type=2 2 2 2 2 2 2 2 2 2 2 2 2 2 2 2 2 2 2 2 2 2 2 2 2 2 2 2 2 2
left_child=1 4 3 -3 5 19 7 8 -7 -9 13 12 -12 -8 -15 17 -17 -13 -19 20 21 22 23 24 25 26 29 28 -28 -1
right_child=-2 2 -4 -5 -6 6 10 9 -10 -11 11 15 -14 14 -16 16 -18 18 -20 -21 -22 -23 -24 -25 -26 -27 27 -29 -30 -31
leaf_value=-0.32080757408849675 4230.5120180361091 -831.10310111564854 -6930.8156457228361 1943.7511454041924 3433.0128705433813 1.6893527562500772 173.6593922262071 1667.8562393967195 -821.95596639104554 -504.0994706440656 -1086.0065340636863 -1683.3665722812493 406.43268044752534 -298.30603550432949 225.97963584382535 -5976.1604091446588 76.87364959223251 3681.8395001582257 -31.895688251060626 -105.39180084496348 1571.2958915650395 777.23673098380198 -493.96417052714588 424.08751009298589 -276.97130820205871 581.40326087999517 446.9060775992848 -232.59178369544034 -148.7761036710877 227.55530098282645
leaf_weight=1729 31 22 22 22 63 26 154 27 24 20 28 29 36 23 36 21 33 66 53 36 124 59 38 30 37 77 23 38 26 117
leaf_count=1729 31 22 22 22 63 26 154 27 24 20 28 29 36 23 36 21 33 66 53 36 124 59 38 30 37 77 23 38 26 117
internal_value=-0.000130293 -0.000182626 -0.00409091 -0.000681818 -9.58626e-05 -0.000189003 -0.00133681 -0.00530928 -0.009 -0.00138298 -0.000532359 -0.00176692 -0.0059375 0.00100939 -0.00262712 -0.000445544 -0.00425926 0.000945946 0.00247899 9.4259e-05 0.000169713 -1.37993e-05 -0.000130023 -3.1295e-05 -0.000105032 -2.48754e-05 -0.000173306 -0.0041954 -0.000102041 1.62515e-05
internal_weight=3070 3039 66 44 2973 2910 576 97 50 47 479 266 64 213 59 202 54 148 119 2334 2298 2174 2115 2077 2047 2010 1933 87 49 1846
internal_count=3070 3039 66 44 2973 2910 576 97 50 47 479 266 64 213 59 202 54 148 119 2334 2298 2174 2115 2077 2047 2010 1933 87 49 1846
is_linear=0
shrinkage=0.05


Tree=177
num_leaves=31
num_cat=0
split_feature=3 3 1 1 3 6 6 1 7 1 0 0 0 10 1 0 10 4 4 0 6 1 6 10 10 0 10 0 0 1
split_gain=0.3269 0.338096 0.69716 0.396466 0.251251 0.670763 0.508762 0.654545 0.489554 0.453757 0.407693 0.408822 0.353932 0.792516 0.519276 0.577778 0.650531 0.516435 0.444444 0.334225 0.369398 0.291753 0.268451 0.213409 0.500901 0.350827 0.310908 0.230067 0.28826 0.516868
threshold=1206016.0507142858 1120377.0121428573 1391885.1650000003 1121804.6600000001 409974.92000000004 133698.11710930648 121145.85760887423 524288.31500000006 3.5000000000000004 371602.00500000006 566263.16500000015 479004.31000000006 617625.81000000017 224.50000000000003 393562.90000000008 357901.85000000003 178.50000000000003 515721.64607142861 504162.04714285716 1074964.1100000001 371329.70067227964 772552.72500000009 170736.09711433004 41.500000000000007 46.500000000000007 72540.895000000004 44.500000000000007 72540.895000000004 92436.835000000006 91147.715000000011
decision_type=2 2 2 2 2 2 2 2 2 2 2 2 2 2 2 2 2 2 2 2 2 2 2 2 2 2 2 2 2 2
left_child=1 2 3 4 10 6 9 8 -8 -6 11 23 13 14 -7 18 17 22 -16 21 -21 -14 -17 25 26 -1 -25 -26 29 -29
right_child=-2 -3 -4 -5 5 12 7 -9 -10 -11 -12 -13 19 -15 15 16 -18 -19 -20 20 -22 -23 -24 24 27 -27 -28 28 -30 -31
leaf_value=-11.478214625837705 -1470.5692929691872 3109.38833590379 -867.84113128270258 5544.9461350184993 -1097.9363338115331 312.56951039072555 -569.40394207054544 1449.1311045218897 -34.463432859142294 475.20555922705529 -427.23067979003622 1774.8877618748593 1681.3783039036557 1067.3537067256598 -581.26759601211631 1617.8925749762989 -308.14955624250319 -2160.3592598744758 1069.347747984825 -1372.231725170999 2950.321743841816 -219.92596395366715 -169.6544934004485 -45.714833056188027 315.09808597562892 13.826097581552446 -24.859045121828846 1.0511406356396102 0.1066025536231632 -5.1545417694558608
leaf_weight=27 35 49 21 37 21 55 21 20 23 37 21 60 114 52 20 26 32 38 25 26 20 63 21 29 22 288 20 76 1670 101
leaf_count=27 35 49 21 37 21 55 21 20 23 37 21 60 114 52 20 26 32 38 25 26 20 63 21 29 22 288 20 76 1670 101
internal_value=-0.00019544 -0.000140033 -0.000207635 -0.000143339 -0.000208333 -0.00110749 -0.00442623 -0.0075 -0.0109091 -0.00103448 3.02508e-05 9.37638e-05 -0.000284553 -0.00150558 -0.0028341 -0.00425926 -0.00611111 -0.00382353 0.000555556 0.00118834 -0.0026087 0.00217514 -0.000319149 -1.56738e-05 -0.000213764 0.00119048 -0.00520408 -8.29319e-05 -0.000143476 -0.00206215
internal_weight=3070 3035 2986 2965 2928 614 122 64 44 58 2314 2293 492 269 217 162 117 85 45 223 46 177 47 2233 1918 315 49 1869 1847 177
internal_count=3070 3035 2986 2965 2928 614 122 64 44 58 2314 2293 492 269 217 162 117 85 45 223 46 177 47 2233 1918 315 49 1869 1847 177
is_linear=0
shrinkage=0.05


Tree=178
num_leaves=31
num_cat=0
split_feature=3 3 6 6 3 6 3 4 10 10 10 4 0 7 5 5 10 10 5 4 0 7 10 0 10 5 4 10 5 7
split_gain=0.331348 0.33271 0.236594 0.378138 0.398551 0.521263 0.496032 0.4 0.304767 0.622454 0.949842 0.440705 0.308767 0.520451 0.604129 1.07638 0.613644 1.09547 0.442735 0.395281 0.274203 0.266516 0.238421 0.21 0.497661 0.314489 0.813559 0.523533 0.494924 0.878431
threshold=1206016.0507142858 1120377.0121428573 122313.35513916756 131447.28535472744 413517.83500000002 128037.85784872471 369276.96000000002 405819.34464285715 78.500000000000014 98.500000000000014 90.500000000000014 522101.09410714294 347663.93000000005 1.5000000000000002 120328.82646153282 100306.84126849746 187.50000000000003 220.50000000000003 196761.01495935125 498242.98232142866 473850.27500000008 1.0000000180025095e-35 134.50000000000003 97677.235000000015 239.50000000000003 40204.572716459974 92458.67410714287 141.50000000000003 48174.393479078251 3.5000000000000004
decision_type=2 2 2 2 2 2 2 2 2 2 2 2 2 2 2 2 2 2 2 2 2 2 2 2 2 2 2 2 2 2
left_child=1 2 20 4 5 6 -4 -6 21 10 11 -10 -11 22 15 -15 -16 18 -18 -19 23 -5 -14 24 25 26 -1 -28 -27 -30
right_child=-2 -3 3 8 7 -7 -8 -9 9 12 -12 -13 13 14 16 -17 17 19 -20 -21 -22 -23 -24 -25 -26 28 27 -29 29 -31
leaf_value=-0.53351400733556642 -1397.040828320728 2953.918919108602 -365.54732818240132 -546.36013439213309 -212.97295630861458 -635.0019139129048 648.58205953275274 -62.146812382168164 5107.9023965782653 418.460667805512 -659.80819191688158 -2175.4691307602366 -50.553853698921003 147.8324924919358 697.95801768815522 -396.34218176208611 -1343.4545936364684 777.84382702826497 -22.316654582724667 -248.75653143413697 150.13554911533475 1157.9545981789229 886.45820157293531 0.98506848702843774 22.937439864294387 16.688976535575719 -20.288688907765749 -86.354889478970236 -4.6382505774125153 364.89392945930638
leaf_weight=177 35 49 28 24 20 29 35 20 22 127 38 26 28 27 104 22 23 38 21 20 62 134 83 1684 31 53 38 21 30 21
leaf_count=177 35 49 28 24 20 29 35 20 22 127 38 26 28 27 104 22 23 38 21 20 62 134 83 1684 31 53 38 21 30 21
internal_value=-0.000162866 -0.000107084 -0.000174146 -0.000868815 -0.00333333 -0.00152174 0.00103175 -0.0075 -0.000427408 -0.000958549 -0.00488372 -0.000208333 -0.000273833 -0.00101093 -0.0022549 -0.0072449 -0.00106796 -0.00382353 -0.00977273 0.000689655 0.000111006 0.00151899 0.00184685 1.21656e-05 -0.00106469 -0.00161765 -0.00262712 -0.00771186 0.000673077 -0.00284314
internal_weight=3070 3035 2986 869 132 92 63 40 737 579 86 48 493 366 255 49 206 102 44 58 2117 158 111 2055 371 340 236 59 104 51
internal_count=3070 3035 2986 869 132 92 63 40 737 579 86 48 493 366 255 49 206 102 44 58 2117 158 111 2055 371 340 236 59 104 51
is_linear=0
shrinkage=0.05


Tree=179
num_leaves=31
num_cat=0
split_feature=6 3 1 1 5 4 4 6 3 5 10 2 1 5 5 5 4 2 10 10 2 7 7 7 5 5 5 3 3 1
split_gain=0.242297 0.426583 0.303152 0.231233 0.213251 0.518574 0.27339 0.33915 0.217094 0.638208 0.400951 0.374843 0.291558 0.542614 0.348162 0.697072 0.245354 0.240324 0.29568 0.444733 0.849432 0.712516 0.32594 0.238991 0.251924 0.222224 0.486414 0.479618 0.627451 0.537228
threshold=424678.58466219017 1120377.0121428573 1340411.5150000004 1170112.9500000002 423354.85599922697 1061388.8887500002 881080.39964285726 367043.57300942176 413517.83500000002 92947.605091194229 32.500000000000007 235267.88000000003 379833.14000000007 144382.88999112198 144382.88999112198 135241.27525234167 400155.21071428579 369476.97500000003 110.50000000000001 236.50000000000003 516985.39500000008 2.5000000000000004 3.5000000000000004 4.5000000000000009 173007.1862001144 34741.368890882528 8278.0665702847164 133861.51714285716 135208.22785714289 100706.99000000001
decision_type=2 2 2 2 2 2 2 2 2 2 2 2 2 2 2 2 2 2 2 2 2 2 2 2 2 2 2 2 2 2
left_child=1 2 3 4 5 6 7 8 12 -10 -11 -12 14 -14 15 25 -15 -13 23 20 21 -20 -22 24 -19 26 27 29 -29 -1
right_child=-2 -3 -4 -5 -6 -7 -8 -9 9 10 11 17 13 16 -16 -17 -18 18 19 -21 22 -23 -24 -25 -26 -27 -28 28 -30 -31
leaf_value=-0.69330523186250026 -3917.1474572854991 1862.5198373424982 -650.61843430925012 4858.4780981284466 3156.3841630634056 -2950.7372249635891 1295.493532690296 -1057.7968251668624 -1161.9699969146022 -3020.0046518878248 -62.666505567531068 88.418014230807586 639.68728533963383 13.898810903353164 997.23726792011848 -271.86330188155932 -2396.9890828375851 -86.030970767000809 -928.366687380705 715.34367939342326 503.57791600824771 -88.687047604096122 -1298.0848059397917 3374.830472193687 918.4330676458045 -2.6384087606154232 10.090090928297377 -31.819803140682151 -0.056719531740437305 80.794042447814206
leaf_weight=167 25 75 23 22 20 24 43 22 36 20 34 95 202 21 50 21 20 29 20 34 60 46 35 35 40 1057 705 24 27 38
leaf_count=167 25 75 23 22 20 24 43 22 36 20 34 95 202 21 50 21 20 29 20 34 60 46 35 35 40 1057 705 24 27 38
internal_value=-9.77197e-05 -5.74711e-05 -0.000151515 -0.000106888 -0.000145299 -0.000180723 -0.00011975 -0.000179704 -0.000131392 -0.00109504 -0.000580357 -0.000257009 6.86108e-05 0.00170782 -0.000122068 -0.000223148 -0.00353659 0.000177665 -0.000518394 -0.00166667 -0.00276397 -0.00712121 0.000263158 0.00163462 -7.24636e-05 -0.00012884 0.000421436 -0.00144531 -0.00578431 -0.000365853
internal_weight=3070 3045 2970 2947 2925 2905 2881 2838 2816 484 448 428 2332 243 2089 2039 41 394 299 195 161 66 95 104 69 2018 961 256 51 205
internal_count=3070 3045 2970 2947 2925 2905 2881 2838 2816 484 448 428 2332 243 2089 2039 41 394 299 195 161 66 95 104 69 2018 961 256 51 205
is_linear=0
shrinkage=0.05


Tree=180
num_leaves=31
num_cat=0
split_feature=6 5 7 2 10 2 10 10 1 3 5 1 5 6 0 1 1 2 6 10 10 7 5 5 5 7 3 2 2 1
split_gain=0.321461 0.513235 0.808218 0.536845 0.382615 1.08 0.994725 0.788479 0.33818 0.321307 0.604725 0.501426 0.566667 0.297565 0.292478 0.92001 0.323953 0.954545 0.355495 0.298134 0.752641 0.601285 0.764819 0.450446 0.414228 0.324566 0.546024 0.307091 0.671417 0.773986
threshold=127006.17951327014 127358.78526881667 1.0000000180025095e-35 263193.62500000006 160.50000000000003 524753.90000000014 114.50000000000001 82.500000000000014 416123.95000000001 444401.80285714293 171267.9743014519 302096.73000000004 149492.29939356982 143520.64543863767 395669.96500000003 238943.76000000004 355233.51000000007 326119.78000000009 105353.96731620337 136.50000000000003 143.50000000000003 1.0000000180025095e-35 48990.531681823901 50134.18121885624 12432.449122995948 5.5000000000000009 120660.18285714286 94883.685000000012 89783.920000000013 94325.000000000015
decision_type=2 2 2 2 2 2 2 2 2 2 2 2 2 2 2 2 2 2 2 2 2 2 2 2 2 2 2 2 2 2
left_child=8 2 -2 -4 6 -6 7 -5 14 11 -11 -3 -13 -14 16 -16 18 -18 19 25 23 22 24 -21 -22 -1 -27 28 -23 -30
right_child=1 9 3 4 5 -7 -8 -9 -10 10 -12 12 13 -15 15 -17 17 -19 -20 20 21 27 -24 -25 -26 26 -28 -29 29 -31
leaf_value=4.8501118819325413 1427.0150005001956 1088.691025322287 108.42142572838605 2.4764214796724158 -627.57421013759893 1194.0721858084632 96.168108274823823 -1393.0366571496857 1058.7236031422758 755.73727420799537 -30.527156329729706 744.59001014674629 -1732.938859334814 -415.56687027052305 -285.47365689388863 116.57090879628083 291.42051457783089 -83.032645246536546 22.528098650531824 -0.54070709946263573 -18.406059682953764 1.289391983044692 -473.95647610895503 -34.173090427069802 22.092251471770226 -23.269448639447486 35.853637801526823 6.7210075493730486 -4.1939442704332413 1.1025806356239829
leaf_weight=794 28 39 31 23 30 20 39 26 156 118 423 34 20 31 26 86 21 33 116 34 27 78 25 21 56 28 89 573 22 21
leaf_count=794 28 39 31 23 30 20 39 26 156 118 423 34 20 31 26 86 21 33 116 34 27 78 25 21 56 28 89 573 22 21
internal_value=0.000192308 -0.00062645 -0.00286802 -0.0041716 -0.00550725 -0.009 -0.00352273 -0.00826531 0.00051224 3.75942e-05 0.000563771 -0.00225806 -0.00441176 -0.0077451 0.000341464 -0.00214286 0.000485036 -0.00333333 0.00059448 0.000418552 -0.000250875 0.000137157 -0.00333333 -0.00590909 -0.0010241 0.0010483 -0.00141026 0.000677234 -0.00161157 -0.00662791
internal_weight=3068 862 197 169 138 50 88 49 2206 665 541 124 85 51 2050 112 1938 54 1884 1768 857 802 108 55 83 911 117 694 121 43
internal_count=3068 862 197 169 138 50 88 49 2206 665 541 124 85 51 2050 112 1938 54 1884 1768 857 802 108 55 83 911 117 694 121 43
is_linear=0
shrinkage=0.05


Tree=181
num_leaves=31
num_cat=1
split_feature=11 6 2 2 1 0 1 0 0 6 5 2 6 10 7 2 3 6 0 6 6 3 5 0 0 10 1 10 3 10
split_gain=0.285607 0.521236 0.696237 0.448723 0.901627 0.625 0.434196 0.357581 0.433653 0.339883 0.772864 0.518726 0.606886 0.725452 0.533017 0.693569 0.391502 0.569164 0.29568 0.295182 0.343242 0.329255 0.232608 0.229918 0.434287 0.492574 0.904739 0.57237 0.403994 0.30422
threshold=0 376970.88855045469 390857.35000000003 326119.78000000009 355233.51000000007 416304.46500000003 330995.43000000011 390224.83000000002 453330.6750000001 275537.99546421139 285611.02608859289 471632.68500000011 136501.98635866327 188.50000000000003 3.5000000000000004 672052.88000000012 1206016.0507142858 371329.70067227964 262709.99500000005 114019.63656086488 122313.35513916756 460756.10428571433 171267.9743014519 92436.835000000006 82858.37000000001 147.50000000000003 92933.49500000001 230.50000000000003 91599.966428571453 188.50000000000003
decision_type=1 2 2 2 2 2 2 2 2 2 2 2 2 2 2 2 2 2 2 2 2 2 2 2 2 2 2 2 2 2
left_child=9 2 3 6 -5 -6 7 23 -9 10 11 19 13 -13 22 -16 -11 -18 -4 -1 -21 -22 -14 24 -2 26 28 -27 -26 -25
right_child=1 -3 18 4 5 -7 -8 8 -10 16 -12 12 14 -15 15 -17 17 -19 -20 20 21 -23 -24 29 25 27 -28 -29 -30 -31
leaf_value=-325.38548048705758 8.4501999268000709 -781.02875973256585 -132.30274693622209 30.946438952464987 -214.20124716129655 -183.74285102693648 270.98929062730127 -95.708310098806919 60.035591780289657 683.15001893277326 -1961.5709763504999 -272.01672082880367 1134.8531659976745 -157.52739227564291 -305.39788412863953 -2457.074652778816 6223.7700757098974 -4831.5231456189831 1555.5330020557467 1638.6760316625955 -63.902939732695884 614.57661090745728 -37.134243567521601 3.5826747837097397 3.0573372865255259 3.7485927719585437 -42.560735002614813 -3.509774159447173 -7.052918040993025 -2.0090645562987497
leaf_weight=26 123 20 21 94 20 20 91 21 23 218 23 28 56 30 47 20 20 21 174 63 151 70 55 1058 27 44 33 23 23 425
leaf_count=26 123 20 21 94 20 20 91 21 23 218 23 28 56 30 47 20 20 21 174 63 151 70 55 1058 27 44 33 23 23 425
internal_value=0.0002412 0.000533334 0.000608108 0.000333334 -0.00246269 -0.00875 0.000531465 0.000361111 -0.00409091 -0.000548926 -0.00123902 -0.000860806 -0.00262712 -0.00706897 -0.00117978 -0.00470149 0.000945946 -0.00353659 0.00346154 0.000483871 0.000950704 2.26246e-05 0.000945946 0.000472665 -0.000860806 -0.00266667 -0.00524096 0.000522388 -0.001 0.000718139
internal_weight=3068 2240 2220 2025 134 40 1891 1800 44 828 569 546 236 58 178 67 259 41 195 310 284 221 111 1756 273 150 83 67 50 1483
internal_count=3068 2240 2220 2025 134 40 1891 1800 44 828 569 546 236 58 178 67 259 41 195 310 284 221 111 1756 273 150 83 67 50 1483
cat_boundaries=0 1
cat_threshold=4
is_linear=0
shrinkage=0.05


Tree=182
num_leaves=31
num_cat=0
split_feature=5 5 0 0 2 1 2 1 3 0 1 2 7 4 1 10 3 10 0 0 0 0 10 1 10 7 2 3 2 3
split_gain=0.477121 0.397185 0.345312 1.63732 0.451966 0.472122 0.595828 1.14603 0.462875 0.411915 0.671314 0.865036 0.535185 0.439483 0.409438 0.748768 0.366449 0.361877 0.545896 1.13577 0.945614 0.496827 0.446789 0.467154 0.468406 0.684389 0.672677 0.334091 0.314593 0.303334
threshold=64480.660948386096 67453.735831204875 152310.35000000003 163833.70500000005 192197.14500000005 424970.04000000004 553620.76000000013 304223.69000000006 371355.62642857147 203691.06500000003 245193.81000000003 214222.48500000002 3.5000000000000004 222408.70160714287 375168.83000000002 217.50000000000003 371355.62642857147 210.50000000000003 566263.16500000015 350831.96500000008 390224.83000000002 523564.02500000008 148.50000000000003 772552.72500000009 58.500000000000007 4.5000000000000009 1170112.9500000002 218478.17785714287 342665.44500000001 429899.63785714289
decision_type=2 2 2 2 2 2 2 2 2 2 2 2 2 2 2 2 2 2 2 2 2 2 2 2 2 2 2 2 2 2
left_child=-1 -2 -3 -4 -5 6 9 -8 -7 -6 11 -11 16 27 -15 28 -13 18 19 -10 -21 29 23 -20 -25 26 -26 -12 -16 -22
right_child=1 2 3 4 5 8 7 -9 17 10 13 12 -14 14 15 -17 -18 -19 22 20 21 -23 -24 24 25 -27 -28 -29 -30 -31
leaf_value=1.6292130274640713 -115.06759520386943 94.532782403130739 -466.3321163418521 18.944207928922996 136.00161629916971 1822.9284702479029 65.504070189293941 -639.33135762181814 607.25845072748245 -156.58206769175325 264.57988816573135 22.762542832234782 -230.9369881883411 61.907347360798205 -37.983978432778457 -653.92515803603635 -125.47493147537233 208.53613767026124 1731.1495353896321 -2689.8394884640857 2203.8850439093458 -955.85178975670499 4451.5348352752435 602.58311164968484 1519.5032360914602 -3250.8065658309406 -5027.4873257365662 -280.59497846482083 482.18666201541549 -187.24219477139408
leaf_weight=1473 32 75 29 126 66 69 28 35 59 21 24 34 36 266 20 27 20 130 83 20 36 38 69 47 44 20 21 20 42 58
leaf_count=1473 32 75 29 126 66 69 28 35 59 21 24 34 36 266 20 27 20 130 83 20 36 38 69 47 44 20 21 20 42 58
internal_value=0.000176011 -0.000423197 -0.000310301 -0.00047715 -0.000243317 -0.000513878 -0.00149452 -0.00611111 0.000389049 -0.000989583 -0.00147059 -0.00490991 -0.00277778 -0.000513784 7.04227e-05 -0.00286517 0.000370371 -3.99998e-05 -0.000656565 -0.00258294 -0.00486842 -0.00333333 0.000774648 -0.000348837 -0.00219697 -0.00441176 -0.00192308 -0.00522727 0.000161291 -0.00138298
internal_weight=3068 1595 1563 1488 1459 1333 639 63 694 576 510 111 90 399 355 89 54 625 495 211 152 132 284 215 132 85 65 44 62 94
internal_count=3068 1595 1563 1488 1459 1333 639 63 694 576 510 111 90 399 355 89 54 625 495 211 152 132 284 215 132 85 65 44 62 94
is_linear=0
shrinkage=0.05


Tree=183
num_leaves=31
num_cat=0
split_feature=5 5 1 1 2 10 7 4 4 2 2 3 4 2 3 10 5 2 3 3 5 7 3 1 1 2 2 1 7 6
split_gain=0.266055 0.345505 0.308667 0.440056 0.706414 0.698186 0.42064 0.348 0.899144 0.548592 0.672527 0.345563 0.307808 0.285602 0.282928 0.486647 0.645088 0.554113 0.35857 0.647239 0.263461 0.524209 0.314103 0.358209 0.53631 0.307143 0.306801 0.614785 1.03059 0.288126
threshold=64480.660948386096 66865.457558682814 424970.04000000004 375168.83000000002 491074.49500000005 217.50000000000003 2.5000000000000004 217614.23589285716 213538.04071428571 258572.09500000003 281386.79500000004 415664.4707142858 498242.98232142866 338602.64000000007 393750.56428571435 192.50000000000003 121332.18348206226 193901.95500000005 225722.15785714288 214445.65142857147 8877.8221596653002 5.5000000000000009 90372.626428571457 132956.40500000003 124960.78500000002 145611.20000000004 87111.185000000012 98692.750000000015 3.5000000000000004 11778.350834494229
decision_type=2 2 2 2 2 2 2 2 2 2 2 2 2 2 2 2 2 2 2 2 2 2 2 2 2 2 2 2 2 2
left_child=20 -2 3 6 5 13 12 8 -8 -9 -11 -12 14 -5 15 16 18 -17 19 -3 21 22 -1 24 26 -25 -24 28 -28 -22
right_child=1 2 -4 4 -6 -7 7 9 -10 10 11 -13 -14 -15 -16 17 -18 -19 -20 -21 29 -23 23 25 -26 -27 27 -29 -30 -31
leaf_value=4.0878866859461302 -109.31421702618118 74.297762131439214 53.762368971313947 -21.096979849180904 -1474.3990074718877 -650.46852208301993 310.02808647081429 172.75561056653942 -316.74913537650644 -171.81788563297107 -4.1557542668027736 1221.416144359089 -409.16341756443973 1095.1859602273164 56.959783789416591 3.8994581599366782 -203.75119656969977 -317.95911027633963 46.705385585879696 -21.098134381862515 29.421101121558451 -31.213320003146375 5.138781894038253 54.49836561621899 -35.622941324981056 -1.5111103992962853 -3.4911874947259443 21.774353113013206 4.9630524417759894 2.5166782649901438
leaf_weight=48 22 28 722 25 25 26 29 149 28 28 145 56 25 41 52 21 22 33 85 33 142 42 33 43 21 20 30 32 29 1033
leaf_count=48 22 28 722 25 25 26 29 149 28 28 145 56 25 41 52 21 22 33 85 33 142 42 33 43 21 20 30 32 29 1033
internal_value=0.000306389 -0.000141066 -5.40367e-05 -0.000699177 -0.00354701 -0.00152174 -0.000245231 0.000747127 -0.00289474 0.0012963 -0.000240174 0.000771144 -0.00168896 0.00121212 -0.00120438 -0.00198198 -0.000654762 -0.00611111 0.000547945 -0.00237705 0.000790903 -0.000536913 0.0003125 -0.000528846 -0.00189655 0.00261905 -0.000645161 -0.00214286 -0.00516949 0.00112766
internal_weight=3068 1595 1573 851 117 92 734 435 57 378 229 201 299 66 274 222 168 54 146 61 1473 298 256 208 145 63 124 91 59 1175
internal_count=3068 1595 1573 851 117 92 734 435 57 378 229 201 299 66 274 222 168 54 146 61 1473 298 256 208 145 63 124 91 59 1175
is_linear=0
shrinkage=0.05


Tree=184
num_leaves=31
num_cat=0
split_feature=10 10 1 3 0 2 2 3 10 0 10 10 1 2 2 3 5 0 2 1 4 0 2 0 4 3 0 1 2 1
split_gain=0.219478 0.352662 0.256918 0.254225 0.31518 0.186816 0.43877 1.01978 0.731246 0.805713 0.260242 0.741664 0.282865 0.200537 0.409335 0.447819 0.398466 0.710673 0.34528 0.423307 0.502648 0.306781 0.373705 0.231219 0.369301 0.246221 0.284678 0.777891 0.57152 0.382163
threshold=255.50000000000003 246.50000000000003 420491.74500000005 292565.95071428578 149575.01500000004 88960.73000000001 94883.685000000012 90966.385000000024 69.500000000000014 94883.685000000012 128.50000000000003 169.50000000000003 69474.885000000009 96982.175000000003 112400.12000000001 127215.62214285716 37281.008952082018 86269.435000000012 167756.79000000001 155206.84000000003 218950.02750000005 146575.25500000003 147200.40000000002 121806.11500000001 123252.52321428573 128882.97285714287 169247.40000000002 165720.92000000001 219832.47500000003 178686.035
decision_type=2 2 2 2 2 2 2 2 2 2 2 2 2 2 2 2 2 2 2 2 2 2 2 2 2 2 2 2 2 2
left_child=1 5 3 4 -2 10 7 -7 -9 -10 12 -12 -1 -8 15 16 17 -15 19 20 21 22 -16 -20 -25 -26 27 -27 -29 -28
right_child=2 -3 -4 -5 -6 6 13 8 9 -11 11 -13 -14 14 18 -17 -18 -19 23 -21 -22 -23 -24 24 25 26 29 28 -30 -31
leaf_value=-3.9757003264489281 2.6722078956474871 78.172507713197092 -467.731614268187 301.22519664855383 -529.79903984158886 1.4139973260309417 11.817545630782256 15.280150946585948 -47.237509654510092 -2.5146827523057045 -7.5964593445598387 8.8771115739285307 24.123270288631712 -120.25146048027275 2.3030101469989996 -102.81803580659349 51.305860766862601 29.44448570059895 147.03546740839798 160.15501685259414 -1.8217849395641001 20.510788888359549 -61.623406225946262 -32.380707140293367 233.02558425927802 -61.42586013090088 167.0533953387374 59.926301229183025 -252.66308803255444 -0.49891239725744951
leaf_weight=22 33 110 27 29 20 28 41 24 20 27 38 46 95 23 256 26 32 29 41 155 21 81 30 28 25 27 105 70 26 1533
leaf_count=22 33 110 27 29 20 28 41 24 20 27 38 46 95 23 256 26 32 29 41 155 21 81 30 28 25 27 105 70 26 1533
internal_value=0.000322686 0.000403853 -0.00188073 -0.000487805 -0.00254717 0.000296595 0.000185045 -0.00308081 -0.00626761 -0.00989362 0.00176617 -0.000357143 0.0032906 0.000311887 0.000255184 -0.00272727 -0.000952381 -0.00365385 0.000391994 0.00150092 0.000618557 0.00104905 0.00027972 6.73856e-05 -1.65379e-05 7.27885e-05 2.83948e-06 -0.00231707 -0.000208333 0.000177045
internal_weight=3068 2959 109 82 53 2849 2648 99 71 47 201 84 117 2549 2508 110 84 52 2398 543 388 367 286 1855 1814 1786 1761 123 96 1638
internal_count=3068 2959 109 82 53 2849 2648 99 71 47 201 84 117 2549 2508 110 84 52 2398 543 388 367 286 1855 1814 1786 1761 123 96 1638
is_linear=0
shrinkage=0.05


Tree=185
num_leaves=31
num_cat=0
split_feature=5 4 6 10 3 3 5 3 0 6 0 5 10 4 5 6 4 4 0 6 10 4 3 10 4 3 3 4 7 10
split_gain=0.365431 0.554897 0.560524 0.591711 0.648422 0.560431 0.660388 0.506131 0.582019 0.63026 0.499781 0.568887 0.483117 0.65282 0.589656 0.677694 0.587194 0.423903 0.689954 0.394975 0.387596 1.363 0.371137 0.535733 0.365266 0.399363 1.05572 0.563064 0.358605 0.34386
threshold=9035.634615971554 300563.96125000011 174070.62251378351 249.50000000000003 403279.36928571435 352271.63285714295 109219.79393550634 90806.161428571446 85521.315000000017 7663.6078342185829 282461.83500000002 20431.333941662022 186.50000000000003 404276.63994709001 164836.42297550617 125262.425585351 506212.04999999999 91832.317678571446 95475.250000000015 128585.338348404 207.50000000000003 389411.87053571432 132400.2035714286 196.50000000000003 289036.66803571436 224232.83928571432 226609.01785714287 229007.83250000005 2.5000000000000004 132.50000000000003
decision_type=2 2 2 2 2 2 2 2 2 2 2 2 2 2 2 2 2 2 2 2 2 2 2 2 2 2 2 2 2 2
left_child=7 24 3 4 5 6 10 -1 -9 17 -3 -12 14 -14 15 -6 -15 -10 -19 20 29 -22 -11 -24 25 -2 -27 -28 -13 -7
right_child=1 2 -4 -5 12 19 -8 8 9 22 11 28 13 16 -16 -17 -18 18 -20 -21 21 -23 23 -25 -26 26 27 -29 -30 -31
leaf_value=1.6208850557923686 4.0501757433325007 297.42942239263334 49.486409628904887 571.41796603883836 -371.4058698544909 -37.151406057700584 -188.39331028542205 46.277591939355318 -0.80857762527175758 11.408021408849994 -75.725832226444069 -133.38795593975652 -217.5694902709524 -95.432342403253372 -282.12806920281122 1201.3964977853959 -328.14469341424899 -44.393476695968857 -2.6468777935450163 1153.2692014902298 351.1742764423833 -663.32153555947252 -0.76567677411250834 -20.409361546149629 42.678225490999417 -566.44949551391812 258.13286672777542 -98.819766179424732 278.49111301752475 913.74048187852429
leaf_weight=78 1153 27 488 70 41 57 46 21 26 29 30 20 24 64 20 81 21 20 21 79 30 26 64 34 277 24 47 45 33 38
leaf_count=78 1153 27 488 70 41 57 46 21 26 29 30 20 24 64 20 81 21 20 21 79 30 26 64 34 277 24 47 45 33 38
internal_value=2.3072e-05 0.000202481 -0.000606694 -0.00150636 -0.00198587 -0.000699482 -0.00301282 -0.00165529 -0.00290698 -0.00376289 -0.000909091 -0.00283133 -0.00396414 -0.00646789 -0.00204225 -0.000737705 -0.00441176 -0.00768657 -0.0108537 0.000869565 -0.000629139 -0.00392857 -0.00169291 -0.00316327 0.000827943 0.000468873 -0.00232759 0.000108696 0.000283019 0.00131579
internal_weight=3034 2741 1195 707 637 386 156 293 215 194 110 83 251 109 142 122 85 67 41 230 151 56 127 98 1546 1269 116 92 53 95
internal_count=3034 2741 1195 707 637 386 156 293 215 194 110 83 251 109 142 122 85 67 41 230 151 56 127 98 1546 1269 116 92 53 95
is_linear=0
shrinkage=0.05


Tree=186
num_leaves=31
num_cat=0
split_feature=4 5 4 6 4 3 10 4 2 3 4 2 4 2 3 2 10 6 10 10 2 2 2 5 1 4 5 3 1 2
split_gain=0.390286 1.155 0.385485 0.383612 0.545351 0.439829 0.465713 0.354483 0.334374 0.342918 0.659679 1.35256 0.473485 0.397554 0.354292 1.02585 0.521199 0.550323 0.309113 0.54902 0.333333 0.305311 0.298423 0.418683 0.307697 0.297428 0.276952 0.529896 0.483469 1.03957
threshold=300000.32001322758 16695.964744711473 295542.02053571434 174070.62251378351 513273.52767857147 299181.59500000003 37.500000000000007 301347.3733928572 230193.30500000002 413517.83500000002 405819.34464285715 471632.68500000011 394689.6166071429 579120.67000000004 352271.63285714295 342665.44500000001 194.50000000000003 120478.11991451381 170.50000000000003 209.50000000000003 443407.32000000007 427250.85500000004 475497.74000000005 117345.10548469776 552618.79500000004 412390.29964285716 391598.77079542173 1082063.2450000001 801519.06500000006 777059.90500000014
decision_type=2 2 2 2 2 2 2 2 2 2 2 2 2 2 2 2 2 2 2 2 2 2 2 2 2 2 2 2 2 2
left_child=2 -2 -1 4 5 -3 -7 -8 -9 14 11 12 -11 18 15 -10 25 21 -12 -20 -21 -18 -5 -24 -25 -16 27 28 29 -26
right_child=1 3 -4 22 -6 6 7 8 9 10 13 -13 -14 -15 16 -17 17 -19 19 20 -22 -23 23 24 26 -27 -28 -29 -30 -31
leaf_value=0.48756232989067555 -80.874902497636853 74.795711003616219 106.78334826140122 90.07413719718231 -125.57389345934007 -241.45162148980558 -92.463185567429051 1642.2155245859831 96.160757722507356 436.22868226824124 3054.4901598488068 -790.64563155988969 -673.0143735504538 2215.7788374049883 451.43490741044565 -280.77961960794278 -230.60198765814508 181.8803753535982 -564.90034991708978 -52.307024577042093 1700.7198901569654 -9.2426281063861282 -591.60602278219437 2454.8609537546085 1926.3182872334016 -36.176328877249027 1506.1760047081359 -3092.3142541290358 223.58613093780315 -3752.3133836034995
leaf_weight=1657 20 59 150 132 32 45 26 41 38 24 25 20 20 26 113 30 24 69 34 30 20 23 21 65 29 20 73 45 93 30
leaf_count=1657 20 59 150 132 32 45 26 41 38 24 25 20 20 26 113 30 24 69 34 30 20 23 21 65 29 20 73 45 93 30
internal_value=0.000105472 -0.000582722 0.000572773 -0.000385252 -0.00111961 -0.000822416 -0.00121019 -0.000831904 -0.000565529 -0.000910853 -0.00253769 -0.00671875 -0.00181818 -0.000555555 0.00011041 -0.00308824 0.000983936 -0.00146552 -0.00188073 -0.00333333 1.86265e-10 -0.0056383 0.000696721 -5.61796e-05 0.000373135 0.0031203 -0.00037037 -0.00134518 6.57897e-05 -0.00347458
internal_weight=3034 1227 1807 1207 719 687 628 583 557 516 199 64 44 135 317 68 249 116 109 84 50 47 488 356 335 133 270 197 152 59
internal_count=3034 1227 1807 1207 719 687 628 583 557 516 199 64 44 135 317 68 249 116 109 84 50 47 488 356 335 133 270 197 152 59
is_linear=0
shrinkage=0.05


Tree=187
num_leaves=31
num_cat=1
split_feature=4 5 7 1 2 11 2 0 6 4 2 0 0 1 5 1 0 5 0 1 10 6 10 4 4 1 1 2 7 1
split_gain=0.482838 0.906258 0.543057 0.505575 0.621468 0.60156 0.736843 1.6307 0.608807 0.699592 0.493226 0.534796 0.469959 0.507692 0.411403 0.464432 0.379627 0.548352 0.374292 0.420454 0.338645 0.332913 0.31284 0.747437 0.385415 0.37746 1.13484 0.278933 0.339241 1.02505
threshold=299799.25750000012 16695.964744711473 5.5000000000000009 443407.32000000007 383049.25000000006 0 553620.76000000013 507334.46000000008 174070.62251378351 473149.82553571434 516985.39500000008 1208396.8800000001 381765.96500000003 340694.82000000007 133133.95262291358 335816.46500000003 293712.02500000008 113855.66576723999 318444.77500000008 295994.90000000008 167.50000000000003 143520.64543863767 128.50000000000003 1053184.051964286 402517.48767857149 618973.59500000009 801519.06500000006 443407.32000000007 1.5000000000000002 284169.10500000004
decision_type=2 2 2 2 2 1 2 2 2 2 2 2 2 2 2 2 2 2 2 2 2 2 2 2 2 2 2 2 2 2
left_child=14 -2 3 5 -5 6 27 -8 9 12 16 22 18 -14 15 -1 -6 -18 19 -7 -13 -19 23 25 -24 -12 -27 28 29 -3
right_child=1 2 -4 4 10 8 7 -9 -10 -11 11 20 13 -15 -16 -17 17 21 -20 -21 -22 -23 24 -25 -26 26 -28 -29 -30 -31
leaf_value=0.51103953169236627 -72.552940594241775 193.37894237458298 73.560830662685987 990.08388167407429 -1516.9919527256034 -26.215275197422972 -957.20306147505892 3594.3575170264871 79.538301871235262 -275.77323488025348 1844.4211314780264 -1822.7056457530366 -84.053216342674034 1259.4903203153015 -90.220955085919073 896.08689539652232 -276.51349880190457 2052.6837245646725 -302.42744150269692 246.95321442428568 -1883.6470388197847 -257.40691038665443 -14.382818516491263 -1948.5642267384505 1455.5173909053915 -4321.6574321182334 553.10060603245256 1018.256740965274 35.994292595042538 -158.72644719588445
leaf_weight=1679 22 44 166 87 20 30 38 22 31 24 39 39 30 22 22 94 21 22 27 23 21 39 26 21 109 28 66 45 148 29
leaf_count=1679 22 44 166 87 20 30 38 22 31 24 39 39 30 22 22 94 21 22 27 23 21 39 26 21 109 28 66 45 148 29
internal_value=-9.22872e-05 -0.000851493 -0.000669679 -0.00108944 -1.85872e-05 -0.00221248 -0.000803571 -0.00583333 -0.00439086 -0.00589744 -0.000764967 0.00012894 -0.0044697 -0.000769231 0.000431755 0.000516075 -0.00382353 -0.00231707 -0.006875 -0.00443396 -0.00416667 8.19674e-05 0.00102076 -0.00051948 0.00277778 0.000864662 -0.000851064 0.000300752 -0.000429864 -0.00321918
internal_weight=3034 1239 1217 1051 538 513 326 60 187 156 451 349 132 52 1795 1773 102 82 80 53 60 61 289 154 135 133 94 266 221 73
internal_count=3034 1239 1217 1051 538 513 326 60 187 156 451 349 132 52 1795 1773 102 82 80 53 60 61 289 154 135 133 94 266 221 73
cat_boundaries=0 1
cat_threshold=12
is_linear=0
shrinkage=0.05


Tree=188
num_leaves=31
num_cat=0
split_feature=4 5 6 6 2 0 0 0 10 3 0 3 4 0 10 2 2 3 0 0 4 0 5 10 10 5 3 4 5 0
split_gain=0.425363 0.684273 0.446296 0.590338 0.390105 0.345872 0.870447 0.444516 0.527932 0.546104 0.365272 0.85798 1.18298 0.455599 0.587769 0.398721 0.396413 0.351086 0.345722 0.622374 0.43677 0.409167 0.330695 0.294415 0.492982 0.636452 0.495267 0.507936 0.279647 0.257954
threshold=300000.32001322758 16695.964744711473 174070.62251378351 164136.70395113775 479878.03000000009 195215.27000000005 257982.52000000005 282461.83500000002 45.500000000000007 380580.67428571434 420963.16000000009 413517.83500000002 404276.63994709001 317020.21500000003 237.50000000000003 431588.42000000004 304023.5500000001 382961.56142857147 557495.57500000007 303410.32000000007 738330.17464285728 1208396.8800000001 391598.77079542173 249.50000000000003 192.50000000000003 156314.5847961297 386413.44285714289 405819.34464285715 371384.67775465845 798871.29500000004
decision_type=2 2 2 2 2 2 2 2 2 2 2 2 2 2 2 2 2 2 2 2 2 2 2 2 2 2 2 2 2 2
left_child=-1 -2 3 5 -4 -3 17 -8 9 -9 11 13 -13 16 -15 -14 -10 -7 19 -6 -21 28 -23 24 25 -12 -26 -28 29 -20
right_child=1 2 4 -5 18 6 7 8 10 -11 23 12 15 14 -16 -17 -18 -19 21 20 -22 22 -24 -25 26 -27 27 -29 -30 -31
leaf_value=0.51197383310672095 -73.203510343042197 1955.5317771616567 49.409211296302928 -125.81640966454717 445.65664471911236 -167.9982266149965 510.33934508173155 -28.749670772248081 -0.70903951191633907 -408.48600855983779 1409.6063945240462 -939.83286445014528 3325.7869771676606 355.83154483549612 -130.51477948158251 -192.71833280955332 -161.92348819081874 -0.87227134000468876 1487.8466637133133 -1614.5610009583036 130.9918744094179 -2629.0239561714407 416.03175233893535 1394.4476215478487 1635.8893337016107 -60.889443566796785 -251.74542662800701 -74.261436838635959 8171.7096722482675 -38.580636264537446
leaf_weight=1807 20 22 135 30 27 36 59 35 37 20 96 24 22 92 24 21 26 21 57 34 25 36 35 33 25 33 21 42 48 91
leaf_count=1807 20 22 135 30 27 36 59 35 37 20 96 24 22 92 24 21 26 21 57 34 25 36 35 33 25 33 21 42 48 91
internal_value=-0.000108767 -0.000827221 -0.000675228 -0.00146732 0.000491803 -0.00116836 -0.00137181 -0.000819672 -0.00126134 -0.00590909 -0.000745968 -0.00211382 -0.0069403 -0.000307262 0.00155172 -0.00197674 -0.00373016 -0.0072807 -0.000382436 -0.00313953 -0.00601695 0.000505618 -0.00274648 0.0006 -6.91242e-05 0.00189922 -0.00295455 -0.00531746 0.00168367 0.000608108
internal_weight=3034 1227 1207 719 488 689 667 610 551 55 496 246 67 179 116 43 63 57 353 86 59 267 71 250 217 129 88 63 196 148
internal_count=3034 1227 1207 719 488 689 667 610 551 55 496 246 67 179 116 43 63 57 353 86 59 267 71 250 217 129 88 63 196 148
is_linear=0
shrinkage=0.05


Tree=189
num_leaves=31
num_cat=0
split_feature=10 10 2 2 1 3 0 1 0 0 5 5 7 0 0 1 2 0 1 7 4 3 0 10 10 1 2 10 10 2
split_gain=0.351633 0.84867 0.615292 0.53788 0.501172 0.756644 0.661435 0.445323 0.419672 0.899158 0.376102 0.503031 0.370256 0.362924 0.577196 0.302459 0.301979 0.517122 0.504492 0.463214 0.675 0.796402 0.492201 0.407708 0.575024 0.563174 0.617589 0.402381 0.266015 0.273529
threshold=166.50000000000003 168.50000000000003 159031.20500000002 1213230.8100000003 568239.64000000001 483066.75000000006 1208396.8800000001 420491.74500000005 160729.05000000002 174095.48500000002 338217.79514391854 315812.98684371059 2.5000000000000004 149575.01500000004 139266.34500000003 166583.71000000002 320358.76500000007 246158.66500000001 349418.68500000006 5.5000000000000009 404276.63994709001 396004.79571428575 369617.96500000003 189.50000000000003 227.50000000000003 302096.73000000004 230193.30500000002 211.50000000000003 152.50000000000003 281386.79500000004
decision_type=2 2 2 2 2 2 2 2 2 2 2 2 2 2 2 2 2 2 2 2 2 2 2 2 2 2 2 2 2 2
left_child=3 -2 13 10 5 8 -6 -7 15 -10 11 28 -5 14 -3 -4 18 -18 23 20 21 22 -19 -11 25 26 -25 -22 -1 -30
right_child=1 2 4 12 6 7 -8 -9 9 16 -12 -13 -14 -15 -16 -17 17 19 -20 -21 27 -23 -24 24 -26 -27 -28 -29 29 -31
leaf_value=0.66896535173907157 -65.299780238185491 1.5597716341656267 -9.8487266009945031 -4494.9239827185947 568.41095146118641 -27.451026451411487 -1581.8549467683918 -1061.0072168923668 -227.44832007177993 119.48759622787041 4636.8264952929067 -631.65029341767274 76.75366645736095 31.559461499619331 -70.980459357139452 429.5678056228378 -809.74390837550925 -58.221649413798708 1845.8013160168846 961.94967054068684 -55.526863148347822 -729.94312632969093 835.27034438537908 -57.107111928247242 10.297391213286382 -267.81546765553611 97.525573955883786 1171.5770303600409 21.967740119741784 774.57256459720259
leaf_weight=1543 23 243 20 25 108 24 22 22 34 60 84 20 27 74 39 41 24 34 40 44 28 32 32 36 90 20 33 42 108 62
leaf_count=1543 23 243 20 25 108 24 22 22 34 60 84 20 27 74 39 41 24 34 40 44 28 32 32 36 90 20 33 42 108 62
internal_value=-2.63676e-05 -0.000708154 -0.000516637 0.000398609 -0.00129771 -0.00185976 0.00153846 -0.00804348 -0.00139344 -0.0018306 0.000542103 0.000383728 -0.00461538 0.00120787 0.000390071 0.00254098 -0.00131068 -0.00262712 -0.000197132 -0.00183962 -0.00303571 -0.00571429 -0.00257576 -0.00106695 -0.00226257 -0.00511236 -0.00297101 0.000714286 0.000475774 0.00235294
internal_weight=3034 1165 1142 1869 786 656 130 46 610 549 1817 1733 52 356 282 61 515 236 279 212 168 98 66 239 179 89 69 70 1713 170
internal_count=3034 1165 1142 1869 786 656 130 46 610 549 1817 1733 52 356 282 61 515 236 279 212 168 98 66 239 179 89 69 70 1713 170
is_linear=0
shrinkage=0.05


Tree=190
num_leaves=31
num_cat=0
split_feature=3 6 10 4 3 6 2 1 3 4 0 6 1 1 0 3 10 10 4 6 1 1 6 1 5 0 5 3 0 2
split_gain=0.606416 0.926395 0.568708 1.08704 0.510464 0.540083 1.40747 0.498275 0.558422 0.690215 0.544881 0.462359 1.25 1.14333 0.40671 0.380397 0.376993 0.571695 0.524449 0.524016 0.375074 0.705625 0.573016 0.36211 0.587778 0.340143 0.496872 0.951178 0.503757 0.692063
threshold=362402.9671428572 138723.34230673066 45.500000000000007 383706.95732142864 337522.94214285718 121803.69412352426 405998.49000000005 98692.750000000015 90550.175714285724 91603.312500000015 68316.825000000026 125968.22431192714 483238.4150000001 393562.90000000008 85521.315000000017 1206016.0507142858 205.50000000000003 189.50000000000003 300836.95071428578 11947.207803772782 340694.82000000007 529638.04500000004 111647.54902496944 172583.96000000005 52209.070545177608 439999.90000000008 163323.57170830676 460756.10428571433 303410.32000000007 553620.76000000013
decision_type=2 2 2 2 2 2 2 2 2 2 2 2 2 2 2 2 2 2 2 2 2 2 2 2 2 2 2 2 2 2
left_child=4 2 -2 -4 5 7 -7 8 10 -10 -1 20 13 -13 -11 25 17 -9 -18 -19 22 -22 -5 -21 -25 26 -3 -28 -29 -30
right_child=1 15 3 11 -6 6 -8 16 9 14 -12 12 -14 -15 -16 -17 18 19 -20 23 21 -23 -24 24 -26 -27 27 28 29 -31
leaf_value=-27.562460435198545 -231.36527884133849 64.961346202485245 999.49726086045837 -328.89498215682931 1354.4004322164351 21.336246094105665 -415.85730224400527 3.9068557697976964 -4.5285531303703292 1.5809970246416314 3.3649445534528351 -52.356464294900981 1300.9131874566046 -609.4950023122733 -1.7178681669722211 -1402.3698834889856 29.217175596305186 -31.263882525661856 -20.823125171555951 40.778444268704106 43.501499498066039 -290.79392859779767 -24.696189052739896 159.61948997746171 -679.41698864428497 167.5260307074914 -614.83410814620311 3461.2803812391526 270.3510531401862 -2615.3274717129357
leaf_weight=20 22 109 41 20 61 42 24 1101 32 58 73 35 30 25 212 35 307 24 36 29 96 33 36 20 25 439 22 22 20 23
leaf_count=20 22 109 41 20 61 42 24 1101 32 58 73 35 30 25 212 35 307 24 36 29 96 33 36 20 25 439 22 22 20 23
internal_value=3.25539e-06 -0.00100198 -0.00313609 -0.00259494 0.000494186 0.000356965 -0.00409091 0.000508519 -0.00107595 -0.00211921 0.00231183 -0.00372727 -0.00666667 -0.0108333 -0.0012963 7.46271e-05 0.000914397 0.000496247 0.00237609 -0.00316327 -0.0022973 -0.000813953 -0.00571429 -0.00108108 -0.00388889 0.000354331 -0.00137755 -0.0041954 -0.00115385 -0.00430233
internal_weight=3072 1008 338 316 2064 2003 66 1937 395 302 93 275 90 60 270 670 1542 1199 343 98 185 129 56 74 45 635 196 87 65 43
internal_count=3072 1008 338 316 2064 2003 66 1937 395 302 93 275 90 60 270 670 1542 1199 343 98 185 129 56 74 45 635 196 87 65 43
is_linear=0
shrinkage=0.05


Tree=191
num_leaves=31
num_cat=0
split_feature=3 2 1 2 4 5 4 7 4 2 5 10 3 3 1 3 4 4 1 3 7 10 2 1 7 1 3 4 3 10
split_gain=0.368833 0.817987 0.412867 0.585821 0.547816 0.907786 0.417741 0.42087 1.06855 0.564974 1.25019 0.430457 0.412204 0.610326 0.41149 0.461279 0.789252 0.448607 0.390288 0.450425 0.373706 0.371439 0.353973 0.756909 0.697371 0.914502 0.595874 0.549571 0.547157 0.560008
threshold=371355.62642857147 524753.90000000014 379833.14000000007 361419.82000000001 378911.09035714291 80664.657182888579 136195.94571428574 1.5000000000000002 126630.18160714286 152143.40500000003 44728.476151970819 29.500000000000004 388157.50714285712 392349.10428571439 97422.390000000014 90550.175714285724 91603.312500000015 123760.48535714287 388154.28000000009 1206016.0507142858 1.0000000180025095e-35 195.50000000000003 317186.07000000001 379833.14000000007 5.5000000000000009 552618.79500000004 476012.27071428573 418029.89910714288 433234.90571428579 167.50000000000003
decision_type=2 2 2 2 2 2 2 2 2 2 2 2 2 2 2 2 2 2 2 2 2 2 2 2 2 2 2 2 2 2
left_child=2 12 3 6 5 -5 7 8 11 14 -11 -1 -2 -14 15 -9 -17 -18 -3 -20 -10 -16 28 -24 25 26 27 -25 29 -15
right_child=1 18 -4 4 -6 -7 -8 9 20 10 -12 -13 13 22 21 16 17 -19 19 -21 -22 -23 23 24 -26 -27 -28 -29 -30 -31
leaf_value=-87.893561409884768 -183.9573073471048 -333.22339870494977 1012.2967231140152 516.40404733624382 444.13322932777021 -254.59473954542898 6.155749511451881 3.118299737191272 -21.522961193127244 -72.217635752800987 202.85291348952654 0.90651259908881787 1637.5266435396004 -345.38693819740064 2.4848850157643572 -4.3021254803596216 0.13219849999801739 -27.218843812859223 205.74941475560308 -1464.6645352210901 -24.744918519108619 52.875243933125347 52.145357789881984 -511.00172580777348 25.178828648702464 -76.335850871272726 -929.23870752338644 -79.321691833976388 237.95908257317211 7.388615050539042
leaf_weight=20 76 47 116 20 27 23 1112 68 25 21 23 159 33 24 194 22 140 31 361 32 21 76 85 33 46 70 23 28 83 33
leaf_count=20 76 47 116 20 27 23 1112 68 25 21 23 159 33 24 194 22 140 31 361 32 21 76 85 33 46 70 23 28 83 33
internal_value=3.25539e-06 -0.000800821 0.000376549 0.000206862 -0.00428571 -0.0077907 0.000371339 -0.0005 -0.00233333 0.000217391 -0.00522727 -0.000586592 -0.0021161 -0.00155022 0.00066855 -0.000747126 -0.00199482 -0.000847953 0.000795455 0.00131043 -0.00913043 0.00203704 -0.00205882 -0.00307018 -0.00475 -0.00636364 -0.00988095 -0.00729508 1.86265e-10 -0.00377193
internal_weight=3072 974 2098 1982 70 43 1912 800 225 575 44 179 534 458 531 261 193 171 440 393 46 270 425 285 200 154 84 61 140 57
internal_count=3072 974 2098 1982 70 43 1912 800 225 575 44 179 534 458 531 261 193 171 440 393 46 270 425 285 200 154 84 61 140 57
is_linear=0
shrinkage=0.05


Tree=192
num_leaves=31
num_cat=0
split_feature=3 5 4 3 0 0 0 5 10 4 4 3 1 1 3 3 5 1 7 3 3 4 1 0 4 3 0 7 0 10
split_gain=0.31895 0.640711 0.410969 0.42729 0.356027 0.37246 0.422019 0.572669 0.405224 0.72104 0.300052 0.305805 0.431109 0.877922 0.388569 0.341899 0.440018 0.320081 0.285948 0.349868 0.814815 0.325 0.265197 0.423037 0.263523 0.362708 0.564706 0.317119 0.3663 0.312784
threshold=371355.62642857147 73466.200920529096 881080.39964285726 1206016.0507142858 317020.21500000003 295188.25000000006 262709.99500000005 133133.95262291358 84.500000000000014 300563.96125000011 849559.8033928572 388157.50714285712 284169.10500000004 340694.82000000007 392349.10428571439 399066.07000000001 121332.18348206226 256593.80000000002 1.5000000000000002 298717.88285714289 337522.94214285718 219480.8835714286 379833.14000000007 617625.81000000017 482272.33030219784 534700.47071428585 479004.31000000006 4.5000000000000009 407826.83000000007 211.50000000000003
decision_type=2 2 2 2 2 2 2 2 2 2 2 2 2 2 2 2 2 2 2 2 2 2 2 2 2 2 2 2 2 2
left_child=4 -2 10 -4 5 6 7 -1 -7 -10 11 12 -3 -14 -13 16 -16 -17 19 21 -21 -6 -19 24 27 -26 -27 29 -29 -24
right_child=1 2 3 -5 18 8 -8 -9 9 -11 -12 14 13 -15 15 17 -18 22 -20 20 -22 -23 23 -25 25 26 -28 28 -30 -31
leaf_value=0.32136224857264239 -268.13242901702677 197.13855231113007 1337.8731609158492 -1259.0181625534833 -29.247750513071328 -94.744791934338949 28.1282567919413 -94.829050665446104 135.24641741969322 -80.58739313492724 -891.59224239884725 1865.6811362361511 -274.37472150931529 -87.780860287457983 -32.388558341957491 -222.47475212389566 -521.11907242562017 79.065393228967594 424.85674318354205 -497.91203226081956 3727.0445054231373 175.04535017784443 -246.16562723632444 404.68253290989725 70.679874664336566 314.85422773871613 -1532.0199079656813 -90.969618783529725 -323.30174325103883 753.56078091885672
leaf_weight=1600 21 21 178 35 20 27 132 24 48 29 21 31 21 45 28 35 24 106 112 32 22 52 65 104 94 34 20 28 26 37
leaf_count=1600 21 21 178 35 20 27 132 24 48 29 21 31 21 45 28 35 24 106 112 32 22 52 65 104 94 34 20 28 26 37
internal_value=0.000100912 -0.000646817 -0.000456453 0.00147887 0.000448046 0.000215054 0.000387244 0.000166256 -0.00269231 -0.000844156 -0.00101351 -0.000841446 -0.00362069 -0.00560606 -0.000458861 -0.000740432 -0.00461538 -0.000373406 0.00226891 0.000634921 -0.00240741 0.00291667 -5.83656e-05 -0.000637255 -0.00157895 -6.75674e-05 -0.00333333 -0.00301282 -0.00611111 -0.00137255
internal_weight=3072 974 953 213 2098 1860 1756 1624 104 77 740 719 87 66 632 601 52 549 238 126 54 72 514 408 304 148 54 156 54 102
internal_count=3072 974 953 213 2098 1860 1756 1624 104 77 740 719 87 66 632 601 52 549 238 126 54 72 514 408 304 148 54 156 54 102
is_linear=0
shrinkage=0.05


Tree=193
num_leaves=31
num_cat=0
split_feature=1 2 4 4 4 3 6 5 0 2 2 2 3 0 4 6 3 3 6 2 2 2 3 4 1 1 4 5 5 5
split_gain=0.439558 0.355265 0.316308 0.416779 0.46233 0.295928 0.534055 0.588368 0.419581 0.455743 0.599344 0.484327 0.574628 0.606942 0.452441 0.405998 0.522678 0.399806 0.568484 1.31036 0.450573 0.403461 0.368036 0.396617 0.579758 0.444576 0.362128 0.312656 0.654762 0.278551
threshold=1461176.6550000003 1396333.3000000003 1109228.1944642859 881080.39964285726 849559.8033928572 362402.9671428572 144669.74872500729 78868.886002430081 625018.81500000006 238189.11000000002 311015.33000000002 332156.45500000002 433234.90571428579 337547.21500000003 482272.33030219784 155481.2509383517 452915.53785714292 345958.77428571432 121145.85760887423 396082.10500000004 396082.10500000004 64375.44000000001 503643.45642857143 669903.92625000014 748649.40000000014 416123.95000000001 449424.16089285718 107301.43079407841 100306.84126849746 122700.24752052366
decision_type=2 2 2 2 2 2 2 2 2 2 2 2 2 2 2 2 2 2 2 2 2 2 2 2 2 2 2 2 2 2
left_child=1 2 3 4 5 17 7 -7 9 -9 -11 -12 13 29 -14 -8 26 18 20 -20 21 -1 -18 24 25 -24 -17 28 -15 -13
right_child=-2 -3 -4 -5 -6 6 15 8 -10 10 11 12 14 27 -16 16 22 -19 19 -21 -22 -23 23 -25 -26 -27 -28 -29 -30 -31
leaf_value=-16.840371811627346 -903.29400488400267 5305.6043189405927 -4407.7912327894383 2242.301847024055 -958.40868543366275 -245.92844540208554 875.99018137203609 -193.78667689164115 -193.59378105577807 36.508821807407735 -165.72315945381035 -18.082075315892123 -334.78439322589412 2303.9345222098864 958.68929363123209 -341.68156432061255 604.16497020346958 1167.6092450079602 23.495048716479253 -381.69515410199119 2267.1232656248444 0.76154132128036833 -214.8100682144418 1289.7201934746788 -2791.2868341812459 48.779313191636888 -98.801749766449944 1452.7912352005183 -238.58732590255369 -421.30996717628909
leaf_weight=22 33 38 37 111 20 24 65 29 23 57 22 27 37 22 29 31 81 47 43 29 54 1867 22 64 20 52 43 80 20 23
leaf_count=22 33 38 37 111 20 24 65 29 23 57 22 27 37 22 29 31 81 47 43 29 54 1867 22 64 20 52 43 80 20 23
internal_value=0.000133464 0.000195788 0.000134955 0.000192308 7.53595e-05 0.000128839 -0.000706874 -0.00199746 -0.00150406 -0.00106936 -0.000520505 -0.00153846 -0.000882353 0.000639535 -0.00484848 0.000634921 -0.000111821 0.000441319 0.000334988 -0.00402778 0.000496655 0.00036792 0.0010251 -0.000379747 -0.00244681 -0.000405405 -0.00378378 0.00254098 -0.000952381 -0.004
internal_weight=3072 3039 3001 2964 2853 2833 771 393 369 346 317 260 238 172 66 378 313 2062 2015 72 1943 1889 239 158 94 74 74 122 42 50
internal_count=3072 3039 3001 2964 2853 2833 771 393 369 346 317 260 238 172 66 378 313 2062 2015 72 1943 1889 239 158 94 74 74 122 42 50
is_linear=0
shrinkage=0.05


Tree=194
num_leaves=31
num_cat=1
split_feature=6 6 0 0 10 0 3 4 9 3 0 5 0 3 3 3 6 6 6 3 6 10 10 6 0 11 7 10 5 10
split_gain=0.256426 0.618344 0.503392 0.560388 0.416098 0.374128 0.776315 0.591112 0.360591 0.34675 0.33656 0.598807 0.343786 0.396825 0.324874 0.519697 0.316394 0.545455 0.310424 0.593684 0.623242 0.675 0.669578 0.603948 0.470315 0.400145 0.596924 0.825 0.475105 0.380997
threshold=42210.887596326334 43550.39716654404 126048.51000000002 133152.15500000003 119.50000000000001 137770.52500000002 133861.51714285716 118687.7460714286 1.0000000180025095e-35 115961.09571428572 95836.580000000016 9198.2233382541726 72540.895000000004 90550.175714285724 126039.56857142858 123419.90785714287 6515.350797871527 7590.0356905730996 149035.15484648271 413517.83500000002 122962.54071743919 168.50000000000003 167.50000000000003 132496.94395562264 482976.86500000005 0 1.5000000000000002 177.50000000000003 98595.506214861714 209.50000000000003
decision_type=2 2 2 2 2 2 2 2 2 2 2 2 2 2 2 2 2 2 2 2 2 2 2 2 2 1 2 2 2 2
left_child=5 4 14 -4 -2 6 7 8 9 10 12 -12 -1 -14 15 -3 -15 -18 19 25 21 -21 -22 -24 -25 28 27 -27 -5 -28
right_child=1 2 3 18 -6 -7 -8 -9 -10 -11 11 -13 13 16 -16 -17 17 -19 -20 20 22 -23 23 24 -26 26 29 -29 -30 -31
leaf_value=-13.798463382444201 -57.96395100578443 22.885351233548789 -134.89631000207098 -2.0341012069125513 -0.056313168854803822 10.284819969581166 -21.6949458127974 16.71277607780792 1.4927352683143982 -209.71608391857418 -2.9024119270699225 9.5222021429072594 3.7985707142159102 6.0917895899122643 162.41928347657847 -49.739327679012412 -41.944551799823614 2.4472313304402671 40.149425465445788 -917.39128760940412 131.18413788991106 -63.180095588095277 46.08396815237149 -484.93383754120282 -26.753604677318194 -532.25927410724205 -109.7610169753367 -41.678019491289461 26.151651566333516 2002.3912326425443
leaf_weight=32 32 48 23 474 33 554 83 144 26 20 28 34 50 46 96 22 33 33 628 20 42 40 22 27 22 20 79 24 301 36
leaf_count=32 32 48 23 474 33 554 83 144 26 20 28 34 50 46 96 22 33 33 628 20 42 40 22 27 22 20 79 24 301 36
internal_value=0.000133464 -0.00020362 -4.15799e-05 -0.000290102 -0.005 0.000752539 -0.000198488 0.000627803 -0.000629139 -0.00115942 -0.000664062 -0.00387097 0.000360825 0.0012963 0.00259036 1.86265e-10 -0.000357143 -0.00257576 -0.00018732 -0.000691057 -0.0033815 -0.0075 -0.00119469 -0.00415493 -0.0072449 -0.000192719 -0.00239645 -0.0075 0.000286624 -0.000652174
internal_weight=3072 1989 1924 1758 65 1083 529 446 302 276 256 62 194 162 166 70 112 66 1735 1107 173 60 113 71 49 934 159 44 775 115
internal_count=3072 1989 1924 1758 65 1083 529 446 302 276 256 62 194 162 166 70 112 66 1735 1107 173 60 113 71 49 934 159 44 775 115
cat_boundaries=0 1
cat_threshold=3
is_linear=0
shrinkage=0.05


Tree=195
num_leaves=31
num_cat=1
split_feature=11 7 0 0 5 1 1 1 10 5 2 2 3 0 2 2 0 5 1 1 7 3 1 1 4 2 10 3 4 7
split_gain=0.476588 0.717708 0.542109 0.563193 0.454226 0.583499 0.663639 1.64594 0.617347 0.446618 0.400767 0.575986 0.743568 1.46332 0.420596 0.3907 1.07556 0.387054 0.357433 0.588399 0.295717 0.59851 0.487737 0.439386 0.432391 0.722229 0.470827 0.619121 0.534002 0.37933
threshold=0 1.5000000000000002 262709.99500000005 227601.43500000003 85925.941363414211 281803.10000000003 146398.57500000004 128088.22000000002 114.50000000000001 94078.567190292888 95836.580000000016 115167.00500000002 138913.3585714286 95836.580000000016 127184.23500000002 167756.79000000001 273357.30500000005 40656.314985334488 379833.14000000007 371602.00500000006 3.5000000000000004 409974.92000000004 277549.11500000005 330995.43000000011 392618.93571428576 361419.82000000001 142.50000000000003 162504.30000000005 150629.87678571432 1.5000000000000002
decision_type=1 2 2 2 2 2 2 2 2 2 2 2 2 2 2 2 2 2 2 2 2 2 2 2 2 2 2 2 2 2
left_child=1 4 3 -3 5 6 7 8 -1 -5 -2 12 13 -12 -13 -8 -17 -10 19 20 21 24 -23 -22 25 26 29 28 -28 -16
right_child=10 2 -4 9 -6 -7 15 -9 17 -11 11 14 -14 -15 18 16 -18 -19 -20 -21 23 22 -24 -25 -26 -27 27 -29 -30 -31
leaf_value=15.56211345724272 39.325937517027683 2.6257688734725426 223.28850517515031 -38.291258886409132 29.622143534653119 -205.93466515912093 43.703558847770189 -56.541347815270314 -0.45862608702821234 24.303354753551442 0.50670286420112032 59.923591969351072 6.3724762170573879 -263.05444273559397 66.368087343983404 -56.770501501753564 266.81004048967753 -4.1816098768290901 3.9558710021447752 -2100.8202488243196 -21.80569347346405 -534.88761683650421 -79.000090104811562 619.75487053251243 668.3700096076816 -202.8694248792616 -18.073689373385026 -105.58959645668028 336.93436559096915 -31.850681739406504
leaf_weight=63 101 755 184 31 67 35 67 25 64 33 28 50 22 25 77 30 45 20 768 20 205 23 42 38 50 27 37 36 25 37
leaf_count=63 101 755 184 31 67 35 67 25 64 33 28 50 22 25 77 30 45 20 768 20 205 23 42 38 50 27 37 36 25 37
internal_value=6.60068e-05 0.000731281 0.00146062 0.000909646 -0.00100962 -0.00173352 -0.00105096 -0.00313953 -0.00112245 -0.00359375 -0.000521283 -0.000728477 -0.005 -0.00820755 -0.000505226 0.00147887 -0.001 -0.00392857 -0.00066787 -0.00156402 -0.00128141 -0.00220339 -0.00653846 6.17286e-05 -0.00122837 -0.00211297 -0.00113208 -0.00367347 -0.000645161 0.00105263
internal_weight=3030 1419 1003 819 416 349 314 172 147 64 1611 1510 75 53 1435 142 75 84 1385 617 597 354 65 243 289 239 212 98 62 114
internal_count=3030 1419 1003 819 416 349 314 172 147 64 1611 1510 75 53 1435 142 75 84 1385 617 597 354 65 243 289 239 212 98 62 114
cat_boundaries=0 1
cat_threshold=10
is_linear=0
shrinkage=0.05


Tree=196
num_leaves=31
num_cat=1
split_feature=11 2 10 1 3 2 3 0 0 0 1 1 1 3 10 0 0 0 4 10 5 3 4 3 1 5 1 5 10 10
split_gain=0.351155 0.402402 0.375814 0.572665 0.355638 0.285226 0.57208 0.451352 0.359679 0.393898 0.330229 0.39908 0.838844 1.12182 0.494268 0.413478 0.742791 0.641349 0.535565 0.294828 0.284443 0.405989 0.345625 0.37899 0.742205 0.295203 0.534836 0.756465 0.361111 0.340278
threshold=0 378362.99000000005 26.500000000000004 79923.230000000025 116413.51428571429 97422.390000000014 123801.83785714289 115802.54500000001 96982.175000000003 111428.32500000001 130257.54500000001 340694.82000000007 319151.15000000008 390804.81071428576 140.50000000000003 306470.57000000001 203691.06500000003 145642.87000000002 428947.87321428576 226.50000000000003 9994.8153390886564 90151.568571428594 136298.99017857146 134516.40857142859 136842.61500000002 68912.420012181989 286404.10000000003 73466.200920529096 95.500000000000014 92.500000000000014
decision_type=1 2 2 2 2 2 2 2 2 2 2 2 2 2 2 2 2 2 2 2 2 2 2 2 2 2 2 2 2 2
left_child=1 2 -1 -4 -2 -6 7 -7 -8 -10 -11 12 14 -14 -12 16 17 -16 19 -17 21 -5 23 -23 -25 -22 27 -27 -29 -28
right_child=4 -3 3 20 5 6 8 -9 9 10 11 -13 13 -15 15 18 -18 -19 -20 -21 25 22 -24 24 -26 26 29 28 -30 -31
leaf_value=55.420959637716976 15.13922239438652 1336.1395166714337 -15.082504791883062 2.8166913545417267 39.024212070265776 -160.91273803662577 542.36059916282159 -14.316599959946021 -296.87449193866331 257.11768908951296 10.407402323011484 5.3878635930170908 -246.63970117285862 -2.9558440100987413 -359.19366744436377 2194.0293676290398 -199.77524385306438 41.620731899882216 -123.06310613756973 -203.34678049870331 20.141287610244504 -0.37599021316186526 165.74476504181996 -20.673653480710943 4.8756133385851586 -269.22290917036747 40.610708759441209 -33.900301978695879 15.470865644235932 -315.41015967528296
leaf_weight=86 90 55 31 28 79 26 30 31 20 71 182 842 32 29 24 38 39 31 27 20 638 199 33 23 22 24 24 64 144 48
leaf_count=86 90 55 31 28 79 26 30 31 20 71 182 842 32 29 24 38 39 31 27 20 638 199 33 23 22 24 24 64 144 48
internal_value=0.000231023 0.00080126 0.00063783 0.000422535 -0.000274522 -0.000456936 -0.000617198 -0.00552632 -0.000415162 -0.000535055 -0.000430711 -0.000617088 -0.00187204 -0.00729508 -0.000955678 -0.00282123 -0.00510638 -0.00136364 -0.000294117 0.00241379 0.000589415 -0.000737705 -0.00131769 -0.00196721 -0.00611111 0.00101911 -0.000263158 0.000905173 0.001875 -0.00402778
internal_weight=3030 1419 1364 1278 1611 1521 1442 57 1385 1355 1335 1264 422 61 361 179 94 55 85 58 1247 305 277 244 45 942 304 232 208 72
internal_count=3030 1419 1364 1278 1611 1521 1442 57 1385 1355 1335 1264 422 61 361 179 94 55 85 58 1247 305 277 244 45 942 304 232 208 72
cat_boundaries=0 1
cat_threshold=10
is_linear=0
shrinkage=0.05


Tree=197
num_leaves=31
num_cat=1
split_feature=10 11 2 10 7 5 1 1 2 1 0 3 2 2 1 10 5 3 6 3 3 3 10 7 1 1 3 0 10 4
split_gain=0.349763 0.283216 0.396074 0.392961 0.357956 0.426257 0.402386 0.377108 0.370035 0.365229 0.429885 0.834358 0.347939 0.971968 0.402841 0.319538 0.296175 0.29394 0.279054 0.834278 0.524122 0.774931 0.480242 0.499691 0.462403 0.901897 0.620205 0.360322 1.14004 0.423344
threshold=42.500000000000007 0 378362.99000000005 46.500000000000007 1.5000000000000002 85109.528137198809 166583.71000000002 157852.88000000003 258572.09500000003 307569.87000000005 132294.65000000005 134752.64571428575 167756.79000000001 192197.14500000005 88895.295000000013 128.50000000000003 101117.95492778243 116413.51428571429 111103.17560738053 158581.32642857145 137484.64928571429 126521.99000000001 67.500000000000014 1.0000000180025095e-35 215002.05500000002 349418.68500000006 182387.74071428576 184942.17500000002 110.50000000000001 398491.41375000007
decision_type=2 1 2 2 2 2 2 2 2 2 2 2 2 2 2 2 2 2 2 2 2 2 2 2 2 2 2 2 2 2
left_child=-1 2 4 -3 9 6 7 -6 16 10 11 15 14 -14 -12 -2 -7 -5 19 20 21 -19 -21 -24 26 -26 -25 28 -20 -29
right_child=1 3 -4 17 5 8 -8 -9 -10 -11 12 -13 13 -15 -16 -17 -18 18 27 22 -22 -23 23 24 25 -27 -28 29 -30 -31
leaf_value=9.8773709187523391 47.799624602638715 -355.29704354611533 1304.1711619216906 52.924153895760483 0.5689442375632151 -5.0872938456195902 113.78662817588106 -168.596698446083 -75.583268779219793 -349.4268643327851 -1.8718523702142926 -19.297903964419252 -52.476380260490672 12.553744205687101 16.713297119608288 -0.51674389970492907 30.796520796719125 0.21870640546496276 -280.45880696195388 19.902665410148501 28.69313208904164 -474.69110929448345 239.47901251675557 -172.67342263944727 -432.94134292362742 -150.53450972960434 24.296767910191818 156.10268457464167 643.59226244087631 -36.845419471758326
leaf_weight=400 28 26 49 56 352 37 330 23 43 20 23 20 22 85 107 40 47 91 29 36 113 23 24 21 31 33 22 224 20 655
leaf_count=400 28 26 49 56 352 37 330 23 43 20 23 20 22 85 107 40 47 91 29 36 113 23 24 21 31 33 22 224 20 655
internal_value=0.000247525 3.8023e-05 0.000590615 -0.000445544 0.000412065 0.000973558 0.0014539 0.000333334 -0.00169291 -0.000942029 -0.000538461 -0.00352273 0.00056962 -0.00154206 0.00230769 -0.000882353 0.000238095 -0.000333817 -0.000484115 -0.00159898 0.00037445 -0.00201754 -0.00428144 -0.00568702 -0.00714953 -0.00984375 -0.00313953 -1.07757e-05 -0.00418367 0.000221843
internal_weight=3030 2630 1226 1404 1177 832 705 375 127 345 325 88 237 107 130 68 84 1378 1322 394 227 114 167 131 107 64 43 928 49 879
internal_count=3030 2630 1226 1404 1177 832 705 375 127 345 325 88 237 107 130 68 84 1378 1322 394 227 114 167 131 107 64 43 928 49 879
cat_boundaries=0 1
cat_threshold=10
is_linear=0
shrinkage=0.05


Tree=198
num_leaves=31
num_cat=0
split_feature=4 6 1 2 2 2 0 1 0 4 3 4 5 1 1 1 5 2 5 2 3 1 5 0 5 7 2 2 7 1
split_gain=0.30971 0.825825 0.396976 0.354177 0.350734 0.447866 0.696546 0.642949 0.56895 0.468124 0.467234 0.359884 0.794166 0.416843 0.337004 0.72141 0.620274 0.788197 0.406438 0.343724 0.32768 0.325647 0.29808 0.417021 0.409241 0.65434 0.343028 0.296739 0.293959 0.480392
threshold=382512.13750000007 107906.13446047829 375168.83000000002 365105.98000000004 427250.85500000004 311015.33000000002 244100.54000000004 367511.24500000005 551425.88500000013 494266.58017857152 407787.44214285718 428947.87321428576 114762.05410160978 474212.97000000003 97422.390000000014 95868.110000000015 42715.319169421877 103297.645 49641.373843985166 96469.185000000012 397755.18857142859 508344.71500000008 171267.9743014519 566263.16500000015 202391.29609061941 3.5000000000000004 672052.88000000012 1466779.4400000002 5.5000000000000009 364003.37000000005
decision_type=2 2 2 2 2 2 2 2 2 2 2 2 2 2 2 2 2 2 2 2 2 2 2 2 2 2 2 2 2 2
left_child=2 20 3 14 5 7 -7 10 28 -10 -3 -6 13 -13 15 16 19 18 -18 -1 -2 -4 -14 24 -24 -26 -25 -28 29 -8
right_child=1 4 21 -5 11 6 8 -9 9 -11 -12 12 22 -15 -16 -17 17 -19 -20 -21 -22 -23 23 26 25 -27 27 -29 -30 -31
leaf_value=0.12100956859426754 -226.33359097611711 336.62143494223011 692.89479696088142 -56.328617637328982 708.30027196423293 -449.6307717205454 158.28435823132213 1045.2375139983483 -2175.2077338184599 -79.548420418823994 -93.62489435192623 -422.6507601422901 855.0516220077958 -108.51073148590599 5.1339088169958371 -6.6265131779308533 -8.0387390444118676 -101.40924000506006 36.98234206930956 23.15817156326608 -92.479648745783607 -105.31627308761198 -680.28471079746691 1875.4838149234993 -2153.1317501856843 757.19757235337249 -107.73653170554758 3636.6170407244681 1091.0459789614222 -161.47551563577127
leaf_weight=198 30 32 99 44 135 21 51 76 20 27 21 21 97 22 1505 30 38 29 32 46 27 20 26 41 33 26 184 26 22 51
leaf_count=198 30 32 99 44 135 21 51 76 20 27 21 21 97 22 1505 30 38 29 32 46 27 20 26 41 33 26 184 26 22 51
internal_value=0.000165017 -0.000561173 0.000516904 0.000343392 -0.000203862 -0.00154206 -0.00307292 0.000736434 -0.00201754 -0.00670213 -0.00349057 0.000499182 -0.000147059 -0.00662791 0.000447285 -0.000898123 -0.000247813 -0.00358586 -0.000714286 0.00110656 -0.00640351 0.00331933 0.000496536 -0.000208333 -0.00323529 -0.000932203 0.000816733 1.86265e-10 -0.000241935 -0.00137255
internal_weight=3030 989 2041 1922 932 321 192 129 171 47 53 611 476 43 1878 373 343 99 70 244 57 119 433 336 85 59 251 210 124 102
internal_count=3030 989 2041 1922 932 321 192 129 171 47 53 611 476 43 1878 373 343 99 70 244 57 119 433 336 85 59 251 210 124 102
is_linear=0
shrinkage=0.05


Tree=199
num_leaves=31
num_cat=0
split_feature=4 6 1 1 1 6 4 7 4 0 5 6 7 0 1 3 6 6 1 4 6 5 4 4 1 5 7 5 4 3
split_gain=0.489511 0.745399 0.4 0.390066 0.366985 0.598984 1.01877 0.618687 0.358449 1.08951 0.997476 0.903768 0.74922 0.702447 0.622241 0.358589 0.47402 0.692077 0.325647 0.311679 0.306818 0.297565 0.275341 0.563333 0.274915 0.520056 0.550314 0.272824 0.265289 0.398721
threshold=382512.13750000007 104009.62978997744 379833.14000000007 375168.83000000002 508344.71500000008 194078.48410926841 760962.83553571452 2.5000000000000004 428947.87321428576 310110.58500000002 121332.18348206226 170736.09711433004 2.5000000000000004 257982.52000000005 335816.46500000003 396004.79571428575 125968.22431192714 143520.64543863767 508344.71500000008 1061388.8887500002 367043.57300942176 167700.546880907 867306.46678571438 805789.245 325563.81000000006 74429.597521369942 3.5000000000000004 371384.67775465845 525395.09267857147 490488.75642857148
decision_type=2 2 2 2 2 2 2 2 2 2 2 2 2 2 2 2 2 2 2 2 2 2 2 2 2 2 2 2 2 2
left_child=3 2 -2 24 8 -6 7 -7 13 -10 12 21 -11 14 -3 -15 -17 -18 -5 22 -21 -12 23 -8 -1 -26 -27 -22 29 -13
right_child=1 4 -4 18 5 6 19 -9 9 10 11 28 -14 15 -16 16 17 -19 -20 20 27 -23 -24 -25 25 26 -28 -29 -30 -31
leaf_value=1.3931678622706016 -160.21569477878134 -440.54777147231152 -208.84252115328627 658.25005711283791 516.19990251015849 -440.88268065766329 3357.2598596614807 -107.58225944757164 1062.2118343096399 -401.51822213517613 -35.458003562918833 1381.5345498766212 -1889.4889374535951 1038.6476371636998 -11.766460121848787 119.25478993782889 -460.01905707426477 2175.060300221237 -100.05045943323033 -2623.7977664096197 1716.9669644813584 -554.26051367450634 2287.62914555615 -2093.9679890077541 303.32596350119383 -266.26732318193149 2.4786013224714747 -4141.4099458689334 2879.766642885982 -91.985508411666061
leaf_weight=1842 20 20 20 99 165 30 30 36 35 21 31 22 22 103 26 54 32 21 20 27 33 20 102 20 27 21 32 39 39 21
leaf_count=1842 20 20 20 99 165 30 30 36 35 21 31 22 22 103 26 54 32 21 20 27 33 20 102 20 27 21 32 39 39 21
internal_value=9.90101e-05 -0.000813953 -0.0075 0.000541401 -0.000532139 0.000435685 -0.000835962 -0.00636364 -0.00153105 -0.00305687 -0.00465909 -0.0025188 -0.0112791 -0.000273437 -0.00586956 0.000952381 -0.00107477 -0.00443396 0.00331933 0.00061753 -0.00156566 -0.0077451 0.00203947 -0.001 0.000369407 -0.0025 -0.00537736 0.000138889 0.000731707 -0.00197674
internal_weight=3030 989 40 2041 949 482 317 66 467 211 176 133 43 256 46 210 107 53 119 251 99 51 152 50 1922 80 53 72 82 43
internal_count=3030 989 40 2041 949 482 317 66 467 211 176 133 43 256 46 210 107 53 119 251 99 51 152 50 1922 80 53 72 82 43
is_linear=0
shrinkage=0.05


Tree=200
num_leaves=31
num_cat=0
split_feature=4 4 4 9 6 4 3 3 6 0 4 2 0 0 2 2 6 5 4 2 3 0 0 2 0 2 0 4 4 2
split_gain=0.283473 0.440459 0.324611 0.279483 0.427407 0.375743 0.278686 0.945316 1.06433 0.928337 0.717637 0.613723 0.548669 0.827897 0.555122 0.606659 0.509786 0.746594 0.640755 0.464328 0.455033 0.449202 0.401021 0.807383 0.397964 0.465562 0.380372 0.364672 0.754209 0.295019
threshold=91603.312500000015 91271.17357142859 91964.882142857168 1.0000000180025095e-35 20961.702775947928 135768.00089285718 371355.62642857147 388157.50714285712 104009.62978997744 308451.37500000006 397348.8176785715 238189.11000000002 318444.77500000008 295188.25000000006 240216.89000000004 199034.94500000004 22287.367060107397 24123.068048638659 286684.47232142865 329237.01500000007 396004.79571428575 436138.15500000009 335049.23500000004 570289.31000000017 262709.99500000005 417986.48000000004 468425.10000000003 506212.04999999999 402517.48767857149 906157.57000000018
decision_type=2 2 2 2 2 2 2 2 2 2 2 2 2 2 2 2 2 2 2 2 2 2 2 2 2 2 2 2 2 2
left_child=1 -1 -2 6 5 -5 12 9 -9 -8 -11 -10 13 24 15 -14 -15 -18 -19 -13 -21 22 27 -24 25 -4 -23 28 -22 -28
right_child=2 -3 3 4 -6 -7 7 8 11 10 -12 19 14 16 -16 -17 17 18 -20 20 21 26 23 -25 -26 -27 29 -29 -30 -31
leaf_value=-0.088679617765620805 5.6379698293222207 -4.3686947543042258 -0.13139223212939177 1.8125720491013919 51.374370243830938 -14.409134643965173 381.97090377047243 -228.22262638487211 -329.18716818230655 -124.32330117096758 -367.70693211396696 311.48849685481792 30.632434491393902 138.022220979976 285.98480207806386 -153.87913004036852 -111.01877498678977 -210.53787844510717 118.31988598975536 2643.0579453464034 150.95846331935795 473.87857044631642 -9.580247165517882 -2281.8179005277575 73.93587250855272 -91.548837253631419 -150.68202514412812 923.24317788035887 -888.19992592806238 687.41841844902831
leaf_weight=74 48 21 1272 20 233 31 27 21 46 30 23 93 37 27 152 23 20 23 34 37 21 37 67 34 115 25 252 24 33 154
leaf_count=74 48 21 1272 20 233 31 27 21 46 30 23 93 37 27 152 23 20 23 34 37 21 37 67 34 115 25 252 24 33 154
internal_value=-0.000206287 -0.00289474 -0.000119973 -0.000187221 0.00130282 -0.00284314 -0.000348306 -0.00106229 -0.000555555 -0.00625 -0.0100943 -0.000263158 2.31483e-05 -0.000310026 0.00240566 -0.00166667 -0.00461538 -0.00668831 -0.00377193 7.97874e-05 -0.00038695 -0.000707395 -0.00282123 -0.00490099 7.08234e-06 -0.000242868 0.000146727 -0.000128205 -0.00240741 -0.000295566
internal_weight=3054 95 2959 2911 284 51 2627 899 819 80 53 798 1728 1516 212 60 104 77 57 752 659 622 179 101 1412 1297 443 78 54 406
internal_count=3054 95 2959 2911 284 51 2627 899 819 80 53 798 1728 1516 212 60 104 77 57 752 659 622 179 101 1412 1297 443 78 54 406
is_linear=0
shrinkage=0.05


Tree=201
num_leaves=31
num_cat=0
split_feature=4 4 4 4 3 1 10 10 10 4 2 10 10 2 2 4 3 10 10 2 1 10 7 10 10 2 1 1 7 7
split_gain=0.27321 0.440459 0.371269 0.569121 0.510755 0.542171 0.549439 0.568609 0.50335 0.580126 0.459452 0.472368 0.423366 0.402721 0.441873 0.648448 0.480769 0.391624 0.51867 0.737571 0.403226 0.391419 0.582235 0.365333 0.748816 0.34606 0.33778 0.314719 0.303809 0.411898
threshold=91603.312500000015 91271.17357142859 299799.25750000012 291125.76803571434 217662.20214285716 170546.69000000003 118.50000000000001 192.50000000000003 91.500000000000014 227308.70053571431 171969.70000000004 190.50000000000003 245.50000000000003 906157.57000000018 755449.18500000017 760962.83553571452 968199.37000000011 135.50000000000003 45.500000000000007 974722.88500000013 836376.76500000013 230.50000000000003 1.5000000000000002 110.50000000000001 118.50000000000001 295734.82000000007 291138.22500000003 179673.77000000002 1.5000000000000002 2.5000000000000004
decision_type=2 2 2 2 2 2 2 2 2 2 2 2 2 2 2 2 2 2 2 2 2 2 2 2 2 2 2 2 2 2
left_child=1 -1 3 4 10 -6 8 -8 9 -7 12 -12 23 14 27 -16 -17 18 -15 -20 -21 22 -13 -2 -25 26 -5 -4 -26 -30
right_child=2 -3 13 25 5 6 7 -9 -10 -11 11 21 -14 17 15 16 -18 -19 19 20 -22 -23 -24 24 28 -27 -28 -29 29 -31
leaf_value=-0.084245636877341185 1.7445871460002818 -4.1502600165890833 1180.3263643313044 25.464487142375503 26.564268601464882 45.52467494133333 17.702946836702676 -315.28324097006146 -401.67455442991127 -112.06313039389107 45.319028147029044 -226.99004987692499 8.0098571002872614 6905.9095157970414 -308.41146056954392 3583.6309126711008 -4180.9796571305205 1342.9326659211511 1167.3935609191672 -361.76376852646627 -2331.1328945661185 237.95174626999525 8.06252029681362 -48.008622883378358 -4.7963894571046568 464.08905002667444 -55.003863729302523 -28.084072457626917 36.159406553349676 -2.596461940815816
leaf_weight=74 343 21 22 89 44 41 56 20 23 37 241 24 54 30 24 26 26 85 23 31 31 43 34 28 125 95 20 984 78 282
leaf_count=74 343 21 22 89 44 41 56 20 23 37 241 24 54 30 24 26 26 85 23 31 31 43 34 28 125 95 20 984 78 282
internal_value=-0.000255403 -0.00289474 -0.000170666 0.000319022 -2.37608e-05 -0.00223982 -0.00347458 -0.000263158 -0.00589109 -0.00397436 0.000367412 0.00192982 -0.00021978 -0.000811232 -0.00119224 -0.00486842 -0.00173077 0.00125 -0.000652174 -0.00264706 -0.00548387 -0.000940594 -0.00362069 -0.000490654 -0.00133528 0.00279412 0.00087156 -0.000914513 -0.000876288 -0.000138889
internal_weight=3054 95 2959 1677 1473 221 177 76 101 78 1252 342 910 1282 1082 76 52 200 115 85 62 101 58 856 513 204 109 1006 485 360
internal_count=3054 95 2959 1677 1473 221 177 76 101 78 1252 342 910 1282 1082 76 52 200 115 85 62 101 58 856 513 204 109 1006 485 360
is_linear=0
shrinkage=0.05


Tree=202
num_leaves=31
num_cat=0
split_feature=2 5 10 3 4 3 6 10 10 10 2 4 4 0 4 5 6 10 6 2 0 0 3 6 0 0 2 7 3 2
split_gain=0.422913 0.486944 0.524587 0.347826 0.31121 0.770825 0.712043 0.300677 0.265949 0.372393 0.551315 0.261805 0.464044 0.245559 0.239776 0.388969 0.237453 0.225127 0.202834 0.370463 0.369563 0.346773 0.238335 0.841194 0.679282 0.709104 0.547578 0.64437 0.349535 0.332309
threshold=906157.57000000018 324285.28731276351 140.50000000000003 944443.11500000011 669903.92625000014 572687.07071428583 265376.84609726974 15.500000000000002 125.50000000000001 45.500000000000007 1270417.1000000003 91603.312500000015 91271.17357142859 72540.895000000004 91832.317678571446 5088.3845341294082 6927.7645778391561 260.50000000000006 174070.62251378351 553620.76000000013 678984.24500000023 453330.6750000001 371355.62642857147 104009.62978997744 317020.21500000003 295188.25000000006 329237.01500000007 4.5000000000000009 223240.32214285719 173950.72500000003
decision_type=2 2 2 2 2 2 2 2 2 2 2 2 2 2 2 2 2 2 2 2 2 2 2 2 2 2 2 2 2 2
left_child=1 4 3 -3 5 6 7 -1 9 -2 -11 12 -9 -13 -15 -16 -17 18 20 -20 22 -21 24 -24 25 29 27 -27 -26 -18
right_child=8 2 -4 -5 -6 -7 -8 11 -10 10 -12 13 -14 14 15 16 17 -19 19 21 -22 -23 23 -25 28 26 -28 -29 -30 -31
leaf_value=-147.54339675581392 6560.614040007189 -594.18855083923177 -2741.1637953062213 3547.0573671367952 854.4367186951024 -187.78612092523591 -196.53653337309464 -0.024870079331800604 1169.5713482101687 120.52704544621216 -3557.7412651923078 318.73410999443649 -3.9427470157598798 7.8147297103891731 -16.566450925678406 4.0355630501887427 -1.0970302768207532 194.99604784185809 871.00471456018795 -1536.0939160223447 -243.72051242216403 1593.2872915388116 -185.09687209186973 -26.353555737333632 -12.299376460675838 67.676723680041661 -246.17629639655547 -32.191544801542882 72.268408876997668 11.162774669434723
leaf_weight=23 30 23 22 23 73 30 37 69 94 53 23 24 21 23 21 40 832 38 81 22 21 21 27 437 25 46 30 32 202 611
leaf_count=23 30 23 22 23 73 30 37 69 94 53 23 24 21 23 21 40 832 38 81 22 21 21 27 437 25 46 30 32 202 611
internal_value=-0.000222659 -0.000378416 -0.00455882 -0.00152174 -0.000276382 -0.000363067 -0.000273947 -0.000177626 0.002 0.000283019 -0.00157895 -0.000127716 -0.00277778 -3.35569e-05 -8.17057e-05 -0.000128721 -7.09937e-05 -0.00013402 -0.000194805 0.00177419 -0.000302695 -0.00197674 -0.000240856 -0.00125 2.24974e-05 -0.000351386 -0.00425926 -0.00205128 0.00257709 -5.89049e-05
internal_weight=3054 2854 68 46 2786 2713 2683 2646 200 106 76 2623 90 2533 2509 2486 2465 2425 2387 124 2263 43 2242 464 1778 1551 108 78 227 1443
internal_count=3054 2854 68 46 2786 2713 2683 2646 200 106 76 2623 90 2533 2509 2486 2465 2425 2387 124 2263 43 2242 464 1778 1551 108 78 227 1443
is_linear=0
shrinkage=0.05


Tree=203
num_leaves=31
num_cat=0
split_feature=4 4 4 2 3 3 0 6 2 0 3 2 2 4 2 5 10 5 2 6 5 10 10 0 2 2 0 3 4 10
split_gain=0.304567 0.440459 0.308672 0.288987 0.344653 0.746634 0.670389 0.661997 0.65641 0.591634 0.58246 0.430252 0.649733 0.419481 0.496478 0.547009 0.456105 0.644026 0.407281 0.424946 0.377445 0.373611 0.787207 0.398672 0.674266 0.380207 0.600851 0.364749 0.692209 0.467733
threshold=91603.312500000015 91271.17357142859 91964.882142857168 906157.57000000018 371355.62642857147 388157.50714285712 308451.37500000006 104009.62978997744 365105.98000000004 317020.21500000003 397755.18857142859 235267.88000000003 199034.94500000004 299799.25750000012 417986.48000000004 25599.780967531329 177.50000000000003 20038.441739438127 173950.72500000003 79916.668306420775 81537.84758301494 112.50000000000001 121.50000000000001 165035.91500000001 157852.88000000003 90508.205000000016 94270.685000000012 120660.18285714286 120901.90928571431 139.50000000000003
decision_type=2 2 2 2 2 2 2 2 2 2 2 2 2 2 2 2 2 2 2 2 2 2 2 2 2 2 2 2 2 2
left_child=1 -1 -2 4 9 6 -6 -7 -8 13 -9 12 -11 18 15 16 17 -15 19 21 -12 -4 -23 24 25 26 -24 -27 -29 -30
right_child=2 -3 3 -5 5 7 8 10 -10 11 20 -13 -14 14 -16 -17 -18 -19 -20 -21 -22 22 23 -25 -26 27 -28 28 29 -31
leaf_value=-0.078789851066568384 5.3058317887527355 -3.7456096649722093 1.8557659148060488 222.9849770021836 365.5942399916978 -206.15244783815342 -247.16373688925057 445.58635956875889 -138.34447885501103 19.699142188344631 -2617.3412925898429 298.53747973370139 -143.65019227456176 127.84533508957611 -189.48712342517521 15.423981991008771 -38.745060758548696 -91.670218803097811 14.613224380458474 -14.236670518105198 -25.035877674928127 -101.02722547455937 -7.7486092140974607 16.057638776036775 -60.389770397162671 42.263348306009455 58.565877601036313 -408.29308584222804 -77.652238627344403 3.545304656395027
leaf_weight=74 48 21 345 200 27 21 26 65 39 44 20 170 24 36 25 75 23 22 570 37 607 23 37 112 34 73 27 20 26 183
leaf_count=74 48 21 345 200 27 21 26 65 39 44 20 170 24 36 25 75 23 22 570 37 607 23 37 112 34 73 27 20 26 183
internal_value=-0.000108055 -0.00289474 -1.85872e-05 -8.41633e-05 -0.000219476 -0.00108696 -0.00532609 -0.000539972 -0.00807692 0.000146905 -0.000274566 0.00247899 -0.000882353 -0.000185851 -0.00245856 -0.00141026 -0.00425926 -0.00189655 9.0787e-05 -0.000561614 -0.000741627 -0.000340909 -0.00116822 -0.000761719 -0.0015 -0.000874317 -0.004375 -0.00013245 -0.00111354 -0.000263158
internal_weight=3054 95 2959 2911 2711 805 92 713 65 1906 692 238 68 1668 181 156 81 58 1487 917 627 880 535 512 400 366 64 302 229 209
internal_count=3054 95 2959 2911 2711 805 92 713 65 1906 692 238 68 1668 181 156 81 58 1487 917 627 880 535 512 400 366 64 302 229 209
is_linear=0
shrinkage=0.05


Tree=204
num_leaves=31
num_cat=0
split_feature=9 1 1 4 5 2 1 0 7 1 2 2 5 5 0 5 0 1 3 3 4 0 4 3 1 1 4 5 2 2
split_gain=0.351216 0.297102 0.488923 0.417803 0.512586 0.427899 1.46166 0.397718 0.894472 0.37559 0.373754 0.363781 0.320354 0.545459 0.688923 0.387094 0.343137 0.330983 0.301479 0.741049 1.04712 0.933345 0.75822 0.417102 0.625506 0.51045 0.628655 0.712644 0.293898 0.278293
threshold=1.0000000180025095e-35 97422.390000000014 95868.110000000015 345289.2882142858 69911.154821609802 298085.09000000003 295994.90000000008 314495.83500000008 1.5000000000000002 319151.15000000008 275880.78000000009 906157.57000000018 42715.319169421877 49641.373843985166 97677.235000000015 5869.527124083922 146575.25500000003 86154.595000000016 388157.50714285712 371355.62642857147 383706.95732142864 312832.76500000007 397348.8176785715 514419.54785714293 479155.55500000005 772552.72500000009 867306.46678571438 344057.21568908996 101976.58000000002 85593.180000000008
decision_type=2 2 2 2 2 2 2 2 2 2 2 2 2 2 2 2 2 2 2 2 2 2 2 2 2 2 2 2 2 2
left_child=1 2 12 5 -5 6 10 8 -7 -8 28 18 15 14 -14 17 -15 -1 19 20 -6 -21 -23 -20 -25 -26 -27 -28 29 -3
right_child=-2 3 -4 4 11 7 9 -9 -10 -11 -12 -13 13 16 -16 -17 -18 -19 23 21 -22 22 -24 24 25 26 27 -29 -30 -31
leaf_value=-6.7375688241938612 4.4049600943320311 -10.889803611381595 -24.006830832613595 -211.69592715802079 -163.45939628147488 -170.35886100914036 -107.60057226328678 496.95591582697836 61.321986661538737 -114.36014223655525 238.5409462950324 191.8051884489978 -0.91500632447848396 -5.92441994547608 -85.058996407390566 2.2501541158839653 434.34493285137307 0.016159057806223714 11.490595706202281 334.54584422575465 322.03505011455417 -60.024531891856668 -326.27720799887953 -798.10707442938087 130.81457400476629 -3703.3204724382613 6094.9674762678223 -1987.7640689267287 0.97719574129575371 40.865218917354802
leaf_weight=23 293 21 32 28 26 29 31 92 128 35 45 180 23 30 21 153 21 37 407 25 64 25 22 43 71 37 31 27 977 77
leaf_count=23 293 21 32 28 26 29 31 92 128 35 45 180 23 30 21 153 21 37 407 25 64 25 22 43 71 37 31 27 977 77
internal_value=-5.89389e-05 -0.000233611 -0.00161765 -3.92398e-05 -0.000831643 0.000505227 0.000109612 0.00238956 0.000859873 -0.00712121 0.000535714 -0.000636743 -0.00100649 -0.00342105 -0.0075 7.04227e-05 9.80394e-05 -0.00333333 -0.0011054 -0.00302469 1.86265e-10 -0.00680556 -0.0109574 -0.000600649 -0.00241627 -0.0010241 -0.00342105 -0.000172414 0.000348837 0.00295918
internal_weight=3054 2761 340 2421 986 1435 1186 249 157 66 1120 958 308 95 44 213 51 60 778 162 90 72 47 616 209 166 95 58 1075 98
internal_count=3054 2761 340 2421 986 1435 1186 249 157 66 1120 958 308 95 44 213 51 60 778 162 90 72 47 616 209 166 95 58 1075 98
is_linear=0
shrinkage=0.05


Tree=205
num_leaves=31
num_cat=1
split_feature=0 1 1 5 11 1 7 1 1 0 6 6 5 0 3 3 6 0 7 1 1 1 10 0 0 0 4 4 0 4
split_gain=0.333383 0.634498 0.593721 0.969601 0.518414 0.492424 0.4923 0.412775 0.719804 1.14566 0.450825 0.469633 0.933333 0.47108 0.603674 1.02334 0.599026 0.523489 0.884758 1.25198 0.586689 0.538036 0.438312 0.412714 0.910677 0.558542 0.408709 0.4 0.397513 0.844962
threshold=190720.65500000003 424970.04000000004 97422.390000000014 48174.393479078251 0 82086.090000000011 2.5000000000000004 325563.81000000006 344617.74500000005 378119.72000000003 141796.91365776389 121145.85760887423 129659.87757843696 232009.21000000002 221093.87285714291 281161.68142857146 107272.37584940426 326744.49500000005 4.5000000000000009 293250.66000000009 171624.54500000001 238943.76000000004 122.50000000000001 95836.580000000016 98820.410000000018 68316.825000000026 120462.88339285714 300000.32001322758 412361.76000000007 390239.97857142863
decision_type=2 2 2 2 1 2 2 2 2 2 2 2 2 2 2 2 2 2 2 2 2 2 2 2 2 2 2 2 2 2
left_child=2 7 3 23 -3 -5 -6 10 9 -9 11 13 -13 14 -2 -16 17 18 -15 -20 -19 -22 -17 25 -25 -1 -26 -21 -10 -30
right_child=1 4 -4 5 6 -7 -8 8 28 -11 -12 12 -14 16 15 22 -18 20 19 27 21 -23 -24 24 26 -27 -28 -29 29 -31
leaf_value=-16.433037058936943 -1.1883968356697985 310.0897960933429 7.9515696839805248 2.00344664998731 -131.57831683445266 -34.537893444528699 139.59142168332565 -10.885154585423029 16.617665944717839 -485.99221550314053 239.27452679759722 -498.89543714122459 6.9462269386253217 17.251055445136018 -385.45067671762303 14.349032902026568 296.4464948519676 55.665822130993064 53.386138485676497 -106.30884028096182 -460.20707475572766 -89.366397233252428 -100.43710708905897 -2.3786110655465538 40.416809892272141 2.0850041821526566 -51.444398385228965 -47.965245582770812 483.93881082422598 -345.98755338106713
leaf_weight=22 100 165 981 22 233 30 302 47 121 27 87 30 40 191 22 22 57 24 31 20 23 44 20 25 48 187 39 20 29 67
leaf_count=22 100 165 981 22 233 30 302 47 121 27 87 30 40 191 22 22 57 24 31 20 23 44 20 25 48 187 39 20 29 67
internal_value=-5.52664e-05 -0.000516841 0.000531758 -0.00116622 0.000642857 -0.0075 -0.000137614 -0.00131115 -0.00290378 -0.00716216 -0.000677154 -0.00113354 -0.005 -0.000662021 -0.00292683 -0.00671875 0.000243903 -0.000524079 0.000610687 -0.00415493 -0.00379121 -0.00619403 -0.00214286 -0.000140187 -0.00258929 0.00117225 -0.000172414 -0.01 -0.00145161 -0.00385417
internal_weight=3076 1722 1354 373 700 52 535 1022 291 74 731 644 70 574 164 64 410 353 262 71 91 67 42 321 112 209 87 40 217 96
internal_count=3076 1722 1354 373 700 52 535 1022 291 74 731 644 70 574 164 64 410 353 262 71 91 67 42 321 112 209 87 40 217 96
cat_boundaries=0 1
cat_threshold=3
is_linear=0
shrinkage=0.05


Tree=206
num_leaves=31
num_cat=0
split_feature=10 0 1 10 0 10 7 2 0 10 2 2 5 2 10 2 2 6 1 10 0 7 0 2 10 5 2 0 1 10
split_gain=0.304334 0.342711 0.67581 0.475377 0.468981 0.268625 0.619324 0.410256 0.358808 0.360294 1.03554 1.37077 0.353922 0.307882 0.228987 0.57739 0.533784 0.520833 0.382955 0.380549 0.438019 0.905264 1.19766 0.407146 0.490525 0.823462 0.518831 0.481131 0.850079 0.434677
threshold=54.500000000000007 157985.75000000003 149068.74500000002 17.500000000000004 72540.895000000004 42.500000000000007 4.5000000000000009 238189.11000000002 278159.82000000007 28.500000000000004 318555.50500000006 560115.69500000018 83996.429739810948 209254.53500000003 158.50000000000003 1028137.0450000002 1122558.9650000001 382296.36668734596 869690.97500000021 150.50000000000003 482976.86500000005 2.5000000000000004 617625.81000000017 136949.85500000001 128.50000000000003 9198.2233382541726 88960.73000000001 96982.175000000003 97422.390000000014 80.500000000000014
decision_type=2 2 2 2 2 2 2 2 2 2 2 2 2 2 2 2 2 2 2 2 2 2 2 2 2 2 2 2 2 2
left_child=1 3 -3 -1 -5 8 7 -7 13 10 -10 -12 -11 -4 16 -16 18 -18 19 20 23 22 -22 24 26 -26 -2 -28 -29 -30
right_child=14 2 5 4 -6 6 -8 -9 9 12 11 -13 -14 -15 15 -17 17 -19 -20 -21 21 -23 -24 -25 25 -27 27 28 29 -31
leaf_value=-59.998654543719603 44.772700148226335 -2.7287415940739961 -3.1562885495927651 -9.5368469913384057 18.24365045665834 -57.80776780373774 -364.95513541293121 22.190454699879325 499.74135858163459 -150.66867795686821 -1933.9077180346376 -503.24067287820446 169.35094425054248 109.73579143877994 -1.0852553814123664 2559.0564481279139 -3944.0232397561626 477.18923048032531 384.99594907215618 77.713174453903434 -429.17026020315507 1104.6217868878928 432.86958190170083 13.492968793570746 1.8378564942336835 -90.661743554311656 9.9299166026569043 -25.77131985718367 195.12410374675534 -27.538369886480201
leaf_weight=22 47 23 42 25 169 26 22 52 20 20 22 26 48 45 1189 52 24 24 79 90 38 68 35 666 23 39 58 20 22 40
leaf_count=22 47 23 42 25 169 26 22 52 20 20 22 26 48 45 1189 52 24 24 79 90 38 68 35 666 23 39 58 20 22 40
internal_value=9.10275e-05 -0.000960854 -0.00193642 0.000601852 0.00139175 -0.00134675 -0.0035 -0.00141026 -0.000381166 -0.00198529 -0.00455882 -0.00854167 0.000588235 0.00212644 0.000326174 -0.000157131 0.000797329 -0.004375 0.001 0.000767888 0.000501894 -0.0020922 -0.0059589 0.00090164 -0.000823293 -0.00467742 0.000454546 -0.00107143 -0.00353659 -0.000645161
internal_weight=3076 562 346 216 194 323 100 78 223 136 68 48 68 87 2514 1241 1273 48 1225 1146 1056 141 73 915 249 62 187 140 82 62
internal_count=3076 562 346 216 194 323 100 78 223 136 68 48 68 87 2514 1241 1273 48 1225 1146 1056 141 73 915 249 62 187 140 82 62
is_linear=0
shrinkage=0.05


Tree=207
num_leaves=31
num_cat=0
split_feature=0 1 2 10 0 10 10 10 7 4 1 10 10 6 10 2 10 1 6 4 1 1 0 3 10 3 0 2 7 1
split_gain=0.250625 0.508192 0.483122 0.571883 0.312931 0.301675 0.570141 0.648215 0.611442 0.443957 0.477509 0.517094 0.952415 0.642756 0.394796 0.570808 0.632587 0.368367 0.346785 0.330263 0.32054 0.586826 0.727205 0.298238 0.600861 0.953442 0.456522 0.448855 0.357169 0.919097
threshold=128401.895 89777.440000000017 88960.73000000001 130.50000000000003 68316.825000000026 54.500000000000007 42.500000000000007 47.500000000000007 1.5000000000000002 334480.92495879129 194682.13500000004 22.500000000000004 36.500000000000007 30907.185220021776 166.50000000000003 1028137.0450000002 171.50000000000003 416123.95000000001 70050.344100335016 302755.76558035723 950324.20000000007 584401.12000000011 641841.67000000016 386413.44285714289 227.50000000000003 420395.72500000009 468425.10000000003 378362.99000000005 1.5000000000000002 274533.59500000003
decision_type=2 2 2 2 2 2 2 2 2 2 2 2 2 2 2 2 2 2 2 2 2 2 2 2 2 2 2 2 2 2
left_child=1 2 4 -4 -1 6 9 8 -8 10 11 -2 13 -13 -7 16 19 -11 -9 -16 21 22 23 27 -25 -26 -27 28 29 -18
right_child=5 -3 3 -5 -6 14 7 18 -10 17 -12 12 -14 -15 15 -17 20 -19 -20 -21 -22 -23 -24 24 25 26 -28 -29 -30 -31
leaf_value=-13.458287492275552 218.51618547283257 3.7713939355835571 -4.5555637357923127 -48.338064152490631 2.3630304800710582 12.807946157768662 -0.7049294066461802 -8.8531110319971127 -358.09119779945172 -1043.9276040056975 77.3928805514049 4.6764764730880541 177.34154567463966 -78.097388531258233 -8.1121062742286654 2191.5589723988355 -0.36796247083518613 -342.32729180417732 130.21844256797826 -62.681475733906183 -3094.4706420377979 1446.8446377736454 -1303.8494058492586 9.1071761477260633 -429.26226831651888 -131.77582463728902 648.54215379655886 708.78894534463325 5.2124431265104496 -176.80320454627744
leaf_weight=20 25 473 29 26 96 1105 21 29 27 28 96 22 22 21 21 46 127 70 45 22 22 50 20 126 37 25 21 64 315 25
leaf_count=20 25 473 29 26 96 1105 21 29 27 28 96 22 22 21 21 46 127 70 45 22 22 50 20 126 37 25 21 64 315 25
internal_value=0.000318596 0.00119565 -0.00114035 -0.005 0.000689655 8.63489e-05 -0.00115764 -0.00401639 -0.00854167 7.04227e-05 0.00150538 -0.00111111 -0.00346154 -0.0077907 0.000335637 -0.000428881 -0.000714286 -0.00265306 -0.00108108 -0.00662791 -0.000408654 -0.000246913 -0.000592105 -0.000337838 -0.0019378 -0.00524096 -0.000434782 0.000291902 -0.000246252 -0.00223684
internal_weight=3076 644 171 55 116 2432 406 122 48 284 186 90 65 43 2026 921 875 98 74 43 832 810 760 740 209 83 46 531 467 152
internal_count=3076 644 171 55 116 2432 406 122 48 284 186 90 65 43 2026 921 875 98 74 43 832 810 760 740 209 83 46 531 467 152
is_linear=0
shrinkage=0.05


Tree=208
num_leaves=31
num_cat=0
split_feature=0 0 2 2 3 10 3 10 4 10 1 10 4 4 3 1 2 2 10 1 0 3 2 5 6 0 0 6 1 3
split_gain=0.216729 0.377217 0.901391 0.62286 0.564413 0.460199 0.40397 0.426827 0.330025 0.31524 1.19032 0.68495 0.397672 0.288355 0.920479 0.522871 0.525333 0.673631 0.625 0.414064 0.335559 0.413963 0.324813 0.288087 0.824913 0.620619 1.17453 0.52954 0.311681 0.627047
threshold=329972.81500000006 366146.72000000003 338602.64000000007 258572.09500000003 299948.86500000005 167.50000000000003 337522.94214285718 27.500000000000004 498242.98232142866 240.50000000000003 483238.4150000001 251.50000000000003 398491.41375000007 738330.17464285728 588183.77642857155 629150.43500000017 440523.68500000006 516985.39500000008 170.50000000000003 483238.4150000001 482976.86500000005 437656.4114285715 586239.86000000022 113855.66576723999 168585.86737647827 268668.97500000003 229852.89000000004 104009.62978997744 89777.440000000017 124524.91428571429
decision_type=2 2 2 2 2 2 2 2 2 2 2 2 2 2 2 2 2 2 2 2 2 2 2 2 2 2 2 2 2 2
left_child=8 2 3 -2 -3 -4 -6 -8 23 12 11 -11 -9 14 15 16 20 18 -18 22 -14 -22 -19 27 25 26 -25 28 29 -1
right_child=1 4 5 -5 6 -7 7 9 -10 10 -12 -13 13 -15 -16 -17 17 19 -20 -21 21 -23 -24 24 -26 -27 -28 -29 -30 -31
leaf_value=0.69684827104006419 5.6776901969315858 196.52791788034867 1508.9819064024118 -323.71793455887371 -289.36855588108045 -114.80314612449943 -1366.8047731748811 497.39287714389468 1252.578644410399 -1873.7869054937992 1400.0150051496262 -374.79984851845961 1063.6050630231236 189.53744944199548 -400.4165459762873 2111.6601697486544 -243.1219311865255 104.65392174916484 -294.51502546009897 1313.9280163826343 -1148.2857748085305 502.18343991711731 -752.20992750071343 24.499100398269139 -279.68121012945261 687.49090689196157 -192.16706298238844 15.832921212516371 3.1083845496016917 -38.15264049709679
leaf_weight=183 25 56 37 37 33 30 40 147 43 20 40 26 40 264 22 40 20 22 20 33 22 37 23 63 23 43 34 111 1499 43
leaf_count=183 25 56 37 37 33 30 40 147 43 20 40 26 40 264 22 40 20 22 20 33 22 37 23 63 23 43 34 111 1499 43
internal_value=0.00036736 -0.000222437 -0.00275194 -0.00709677 0.000138122 0.00126866 -0.000182568 3.67649e-05 0.000666014 0.000296392 -0.00255814 -0.00804348 0.000652174 2.76245e-05 -0.00109319 -0.000252918 -0.0012212 -0.00347458 -0.00875 -0.000769231 0.00146465 -0.000932203 -0.00388889 0.000572787 -0.00144172 1.86265e-10 -0.00221649 0.000751634 0.000536232 -0.00119469
internal_weight=3076 1034 129 62 905 67 849 816 2042 776 86 46 690 543 279 257 217 118 40 78 99 59 45 1999 163 140 97 1836 1725 226
internal_count=3076 1034 129 62 905 67 849 816 2042 776 86 46 690 543 279 257 217 118 40 78 99 59 45 1999 163 140 97 1836 1725 226
is_linear=0
shrinkage=0.05


Tree=209
num_leaves=31
num_cat=0
split_feature=3 10 6 4 0 6 1 1 1 6 0 1 6 3 3 3 0 4 0 0 10 10 10 6 6 4 4 1 3 6
split_gain=0.267294 0.534878 0.630036 0.988438 0.484615 0.459574 0.411429 0.292559 0.497138 0.4 0.275817 0.604498 0.414381 0.354754 0.604389 0.436864 0.479459 0.815923 0.541126 0.444513 0.401111 0.308586 0.327881 0.36236 0.456269 0.265577 0.342318 0.200037 0.305042 0.175458
threshold=362402.9671428572 46.500000000000007 284870.39884652669 494266.58017857152 661823.4800000001 364628.79054146173 226543.77500000002 375168.83000000002 340694.82000000007 79916.668306420775 335049.23500000004 330995.43000000011 305838.35725481884 386413.44285714289 399066.07000000001 413517.83500000002 436138.15500000009 400155.21071428579 412361.76000000007 468425.10000000003 202.50000000000003 218.50000000000003 103.50000000000001 161349.32619857075 136501.98635866327 303298.87482142862 302381.66214285721 474212.97000000003 433234.90571428579 170736.09711433004
decision_type=2 2 2 2 2 2 2 2 2 2 2 2 2 2 2 2 2 2 2 2 2 2 2 2 2 2 2 2 2 2
left_child=7 2 3 -2 6 -4 -3 8 25 -10 11 -8 13 -12 20 -16 17 -17 -19 -18 -15 22 -21 24 -24 26 -1 -13 -29 -6
right_child=1 4 5 -5 29 -7 10 -9 9 -11 12 27 -14 14 15 16 19 18 -20 21 -22 -23 23 -25 -26 -27 -28 28 -30 -31
leaf_value=1.813622250656248 -70.817161677440524 1221.0816912040148 2932.6874785460368 -2251.1421505888784 -13.549933022128293 -1531.4993434798384 -95.920518070182695 605.94534072156091 68.867958624394731 -275.8887944554109 60.622022919020665 522.67362975191884 -1071.7891952063669 -26.916506915040568 605.56783657451888 -825.73726651279731 404.07142749958564 62.36330676538045 -317.38907920818866 136.78709024300122 -896.49051205756041 55.372789038381427 -206.31827148329558 -775.73738163884445 1484.333625450264 56.528903250298939 -5.1690427331933986 -235.02499083013493 2364.6895002831293 273.07015129600171
leaf_weight=1827 41 30 27 22 29 20 28 93 20 20 58 67 28 25 53 22 32 48 22 37 20 38 20 28 23 72 24 21 30 251
leaf_count=1827 41 30 27 22 29 20 28 93 20 20 58 67 28 25 53 22 32 48 22 37 20 38 20 28 23 72 24 21 30 251
internal_value=0.000318596 -0.000343137 -0.00363636 -0.00690476 5.49452e-05 0.000744681 -0.000714286 0.000646887 0.000517066 -0.005 -0.001 0.000890411 -0.00160793 -0.00122066 -0.00179348 -0.00103715 -0.00185185 -0.00478261 -0.00214286 -0.000337078 -0.00722222 -0.00150685 -0.00287037 -0.00485915 -0.00197674 0.000631825 0.000515938 0.00245763 9.80394e-05 0.00178571
internal_weight=3076 1020 110 63 910 47 630 2056 1963 40 600 146 454 426 368 323 270 92 70 178 45 146 108 71 43 1923 1851 118 51 280
internal_count=3076 1020 110 63 910 47 630 2056 1963 40 600 146 454 426 368 323 270 92 70 178 45 146 108 71 43 1923 1851 118 51 280
is_linear=0
shrinkage=0.05


Tree=210
num_leaves=31
num_cat=0
split_feature=4 5 1 5 3 6 4 1 5 2 4 4 1 4 6 2 2 2 2 2 3 3 2 5 5 0 1 2 1 6
split_gain=0.477826 0.760514 0.678104 0.798204 0.596306 0.626801 0.80456 0.501164 0.497704 0.468291 0.445559 0.656754 0.838633 0.413807 0.738826 0.411726 0.511028 0.407695 0.336771 0.32692 0.445451 0.67793 0.315092 0.308472 0.547593 0.415083 0.307971 0.307583 0.294826 0.377642
threshold=382512.13750000007 129659.87757843696 241666.32000000004 113855.66576723999 382961.56142857147 147844.39382622534 400155.21071428579 379833.14000000007 77047.152409744202 424263.92000000004 449424.16089285718 401334.3548214286 529638.04500000004 1099443.6676785718 409503.07349757577 471632.68500000011 570289.31000000017 338602.64000000007 1270417.1000000003 1083362.1950000001 503643.45642857143 519856.9671428572 479878.03000000009 213030.78251489895 261838.50722672034 661823.4800000001 489230.06000000006 755449.18500000017 84908.630000000019 43945.739976583114
decision_type=2 2 2 2 2 2 2 2 2 2 2 2 2 2 2 2 2 2 2 2 2 2 2 2 2 2 2 2 2 2
left_child=7 2 -2 8 -5 6 -6 9 -4 28 11 17 22 19 18 -10 -17 -3 -15 20 -12 -22 -13 -23 27 -26 -9 -25 29 -1
right_child=1 10 3 4 5 -7 -8 26 15 -11 13 12 -14 14 -16 16 -18 -19 -20 -21 21 23 -24 24 25 -27 -28 -29 -30 -31
leaf_value=-4.325445003583849 -162.78207748719373 -385.95849293374721 -412.59905260255493 -105.19297720835037 -0.63364693284646267 212.27652240793975 -728.99609863419892 808.4184849998378 110.06958132213941 -236.03241440920294 525.41951406902456 30.992196029671334 -2146.9952295584167 2600.8469771983532 -4092.9663334147954 -67.672006877598974 366.73528407226695 1339.3640248921915 -3612.412337381641 343.73808702991943 -122.86511806835811 246.81991369645232 -199.10303752238929 20.507084292634236 -1103.5456609911316 1572.8969807326314 117.16697775177943 -2103.5959544020784 1.0272110268936865 25.264561117609922
leaf_weight=115 21 26 37 22 33 24 32 85 103 20 100 41 21 34 23 34 33 67 21 73 33 65 25 23 35 92 23 20 1770 28
leaf_count=115 21 26 37 22 33 24 32 85 103 20 100 41 21 34 23 34 33 67 21 73 33 65 25 23 35 92 23 20 1770 28
internal_value=-0.000147775 -0.00102119 -0.0029646 -0.00238994 -0.00581081 -0.00398876 -0.00653846 0.000296424 -0.000555555 0.000111226 -7.86836e-05 -0.00222222 -0.00534483 0.00066474 -0.00269231 0.000588235 -0.00246269 0.000698925 0.000454546 0.0012585 0.000652174 -0.000410448 -0.00257576 0.000531915 -0.000588235 0.00106299 0.00361111 -0.00546512 0.0001908 -0.00199301
internal_weight=3079 1038 339 318 111 89 65 2041 207 1933 699 180 87 519 78 170 67 93 55 441 368 268 66 235 170 127 108 43 1913 143
internal_count=3079 1038 339 318 111 89 65 2041 207 1933 699 180 87 519 78 170 67 93 55 441 368 268 66 235 170 127 108 43 1913 143
is_linear=0
shrinkage=0.05


Tree=211
num_leaves=31
num_cat=0
split_feature=9 10 3 4 1 3 2 1 6 10 1 2 1 1 2 2 2 2 3 1 10 1 0 4 4 1 10 6 6 1
split_gain=0.354788 0.462676 0.707834 0.443135 0.55537 0.54869 0.495861 0.467136 0.464792 0.38401 0.342331 0.324574 1.33709 0.952786 0.567531 0.813366 0.4 0.317827 1.00848 0.878422 1.02807 0.548674 0.577282 0.422414 0.718946 0.671 0.409626 0.391267 0.784846 0.27602
threshold=1.0000000180025095e-35 209.50000000000003 164697.03357142859 382512.13750000007 379833.14000000007 460756.10428571433 405998.49000000005 84908.630000000019 424678.58466219017 35.500000000000007 82858.37000000001 304023.5500000001 304223.69000000006 319151.15000000008 326119.78000000009 346562.19000000006 283675.44500000007 373014.69000000006 371355.62642857147 340694.82000000007 165.50000000000003 355233.51000000007 463300.02500000008 401334.3548214286 391241.97714285721 432365.23500000004 201.50000000000003 143520.64543863767 126605.83024862045 87041.410000000018
decision_type=2 2 2 2 2 2 2 2 2 2 2 2 2 2 2 2 2 2 2 2 2 2 2 2 2 2 2 2 2 2
left_child=3 -2 -3 4 6 17 7 9 -7 -1 -11 12 29 -14 -13 -16 -15 18 -5 20 -20 -19 23 24 -23 -25 -24 28 -21 -9
right_child=1 2 -4 5 -6 8 -8 11 -10 10 -12 14 13 16 15 -17 -18 21 19 27 -22 22 26 25 -26 -27 -28 -29 -30 -31
leaf_value=-23.072548385646222 14.881119749595687 -29.604070976088021 27.554670736584754 806.09569323728306 651.48165366630315 7.0335998748228086 -269.68067291612113 56.506252911135611 -3294.6264466240409 1.1898580132608678 -2.6764152424267325 69.230121845718173 -251.09432953956576 -124.55899387383691 -174.12151860865359 64.890554534190443 319.05053311227385 104.84392318469128 -530.20754018557068 6.4452507089847479 -42.918504939200673 -289.45372075798775 1489.6449744901506 -215.78399021489554 1415.3771848016709 -198.59424813544553 -116.04279007575491 447.57623113612846 -588.74182678844772 0.66773116485143913
leaf_weight=43 230 20 42 26 94 487 25 32 20 71 22 94 22 20 35 43 20 74 33 38 34 21 32 23 37 35 31 25 20 1330
leaf_count=43 230 20 42 26 94 487 25 32 20 71 22 94 22 20 35 43 20 74 33 38 34 21 32 23 37 35 31 25 20 1330
internal_value=-8.28189e-05 0.00157534 -0.00225806 -0.000256548 0.000191788 -0.00114316 -8.53709e-06 9.23789e-05 -2.95856e-05 -0.00272059 -0.000913978 0.00033208 8.42698e-05 -0.00709677 0.00238372 -0.000769231 -0.0025 -0.00245921 -0.00409091 -0.00566667 -0.00992537 -0.00132411 -0.00282123 -0.00491379 -0.00189655 -0.00793103 0.00103175 -0.00222892 -0.00448276 0.00041116
internal_weight=3079 292 62 2787 1851 936 1757 1732 507 136 93 1596 1424 62 172 78 40 429 176 150 67 253 179 116 58 58 63 83 58 1362
internal_count=3079 292 62 2787 1851 936 1757 1732 507 136 93 1596 1424 62 172 78 40 429 176 150 67 253 179 116 58 58 63 83 58 1362
is_linear=0
shrinkage=0.05


Tree=212
num_leaves=31
num_cat=1
split_feature=1 1 11 6 4 0 1 5 2 1 4 0 3 0 3 4 4 0 3 2 4 3 6 6 6 5 3 2 6 1
split_gain=0.358407 0.325242 0.519392 0.659484 0.557194 0.663673 0.362603 0.332958 0.466843 0.728242 0.521379 0.421287 0.477445 0.473783 0.67402 0.447064 0.494958 0.434546 0.458232 0.777351 0.400152 0.62069 0.318208 0.374307 0.44709 0.571769 0.773036 0.329019 0.298655 0.263047
threshold=1461176.6550000003 726605.24000000011 0 114019.63656086488 506212.04999999999 420963.16000000009 682681.61500000011 292071.28661657387 586239.86000000022 416123.95000000001 506212.04999999999 500171.74000000005 399066.07000000001 661823.4800000001 448650.97928571433 473149.82553571434 382512.13750000007 335049.23500000004 373623.22571428574 400207.65500000009 412390.29964285716 397755.18857142859 118969.01629422152 125968.22431192714 129809.57337370444 106658.83706061462 448650.97928571433 369476.97500000003 398738.94413311017 974722.88500000013
decision_type=2 2 1 2 2 2 2 2 2 2 2 2 2 2 2 2 2 2 2 2 2 2 2 2 2 2 2 2 2 2
left_child=1 2 3 -1 5 22 7 8 11 -10 -11 15 -13 14 -14 16 -5 18 -18 -20 21 -19 27 -24 -25 -26 -27 -4 -3 -30
right_child=-2 28 4 6 -6 -7 -8 -9 9 10 -12 12 13 -15 -16 -17 17 20 19 -21 -22 -23 23 24 25 26 -28 -29 29 -31
leaf_value=-446.2294503834899 -643.83068015897697 254.78249498694788 0.23317465421518496 1308.1862918488314 -98.893601244877857 196.41818246189445 -1419.319351748903 1485.1138672890038 -717.09165379894216 1248.5854787577682 -155.05926653752545 -569.85950552380643 118.32085928121977 3758.5133926851181 -529.89632792793941 2867.7797271603495 300.2582508359672 2495.0071539221312 -348.32144834166985 -0.71041444217492566 1344.2400022123966 -506.21496251397804 -242.35972586331988 18.969978464284733 41.838909184732614 -196.39539654822377 259.8693259908386 144.60261510336201 6838.2566393106654 -2034.761824234017
leaf_weight=29 35 197 1841 51 37 162 31 39 28 21 29 25 32 23 34 50 24 29 20 23 33 29 23 24 35 22 27 72 22 32
leaf_count=29 35 197 1841 51 37 162 31 39 28 21 29 25 32 23 34 50 24 29 20 23 33 29 23 24 35 22 27 72 22 32
internal_value=3.08544e-05 8.86993e-05 -6.62368e-05 -0.00142857 0.00027297 0.000376247 -0.00104607 -0.000714286 -0.00109756 -0.00461538 -0.001 -0.00036193 -0.00289474 -0.00117978 -0.00333333 0.000752896 -0.000263158 -0.00164557 -0.00470149 -0.0077907 0.000604396 -0.00189655 0.000132094 -0.00225191 -0.00101852 -0.00273809 -0.00622449 0.000295348 0.00181275 -0.00148148
internal_weight=3079 3044 2793 550 2243 2206 521 490 451 78 50 373 114 89 66 259 209 158 67 43 91 58 2044 131 108 84 49 1913 251 54
internal_count=3079 3044 2793 550 2243 2206 521 490 451 78 50 373 114 89 66 259 209 158 67 43 91 58 2044 131 108 84 49 1913 251 54
cat_boundaries=0 1
cat_threshold=4
is_linear=0
shrinkage=0.05


Tree=213
num_leaves=31
num_cat=0
split_feature=9 6 5 1 1 4 5 6 1 2 5 1 2 1 1 6 3 4 5 5 1 1 3 2 3 10 4 6 2 5
split_gain=0.243343 0.366322 0.457017 0.289709 0.298567 0.586031 1.07671 0.397785 0.383726 0.370861 0.324106 0.420267 1.58103 0.44104 0.349622 0.369849 0.317156 0.320138 0.299974 0.442572 0.379052 0.380952 0.870153 0.427356 0.346057 1.14784 0.706852 1.0119 0.470085 0.625
threshold=1.0000000180025095e-35 170736.09711433004 128357.81606349666 1461176.6550000003 726605.24000000011 382512.13750000007 71742.172016100943 116787.85359248157 403110.97000000003 396082.10500000004 19376.400143079536 191105.64500000005 300053.88000000006 84908.630000000019 325563.81000000006 73005.27195932687 420395.72500000009 390239.97857142863 129659.87757843696 100306.84126849746 529638.04500000004 474212.97000000003 415664.4707142858 409340.1650000001 514419.54785714293 201.50000000000003 449424.16089285718 155481.2509383517 586239.86000000022 261838.50722672034
decision_type=2 2 2 2 2 2 2 2 2 2 2 2 2 2 2 2 2 2 2 2 2 2 2 2 2 2 2 2 2 2
left_child=3 2 -2 4 5 8 -7 16 9 10 11 13 -13 -1 -12 -16 17 -8 19 -9 21 22 23 -21 26 28 27 -20 -26 -30
right_child=1 -3 -4 -5 -6 6 7 18 -10 -11 14 12 -14 -15 15 -17 -18 -19 24 20 -22 -23 -24 -25 25 -27 -28 -29 29 -31
leaf_value=-2.3759007428464831 1.9782660044979328 851.89554832709098 -75.906393339538241 -871.1099035900761 144.91967382714043 -238.67631299676577 -189.85253542267375 105.10445438236218 939.32608206550037 -235.75005546127318 2.2576805417246599 -67.487220255319315 170.99061424047477 0.30169567254009932 77.950440218941992 -56.139713638401183 -107.28712871053062 206.65753801796546 8.4324450724176732 -168.70487882991242 27.719253590443799 -808.62420134893455 81.526089440429985 -44.46292186252257 3109.0114953703569 -316.84293354084741 396.50529107481998 -381.39634133603431 -1599.2459191968101 961.70384456915679
leaf_weight=45 206 57 29 30 226 28 21 64 77 35 1068 36 33 477 31 49 24 62 84 33 31 24 26 25 39 22 102 35 24 36
leaf_count=45 206 57 29 30 226 28 21 64 77 35 1068 36 33 477 31 49 24 62 84 33 31 24 26 25 39 22 102 35 24 36
internal_value=3.08544e-05 0.00140411 0.000531915 -0.000113025 -5.98475e-05 -0.00021533 -0.00147059 -0.00105828 0.000245813 9.58288e-05 0.00019839 -0.000752961 -0.00442029 -0.000268199 0.000688153 -0.0025 0.00172897 0.00319277 -0.0016055 -0.00312808 -0.00471223 -0.00611111 -0.00452381 -0.00793103 -0.000701754 -0.00285124 0.000475113 -0.00214286 -0.000555555 -0.00333333
internal_weight=3079 292 235 2787 2757 2531 680 652 1851 1774 1739 591 69 522 1148 80 107 83 545 203 139 108 84 58 342 121 221 119 99 60
internal_count=3079 292 235 2787 2757 2531 680 652 1851 1774 1739 591 69 522 1148 80 107 83 545 203 139 108 84 58 342 121 221 119 99 60
is_linear=0
shrinkage=0.05


Tree=214
num_leaves=31
num_cat=1
split_feature=1 1 11 1 0 6 6 6 0 6 0 0 5 10 2 0 10 2 2 1 2 5 6 10 1 1 2 1 1 2
split_gain=0.356097 0.423067 0.72622 0.425281 0.493678 0.471036 0.601698 0.619108 0.613089 0.478135 0.673193 0.388454 0.283613 0.676615 0.470478 0.51961 0.424107 0.408871 0.204703 0.595592 0.759216 0.576376 0.251812 0.274516 0.341026 0.377009 0.246853 0.735643 0.2378 0.235327
threshold=1461176.6550000003 712211.72500000021 0 226543.77500000002 661823.4800000001 211869.44353650193 186518.48434750325 157393.97457162139 468425.10000000003 117836.1444139721 347663.93000000005 1002513.7500000001 100306.84126849746 209.50000000000003 305767.98500000004 453330.6750000001 181.50000000000003 431588.42000000004 292926.15500000009 304223.69000000006 235267.88000000003 88530.763104210273 281981.5255516576 256.50000000000006 294526.96000000008 286404.10000000003 269068.82000000007 272494.94500000007 264311.82000000007 332156.45500000002
decision_type=2 2 1 2 2 2 2 2 2 2 2 2 2 2 2 2 2 2 2 2 2 2 2 2 2 2 2 2 2 2
left_child=1 2 3 -1 5 6 7 9 -9 10 -5 -6 16 14 -14 17 -11 -16 19 26 -21 -22 23 24 25 28 -4 -28 -20 -26
right_child=-2 -3 18 4 11 -7 -8 8 -10 12 -12 -13 13 -15 15 -17 -18 -19 22 20 21 -23 -24 -25 29 -27 27 -29 -30 -31
leaf_value=999.89544233560446 -568.08365097152694 133.33409984654722 0.43956617933758912 -301.97665158735725 3034.9092844923284 -375.19185933056281 799.72579054508958 -60.765627062016691 -733.16581255431834 1772.0461191364566 -65.394704315285267 -157.84786883959541 71.595744632824832 318.47545833577141 -148.60920737020834 -420.26573788372264 -44.335100017388044 265.40224303792047 -87.458186106563332 -341.64741485462673 -99.550607188008911 43.558874002139049 -63.092635673446011 -290.89756106092591 72.622436816426571 -113.56169201003917 -74.074453397822552 78.95614493362244 129.41003205644489 88.723178333364061
leaf_weight=46 35 265 1561 22 61 33 37 29 20 38 30 21 28 46 23 39 32 34 39 24 20 31 22 22 138 27 29 43 23 261
leaf_count=46 35 265 1561 22 61 33 37 29 20 38 30 21 28 46 23 39 32 34 39 24 20 31 22 22 138 27 29 43 23 261
internal_value=1.46153e-05 7.22735e-05 -0.000109752 -0.00173953 -0.00220081 -0.00290754 -0.00240741 -0.00306452 -0.00826531 -0.00219178 -0.00653846 0.00134146 -0.00125 -0.00235294 -0.00427419 -0.0059375 0.00142857 -0.00289474 0.000288889 2.34194e-05 -0.00433333 -0.000882353 0.00114662 0.00137255 0.00161885 -0.00117978 0.000223515 -0.00263889 0.000967742 0.00224311
internal_weight=3079 3044 2779 539 493 411 378 341 49 292 52 82 240 170 124 96 70 57 2240 1708 75 51 532 510 488 89 1633 72 62 399
internal_count=3079 3044 2779 539 493 411 378 341 49 292 52 82 240 170 124 96 70 57 2240 1708 75 51 532 510 488 89 1633 72 62 399
cat_boundaries=0 1
cat_threshold=4
is_linear=0
shrinkage=0.05


Tree=215
num_leaves=31
num_cat=0
split_feature=0 6 3 1 5 0 1 6 0 1 1 10 10 10 10 10 10 7 0 10 6 0 6 5 10 6 0 0 0 5
split_gain=0.401235 0.713636 0.724333 0.697212 0.797291 0.619429 1.8263 0.699813 0.626987 0.508112 0.573183 0.534028 0.478152 0.437895 1.20333 0.405316 0.329801 0.424178 0.321111 0.469444 0.278526 0.298667 0.373333 0.385185 0.603276 0.255823 0.389135 0.441085 0.282251 0.280235
threshold=832401.2300000001 112715.55988619714 464564.0450000001 293250.66000000009 157860.22606546877 366146.72000000003 330995.43000000011 121145.85760887423 577566.06000000017 411838.23500000004 364003.37000000005 129.50000000000003 215.50000000000003 187.50000000000003 146.50000000000003 148.50000000000003 87.500000000000014 2.5000000000000004 257982.52000000005 107.50000000000001 118969.01629422152 395669.96500000003 125262.425585351 129659.87757843696 127.50000000000001 405212.51346880774 386153.45500000002 432248.34500000003 798871.29500000004 328924.07039972878
decision_type=2 2 2 2 2 2 2 2 2 2 2 2 2 2 2 2 2 2 2 2 2 2 2 2 2 2 2 2 2 2
left_child=1 9 3 18 5 6 -5 -8 20 10 -1 -12 16 14 -9 -6 17 -2 19 -3 -7 -22 -23 24 -24 26 -4 -28 29 -29
right_child=12 2 25 4 15 8 7 13 -10 -11 11 -13 -14 -15 -16 -17 -18 -19 -20 -21 21 22 23 -25 -26 -27 27 28 -30 -31
leaf_value=0.84040081475651152 -767.4807692192727 57.235282726448276 894.54343809768727 -350.61319984548345 -141.83366933255721 2284.9104174654881 -44.050233448018759 628.13903718354743 -748.83451289918992 771.03765122994957 -19.186595637486441 24.30711653889416 -864.98781096791924 2086.5152644233835 -144.62373911935643 -895.92369998956406 1782.4055534718148 1844.7342660091981 32.809077738150386 -201.45941998567139 3145.6957565367866 -299.55443983396492 17.169894697366445 2692.6852362851355 -230.02431244426919 -391.10808656612636 -110.19070753832062 101.85256619159159 -72.146643719359261 -1248.4130571235823
leaf_weight=1923 36 24 66 21 23 27 23 30 22 78 22 21 28 26 20 38 101 46 90 36 20 25 26 26 28 20 27 177 20 22
leaf_count=1923 36 24 66 21 23 27 23 30 22 78 22 21 28 26 20 38 101 46 90 36 20 25 26 26 28 20 27 177 20 22
internal_value=5.17466e-05 -0.000102395 -0.00133214 -0.00252475 -0.00373239 -0.00265306 -0.00541667 -0.00257576 -0.000747126 0.000401174 0.000244151 -0.00546512 0.0021564 -0.000263158 -0.003 -0.00893443 0.00308743 0.000731707 0.000333334 -0.0025 0.000394737 -0.0006 -0.00166667 1.86265e-10 -0.00240741 0.000481928 0.000833334 -8.13006e-05 0.000662101 0.00123116
internal_weight=3092 2881 837 505 355 294 120 99 174 2044 1966 43 211 76 50 61 183 82 150 60 152 125 105 80 54 332 312 246 219 199
internal_count=3092 2881 837 505 355 294 120 99 174 2044 1966 43 211 76 50 61 183 82 150 60 152 125 105 80 54 332 312 246 219 199
is_linear=0
shrinkage=0.05


Tree=216
num_leaves=31
num_cat=1
split_feature=4 4 4 3 1 10 3 1 11 10 10 10 7 10 4 3 10 10 1 3 0 10 10 0 7 0 10 1 1 0
split_gain=0.332002 0.709191 0.536428 0.565886 0.596137 0.560711 0.511414 0.73259 0.829409 0.585703 1.16406 0.777397 0.494946 0.443322 0.577505 0.395809 0.435631 0.533761 0.392545 0.390482 0.429501 0.385157 0.554 0.31019 0.278108 0.277128 0.308581 0.253971 0.244898 0.243701
threshold=300836.95071428578 301347.3733928572 232971.18785714291 225722.15785714288 170546.69000000003 90.500000000000014 444401.80285714293 293250.66000000009 0 190.50000000000003 164.50000000000003 227.50000000000003 1.5000000000000002 134.50000000000003 393615.5246428572 135208.22785714289 201.50000000000003 190.50000000000003 317754.87000000005 380580.67428571434 399339.38000000006 168.50000000000003 162.50000000000003 463300.02500000008 2.5000000000000004 128401.895 228.50000000000003 253361.80500000002 453839.63000000006 332528.43500000006
decision_type=2 2 2 2 2 2 2 2 1 2 2 2 2 2 2 2 2 2 2 2 2 2 2 2 2 2 2 2 2 2
left_child=2 -2 3 15 -5 -6 7 -3 9 10 12 -11 -9 14 24 16 17 21 -15 -14 -21 22 -1 -20 -10 -18 -27 -8 -13 -17
right_child=1 6 -4 4 5 -7 27 8 13 11 -12 28 19 18 -16 29 25 -19 23 20 -22 -23 -24 -25 -26 26 -28 -29 -30 -31
leaf_value=-1.0501972600303662 -6.5862838891294793 13.250328790287549 16.864546643575803 61.759989389693139 -49.879596646345838 -259.17746152390856 -162.596167663551 -301.42736329767644 -3.8441737041526118 1240.3947645840881 -391.1914541632014 -422.32275506294167 200.41371352074341 -29.643691630535262 15.551699429828037 9.3997940961747997 7.8723033882937958 -27.225580552046633 434.24489377794384 -463.29186501519916 749.22408321367107 4.5623460467964465 -16.836582816868937 10.362001679939963 -101.54179711568567 -85.843461934167777 30.089302584134305 49.884889950039224 -44.136042686861771 -206.57377039044582
leaf_weight=476 25 153 352 22 32 22 20 23 21 46 39 28 26 22 34 668 134 32 69 20 21 66 21 22 27 23 31 574 21 22
leaf_count=476 25 153 352 22 32 22 20 23 21 46 39 28 26 22 34 668 134 32 69 20 21 66 21 22 27 23 31 574 21 22
internal_value=-1.29364e-05 -0.000667506 0.00039716 -3.2277e-06 -0.00421053 -0.00703704 -0.000488851 -0.00155594 -0.00263723 -0.00461538 -0.0070155 -0.00184211 -0.00388889 -0.000121951 -0.00292683 0.000213849 -0.000555555 -0.00121849 0.00190266 -0.00171642 -0.0047561 -0.000861456 -0.00133803 0.00335165 -0.00645833 0.00154255 -0.00148148 0.000538721 -0.00622449 0.00108696
internal_weight=3092 1191 1901 1549 76 54 1166 572 419 224 129 95 90 195 82 1473 783 595 113 67 41 563 497 91 48 188 54 594 49 690
internal_count=3092 1191 1901 1549 76 54 1166 572 419 224 129 95 90 195 82 1473 783 595 113 67 41 563 497 91 48 188 54 594 49 690
cat_boundaries=0 1
cat_threshold=4
is_linear=0
shrinkage=0.05


Tree=217
num_leaves=31
num_cat=0
split_feature=2 6 3 1 4 5 2 1 3 1 4 2 1 4 4 4 10 1 10 3 5 1 3 3 5 1 6 1 3 1
split_gain=0.405394 0.532588 0.492004 0.861903 0.809506 0.642858 0.568729 0.414002 0.561592 0.405217 0.773639 0.369928 1.13002 1.02849 0.370535 0.505557 0.438603 0.362057 0.334093 0.696983 0.43429 0.385048 0.329579 0.41586 0.281618 0.28385 0.38611 0.278585 0.275238 0.392586
threshold=1170112.9500000002 116787.85359248157 444401.80285714293 293250.66000000009 367074.60357142863 157860.22606546877 560115.69500000018 440523.68500000006 396004.79571428575 816783.13500000013 760962.83553571452 298085.09000000003 295994.90000000008 300836.95071428578 136298.99017857146 136095.90785714288 229.50000000000003 474212.97000000003 194.50000000000003 503643.45642857143 138146.13288717566 274533.59500000003 135208.22785714289 134149.84642857147 144382.88999112198 253361.80500000002 138723.34230673066 264311.82000000007 146037.66285714289 106673.93000000001
decision_type=2 2 2 2 2 2 2 2 2 2 2 2 2 2 2 2 2 2 2 2 2 2 2 2 2 2 2 2 2 2
left_child=1 11 3 24 -5 6 7 -6 -9 18 -11 12 14 -14 15 16 22 -7 21 20 -20 -4 23 -1 25 26 -3 -13 -16 -30
right_child=-2 2 9 4 5 17 -8 8 -10 10 -12 27 13 -15 28 -17 -18 -19 19 -21 -22 -23 -24 -25 -26 -27 -28 -29 29 -31
leaf_value=-0.5414004805209115 578.46725592215932 -267.08739154877065 -537.20122639362887 -204.33500288782108 21.512499599852219 -491.1704111371709 -238.43924491280416 1360.5518990990647 -610.24962983545981 -96.001301024723773 -17.109614910545385 -298.69758741081336 -9.7431695555240143 -92.240426673381421 56.449756054907596 -17.426648257503427 5.6057325156745996 -103.33673516861768 -69.341138054598943 -166.24417314584281 313.63595338291555 876.11466196230094 69.14555407767503 -35.307442546098038 1220.3117101872087 31.817654247556312 47.100983439671424 26.238976060440617 -9.2632523985439921 6.366977496597233
leaf_weight=612 92 31 21 22 90 26 36 29 35 32 122 24 38 35 66 24 112 23 21 38 51 225 54 30 33 32 30 344 24 740
leaf_count=612 92 31 21 22 90 26 36 29 35 32 122 24 38 35 66 24 112 23 21 38 51 225 54 30 33 32 30 344 24 740
internal_value=0.000100259 1.86265e-10 -0.00102007 -0.00236434 -0.00400383 -0.003159 -0.00184211 -0.00051948 -0.00359375 1.86265e-10 -0.00214286 0.000435093 0.000129683 -0.0059589 0.000397112 -0.000348557 -0.000136138 -0.00826531 0.000926966 -0.00136364 0.00152778 0.00195122 -0.000603448 -0.000919003 0.00103175 -0.000376344 -0.00237705 0.001875 0.00114458 0.000876964
internal_weight=3092 3000 897 387 261 239 190 154 64 510 154 2103 1735 73 1662 832 808 49 356 110 72 246 696 642 126 93 61 368 830 764
internal_count=3092 3000 897 387 261 239 190 154 64 510 154 2103 1735 73 1662 832 808 49 356 110 72 246 696 642 126 93 61 368 830 764
is_linear=0
shrinkage=0.05


Tree=218
num_leaves=31
num_cat=0
split_feature=6 2 2 1 0 0 1 2 0 0 8 0 0 2 0 1 6 2 10 0 10 5 0 1 1 5 10 10 5 0
split_gain=0.444912 0.603038 0.545081 0.444881 0.373592 0.466932 0.35494 0.435118 0.473068 0.460932 1.09021 0.543254 0.366682 0.341895 1.79701 0.304336 0.56465 0.483694 0.437576 0.293629 0.554113 0.458009 0.274511 0.272382 0.431736 0.512121 0.262113 0.544985 0.513074 0.681873
threshold=113505.5981142065 841203.67500000016 804593.59000000008 106673.93000000001 91147.715000000011 92939.950000000026 187290.01500000004 538185.72500000009 902965.40000000014 244100.54000000004 1.0000000180025095e-35 203691.06500000003 265544.56500000006 475497.74000000005 479004.31000000006 82858.37000000001 42700.58050265893 92939.950000000026 61.500000000000007 449186.14500000008 146.50000000000003 138146.13288717566 88854.420000000013 411838.23500000004 364003.37000000005 94078.567190292888 91.500000000000014 110.50000000000001 160148.23591941161 443056.65500000009
decision_type=2 2 2 2 2 2 2 2 2 2 2 2 2 2 2 2 2 2 2 2 2 2 2 2 2 2 2 2 2 2
left_child=3 2 6 4 22 -6 -2 9 19 10 11 -8 -11 26 -15 -7 17 -17 -19 20 -9 -22 -1 24 -5 -26 -14 -28 29 -29
right_child=1 -3 -4 23 5 15 7 8 -10 12 -12 -13 13 14 -16 16 -18 18 -20 -21 21 -23 -24 -25 25 -27 27 28 -30 -31
leaf_value=0.074005450122017549 43.977172817094726 209.03240825692166 -127.21224301156275 3.7682181111517141 -2.4476087948802214 13.448870854436468 -44.788790338262373 886.41741003608718 -982.40621420709454 270.93775652733876 1860.2133658659493 -510.34117282611709 246.34979009529616 1648.445395624263 -1332.4083006637049 21.199528838687698 -30.04938019622913 -7.8467215638677548 -0.56180717813843939 207.95438657057409 179.7344382269988 -221.1992448602665 49.708677953634862 767.50277345159725 -51.483699230179482 0.3352913847648562 -297.05739528074383 -79.171312096186924 -118.72542854245644 80.312023859360139
leaf_weight=179 61 210 21 1464 26 60 24 24 36 20 23 21 89 39 36 58 34 20 55 109 22 20 32 81 20 24 20 110 69 85
leaf_count=179 61 210 21 1464 26 60 24 24 36 20 23 21 89 39 36 58 34 20 55 109 22 20 32 81 20 24 20 110 69 85
internal_value=0.00011643 -0.00072666 -0.00133293 0.000543108 -0.000818965 -0.00211462 -0.00112624 -0.0014257 0.000497631 -0.00218284 -0.00602941 -0.0105556 -0.00162393 -0.00191964 -0.005 -0.00138766 -0.00248503 -0.00101504 -0.00366667 0.00157143 -0.00106061 -0.00452381 0.000734597 0.000940843 0.000789125 -0.00409091 -0.00130027 -0.00204225 -0.00143939 -0.000128205
internal_weight=3092 1039 829 2053 464 253 808 747 211 536 68 45 468 448 75 227 167 133 75 175 66 42 211 1589 1508 44 373 284 264 195
internal_count=3092 1039 829 2053 464 253 808 747 211 536 68 45 468 448 75 227 167 133 75 175 66 42 211 1589 1508 44 373 284 264 195
is_linear=0
shrinkage=0.05


Tree=219
num_leaves=31
num_cat=0
split_feature=3 4 2 7 0 3 5 2 0 0 3 5 6 5 6 4 2 6 7 10 3 5 10 4 0 10 10 0 0 10
split_gain=0.388526 0.581517 0.488368 0.323268 1.35598 1.14393 0.804975 0.537918 0.569384 1.2932 0.439449 0.492603 0.412656 0.395647 0.65222 0.439547 0.415128 0.636647 0.525 0.367965 0.457875 0.446308 0.723443 0.402087 0.321256 0.311019 0.291624 0.227756 0.73252 0.725787
threshold=299948.86500000005 232971.18785714291 841203.67500000016 1.5000000000000002 268668.97500000003 310743.97214285721 338217.79514391854 538185.72500000009 601181.03000000014 523564.02500000008 345958.77428571432 78868.886002430081 110373.15389610942 292071.28661657387 247838.10495402032 775175.06928571442 491074.49500000005 149035.15484648271 4.5000000000000009 76.500000000000014 415664.4707142858 173007.1862001144 166.50000000000003 378911.09035714291 306470.57000000001 181.50000000000003 167.50000000000003 98820.410000000018 91147.715000000011 202.50000000000003
decision_type=2 2 2 2 2 2 2 2 2 2 2 2 2 2 2 2 2 2 2 2 2 2 2 2 2 2 2 2 2 2
left_child=1 27 3 4 -2 -6 7 8 9 12 24 -12 -7 14 16 -16 19 26 -19 20 -13 23 -23 -21 25 -5 -18 28 -1 -30
right_child=2 -3 -4 10 5 6 -8 -9 -10 -11 11 13 -14 -15 15 -17 17 18 -20 21 -22 22 -24 -25 -26 -27 -28 -29 29 -31
leaf_value=0.79412103877366336 -385.96767037069691 15.33040756365617 196.07508073893112 3.4795143773276958 -372.34457848689169 -87.239390823816166 -2819.0905929416322 754.51317503886708 1760.9589370068488 -1380.5150846210638 -1365.5576682923975 -73.425859608082362 228.29695904345942 4730.5311483462656 -265.89637140956472 -67.014069253191323 -6.7532061668223413 1217.5917811535094 -116.50109926193328 -95.432866163311104 1113.0911339595118 1356.6750544944935 -481.78468361524375 30.584105301874775 314.85101082934284 -7.7239195982515376 -576.76244870954747 1.61342696014807 -4.9449817158241869 6.1748333955911221
leaf_weight=260 20 321 208 42 28 23 20 80 28 25 28 39 65 57 20 21 20 40 30 20 21 23 24 230 57 27 33 1131 113 38
leaf_count=260 20 321 208 42 28 23 20 80 28 25 28 39 65 57 20 21 20 40 30 20 21 23 24 230 57 27 33 1131 113 38
internal_value=0.00011643 0.000571659 -0.000573637 -0.00102351 -0.00243945 -0.00150558 -0.000394191 0.000475113 -0.00138298 -0.0029646 -0.000464481 -0.0010231 -0.000113636 -0.000709342 -0.00114203 -0.00719512 -0.000625 -0.00313008 1.86265e-10 0.000238095 -0.00333333 0.000959596 -0.00351064 0.0018 0.00222222 -7.24636e-05 -0.00726415 0.000168612 -0.000839416 -0.00360927
internal_weight=3092 1863 1229 1021 289 269 241 221 141 113 732 606 88 578 521 41 480 123 70 357 60 297 47 250 126 69 53 1542 411 151
internal_count=3092 1863 1229 1021 289 269 241 221 141 113 732 606 88 578 521 41 480 123 70 357 60 297 47 250 126 69 53 1542 411 151
is_linear=0
shrinkage=0.05


Tree=220
num_leaves=31
num_cat=0
split_feature=4 6 0 5 6 4 4 3 6 6 3 10 10 10 3 2 10 0 1 0 0 6 0 5 1 5 4 1 6 2
split_gain=0.453492 0.70603 0.612832 0.788077 0.518206 0.553119 0.507017 0.498405 0.385442 1.09685 0.589183 0.346696 0.275808 0.673209 0.288111 0.523188 0.556581 0.324279 0.268065 0.490909 0.270588 0.264291 0.798461 0.764829 0.429762 0.358531 0.437933 0.527066 0.396604 0.436362
threshold=302381.66214285721 107272.37584940426 215522.93500000003 114762.05410160978 47884.309205675083 175375.88928571434 387813.85142857145 308121.18285714294 121145.85760887423 122962.54071743919 328123.72285714292 34.500000000000007 44.500000000000007 54.500000000000007 239054.94642857145 183013.83500000005 99.500000000000014 312832.76500000007 319151.15000000008 337547.21500000003 463300.02500000008 7663.6078342185829 91147.715000000011 6448.5537910596022 94325.000000000015 11491.827503407048 123760.48535714287 98692.750000000015 46217.53984996587 199034.94500000004
decision_type=2 2 2 2 2 2 2 2 2 2 2 2 2 2 2 2 2 2 2 2 2 2 2 2 2 2 2 2 2 2
left_child=2 6 3 4 5 21 7 -2 18 -10 -11 -6 -4 -14 15 -15 -17 -18 -3 -20 -21 22 -1 24 -24 -23 -27 -28 29 -29
right_child=1 8 12 -5 11 -7 -8 -9 9 10 -12 -13 13 14 -16 16 17 -19 19 20 -22 25 23 -25 -26 26 27 28 -30 -31
leaf_value=0.89584286073706465 -24.979445779188342 81.443844694238805 187.43934420349078 -80.211468766299021 -3.2754392457883257 -143.29019324571715 -212.23186139754549 56.416144506075661 -245.06796140784309 -113.11858792287303 -10.241204833675997 13.863718284142562 -10.586448838976384 23.210385261770266 61.586928214631065 -101.32386316114737 40.57256713584389 -237.84664855199699 -223.34838905130661 488.65922834589264 15.325917984521533 6.5605911944309172 2.419070456322872 -4.9903376303676996 -7.7123719514995503 0.9755387977090475 -31.641728058471593 1.441558769204184 -136.76916874779346 -32.047475789784563
leaf_weight=95 24 46 63 20 22 34 38 33 34 22 869 255 20 46 288 20 29 20 30 46 34 232 35 43 21 321 47 239 25 20
leaf_count=95 24 46 63 20 22 34 38 33 34 22 869 255 20 46 288 20 29 20 30 46 34 232 35 43 21 321 47 239 25 20
internal_value=-9.60597e-05 -0.000867347 0.000382586 -0.000145493 -3.59953e-06 -0.000485611 -0.005 -0.00201754 -0.000504163 -0.000891892 -0.000555555 0.00193141 0.00191358 0.0014539 0.00189826 -0.000217391 -0.00297101 -0.000102041 0.00179487 0.000454546 0.0025 -0.000287569 -0.00195876 -0.00510101 -0.00125 7.91857e-05 -0.000521472 -0.00179758 -0.000985915 -0.000405405
internal_weight=3071 1176 1895 1409 1389 1112 95 57 1081 925 891 277 486 423 403 115 69 49 156 110 80 1078 194 99 56 884 652 331 284 259
internal_count=3071 1176 1895 1409 1389 1112 95 57 1081 925 891 277 486 423 403 115 69 49 156 110 80 1078 194 99 56 884 652 331 284 259
is_linear=0
shrinkage=0.05


Tree=221
num_leaves=31
num_cat=0
split_feature=4 6 5 6 5 10 3 0 5 0 0 0 0 6 4 3 6 10 3 5 7 10 3 3 0 10 3 0 10 10
split_gain=0.412643 0.896367 0.400832 0.510728 0.487191 0.400113 0.374893 0.345638 0.611622 0.314439 0.552947 0.462944 0.429329 0.522996 0.398638 0.39438 0.28877 0.707771 0.315509 0.562892 0.728139 0.298388 0.359631 0.631809 0.289217 0.35305 0.265701 0.258595 0.256158 0.349321
threshold=334480.92495879129 104009.62978997744 19703.031618189645 24553.044512361008 18064.574810006332 256.50000000000006 337522.94214285718 246158.66500000001 115916.17200422524 132294.65000000005 91147.715000000011 92939.950000000026 127261.66000000002 7663.6078342185829 135768.00089285718 90806.161428571446 47884.309205675083 236.50000000000003 155094.74571428573 24123.068048638659 2.5000000000000004 71.500000000000014 219785.74357142861 235516.22000000003 96982.175000000003 24.500000000000004 123419.90785714287 149575.01500000004 224.50000000000003 258.50000000000006
decision_type=2 2 2 2 2 2 2 2 2 2 2 2 2 2 2 2 2 2 2 2 2 2 2 2 2 2 2 2 2 2
left_child=2 -2 3 4 5 9 -3 8 16 10 -1 -12 13 15 -11 -13 18 21 24 -20 -21 22 -18 -24 -4 -26 -23 -27 -8 -30
right_child=1 6 7 -5 -6 -7 28 -9 -10 14 11 12 -14 -15 -16 -17 17 -19 19 20 -22 26 23 -25 25 27 -28 -29 29 -31
leaf_value=1.8137124948262384 -230.71135810279034 -56.465282933934873 2.4414585910901412 -5.669254701940468 -41.120007020658427 -8.0915861541881835 -15.472559053323517 23.773716960502657 -59.712659656628631 57.000927654769534 -2.2450153353552245 2.2217761265734364 -39.667255578153139 29.259844955781929 2.8276072135033656 -3.0164474439573343 463.19673444894471 -312.99932010653839 73.684073457030351 0.18224928244736238 -304.96617673164775 -54.50144720938404 -365.76751173704793 46.886252139298975 -72.228134579375919 -1.2181304508788093 22.799272736274634 6.6715884781941526 37.440315630320889 -217.51421397251229
leaf_weight=107 42 38 164 23 36 21 848 362 36 57 20 20 28 53 248 51 34 20 23 20 22 20 20 29 21 171 234 118 157 28
leaf_count=107 42 38 164 23 36 21 848 362 36 57 20 20 28 53 248 51 34 20 23 20 22 20 20 29 21 171 234 118 157 28
internal_value=-0.000161185 -0.000929919 0.000275792 -0.000722891 -0.000460218 -0.000123967 -0.000648926 0.000788254 0.00027897 0.000119863 -0.00109319 -0.00284884 -0.00190789 -0.000645161 0.00122951 -0.0034507 0.000535714 0.00163866 -0.000194805 -0.00346154 -0.00690476 0.00218101 -0.000421687 -0.00316327 0.000253165 -0.000645161 0.0030315 -0.000190311 -0.000469506 0.00121622
internal_weight=3071 1113 1958 664 641 605 1071 1294 932 584 279 172 152 124 305 71 896 357 539 65 42 337 83 49 474 310 254 289 1033 185
internal_count=3071 1113 1958 664 641 605 1071 1294 932 584 279 172 152 124 305 71 896 357 539 65 42 337 83 49 474 310 254 289 1033 185
is_linear=0
shrinkage=0.05


Tree=222
num_leaves=31
num_cat=0
split_feature=4 4 4 1 2 1 6 1 6 2 6 5 6 5 6 2 1 1 10 2 1 4 10 10 10 4 6 9 10 1
split_gain=0.364866 0.488436 0.47056 0.307729 0.328169 0.37954 0.568262 0.64138 0.996531 0.947964 0.394984 0.342319 0.294736 0.503019 0.389887 0.334482 0.626183 0.59695 0.59666 0.910561 0.510895 0.454545 0.422901 0.710735 0.563781 0.389102 0.409661 0.365349 0.856969 0.364161
threshold=300836.95071428578 301347.3733928572 222408.70160714287 1213230.8100000003 1466779.4400000002 322891.38500000007 101890.9396738996 383950.27000000008 111103.17560738053 471632.68500000011 111647.54902496944 110182.05823445389 7663.6078342185829 7644.1984385971373 6927.7645778391561 156663.87500000003 161367.42000000004 89777.440000000017 142.50000000000003 98692.750000000015 140502.31000000003 173329.87660714288 189.50000000000003 117.50000000000001 205.50000000000003 174793.82339285719 42700.58050265893 1.0000000180025095e-35 117.50000000000001 177623.85000000001
decision_type=2 2 2 2 2 2 2 2 2 2 2 2 2 2 2 2 2 2 2 2 2 2 2 2 2 2 2 2 2 2
left_child=2 -2 12 4 5 -3 -7 8 -8 11 -9 -10 14 -14 -1 17 20 18 19 -15 -17 -22 23 25 -24 26 -18 -19 -29 -27
right_child=1 3 -4 -5 -6 6 7 10 9 -11 -12 -13 13 15 -16 16 22 27 -20 -21 21 -23 24 -25 -26 29 -28 28 -30 -31
leaf_value=0.55740698963967472 -2.3503061060596413 9.212961685629768 14.695140175005074 483.91341795146241 3201.9515869236402 -126.04226556509705 -727.51999123414691 660.39438880326372 1051.8057879957087 -297.99982330060828 -37.136762299408041 -59.876588179799391 25.450969693901719 -1.4529353908746347 -2.2487219740449813 8.345739369786271 166.94793666787126 10.71777175500632 1.358899399805201 -629.37491172656439 -22.747194615873497 -55.027058568931665 -341.83282385295632 108.32110194832643 -14.272757825916987 128.39124485909244 -52.184310837381091 62.584813639023984 -5.8216805049851494 -202.1229953378236
leaf_weight=110 23 281 417 88 23 25 24 44 25 25 621 57 51 58 84 26 47 488 58 21 36 30 24 133 92 25 29 22 31 53
leaf_count=110 23 281 417 88 23 25 24 44 25 25 621 57 51 58 84 26 47 488 58 21 36 30 24 133 92 25 29 22 31 53
internal_value=-0.000161185 -0.000825243 0.000286104 -0.000688376 -0.000911111 -0.00103448 -0.00157734 -0.00134422 -0.00454198 -0.00247664 -0.000714286 0.000121951 -0.000148096 0.000138889 -0.00195876 -7.24636e-05 -0.00106061 0.000648968 -0.00229927 -0.00512658 -0.00478261 -0.00712121 -0.000210918 0.000818815 -0.00275862 -0.00149351 0.00105263 0.00139556 -0.00254717 -0.00397436
internal_weight=3071 1236 1835 1213 1125 1102 821 796 131 107 665 82 1418 1224 194 1173 495 678 137 79 92 66 403 287 116 154 76 541 53 78
internal_count=3071 1236 1835 1213 1125 1102 821 796 131 107 665 82 1418 1224 194 1173 495 678 137 79 92 66 403 287 116 154 76 541 53 78
is_linear=0
shrinkage=0.05


Tree=223
num_leaves=31
num_cat=0
split_feature=10 10 0 6 5 1 6 0 5 6 1 2 6 0 7 5 5 1 5 1 0 2 4 7 10 5 1 2 1 5
split_gain=0.359047 0.539063 0.281888 0.731483 0.653082 0.452032 0.305345 0.416867 0.416089 0.544879 0.334385 0.564585 0.326535 0.307583 0.304912 0.869531 0.897991 0.565308 0.662017 0.550964 0.586081 0.768345 0.470885 0.446392 0.440139 0.438095 0.28728 0.282967 0.476526 0.274629
threshold=257.50000000000006 259.50000000000006 91147.715000000011 7663.6078342185829 6448.5537910596022 81082.300000000017 121145.85760887423 184942.17500000002 80664.657182888579 122962.54071743919 529638.04500000004 400207.65500000009 124518.64445812728 149575.01500000004 4.5000000000000009 48990.531681823901 12123.681795991719 295994.90000000008 42715.319169421877 124960.78500000002 192849.65000000002 137770.52500000002 303298.87482142862 3.5000000000000004 221.50000000000003 8481.9218015551087 1078049.9500000002 338602.64000000007 349418.68500000006 20431.333941662022
decision_type=2 2 2 2 2 2 2 2 2 2 2 2 2 2 2 2 2 2 2 2 2 2 2 2 2 2 2 2 2 2
left_child=2 -2 5 4 -4 -1 10 13 -9 -10 11 14 -11 -8 23 16 25 18 19 -18 21 -21 -17 24 27 -16 -14 28 -5 -26
right_child=1 -3 3 6 -6 -7 7 8 9 12 -12 -13 26 -15 15 22 17 -19 -20 20 -22 -23 -24 -25 29 -27 -28 -29 -30 -31
leaf_value=-8.0227895586669327 -35.98860562475911 -7.5745701325990344 0.059348610836672977 4.6886464428706578 -4.4775622779494517 4.818104157147701 -8.0913663910477744 993.26382784365296 -331.84258443027892 1274.6434167807058 -169.23704061905516 928.42341059700811 -46.613524594375335 -102.35163561700162 -1.5431575427339619 62.595697797473271 127.04045501757952 -55.615744000055123 -129.42281238569441 0.98569810580651174 350.82170769904525 -234.04127646039893 -5.9843129165540541 38.558264835814406 -29.508476869763101 47.810625898659971 335.1334852247553 61.492128378693899 -225.70858306002572 -20.714959848240795
leaf_weight=44 24 61 53 704 43 210 23 34 28 27 31 89 685 20 24 152 25 24 39 31 26 39 36 239 42 46 120 37 21 94
leaf_count=44 24 61 53 704 43 210 23 34 28 27 31 89 685 20 24 152 25 24 39 31 26 39 36 239 42 46 120 37 21 94
internal_value=-3.09344e-05 -0.00323529 6.02815e-05 -8.78475e-05 -0.004375 0.00165354 6.82855e-05 -0.00065635 -0.000425056 -0.000639535 0.000467922 0.000563549 -0.000408654 -0.00546512 0.000345155 -0.000769231 -0.00267717 -0.00451087 -0.0034375 -0.00161157 -0.00333333 -0.00571429 0.00180851 0.000778364 0.000267261 0.00214286 -0.000590062 0.000734908 0.000517242 -0.00235294
internal_weight=3071 85 2986 2732 96 254 2636 937 894 860 1699 1668 832 43 1579 442 254 184 160 121 96 70 188 1137 898 70 805 762 725 136
internal_count=3071 85 2986 2732 96 254 2636 937 894 860 1699 1668 832 43 1579 442 254 184 160 121 96 70 188 1137 898 70 805 762 725 136
is_linear=0
shrinkage=0.05


Tree=224
num_leaves=31
num_cat=0
split_feature=1 1 2 6 6 6 5 2 1 7 5 5 2 2 2 5 10 1 2 7 5 2 6 7 2 1 5 3 1 3
split_gain=0.526303 0.608714 0.510882 0.468382 0.433902 0.271062 0.374184 0.347594 0.514348 0.690789 0.269272 0.369287 0.254341 0.752863 0.4 0.227396 0.3805 0.375 0.689796 0.280224 0.308646 0.263375 0.245578 0.213529 0.336356 1.07813 0.296812 0.50381 0.282051 0.272029
threshold=375168.83000000002 383950.27000000008 193901.95500000005 286953.74001711066 101890.9396738996 7663.6078342185829 7644.1984385971373 95836.580000000016 95497.85000000002 5.5000000000000009 103256.24612878035 87290.120040349328 288753.74000000005 342665.44500000001 311015.33000000002 19703.031618189645 39.500000000000007 184324.19000000003 227828.70500000005 1.5000000000000002 8481.9218015551087 183013.83500000005 23953.404157472276 5.5000000000000009 449917.94000000006 508344.71500000008 142335.75914286054 547789.94142857159 584401.12000000011 503643.45642857143
decision_type=2 2 2 2 2 2 2 2 2 2 2 2 2 2 2 2 2 2 2 2 2 2 2 2 2 2 2 2 2 2
left_child=3 -2 -3 5 -4 7 -7 8 9 -1 11 -6 -12 14 -14 16 -8 19 -19 -18 -21 -22 -20 24 25 -15 -25 -28 -27 -26
right_child=1 2 4 -5 10 6 15 -9 -10 -11 12 -13 13 23 -16 -17 17 18 22 20 21 -23 -24 26 29 28 27 -29 -30 -31
leaf_value=0.4810060000213876 -822.85305151920295 -172.24509268013927 -43.695394161839403 -53.462625046035612 -35.75000590258368 23.943988910278307 -11.751206752146862 5.0122359630823583 -4.5823354473349474 -5.8377664135612788 829.41645922728571 577.99121391093502 -48.946370674798921 -857.90715947280739 -308.27013695016183 5.1242949008533589 -5.2170754491637297 -165.6922398718375 82.157142532588722 -3.0977686745611575 66.411256668917787 -9.7731990481413131 -4.2745331092920713 684.35103466925204 32.739863148385673 3100.6645628676297 -246.49896454016644 1610.2707414498736 -12.214063652041432 -50.437014074642633
leaf_weight=94 26 23 31 21 39 51 27 54 25 21 48 53 20 31 20 1517 95 28 49 34 145 20 21 40 121 22 21 54 26 294
leaf_count=94 26 23 31 21 39 51 27 54 25 21 48 53 20 31 20 1517 95 28 49 34 145 20 21 40 121 22 21 54 26 294
internal_value=0.000115598 -0.000926352 -0.00069395 0.000526794 -0.000487805 0.00059835 0.000772522 -0.00118557 -0.0025 -0.00108696 -0.000259822 0.00228261 -0.000595409 -0.000855162 -0.0075 0.000661157 -0.000369928 2.55104e-05 -0.00265306 0.000918368 0.00198492 0.00287879 1.86265e-10 -0.000418719 -0.000870445 -0.00386076 0.00152174 -0.000333333 0.000833334 -0.000301205
internal_weight=3071 869 843 2202 820 2181 1987 194 140 115 789 92 697 649 40 1936 419 392 98 294 199 165 70 609 494 79 115 75 48 415
internal_count=3071 869 843 2202 820 2181 1987 194 140 115 789 92 697 649 40 1936 419 392 98 294 199 165 70 609 494 79 115 75 48 415
is_linear=0
shrinkage=0.05


Tree=225
num_leaves=31
num_cat=0
split_feature=4 5 7 5 4 6 7 2 6 0 6 10 10 10 5 10 5 5 1 10 4 10 10 10 10 0 0 6 1 0
split_gain=0.651569 0.750459 0.634687 0.689579 0.4276 0.356555 0.494198 0.495198 0.436364 0.427947 0.596349 0.317087 0.695129 0.406842 0.302147 0.371782 0.286623 0.90088 0.301194 0.296486 0.263873 0.26352 0.257298 0.248016 0.380952 0.246159 0.499568 0.344669 0.341752 0.585518
threshold=387813.85142857145 74429.597521369942 1.5000000000000002 5869.527124083922 119463.68892857144 43945.739976583114 1.0000000180025095e-35 166697.78500000003 23339.215177672169 162742.00000000003 13756.523436610418 106.50000000000001 86.500000000000014 211.50000000000003 100306.84126849746 155.50000000000003 133133.95262291358 155147.0633617999 379833.14000000007 34.500000000000007 298707.88071428583 214.50000000000003 15.500000000000002 107.50000000000001 198.50000000000003 297294.37000000005 317020.21500000003 25836.227883290372 245193.81000000003 192849.65000000002
decision_type=2 2 2 2 2 2 2 2 2 2 2 2 2 2 2 2 2 2 2 2 2 2 2 2 2 2 2 2 2 2
left_child=2 -2 3 -1 -5 6 7 -6 -9 10 -8 12 20 -13 15 -3 18 -18 19 22 -7 25 -4 -11 -25 28 -27 -28 29 -21
right_child=1 14 16 4 5 11 9 8 -10 23 -12 13 -14 -15 -16 -17 17 -19 -20 21 -22 -23 -24 24 -26 26 27 -29 -30 -31
leaf_value=-11.038412363626882 -388.77069362030522 -249.7557303073778 -44.363907672353243 10.323895114678844 28.48926416708909 51.478541499129221 -14.448976274644705 -38.165245911829452 6.3096035451752259 -13.81419893459613 66.007217533625351 28.964699619272416 -218.31953318156022 -81.795300916400947 -29.741494307679552 1072.5021375191779 -94.899231099281252 1403.7395082382909 2223.8213542947788 1.7428498134521968 -327.76676904121871 17.991412939585775 23.629665974395117 -56.856284867120785 -34.773746483697749 -62.6206417451519 282.37051785264981 -29.263428510455665 133.84979494435893 -6.3319593898277873
leaf_weight=31 24 25 22 67 61 65 34 22 33 30 24 110 20 52 836 63 31 24 56 697 21 253 147 21 21 41 30 34 105 75
leaf_count=31 24 25 22 67 61 65 34 22 33 30 24 110 20 52 836 63 31 24 56 697 21 253 147 21 21 41 30 34 105 75
internal_value=0.000235773 -0.00085443 0.000721674 -0.000637255 -0.00024957 -0.000739299 -0.00211382 0.000258621 -0.00318182 -0.00423077 -0.00103448 0.000522388 -0.00160377 0.00191358 -0.000627705 0.00215909 0.00127063 -0.00227273 0.00140411 0.00126068 0.000348837 0.000991903 0.00322485 -0.00680556 -0.00928571 0.000621181 -0.00166667 0.00109375 0.000895097 0.000531088
internal_weight=3075 948 2127 612 581 514 246 116 55 130 58 268 106 162 924 88 1515 55 1460 1404 86 1235 169 72 42 982 105 64 877 772
internal_count=3075 948 2127 612 581 514 246 116 55 130 58 268 106 162 924 88 1515 55 1460 1404 86 1235 169 72 42 982 105 64 877 772
is_linear=0
shrinkage=0.05


Tree=226
num_leaves=31
num_cat=0
split_feature=4 5 7 5 2 6 7 5 5 5 2 2 4 1 1 7 1 1 1 6 6 5 4 6 5 10 10 5 4 6
split_gain=0.558012 0.750459 0.287491 0.467068 0.39104 0.797682 0.57754 0.535991 0.326567 0.646282 0.308687 0.39767 0.300654 0.466124 0.366856 0.373513 0.25411 0.237102 0.390373 0.327214 0.585496 0.43885 0.349415 0.310109 0.37405 0.370393 0.351233 0.99681 0.582533 0.441317
threshold=387813.85142857145 74429.597521369942 1.5000000000000002 5869.527124083922 157852.88000000003 40486.246300593797 1.0000000180025095e-35 18623.262859948682 135241.27525234167 155147.0633617999 346562.19000000006 326119.78000000009 122373.84316964286 146398.57500000004 129341.85500000001 1.0000000180025095e-35 173938.28500000003 1461176.6550000003 1078049.9500000002 247838.10495402032 284870.39884652669 258615.33492402805 760962.83553571452 170736.09711433004 100306.84126849746 46.500000000000007 231.50000000000003 128357.81606349666 397348.8176785715 113505.5981142065
decision_type=2 2 2 2 2 2 2 2 2 2 2 2 2 2 2 2 2 2 2 2 2 2 2 2 2 2 2 2 2 2
left_child=2 -2 3 -1 12 6 -6 -8 10 -10 11 -4 -5 14 15 -14 -7 18 19 21 -21 23 -22 24 -3 -25 28 -28 -26 -30
right_child=1 17 8 4 5 16 7 -9 9 -11 -12 -13 13 -15 -16 -17 -18 -19 -20 20 22 -23 -24 25 26 -27 27 -29 29 -31
leaf_value=-10.486491745445633 -369.33215893928934 1094.4249369703359 3.2986353917737561 33.767605838494973 -12.359761991193817 -34.066964442935877 -20.873916657264047 -23.828313732469599 -130.07696652143321 1333.5525328263761 438.13633147043231 -196.09334715271717 78.0718347155956 175.24136373770523 -29.635995400030904 -2.1830858338929082 21.579338335205708 -184.47990315743493 821.68184656850872 -394.79456555074393 -221.84558463504925 -111.14689176463884 19.23177936680186 -85.397581075150924 47.583749739439966 101.81618555975977 -580.62560731816541 5.8545849845864417 222.43684897635873 -67.667960490807033
leaf_weight=31 24 69 1342 73 68 29 21 43 26 24 92 31 26 39 20 55 207 30 87 60 40 26 129 24 70 104 22 54 22 187
leaf_count=31 24 69 1342 73 68 29 21 43 26 24 92 31 26 39 20 55 207 30 87 60 40 26 129 24 70 104 22 54 22 187
internal_value=0.000154472 -0.00085443 0.000604137 -0.000310457 8.60604e-06 -0.000978261 -0.00409091 -0.0075 0.000973598 -0.003 0.00110922 0.00092134 0.00171362 0.000357143 -0.00143564 6.17286e-05 0.000762712 -0.000627705 -0.000480984 -0.000824039 -0.00242358 -0.000190311 -0.00091716 0.000108696 -0.000542453 0.00226563 -0.00119718 -0.00421053 -0.000376344 -0.00169856
internal_weight=3075 948 2127 612 581 368 132 64 1515 50 1465 1373 213 140 101 81 236 924 894 807 229 578 169 552 424 128 355 76 279 209
internal_count=3075 948 2127 612 581 368 132 64 1515 50 1465 1373 213 140 101 81 236 924 894 807 229 578 169 552 424 128 355 76 279 209
is_linear=0
shrinkage=0.05


Tree=227
num_leaves=31
num_cat=0
split_feature=3 6 3 7 3 10 10 5 7 7 3 6 3 3 3 6 6 10 10 7 2 2 1 1 10 1 5 1 10 3
split_gain=0.390877 0.571278 0.505128 0.487625 0.453208 0.45541 0.533588 0.383189 0.38155 0.347695 0.379815 1.00503 0.630274 0.402051 0.337026 0.309748 0.46385 0.283165 0.560711 0.25591 0.878046 0.920929 0.502826 0.589407 0.577505 0.256998 0.229875 0.484706 0.48 0.248086
threshold=371355.62642857147 9135.3004326359351 380580.67428571434 3.5000000000000004 90550.175714285724 51.500000000000007 93.500000000000014 8877.8221596653002 1.5000000000000002 1.5000000000000002 299181.59500000003 107906.13446047829 228495.40642857147 306437.45071428578 120994.95428571431 104009.62978997744 112715.55988619714 187.50000000000003 211.50000000000003 1.0000000180025095e-35 166697.78500000003 180361.31500000003 164631.90500000003 155206.84000000003 177.50000000000003 286404.10000000003 12123.681795991719 139177.33000000005 112.50000000000001 297585.0921428572
decision_type=2 2 2 2 2 2 2 2 2 2 2 2 2 2 2 2 2 2 2 2 2 2 2 2 2 2 2 2 2 2
left_child=1 4 3 -2 8 -6 -7 17 -1 10 12 13 14 -12 -3 -4 -17 -8 -19 20 -16 -22 23 24 -21 -23 27 28 -11 -28
right_child=2 9 15 -5 5 6 7 -9 -10 26 11 -13 -14 -15 19 16 -18 18 -20 22 21 25 -24 -25 -26 -27 29 -29 -30 -31
leaf_value=-1.0792440694018444 -120.25129320837814 7.1573574181175905 -35.222192236195411 22.404544851024866 4.4275069615243572 -3.0319968630792822 -0.40668174105588756 21.170616858364333 16.5319905075478 25.801035078443398 -613.10307108634549 20.590928728996772 22.979025694805088 -57.450570547955721 44.551810634970046 121.23707989908499 -18.613226807383096 -23.382951321109637 -0.30575269351344209 -15.873555392408107 -76.171338554395788 146.46207473496483 57.587823775115012 -24.678385148834167 10.414213175415854 -191.41834330604308 1.5977862333962787 145.7399221408385 -69.470724794785852 40.193026746314523
leaf_weight=23 26 63 22 20 52 21 45 31 52 20 26 41 94 24 55 55 850 22 32 48 20 38 44 20 34 21 924 103 30 219
leaf_count=23 26 63 22 20 52 21 45 31 52 20 26 41 94 24 55 55 850 22 32 48 20 38 44 20 34 21 924 103 30 219
internal_value=7.31709e-05 0.000456708 -0.000755395 -0.00586956 -0.00165468 -0.00288177 -0.00427152 -0.00307692 0.00166667 0.000778509 -0.00030303 -0.00324176 0.000308925 -0.008 -0.000685131 -0.000501618 -0.000359116 -0.00459596 -0.00703704 -0.00142857 0.000149254 -0.00322785 -0.00287671 -0.00480392 -0.00292683 -8.47456e-05 0.00121914 0.00303922 -0.001 0.000975503
internal_weight=3075 2102 973 46 278 203 151 130 75 1824 528 91 437 50 343 927 905 99 54 280 134 79 146 102 82 59 1296 153 50 1143
internal_count=3075 2102 973 46 278 203 151 130 75 1824 528 91 437 50 343 927 905 99 54 280 134 79 146 102 82 59 1296 153 50 1143
is_linear=0
shrinkage=0.05


Tree=228
num_leaves=31
num_cat=0
split_feature=4 6 3 3 3 5 4 7 10 10 1 3 5 2 6 5 0 0 6 6 10 6 6 0 0 0 3 3 3 1
split_gain=0.433351 0.482675 0.449887 0.68382 0.856531 0.506799 0.405295 0.394996 0.795771 0.541933 0.447122 1.16178 0.356667 0.410672 0.347962 0.398056 0.369123 0.34078 0.322856 0.472608 0.448021 0.410672 0.371717 0.269497 0.701935 0.356432 0.508495 0.856771 0.617815 0.227577
threshold=397348.8176785715 9135.3004326359351 444401.80285714293 371355.62642857147 380580.67428571434 171267.9743014519 135768.00089285718 2.5000000000000004 51.500000000000007 201.50000000000003 748649.40000000014 825259.9921428574 133957.74695276996 524753.90000000014 265376.84609726974 217629.27568927195 1002513.7500000001 1384987.7350000001 137435.86740872913 128037.85784872471 207.50000000000003 155481.2509383517 113505.5981142065 84004.775000000009 87111.185000000012 92436.835000000006 95266.858571428587 90806.161428571446 91599.966428571453 69474.885000000009
decision_type=2 2 2 2 2 2 2 2 2 2 2 2 2 2 2 2 2 2 2 2 2 2 2 2 2 2 2 2 2 2
left_child=1 6 3 -2 -5 12 23 8 -7 10 -9 -12 13 -4 15 -10 -16 -18 19 20 22 -20 -6 -1 -25 -26 27 -27 -29 -3
right_child=2 29 5 4 18 7 -8 9 14 -11 11 -13 -14 -15 16 -17 17 -19 21 -21 -22 -23 -24 24 25 26 -28 28 -30 -31
leaf_value=24.071723278602256 357.55989355919189 10.56850915743448 -155.2463466380392 -145.14041542170079 974.56856698276522 -923.22431048844646 -13.713927563816018 2416.9500389032337 -13.452970127165933 -105.100529560571 -241.33241247556185 953.29317045818061 175.99502545218024 595.67452734289793 253.53923870411984 -1796.3241084493432 -2047.4699960984542 415.0978355602216 845.07161963910039 -1702.8339203122262 -229.62310572037828 -225.48026245832602 -162.5087316683975 -1.8649222449338823 8.3254525944613942 15.63396228298897 20.305541723549307 -6.1997170936320201 -2.189086385526148 2.5139005616252197
leaf_weight=44 36 31 40 22 23 34 29 77 33 40 22 95 87 36 45 20 27 20 36 26 28 40 22 29 52 27 42 24 31 1957
leaf_count=44 36 31 40 22 23 34 29 77 33 40 22 95 87 36 45 20 27 20 36 26 28 40 22 29 52 27 42 24 31 1957
internal_value=0.000121951 0.000476611 -0.000871446 -0.00272532 -0.00388325 -0.000121528 -0.00147482 -0.00105327 -0.00282123 0.000299145 0.00139175 -0.000555555 0.00223926 -0.000263158 -0.0012069 -0.00443396 0.000652174 -0.00244681 -0.00271429 -0.00459596 -0.00253425 -0.000263158 0.000555556 -0.000823293 -0.00158537 -0.000397727 -0.00185484 -0.00414634 -0.00772727 0.000749497
internal_weight=3075 2266 809 233 197 576 278 413 179 234 194 117 163 76 145 53 92 47 175 99 73 76 45 249 205 176 124 82 55 1988
internal_count=3075 2266 809 233 197 576 278 413 179 234 194 117 163 76 145 53 92 47 175 99 73 76 45 249 205 176 124 82 55 1988
is_linear=0
shrinkage=0.05


Tree=229
num_leaves=31
num_cat=0
split_feature=1 1 1 2 5 3 10 0 5 3 2 4 1 6 4 3 3 2 6 4 5 2 5 5 2 0 0 6 2 10
split_gain=0.33634 0.312953 0.456517 0.479254 0.364063 0.825 0.579784 0.320103 0.293056 0.278311 0.462651 0.355731 0.234416 0.212968 0.329911 0.435533 0.425855 0.357026 0.355037 0.548252 0.483231 0.675425 0.320221 0.443429 0.29077 0.231476 0.28534 0.225188 0.351906 0.206056
threshold=1461176.6550000003 1078049.9500000002 772552.72500000009 1213230.8100000003 309695.27276718622 1009431.5150000001 85.500000000000014 1074964.1100000001 5088.3845341294082 779153.05857142864 715226.3600000001 522101.09410714294 91795.705000000016 186518.48434750325 399269.9537500001 547789.94142857159 514419.54785714293 272157.78500000009 164136.70395113775 464517.94517857145 154024.64881952255 342665.44500000001 126584.91272437781 111688.74158179871 538185.72500000009 566263.16500000015 494389.05500000005 211869.44353650193 424263.92000000004 41.500000000000007
decision_type=2 2 2 2 2 2 2 2 2 2 2 2 2 2 2 2 2 2 2 2 2 2 2 2 2 2 2 2 2 2
left_child=1 2 7 4 6 -6 -4 8 12 10 13 -12 -1 14 24 16 17 -16 19 20 21 -19 23 -23 25 26 29 -15 -29 -10
right_child=-2 -3 3 -5 5 -7 -8 -9 9 -11 11 -13 -14 27 15 -17 -18 18 -20 -21 -22 22 -24 -25 -26 -27 -28 28 -30 -31
leaf_value=1.5808135742624227 -216.69793896884858 783.69760635152454 -2648.6509036285202 184.64505259438866 -2840.5171949089736 -555.56056034862934 60.037151941673187 -691.62611114847641 9.8390700080552698 3074.7962299469868 106.52133090750563 -209.1817985480489 -14.72908827998571 763.61716041042928 70.463985959573293 2314.1779638727871 -188.49535334402825 -1615.8328092189877 -56.530484782945898 297.22175948774589 -1191.3055204524333 103.4333747003723 860.58347142037712 -96.744700630801873 1749.6513064673011 -93.343577753563224 1105.6299900633123 -41.220601583576951 28.326103900923638 0.65237764845725454
leaf_weight=35 30 87 35 29 24 20 39 31 309 34 23 32 20 54 36 27 28 21 24 55 30 43 29 20 38 28 37 31 24 1802
leaf_count=35 30 87 35 29 24 20 39 31 309 34 23 32 20 54 36 27 28 21 24 55 30 43 29 20 38 28 37 31 24 1802
internal_value=0.000268293 0.000320197 0.000233266 -0.00248299 -0.0038983 -0.0075 -0.00175676 0.000375311 0.000431655 0.000504587 0.000447789 -0.00409091 -0.00318182 0.000542489 0.000449149 -0.00107029 -0.00164336 -0.00100775 -0.00175676 -0.00106061 -0.00269231 -0.00119469 0.000652174 -0.00134921 0.000663957 0.000588235 0.000647114 0.00270642 0.000454546 0.00057082
internal_weight=3075 3045 2958 147 118 44 74 2811 2780 2725 2691 55 55 2636 2527 313 286 258 222 198 143 113 92 63 2214 2176 2148 109 55 2111
internal_count=3075 3045 2958 147 118 44 74 2811 2780 2725 2691 55 55 2636 2527 313 286 258 222 198 143 113 92 63 2214 2176 2148 109 55 2111
is_linear=0
shrinkage=0.05


Tree=230
num_leaves=31
num_cat=0
split_feature=6 6 0 2 5 6 1 2 5 10 10 2 6 1 0 8 6 6 5 0 1 5 0 0 5 10 10 1 2 1
split_gain=0.716461 0.852297 0.619707 0.349453 0.5 0.486532 0.231443 1.0333 2.15698 0.79792 0.721702 0.450135 0.615856 0.44697 0.36466 0.453757 0.439547 0.297581 0.260735 0.477302 0.685757 0.833683 0.364294 0.521672 0.343811 0.292475 0.35 0.266315 0.260417 0.821873
threshold=7590.0356905730996 6927.7645778391561 88854.420000000013 94242.095000000016 6540.6358262441636 6026.702314369385 164631.90500000003 152143.40500000003 10959.642039079643 78.500000000000014 44.500000000000007 479878.03000000009 107272.37584940426 424970.04000000004 468425.10000000003 1.0000000180025095e-35 178093.84371244119 265376.84609726974 42715.319169421877 85521.315000000017 95497.85000000002 50134.18121885624 146575.25500000003 142611.07500000004 45751.739366519068 54.500000000000007 41.500000000000007 143374.48500000002 974722.88500000013 726605.24000000011
decision_type=2 2 2 2 2 2 2 2 2 2 2 2 2 2 2 2 2 2 2 2 2 2 2 2 2 2 2 2 2 2
left_child=1 3 -3 4 5 -1 7 18 -9 10 -10 17 -13 14 15 -14 -16 -8 22 -20 21 -21 23 25 -22 26 -2 -27 -15 -30
right_child=6 2 -4 -5 -6 -7 11 8 9 -11 -12 12 13 28 16 -17 -18 -19 19 20 24 -23 -24 -25 -26 27 -28 -29 29 -31
leaf_value=-0.87409191480459736 5.846384542482217 0.82125854968417811 -4.5333932454621291 3.5304735532431488 32.941903117053243 -15.14962845078081 6.7079749106735722 -62.807953304420792 -5.789367354616676 10.786786585667453 -73.59041861548809 -310.8546057632588 636.66090241620111 33.009069017896117 -152.30183975706285 -39.652920462693025 -14.481442523328191 -40.810048397854395 28.072664523256595 -27.595225612068578 -90.152568206335815 11.63056023124679 64.109210972900485 -75.951149546123801 8.067544700473972 8.21605165113351 -56.290053522344742 -2.9808351765125387 -1544.3867492625709 43.735941479399287
leaf_weight=32 70 24 43 35 27 22 1399 24 26 112 29 21 37 288 20 21 21 50 42 37 31 30 70 20 108 234 20 33 28 116
leaf_count=32 70 24 43 35 27 22 1399 24 26 112 29 21 37 288 20 21 21 50 42 37 31 30 70 20 108 234 20 33 28 116
internal_value=-0.000162866 -0.00319672 -0.00768657 -0.000603448 -0.00240741 -0.00518518 2.94425e-05 -0.000643341 -0.00390052 -0.00188623 -0.00681818 0.000327337 -0.000887681 -0.000555555 -0.00358586 -0.00103448 -0.00719512 0.0007902 0.000251799 -0.00104839 -0.00203883 -0.00619403 0.000973155 0.00035809 -3.5971e-05 0.000798319 -0.00166667 0.00162921 0.000138889 -0.00159722
internal_weight=3070 183 67 116 81 54 2887 886 191 167 55 2001 552 531 99 58 41 1449 695 248 206 67 447 377 139 357 90 267 432 144
internal_count=3070 183 67 116 81 54 2887 886 191 167 55 2001 552 531 99 58 41 1449 695 248 206 67 447 377 139 357 90 267 432 144
is_linear=0
shrinkage=0.05


Tree=231
num_leaves=31
num_cat=0
split_feature=4 0 0 7 3 5 6 4 2 0 0 2 5 6 2 2 0 4 2 2 5 4 6 2 0 3 0 0 4 5
split_gain=0.752199 0.421777 0.375936 0.623225 0.631865 0.499659 0.533697 0.407101 0.313244 0.482208 1.06501 0.4225 0.446291 0.808173 0.400677 0.480097 0.507996 0.471342 0.311525 0.332084 0.401186 0.289232 0.539273 1.30972 0.40767 0.711236 0.632008 0.638409 0.564841 0.559473
threshold=135693.77267857146 130407.67500000002 190720.65500000003 1.5000000000000002 128882.97285714287 6233.2414089869762 37188.494001121588 122373.84316964286 112400.12000000001 91147.715000000011 92939.950000000026 139139.16 44143.918163120215 12475.199315669719 91171.510000000009 96469.185000000012 96982.175000000003 120462.88339285714 100444.90000000001 84936.565000000017 30721.231188236601 397348.8176785715 122962.54071743919 479878.03000000009 350831.96500000008 388157.50714285712 432248.34500000003 412361.76000000007 506212.04999999999 128357.81606349666
decision_type=2 2 2 2 2 2 2 2 2 2 2 2 2 2 2 2 2 2 2 2 2 2 2 2 2 2 2 2 2 2
left_child=2 -2 3 4 5 -1 -7 -8 9 18 -11 -10 13 -13 -12 16 -16 -17 19 20 -5 -3 23 -23 -24 -26 27 -27 -28 -30
right_child=1 21 -4 8 -6 6 7 -9 11 10 14 12 -14 -15 15 17 -18 -19 -20 -21 -22 22 24 -25 25 26 28 -29 29 -31
leaf_value=-9.3255651725503999 21.827687687116367 3.0744089584995096 29.700025880876183 41.248056224727492 -69.377201430819923 12.527077360309946 -13.887428039145474 -5.9627958429601149 15.536085007792323 -8.1849639279295179 18.536352990163557 1.3881298243642215 97.194519953842146 -198.73136895671124 -26.682337711987909 20.993994890801105 0.0024637270128855639 -107.55499398180726 -72.713825605671431 14.528788129392337 -5.4086368846472732 -6.8063357099317701 299.58760500274644 -1465.0575870030516 -189.32277381736674 -20.099668580779216 452.5309007325472 -971.44994173931627 -1726.2162678138191 0.0046516701544129686
leaf_weight=34 146 1398 35 25 32 70 23 25 100 29 49 32 28 20 36 25 25 26 26 72 28 49 107 23 36 55 108 25 23 360
leaf_count=34 146 1398 35 25 32 70 23 25 100 29 49 32 28 20 36 25 25 26 26 72 28 49 107 23 36 55 108 25 23 360
internal_value=-9.77197e-05 0.000343348 -0.00148649 -0.00173759 -0.00423913 -0.00289474 -0.00135593 -0.00541667 -0.000854126 -0.00174487 -0.00342105 0.000833334 -0.001875 -0.00461538 -0.0018323 -0.00348214 -0.00647541 9.80394e-05 0.000364239 0.0014 -0.00160377 0.000169414 -0.000597964 -0.00472222 -0.000182073 -0.00068369 -0.00025394 -0.004375 0.000417515 -0.000483029
internal_weight=3070 2330 740 705 184 152 118 48 521 341 190 180 80 52 161 112 61 51 151 125 53 2184 786 72 714 607 571 80 491 383
internal_count=3070 2330 740 705 184 152 118 48 521 341 190 180 80 52 161 112 61 51 151 125 53 2184 786 72 714 607 571 80 491 383
is_linear=0
shrinkage=0.05


Tree=232
num_leaves=31
num_cat=0
split_feature=4 5 1 2 2 5 6 1 2 0 0 1 4 5 5 4 6 5 0 0 1 10 2 5 4 2 6 7 4 10
split_gain=0.6452 0.418485 0.566379 0.326108 0.312941 0.43145 0.761442 0.875798 0.427148 0.449449 0.529781 0.409091 0.362616 0.279831 0.32329 0.541346 0.545045 0.377422 0.297329 0.269378 0.37999 0.571909 0.794805 0.5291 0.404712 0.787504 0.415413 0.281216 0.489608 0.273948
threshold=135693.77267857146 49641.373843985166 187290.01500000004 100444.90000000001 94883.685000000012 45327.026397994567 36888.230992773686 95868.110000000015 85593.180000000008 91147.715000000011 93625.795000000027 81082.300000000017 135410.90026785716 47685.674120121177 34194.460926803331 124480.04053571429 37424.915427991036 39282.105838163297 84908.630000000019 130407.67500000002 164631.90500000003 81.500000000000014 166697.78500000003 14317.534418092788 387813.85142857145 150388.00000000003 104009.62978997744 1.5000000000000002 174656.1905357143 209.50000000000003
decision_type=2 2 2 2 2 2 2 2 2 2 2 2 2 2 2 2 2 2 2 2 2 2 2 2 2 2 2 2 2 2
left_child=1 2 4 -2 5 6 7 8 11 -10 -11 -1 13 14 18 16 -16 -18 -6 -5 21 22 23 -21 25 -22 -26 28 -23 -28
right_child=3 -3 -4 19 12 -7 -8 -9 9 10 -12 -13 -14 -15 15 -17 17 -19 -20 20 24 27 -24 -25 26 -27 29 -29 -30 -31
leaf_value=-8.4175983443650129 649.19071303331975 13.883010369284282 -52.4565381275698 19.313057841431306 -2.1963983881131752 -28.089227404435924 48.810672682797247 -10.134279996144047 0.069719789662326614 -13.575627531985829 -2.6816619724649957 36.61609084796423 -13.004757977533666 12.38365899046541 -20.073758108077108 -102.63077657318618 -24.448253804996959 20.564247186874876 3.15531195019744 45.781039742195112 -659.74922768259478 22.852527659686494 -151.71798475922262 -32.704449366251708 -215.41670476916099 12.909185998149958 -28.343349625910506 5.4761303141986808 -35.049292303705336 16.277529674661068
leaf_weight=44 37 62 20 136 28 25 44 31 32 22 36 44 27 25 37 25 23 51 164 27 23 39 22 36 20 951 666 133 33 207
leaf_count=44 37 62 20 136 28 25 44 31 32 22 36 44 27 25 37 25 23 51 164 27 23 39 22 36 20 951 666 133 33 207
internal_value=-6.51464e-05 -0.00135135 -0.00171091 0.000343348 -0.00145897 -0.00273381 -0.00211462 -0.00337321 -0.00202247 -0.00444444 -0.00706897 0.000454546 -0.000526316 -9.915e-05 -0.000487805 -0.00235294 -0.000855856 0.00162162 0.000833334 0.000268208 0.000132128 -0.00155172 -0.005 -0.00214286 0.00039368 0.00109856 -0.00037514 -0.000121951 -0.00263889 -0.000211913
internal_weight=3070 740 678 2330 658 278 253 209 178 90 58 88 380 353 328 136 111 74 192 2293 2157 290 85 63 1867 974 893 205 72 873
internal_count=3070 740 678 2330 658 278 253 209 178 90 58 88 380 353 328 136 111 74 192 2293 2157 290 85 63 1867 974 893 205 72 873
is_linear=0
shrinkage=0.05


Tree=233
num_leaves=31
num_cat=0
split_feature=4 4 10 6 3 1 2 3 3 10 0 10 6 1 1 0 0 2 10 10 10 0 0 0 6 4 10 10 10 10
split_gain=0.412565 0.447415 0.667056 0.367356 0.38563 0.347826 0.27 0.267012 0.709361 1.15751 0.434389 0.407273 0.351678 0.466248 0.464422 0.253419 0.474036 0.593803 0.385264 0.327256 0.293952 0.254494 0.9 0.421159 0.24029 0.263289 0.275197 0.35132 0.592658 0.469544
threshold=135068.69160714289 125017.97535714287 150.50000000000003 38761.893008739375 120994.95428571431 119291.82000000002 128401.895 413517.83500000002 444401.80285714293 187.50000000000003 453330.6750000001 233.50000000000003 172782.68422723815 364003.37000000005 327504.38500000007 98820.410000000018 91147.715000000011 94242.095000000016 147.50000000000003 129.50000000000003 143.50000000000003 82858.37000000001 86269.435000000012 68316.825000000026 143520.64543863767 398491.41375000007 45.500000000000007 78.500000000000014 63.500000000000007 54.500000000000007
decision_type=2 2 2 2 2 2 2 2 2 2 2 2 2 2 2 2 2 2 2 2 2 2 2 2 2 2 2 2 2 2
left_child=1 3 6 4 15 -6 -3 12 9 10 -9 -11 13 24 -14 16 19 18 -18 21 -17 23 -23 -1 25 26 -2 28 29 -28
right_child=7 2 -4 -5 5 -7 -8 8 -10 11 -12 -13 14 -15 -16 20 17 -19 -20 -21 -22 22 -24 -25 -26 -27 27 -29 -30 -31
leaf_value=-11.73519542368825 45.166365258587412 -95.189693093147028 33.623686812024253 3.1593531289265133 -307.8486837877054 -30.87745316689637 -15.589270880400301 -511.71427520123501 4.5593153280798466 1752.8215941263472 -473.65323977025395 -537.63821688034477 4.179584528593284 149.26301546612788 -51.155260308982669 18.590124050417351 -4.756807762262607 0.079459182648213389 -3.7145607296636216 3.9632903258740271 -6.0723036488271589 -59.417818173921503 14.904516474472096 50.701587553768263 962.16600637782722 -679.80745383489807 -4.2197739607800226 2.4192226954133087 -82.275554586948132 180.13218918923383
leaf_weight=28 168 20 21 213 23 23 30 26 595 28 25 22 29 247 33 48 34 41 25 64 45 20 20 25 28 33 61 956 86 53
leaf_count=28 168 20 21 213 23 23 30 26 595 28 25 22 29 247 33 48 34 41 25 64 45 20 20 25 28 33 61 956 86 53
internal_value=-1.62865e-05 -0.00110294 -0.00485915 -0.000665024 -0.00156566 -0.00586956 -0.008 0.000292887 -0.000531609 -0.00440594 -0.00970588 0.001 0.000631641 0.000772059 -0.00306452 -0.001 -0.00180934 -0.0045 -0.00771186 -9.55412e-05 0.00123656 -0.00198925 -0.005 0.000283019 0.000415163 0.00032056 0.000430514 0.00015571 -0.00175 0.000614035
internal_weight=3070 680 71 609 396 46 50 2390 696 101 51 50 1694 1632 62 350 257 100 59 157 93 93 40 53 1385 1357 1324 1156 200 114
internal_count=3070 680 71 609 396 46 50 2390 696 101 51 50 1694 1632 62 350 257 100 59 157 93 93 40 53 1385 1357 1324 1156 200 114
is_linear=0
shrinkage=0.05


Tree=234
num_leaves=31
num_cat=0
split_feature=0 0 3 1 2 0 10 0 0 10 10 2 10 5 5 0 4 1 4 10 0 0 7 2 2 1 1 2 0 0
split_gain=0.2739 1.10503 0.525284 0.875758 0.330322 0.183062 0.557168 0.401544 0.272563 0.201661 0.316025 0.955473 0.304337 0.303178 0.404631 0.288999 0.398047 0.429501 0.268209 0.438957 0.611048 0.892899 0.712835 0.702278 0.72 0.519231 0.699872 1.34271 0.421674 0.669479
threshold=91147.715000000011 94270.685000000012 90806.161428571446 95497.85000000002 69621.24500000001 98820.410000000018 75.500000000000014 95836.580000000016 100913.70000000001 63.500000000000007 70.500000000000014 202780.73000000001 54.500000000000007 8173.6081815914886 7644.1984385971373 124164.94500000002 135068.69160714289 131286.31000000003 397348.8176785715 209.50000000000003 566263.16500000015 322255.61000000004 5.5000000000000009 1170112.9500000002 1396333.3000000003 325563.81000000006 483238.4150000001 396082.10500000004 372629.17500000005 357901.85000000003
decision_type=2 2 2 2 2 2 2 2 2 2 2 2 2 2 2 2 2 2 2 2 2 2 2 2 2 2 2 2 2 2
left_child=4 2 -2 -4 -1 6 -3 -8 -7 12 11 -11 15 14 -12 -10 17 -17 28 20 21 -20 25 -22 -25 -23 27 -27 29 -15
right_child=1 5 3 -5 -6 8 7 -9 9 10 13 -13 -14 18 -16 16 -18 -19 19 -21 23 22 -24 24 -26 26 -28 -29 -30 -31
leaf_value=-14.590630695625382 0.5531333558731315 -19.432752026675828 -34.413469947010149 -2.8799555313314542 3.5221628611773648 24.46454900733761 8.6687285564202323 -3.5628955601173318 55.510244699243053 -146.2644094574467 8.4650136945888175 36.05944959056044 162.40850149589994 0.42925895881157361 -51.90976232303273 2.3314958466256939 13.102986794295845 -41.38060479472253 121.00749321864198 28.487285836925391 118.68035539279305 102.05040383445852 4.4453029619598707 -5309.1108974696763 1571.6581011283251 -64.740571283470246 -81.774647292165881 -377.34458999842951 166.76763185827645 -203.3640688272809
leaf_weight=21 20 26 20 24 235 27 26 37 30 29 29 41 94 1159 21 21 362 20 69 173 169 27 30 25 25 23 66 28 171 22
leaf_count=21 20 26 20 24 235 27 26 37 30 29 29 41 94 1159 21 21 362 20 69 173 169 27 30 25 25 23 66 28 171 22
internal_value=-8.1433e-05 -0.00022388 -0.00671875 -0.00977273 0.00148438 -7.27271e-05 -0.00230337 0.000238095 1.87918e-06 -4.93544e-05 -0.000268154 -0.00357143 0.000825427 -0.000154639 -0.004 0.000265589 -8.68484e-05 -0.0047561 -5.7876e-05 -0.000905512 -0.00170996 -0.00343621 -0.00534483 0.00020548 -0.005 -0.00680556 -0.00824786 -0.0126471 0.000340237 4.23389e-06
internal_weight=3070 2814 64 44 256 2750 89 63 2661 2634 2107 70 527 2037 50 433 403 41 1987 635 462 243 174 219 50 144 117 51 1352 1181
internal_count=3070 2814 64 44 256 2750 89 63 2661 2634 2107 70 527 2037 50 433 403 41 1987 635 462 243 174 219 50 144 117 51 1352 1181
is_linear=0
shrinkage=0.05


Tree=235
num_leaves=31
num_cat=0
split_feature=5 5 3 3 3 3 10 10 10 10 1 0 1 5 1 6 3 6 6 10 3 0 0 5 3 0 0 1 7 10
split_gain=0.272393 0.715383 0.350478 0.348959 0.442441 1.12978 0.445196 0.496419 0.354116 0.836761 0.421801 0.307583 0.299032 0.29303 0.570558 0.943286 0.27918 0.261842 0.448116 0.366847 0.358917 0.257287 0.783683 0.625744 0.536616 0.342403 0.250897 0.508211 0.363636 0.247353
threshold=68912.420012181989 72743.067711366704 216713.68214285717 212848.75214285718 452915.53785714292 420395.72500000009 146.50000000000003 200.50000000000003 149.50000000000003 138.50000000000003 156580.00000000003 489052.80000000005 321270.94000000006 324285.28731276351 699785.88500000013 361361.47975868621 219785.74357142861 122313.35513916756 128585.338348404 190.50000000000003 380580.67428571434 262709.99500000005 237839.24000000002 110182.05823445389 299948.86500000005 390224.83000000002 268668.97500000003 241666.32000000004 4.5000000000000009 90.500000000000014
decision_type=2 2 2 2 2 2 2 2 2 2 2 2 2 2 2 2 2 2 2 2 2 2 2 2 2 2 2 2 2 2
left_child=12 2 -2 -3 5 8 -7 -8 9 10 -5 -9 -1 29 -15 -16 -12 26 -19 20 -20 22 -18 24 -23 -26 27 -10 -29 -6
right_child=1 3 -4 4 13 6 7 11 17 -11 16 -13 -14 14 15 -17 21 18 19 -21 -22 23 -24 -25 25 -27 -28 28 -30 -31
leaf_value=1.0632635563783921 -12.0651237505545 139.91037101470906 -403.8835276866248 -12.745548385869183 1130.4940951689846 -146.08385811028168 -368.50689543867895 -59.233370974947142 22.81401773014656 -154.4373408447054 726.09774817738912 -111.69435358128544 265.48893474952632 2320.8521314676755 -1606.0042771514472 10.703178949519042 -1.1966225628074834 -236.47642692497399 -69.328814371100208 908.80067264360594 5.8025075202219334 37.659291519021565 -95.674842476818768 507.56549814465075 -107.65143121238572 -653.51590078566994 62.250728919712429 -948.53843143960137 3.5350096368277315 7.5861559756682766
leaf_weight=1474 27 33 22 31 128 32 20 23 54 27 24 20 59 46 34 91 108 38 27 49 31 41 22 84 38 29 139 22 22 272
leaf_count=1474 27 33 22 31 128 32 20 23 54 27 24 20 59 46 34 91 108 38 27 49 31 41 22 84 38 29 139 22 22 272
internal_value=0.00019074 -0.000280313 -0.00622449 -8.41749e-05 -0.000199724 -0.000902383 -0.00605263 -0.00849206 -0.000279898 -0.00131188 -0.000702918 -0.00546512 0.000662101 0.000884413 -0.000847953 -0.0026 -0.000202312 0.000811518 -0.000862069 0.000794393 -0.00189655 -0.000590062 -0.00230769 0.000572917 -0.00194444 -0.00470149 0.00183544 -0.000102041 -0.00409091 0.001625
internal_weight=3067 1534 49 1485 1452 881 95 63 786 404 377 43 1533 571 171 125 346 382 145 107 58 322 130 192 108 67 237 98 44 400
internal_count=3067 1534 49 1485 1452 881 95 63 786 404 377 43 1533 571 171 125 346 382 145 107 58 322 130 192 108 67 237 98 44 400
is_linear=0
shrinkage=0.05


Tree=236
num_leaves=31
num_cat=0
split_feature=10 4 2 2 0 4 4 3 0 7 3 10 10 10 5 7 0 7 4 5 5 10 0 2 2 4 4 0 10 10
split_gain=0.248606 0.234161 0.265855 0.294077 0.524478 0.502876 0.601395 0.713147 0.481941 0.457044 0.42836 0.417245 0.5351 0.5764 0.561449 0.529711 0.412445 0.828988 0.364305 0.329687 0.317791 0.596146 0.362596 0.319486 0.291553 0.381943 1.00861 0.420005 0.419773 0.457085
threshold=262.50000000000006 1162410.4671428574 176850.83500000005 295734.82000000007 155484.37000000002 302755.76558035723 391241.97714285721 413517.83500000002 166863.00000000003 4.5000000000000009 362402.9671428572 30.500000000000004 78.500000000000014 64.500000000000014 40204.572716459974 2.5000000000000004 339188.5500000001 3.5000000000000004 390239.97857142863 104116.03570179307 89646.028026548258 190.50000000000003 186595.16000000003 184225.86500000002 94242.095000000016 150629.87678571432 124203.32375000003 98820.410000000018 28.500000000000004 204.50000000000003
decision_type=2 2 2 2 2 2 2 2 2 2 2 2 2 2 2 2 2 2 2 2 2 2 2 2 2 2 2 2 2 2
left_child=1 2 24 4 -4 -5 7 9 -6 -7 -11 -10 13 14 -13 -16 19 18 -18 20 21 23 -23 -14 25 26 27 28 -1 -30
right_child=-2 -3 3 5 8 6 -8 -9 11 10 -12 12 16 -15 15 -17 17 -19 -20 -21 -22 22 -24 -25 -26 -27 -28 -29 29 -31
leaf_value=46.10506583375463 312.5340666801485 1010.6089098513347 46.963560925458069 58.111165240808113 -49.583930955051656 10.386338310160196 3.70187430599796 -564.43502138802285 398.19788698314687 -195.92004555807085 17.450489466411874 -38.258983585138189 -33.966481381192743 -150.41407175295581 61.699181667447057 -78.858358111716456 -17.509934554624234 1088.5649069359217 -105.08169815404023 68.453334278034603 -29.73622406991549 -22.874766753801147 -14.487236112198396 43.886723278880595 2.0762751537847088 474.3278635066431 -27.586885206207814 45.370664752833335 -7.6924963128912616 0.79255487277182213
leaf_weight=34 27 25 95 252 37 94 764 21 39 22 24 20 35 24 26 31 38 31 37 62 28 21 47 96 857 28 21 73 113 45
leaf_count=34 27 25 95 252 37 94 764 21 39 22 24 20 35 24 26 31 38 31 37 62 28 21 47 96 857 28 21 73 113 45
internal_value=0.000223345 0.000180921 0.000140962 -0.000233189 -0.00107196 0.000242141 -0.000297297 -0.00307453 -0.00164336 -0.00178571 -0.00586956 -0.00126168 -0.00165323 -0.00490099 -0.00279221 -0.000263158 -0.000822785 -0.00349057 -0.00633333 0.00015571 -0.000726872 -2.51254e-05 -0.00382353 0.00194657 0.000730145 -0.000573248 -0.00111888 -0.000283019 -0.00151042 -0.00259494
internal_weight=3067 3040 3015 1844 667 1177 925 161 572 140 46 535 496 101 77 57 395 106 75 289 227 199 68 131 1171 314 286 265 192 158
internal_count=3067 3040 3015 1844 667 1177 925 161 572 140 46 535 496 101 77 57 395 106 75 289 227 199 68 131 1171 314 286 265 192 158
is_linear=0
shrinkage=0.05


Tree=237
num_leaves=31
num_cat=0
split_feature=6 5 2 2 5 5 1 4 10 2 7 6 2 2 0 6 6 0 0 10 9 0 0 1 4 5 1 10 7 0
split_gain=0.381797 0.544753 0.403102 0.460755 0.34544 0.453173 0.374098 0.361497 0.688095 0.507627 0.421785 0.31722 0.304762 0.232387 0.228571 0.307675 0.355595 0.213752 0.911149 0.37124 0.455336 0.501667 0.577945 0.556095 0.446635 0.44326 0.495414 0.438312 0.430231 0.610103
threshold=23953.404157472276 25191.250864867772 281386.79500000004 190915.16000000003 18064.574810006332 20726.6165526 139946.47000000003 135554.6035714286 188.50000000000003 95836.580000000016 5.5000000000000009 25836.227883290372 82078.155000000013 77807.390000000014 88854.420000000013 6719.8449871417515 7340.9079019532028 420963.16000000009 412361.76000000007 214.50000000000003 1.0000000180025095e-35 126048.51000000002 133152.15500000003 604275.45000000007 449424.16089285718 39282.105838163297 87705.310000000012 124.50000000000001 1.0000000180025095e-35 314495.83500000008
decision_type=2 2 2 2 2 2 2 2 2 2 2 2 2 2 2 2 2 2 2 2 2 2 2 2 2 2 2 2 2 2
left_child=2 11 3 4 6 -6 7 9 -9 10 12 -2 -1 -3 -14 -16 -17 18 19 20 21 25 -23 24 28 -15 27 -27 -24 -30
right_child=1 13 -4 -5 5 -7 -8 8 -10 -11 -12 -13 14 17 15 16 -18 -19 -20 -21 -22 22 23 -25 -26 26 -28 -29 29 -31
leaf_value=-51.329357324649074 -1.2158437369285517 46.797000889023678 144.89585598443531 -11.231840249646559 -69.845615336562304 40.912738450619429 59.156791485892256 3.1688351024110384 -24.70605782489784 10.943495931716582 -11.26102513671851 -41.594834500611796 3.9947161154199193 -25.836200091437281 1.8852292079489634 -3.4719865610451737 1.6202507342061747 15.262840936458264 -266.99875979379897 17.852412625338168 146.00948882915301 -159.94176235836628 46.668601992180278 -2293.595416498089 76.354907737628949 13.554754130340292 9.9474828688230392 -53.946314200807755 -4.124116651502213 -107.31943097261156
leaf_weight=20 35 57 108 36 23 28 212 56 24 105 27 41 36 60 37 20 27 744 23 281 115 25 104 26 44 22 120 20 459 132
leaf_count=20 35 57 108 36 23 28 212 56 24 105 27 41 36 60 37 20 27 744 23 281 115 25 104 26 44 22 120 20 459 132
internal_value=0.000272253 -4.76601e-05 0.00124506 0.00077573 0.00109756 -0.00284314 0.0014539 0.000454546 -0.0025 0.00132353 -0.000389221 -0.00421053 0.000714286 9.40862e-05 0.00166667 0.000238095 -0.00244681 1.14944e-05 -0.000345912 -0.000184659 -0.000590062 -0.000928854 -0.00151899 -0.00127451 -0.00102165 0.00117117 0.00253086 -0.00214286 -0.00133094 -0.00185279
internal_weight=3067 2308 759 651 615 51 564 352 80 272 167 76 140 2232 120 84 47 2175 1431 1408 1127 1012 790 765 739 222 162 42 695 591
internal_count=3067 2308 759 651 615 51 564 352 80 272 167 76 140 2232 120 84 47 2175 1431 1408 1127 1012 790 765 739 222 162 42 695 591
is_linear=0
shrinkage=0.05


Tree=238
num_leaves=31
num_cat=0
split_feature=2 2 2 2 6 6 0 0 2 6 3 2 7 10 0 10 5 2 0 0 7 10 0 10 2 5 10 10 7 2
split_gain=0.291912 0.362473 0.388039 0.438643 0.626431 0.372126 0.353796 0.528856 0.723755 0.565717 0.736972 0.486579 0.461801 0.66465 0.428393 0.411025 0.415653 0.58072 0.355702 0.350725 0.38931 0.372268 0.559864 0.485245 0.662094 0.326797 0.283542 0.710695 0.291132 0.470156
threshold=176850.83500000005 210554.06000000003 227828.70500000005 240216.89000000004 98684.841549004734 23953.404157472276 224927.81500000003 420963.16000000009 619845.31000000017 138723.34230673066 426113.06142857141 431588.42000000004 2.5000000000000004 147.50000000000003 163833.70500000005 111.50000000000001 89646.028026548258 324265.02000000008 262709.99500000005 140564.71500000003 4.5000000000000009 121.50000000000001 318444.77500000008 46.500000000000007 185465.33000000005 102828.78558203026 196.50000000000003 201.50000000000003 2.5000000000000004 87111.185000000012
decision_type=2 2 2 2 2 2 2 2 2 2 2 2 2 2 2 2 2 2 2 2 2 2 2 2 2 2 2 2 2 2
left_child=26 19 -3 4 -4 -5 14 8 9 10 11 12 -8 15 -7 16 -14 -18 -15 -2 21 23 -23 -21 -25 -20 -1 -28 29 -29
right_child=1 2 3 5 -6 6 7 -9 -10 -11 -12 -13 13 18 -16 -17 17 -19 25 20 -22 22 -24 24 -26 -27 27 28 -30 -31
leaf_value=1.7988875286072199 78.416211195258839 145.62463300902488 -228.28664035055249 67.675107926788499 5.2657820906856854 -30.128638944772618 4.5929522525054045 16.567810244445798 -1193.1951162162525 105.03167888193803 -222.02653733173884 595.45902454089048 -178.68106770042837 -613.04138659190301 37.090711585781513 -96.367270655309923 -97.030413052393527 370.11855813358716 -3.4048078918740501 27.247630190649286 -140.36878193020223 23.145013357882178 -135.12876137406602 -44.763328762277212 -2.1762386442505264 831.35649847488912 -17.392427471083746 26.114977332652348 2.1354129708572493 -4.1209232567738026
leaf_weight=879 41 76 27 132 33 35 93 682 38 97 27 75 33 23 86 27 21 20 36 34 37 104 20 25 29 32 21 22 163 99
leaf_count=879 41 76 27 132 33 35 93 682 38 97 27 75 33 23 86 27 21 20 36 34 37 104 20 25 29 32 21 22 163 99
internal_value=0.000288556 -9.82473e-05 0.00019774 2.3072e-05 -0.00416667 0.000195608 -5.66036e-05 -0.000315614 -0.00151341 -0.000991735 -0.00184754 -0.00125 -0.00219298 -0.00359375 0.00252066 -0.00638614 -0.00445946 -0.00109756 -0.000494505 -0.00172414 -0.00242972 -0.00160377 0.000161291 -0.00409091 -0.00703704 0.00132353 0.000903716 -0.000409836 0.000246479 -0.00161157
internal_weight=3067 1883 1593 1517 60 1457 1325 1204 522 484 387 360 285 192 121 101 74 41 91 290 249 212 124 88 54 68 1184 305 284 121
internal_count=3067 1883 1593 1517 60 1457 1325 1204 522 484 387 360 285 192 121 101 74 41 91 290 249 212 124 88 54 68 1184 305 284 121
is_linear=0
shrinkage=0.05


Tree=239
num_leaves=31
num_cat=1
split_feature=11 2 1 1 3 3 4 2 3 0 4 3 2 0 6 6 1 1 10 10 2 1 1 10 4 3 0 4 0 4
split_gain=0.574085 0.4504 0.501752 0.384809 0.489053 0.423655 0.919411 0.54394 0.405572 0.737911 0.396746 0.377841 0.360119 0.336278 0.335748 0.329631 0.323723 0.5394 0.34936 0.579798 0.478215 0.370182 0.352627 0.325989 0.310249 0.282666 0.252279 0.758777 0.543578 0.610613
threshold=0 290950.18000000005 281803.10000000003 100706.99000000001 452915.53785714292 413517.83500000002 390239.97857142863 278782.22000000003 124817.04571428572 136326.89500000002 153694.26196428572 433234.90571428579 275880.78000000009 86269.435000000012 39407.664274207134 424678.58466219017 245193.81000000003 236415.55000000002 192.50000000000003 199.50000000000003 82078.155000000013 75388.630000000019 196164.30500000002 135.50000000000003 1119888.7521428575 464564.0450000001 369617.96500000003 420279.74303571432 295188.25000000006 392618.93571428576
decision_type=1 2 2 2 2 2 2 2 2 2 2 2 2 2 2 2 2 2 2 2 2 2 2 2 2 2 2 2 2 2
left_child=1 2 16 -2 5 8 -7 -8 9 13 14 -9 -4 -5 -10 24 17 18 20 -20 21 -1 -21 -22 25 -6 28 -28 -12 -30
right_child=3 -3 12 4 15 6 7 11 10 -11 26 -13 -14 -15 -16 -17 -18 -19 19 22 23 -23 -24 -25 -26 -27 27 -29 29 -31
leaf_value=5.8971648780561239 23.477148679089986 65.66826423390215 -60.267948809774012 -27.636283309596873 783.34501818197816 -515.00381622285897 -189.85048691762378 122.62409555949087 -136.557620575947 -16.722697317594548 -2.879011174530663 -533.89327638277462 -9.3731727018495992 3.2197003129112889 114.86232305749903 -1474.0663610566735 34.609714808227622 -134.82907938848936 -86.520424063896385 0.57845592556840331 1.2399450226037931 -39.508584440695259 -16.284393064024389 10.859426096218399 2281.5859314760773 7.8623209322255541 62.591133511735137 -110.31884912154948 -186.75421066418295 88.741998000236478
leaf_weight=24 117 264 21 23 33 22 21 55 25 29 266 38 27 44 99 25 66 20 28 250 486 23 23 211 42 470 177 23 73 42
leaf_count=24 117 264 21 23 33 22 21 55 25 29 266 38 27 44 99 25 66 20 28 250 486 23 23 211 42 470 177 23 73 42
internal_value=0.000321161 0.00104267 0.000631892 -0.000324357 -0.000540809 -0.00124333 -0.00382353 -0.00201754 -0.000805243 -0.00385417 -0.000390071 -0.000376344 -0.004375 -0.000970149 0.00217742 0.000614035 0.000844386 0.000633803 0.000789474 -0.00064784 0.00137097 -0.00351064 5.49452e-05 0.00170014 0.00087156 0.000526839 -0.000938038 0.0005 -0.00169291 -0.00456522
internal_weight=3067 1443 1179 1624 1507 937 136 114 801 96 705 93 48 67 124 570 1131 1065 1045 301 744 47 273 697 545 503 581 200 381 115
internal_count=3067 1443 1179 1624 1507 937 136 114 801 96 705 93 48 67 124 570 1131 1065 1045 301 744 47 273 697 545 503 581 200 381 115
cat_boundaries=0 1
cat_threshold=10
is_linear=0
shrinkage=0.05


Tree=240
num_leaves=31
num_cat=1
split_feature=10 5 2 7 10 11 1 1 9 10 1 7 10 10 2 5 6 6 10 5 5 2 1 5 1 6 6 0 6 1
split_gain=0.339954 0.489817 1.00392 0.385386 0.564315 0.518113 0.576274 0.954124 0.4622 0.612612 1.10756 0.448179 0.423971 0.642222 0.580808 0.388871 0.377859 0.639909 0.314677 0.882507 0.811445 0.539425 0.630283 0.531265 0.467281 0.595238 0.460487 0.411988 0.294217 0.314161
threshold=257.50000000000006 78868.886002430081 202780.73000000001 2.5000000000000004 236.50000000000003 0 215002.05500000002 277549.11500000005 1.0000000180025095e-35 161.50000000000003 371602.00500000006 4.5000000000000009 24.500000000000004 21.500000000000004 184225.86500000002 55704.832022349023 7060.4013388903259 7590.0356905730996 166.50000000000003 122700.24752052366 25599.780967531329 950324.20000000007 304223.69000000006 15051.138914269783 436247.71500000003 155481.2509383517 11947.207803772782 96546.97500000002 8676.8176976926206 726605.24000000011
decision_type=2 2 2 2 2 1 2 2 2 2 2 2 2 2 2 2 2 2 2 2 2 2 2 2 2 2 2 2 2 2
left_child=3 2 -2 12 5 6 15 -8 9 10 -9 -11 13 14 -1 -5 -14 -18 -7 20 23 22 -21 26 -24 -26 27 -20 -19 -30
right_child=1 -3 -4 4 -6 18 7 8 -10 11 -12 -13 16 -15 -16 -17 17 28 19 21 -22 -23 24 -25 25 -27 -28 -29 29 -31
leaf_value=64.960547885534154 -1.9070776800191529 2173.3166286357009 -455.85866315591124 -10.380786060553881 59.761304723403718 4.9161098453891361 -667.8067402822129 21.639815963612801 1014.9939271548479 -48.097239531399822 -140.26941286209109 1021.3007052917894 4.6346371934395618 -87.624164780085849 -33.834154457046672 52.273134619133089 -43.420443294433781 29.86417397490775 1.2920766837723521 117.14410672332336 156.5442122699186 2008.4569762512217 -1062.2302161074724 -48.264812616140631 60.327991250160267 -149.53279760070038 133.17617650952815 -63.974082338966156 -3.7222862315309335 60.577523147913396
leaf_weight=23 34 31 20 171 137 786 30 37 21 21 30 30 47 30 22 79 21 24 24 24 132 22 20 27 21 21 31 44 995 113
leaf_count=23 34 31 20 171 137 786 30 37 21 21 30 30 47 30 22 79 21 24 24 24 132 22 20 27 21 21 31 44 995 113
internal_value=-0.00011734 -0.00323529 -0.00611111 -2.84946e-05 0.000462529 0.000194144 -0.00129371 -0.00357988 -0.00183453 -0.00305085 -0.00619403 0.00107843 -0.000686274 -0.00433333 -0.000555555 0.0002 -0.000458333 -0.000637467 0.000740103 -0.000464481 0.00112403 -0.00425926 -0.00604651 -0.00174603 -0.00870968 -0.00571429 -5.05049e-05 -0.00235294 -0.000477032 -0.000595668
internal_weight=3068 85 54 2983 1708 1571 419 169 139 118 67 51 1275 75 45 250 1200 1153 1152 366 258 108 86 126 62 42 99 68 1132 1108
internal_count=3068 85 54 2983 1708 1571 419 169 139 118 67 51 1275 75 45 250 1200 1153 1152 366 258 108 86 126 62 42 99 68 1132 1108
cat_boundaries=0 1
cat_threshold=1
is_linear=0
shrinkage=0.05


Tree=241
num_leaves=31
num_cat=1
split_feature=11 2 5 2 2 0 3 4 4 9 2 2 1 5 1 0 1 2 0 0 2 4 1 3 1 2 2 6 4 3
split_gain=0.233507 0.517678 0.356308 0.418596 1.01256 0.379378 0.229128 0.389995 0.705306 0.414606 0.303768 0.382785 0.305278 0.423857 0.291373 0.290146 0.84058 0.571221 0.518627 0.472406 0.383142 0.389607 0.27 0.269621 0.264343 0.226757 0.517813 0.22402 0.376502 0.26704
threshold=0 369476.97500000003 25191.250864867772 100444.90000000001 112400.12000000001 91936.055000000008 90550.175714285724 136298.99017857146 136017.59642857147 1.0000000180025095e-35 326119.78000000009 313429.03000000009 183060.98000000001 18623.262859948682 84908.630000000019 131455.58500000002 126986.87500000001 97422.390000000014 123175.02500000001 172947.27000000005 92939.950000000026 92294.763571428586 319151.15000000008 294656.28928571433 95868.110000000015 125056.06500000002 131490.65000000002 36888.230992773686 136566.87839285718 146037.66285714289
decision_type=1 2 2 2 2 2 2 2 2 2 2 2 2 2 2 2 2 2 2 2 2 2 2 2 2 2 2 2 2 2
left_child=1 6 -2 -4 -5 -6 -1 8 9 14 11 12 -9 23 -8 16 17 20 -18 -17 24 -22 -12 -14 -16 -7 -27 -28 -29 -30
right_child=2 -3 3 4 5 25 7 10 -10 -11 22 -13 13 -15 15 19 18 -19 -20 -21 21 -23 -24 -25 -26 26 27 28 29 -31
leaf_value=1.7955957185765545 -47.004014974317215 568.29588889002184 49.87839743811881 -129.09977139699433 184.55768626497726 21.540209758150972 -13.761559288182198 11.642991352646035 -26.661976697089013 -5.6245706000548434 28.172194814047828 161.34490198567516 -16.195801374415243 7.8735585393512686 0.63567730233325881 49.848268361336508 -4.6971385156399768 19.488417429827578 -68.540537561656677 -25.78931853640924 0.38280490562061642 -36.48128493662238 -298.68385904995444 3.5811579572006127 -3.4856074729722359 -138.00054277643696 15.695713590133806 -19.314014625963775 333.81579295210099 -6.8937973183886703
leaf_weight=87 33 59 107 31 32 34 60 291 35 38 30 56 39 303 62 100 34 76 20 31 21 25 20 29 23 23 34 26 22 1287
leaf_count=87 33 59 107 31 32 34 60 291 35 38 30 56 39 303 62 100 34 76 20 31 21 25 20 29 23 23 34 26 22 1287
internal_value=-5.21511e-05 0.000410628 -0.000460647 -0.000357143 -0.000574211 -0.000384088 0.000217391 5.02709e-05 -0.001 -0.000510204 0.000768229 0.00103064 0.000694864 -0.000256064 -8.84954e-05 0.000408163 -0.000555555 0.00089372 -0.00611111 0.00232824 -0.00110687 -0.00478261 -0.003 -0.00382353 0.000882353 -0.000504909 -0.000603448 -0.000478451 -0.000580524 -0.000462185
internal_weight=3068 1439 1629 1596 1489 1458 1380 1293 525 490 768 718 662 371 452 392 261 207 54 131 131 46 50 68 85 1426 1392 1369 1335 1309
internal_count=3068 1439 1629 1596 1489 1458 1380 1293 525 490 768 718 662 371 452 392 261 207 54 131 131 46 50 68 85 1426 1392 1369 1335 1309
cat_boundaries=0 1
cat_threshold=10
is_linear=0
shrinkage=0.05


Tree=242
num_leaves=31
num_cat=0
split_feature=10 10 7 5 2 6 0 6 6 4 2 3 10 6 7 7 5 10 10 7 2 0 2 6 6 10 2 10 3 7
split_gain=0.244718 0.352865 0.353786 0.229772 0.226114 0.408439 0.206547 0.194566 0.960785 0.404461 0.267767 0.713939 0.289394 0.390352 0.376399 0.349192 0.255143 0.235757 0.523063 0.231738 0.760818 0.617143 0.406867 0.27401 0.376243 0.218271 0.243627 0.193199 1.52927 0.252496
threshold=236.50000000000003 257.50000000000006 3.5000000000000004 78113.717897721697 232310.66500000001 36254.742854633783 203691.06500000003 42210.887596326334 43550.39716654404 124203.32375000003 195687.98500000002 293411.12142857147 48.500000000000007 24553.044512361008 1.5000000000000002 4.5000000000000009 46739.233436995681 63.500000000000007 66.500000000000014 2.5000000000000004 417986.48000000004 535414.21000000008 163746.75000000003 102807.90043296338 92715.057187837127 17.500000000000004 184225.86500000002 215.50000000000003 519856.9671428572 5.5000000000000009
decision_type=2 2 2 2 2 2 2 2 2 2 2 2 2 2 2 2 2 2 2 2 2 2 2 2 2 2 2 2 2 2
left_child=7 2 4 6 5 -2 -3 10 9 -9 16 -12 -13 14 -14 -16 25 19 -19 20 22 -22 -10 24 -21 -1 -27 -20 29 -29
right_child=1 3 -4 -5 -6 -7 -8 8 17 -11 11 12 13 -15 15 -17 -18 18 27 23 21 -23 -24 -25 -26 26 -28 28 -30 -31
leaf_value=-10.820537011420504 10.552675528517813 0.028788680180185402 107.76013595175614 787.25593034610506 42.53710082103747 -149.86453252139606 -431.26209023659817 -34.07301403831984 -2.3055614322901792 -22.73199049057671 -27.700244968422268 323.69973661351281 -9.2089937265232145 -6.5976168350812534 426.60454571029209 -5.734888037423282 55.621728297506507 -59.820269798402904 -0.63493045768369483 114.43636594657217 -556.00760794086818 -54.683238481245866 65.261973318717679 1115.8534949073671 -77.087903553445074 0.52382417195680631 87.719892321112013 -7.6657358424304611 -1972.4686747768956 987.30983784100647
leaf_weight=29 37 33 102 32 66 34 20 32 24 22 30 25 34 33 50 29 35 23 1169 77 25 35 67 111 24 682 33 115 20 20
leaf_count=29 37 33 102 32 66 34 20 32 24 22 30 25 34 33 50 29 35 23 1169 77 25 35 67 111 24 682 33 115 20 20
internal_value=-3.25927e-06 0.0012963 0.00228033 -0.00147059 0.000620438 -0.00133803 -0.00349057 -0.000156705 -0.000470521 -0.00703704 0.000408163 -0.00121891 2.924e-05 -0.000821918 0.000575221 0.00246835 0.000827985 -0.000263158 -0.000567929 0.000867769 -0.000629139 -0.005 0.00225275 0.00193396 4.95051e-05 0.000631721 0.000804196 -0.000438066 -0.00209677 -0.000185185
internal_weight=3068 324 239 85 137 71 53 2744 1764 54 980 201 171 146 113 79 779 1710 1347 363 151 60 91 212 101 744 715 1324 155 135
internal_count=3068 324 239 85 137 71 53 2744 1764 54 980 201 171 146 113 79 779 1710 1347 363 151 60 91 212 101 744 715 1324 155 135
is_linear=0
shrinkage=0.05


Tree=243
num_leaves=31
num_cat=1
split_feature=10 4 0 2 10 0 4 4 4 10 10 6 11 10 0 2 10 5 10 2 4 2 2 0 6 10 4 4 0 4
split_gain=0.284537 0.440423 0.340112 0.268731 0.229926 0.400782 0.380317 0.261526 0.246154 0.188839 0.315479 0.819493 0.205411 0.462658 0.507357 0.42099 0.332364 0.549958 1.09171 0.418178 0.333791 0.266375 0.417042 0.354251 0.312446 0.258679 0.348927 0.456965 0.610529 0.296239
threshold=17.500000000000004 125534.11964285716 82858.37000000001 75388.630000000019 241.50000000000003 366146.72000000003 392618.93571428576 122659.70982142859 428947.87321428576 42.500000000000007 46.500000000000007 47385.234014279638 0 233.50000000000003 542636.96000000008 95836.580000000016 147.50000000000003 117345.10548469776 91.500000000000014 149373.40000000005 147858.02321428576 454398.42500000005 334676.59500000003 152310.35000000003 73711.586295707573 155.50000000000003 122945.75500000002 154388.71630952385 232009.21000000002 394689.6166071429
decision_type=2 2 2 2 2 2 2 2 2 2 2 2 1 2 2 2 2 2 2 2 2 2 2 2 2 2 2 2 2 2
left_child=1 -1 3 -2 9 7 -7 -6 -8 -4 11 -11 13 14 15 -12 17 19 -19 20 -17 22 23 -21 -25 -18 -27 -28 -29 -30
right_child=2 -3 4 -5 5 6 8 -9 -10 10 12 -13 -14 -15 -16 16 25 18 -20 21 -22 -23 -24 24 -26 26 27 28 29 -31
leaf_value=-34.309413287496945 -15.56150898877852 30.687325866707784 2.7290827027650524 20.793141874014324 -0.72786453430623088 -111.31871040082234 762.2885419533726 37.034963061731169 -22.075631762042747 4.4901613944588545 74.126680483694983 -89.639389245624272 0.11488462373348657 -336.84078828283646 277.91449965632165 -19.840604125637103 46.929623393986354 1121.9927982641918 -110.27601226790144 230.6173764777111 -840.67156577148239 380.75024885092671 -199.72134491651715 -7.3558334963545207 185.10472720328752 -15.082440444502854 18.541700517686067 -349.6598138816783 492.93800993237301 -12.132274250561336
leaf_weight=21 20 38 298 91 31 20 20 144 45 22 51 26 1701 23 50 24 21 24 33 28 28 20 25 51 25 27 50 26 24 61
leaf_count=21 20 38 298 91 31 20 20 144 45 22 51 26 1701 23 50 24 21 24 33 28 28 20 25 51 25 27 50 26 24 61
internal_value=-3.58538e-05 -0.00347458 3.15721e-05 0.00274775 -7.24636e-05 0.00134615 -0.00147059 0.00271429 0.000384616 -0.000212282 -0.000363248 -0.004375 -0.000279232 -0.00107321 -0.000809859 -0.00127413 -0.00174518 -0.00294574 -0.0072807 -0.00171642 -0.00557692 -0.000369127 -0.00120155 0.000192308 -0.00157895 -0.000263158 -0.000851064 3.10561e-05 -0.00175676 0.000294118
internal_weight=3068 59 3009 111 2898 260 85 175 65 2638 2340 48 2292 591 568 518 467 258 57 201 52 149 129 104 76 209 188 161 111 85
internal_count=3068 59 3009 111 2898 260 85 175 65 2638 2340 48 2292 591 568 518 467 258 57 201 52 149 129 104 76 209 188 161 111 85
cat_boundaries=0 1
cat_threshold=1
is_linear=0
shrinkage=0.05


Tree=244
num_leaves=31
num_cat=1
split_feature=4 4 5 0 0 7 10 5 2 2 5 5 0 4 2 3 5 0 3 11 2 10 0 0 5 5 5 10 4 2
split_gain=0.223964 0.562637 0.265774 0.464713 0.341424 0.321333 0.210304 0.468699 0.329801 1.12932 0.769263 0.342788 0.320086 0.355158 0.250064 0.382743 0.608439 0.270103 0.472454 0.247869 0.395008 0.335764 0.400124 0.316523 0.517099 0.277262 0.55637 0.256145 0.259283 0.745333
threshold=1099443.6676785718 1162410.4671428574 292071.28661657387 868810.3400000002 742958.30500000005 2.5000000000000004 236.50000000000003 9834.2204413155941 192197.14500000005 202780.73000000001 15596.358183056995 72743.067711366704 366146.72000000003 392618.93571428576 82078.155000000013 92084.120714285731 41317.756906491202 198731.98000000001 182387.74071428576 0 369476.97500000003 48.500000000000007 289671.17500000005 301331.57500000007 78113.717897721697 87290.120040349328 105035.48597331518 230.50000000000003 386921.28892857151 405998.49000000005
decision_type=2 2 2 2 2 2 2 2 2 2 2 2 2 2 2 2 2 2 2 1 2 2 2 2 2 2 2 2 2 2
left_child=2 -2 3 4 6 -5 8 -8 11 -10 -11 14 -9 -14 15 -1 -17 -16 -19 20 21 -12 25 -24 -25 -23 -27 28 29 -21
right_child=1 -3 -4 5 -6 -7 7 12 9 10 19 -13 13 -15 17 16 -18 18 -20 27 -22 22 23 24 -26 26 -28 -29 -30 -31
leaf_value=11.674695861146125 -3214.5008684203945 61.681426189031349 88.932588640069014 -1000.8781690892046 124.90899413857106 -12.38362801585196 -3.0490922367902038 25.374305972913927 -113.66490529304988 -22.924450941707722 48.701266719610629 15.721615328589031 -67.315317978437335 21.990973504671381 0.72317996331567058 -46.211438693158058 3.8834183047831603 51.181167081321092 -203.83986887104035 -1.4341840622339532 563.0643781692861 89.69972276188966 -41.625695977076276 80.517689911887757 -292.79182465234118 -66.537061144733428 39.096395914241185 -398.1539448674655 0.98122079128146822 -227.69333162745295
leaf_weight=34 52 28 159 21 36 38 32 189 50 25 51 154 23 57 920 31 32 35 22 170 51 85 29 74 24 32 44 23 493 54
leaf_count=34 52 28 159 21 36 38 32 189 50 25 51 154 23 57 920 31 32 35 22 170 51 85 29 74 24 32 44 23 493 54
internal_value=0.000110822 -0.0025 0.000180723 6.89291e-05 0.000162455 -0.00432203 9.87566e-05 0.00134552 -5.54869e-05 -0.000643153 -0.000324675 0.000521173 0.00202602 -0.000625 0.000204842 -0.00221649 -0.00452381 0.000445241 -0.00289474 -0.000132743 0.000875 0.000280236 -0.000381944 -0.00248031 -0.00112245 0.00127329 -0.000921052 -0.000666666 -0.000509065 -0.00191964
internal_weight=3068 80 2988 2829 2770 59 2734 301 2433 1205 1155 1228 269 80 1074 97 63 977 57 1130 390 339 288 127 98 161 76 740 717 224
internal_count=3068 80 2988 2829 2770 59 2734 301 2433 1205 1155 1228 269 80 1074 97 63 977 57 1130 390 339 288 127 98 161 76 740 717 224
cat_boundaries=0 1
cat_threshold=10
is_linear=0
shrinkage=0.05


Tree=245
num_leaves=31
num_cat=0
split_feature=4 6 3 2 2 2 3 7 2 0 0 2 1 2 4 6 7 1 1 0 0 3 6 4 7 2 6 1 1 2
split_gain=0.36876 0.397032 0.417122 0.404571 0.366846 0.349913 0.352357 0.618501 0.320681 0.248971 1.0756 0.962215 0.380896 0.939403 1.81647 0.303475 0.339023 0.327065 0.325269 0.480511 0.504539 0.312429 0.42322 0.358611 0.290542 0.51961 0.462615 0.424502 0.344621 0.950586
threshold=299799.25750000012 123793.04869707425 164697.03357142859 369476.97500000003 176850.83500000005 219832.47500000003 297585.0921428572 4.5000000000000009 317186.07000000001 163833.70500000005 159469.98500000002 157852.88000000003 159031.20500000002 152143.40500000003 151448.80928571432 11947.207803772782 3.5000000000000004 90460.950000000026 87041.410000000018 127261.66000000002 102404.03500000002 121438.68285714288 45113.758009726582 134887.97152142858 1.5000000000000002 278782.22000000003 71855.134435943764 176448.62500000003 173938.28500000003 167756.79000000001
decision_type=2 2 2 2 2 2 2 2 2 2 2 2 2 2 2 2 2 2 2 2 2 2 2 2 2 2 2 2 2 2
left_child=1 3 -3 9 -2 -6 7 -7 -8 10 12 -12 13 15 -15 -1 18 -18 -17 20 -20 -19 23 -23 25 28 -27 -26 29 -11
right_child=4 2 -4 -5 5 6 8 -9 -10 24 11 -13 -14 14 -16 16 17 21 19 -21 -22 22 -24 -25 27 26 -28 -29 -30 -31
leaf_value=1.1522026403525183 1387.3536655765085 21.477110521497 -140.91666849041118 774.95304312094197 -47.617862201185154 6.5608317014414483 18.044479197362218 -58.375620716005052 -11.985011832143931 3.8741203565670994 1.8655549644860507 -63.834099046997324 48.662924444102721 -59.330755581536827 6.668311634034211 0.79602318791850568 -38.285473762757327 46.479515227315829 -5.7522565566637214 -74.574648884454447 102.67614634772663 -26.681486837011853 120.27232647396552 110.1534321391344 191.56194702816728 -172.92301288667645 2.5136769676329855 9.4834834277008948 121.50029291658848 -35.114095203511717
leaf_weight=376 30 25 27 55 39 47 193 27 918 89 21 23 156 31 28 62 36 55 69 33 22 39 47 22 126 24 22 313 92 24
leaf_count=376 30 25 27 55 39 47 193 27 918 89 21 23 156 31 28 62 36 55 69 33 22 39 47 22 126 24 22 313 92 24
internal_value=0.000197004 0.000652174 -0.00365385 0.000779037 -0.00046252 -0.000596405 -0.000443038 -0.00378378 -0.000220522 0.000643275 0.000147059 -0.0075 0.000491803 6.09758e-05 -0.00601695 0.000532195 -0.000454545 0.0009799 -0.00198925 -0.00346774 -0.00159341 0.00193252 0.000370371 -0.00237705 0.00137681 1.99205e-05 -0.00478261 0.00215262 0.00109756 -0.000752212
internal_weight=3071 1817 52 1765 1254 1224 1185 74 1111 1710 1020 44 976 820 59 761 385 199 186 124 91 163 108 61 690 251 46 439 205 113
internal_count=3071 1817 52 1765 1254 1224 1185 74 1111 1710 1020 44 976 820 59 761 385 199 186 124 91 163 108 61 690 251 46 439 205 113
is_linear=0
shrinkage=0.05


Tree=246
num_leaves=31
num_cat=1
split_feature=11 1 0 0 0 0 2 4 0 0 4 5 6 2 6 0 3 3 3 6 0 6 4 10 10 0 4 2 0 0
split_gain=0.351468 0.354278 0.28321 0.224315 0.235573 0.46806 0.949911 0.617815 0.522761 0.321485 0.425861 0.406199 0.358902 0.686644 0.396023 0.321005 0.361044 0.335237 0.309928 0.54203 0.272675 0.280229 0.250184 0.212808 0.322689 0.30112 0.250216 0.191903 0.685714 0.372173
threshold=0 411838.23500000004 87731.375000000015 427699.05000000005 166863.00000000003 155484.37000000002 157852.88000000003 175375.88928571434 143496.31500000003 133994.83500000005 135693.77267857146 47208.176563028122 38761.893008739375 140536.59500000003 10936.394521872739 224927.81500000003 297585.0921428572 296702.07214285719 133861.51714285716 7590.0356905730996 96546.97500000002 6026.702314369385 294935.11271428579 198.50000000000003 161.50000000000003 299583.55000000005 300000.32001322758 298085.09000000003 280013.45000000007 314495.83500000008
decision_type=1 2 2 2 2 2 2 2 2 2 2 2 2 2 2 2 2 2 2 2 2 2 2 2 2 2 2 2 2 2
left_child=1 2 -1 4 5 8 -7 -8 9 10 11 18 13 14 -11 22 17 27 19 20 21 -4 -6 24 25 26 -18 28 -17 -30
right_child=-2 -3 3 -5 15 6 7 -9 -10 12 -12 -13 -14 -15 -16 16 23 -19 -20 -21 -22 -23 -24 -25 -26 -27 -28 -29 29 -31
leaf_value=1.9660739781689682 -4.7839606403706396 1423.6986222984176 17.750391321549863 -94.714779551321115 42.246146882205394 14.927659345771497 -1.5172543763954531 -384.35385392779926 151.50906022760441 19.088105962368001 29.342538348880062 -13.27954826033355 16.379971652400283 -46.852730327343053 -4.3813250322145523 -69.613995373214536 25.56351200415056 -86.776363428821469 -43.169183085492996 8.0008755350446457 -1.3381817820575037 -4.001634554975686 -3.4003216046713867 139.50127348799126 -9.1292417239747579 230.51595548572928 -67.667359517884037 13.824577428876754 99.829693394047794 -4.3455249109284138
leaf_weight=145 1617 45 21 20 275 30 31 24 68 39 59 39 22 20 20 35 22 20 25 101 34 51 27 40 20 43 20 88 41 29
leaf_count=145 1617 45 21 20 275 30 31 24 68 39 59 39 22 20 20 35 22 20 25 101 34 51 27 40 20 43 20 88 41 29
internal_value=6.67537e-05 0.000628415 0.000493258 0.000253165 0.000337621 -0.000393835 -0.00382353 -0.00772727 0.000190381 -0.000452436 0.00030303 -0.000535055 -0.00292079 -0.00449367 -0.00177966 0.000984849 -2.79328e-05 -0.00133803 0.000258621 0.00089372 -0.00160377 0.000138889 0.00218543 0.00189655 0.000714286 0.00205882 -0.000952381 -0.000699482 -0.00214286 0.000714286
internal_weight=3071 1454 1409 1264 1244 584 85 55 499 431 330 271 101 79 59 660 358 213 232 207 106 72 302 145 105 85 42 193 105 70
internal_count=3071 1454 1409 1264 1244 584 85 55 499 431 330 271 101 79 59 660 358 213 232 207 106 72 302 145 105 85 42 193 105 70
cat_boundaries=0 1
cat_threshold=10
is_linear=0
shrinkage=0.05


Tree=247
num_leaves=31
num_cat=1
split_feature=11 2 7 2 4 0 0 10 5 2 2 2 4 2 0 10 10 2 1 0 5 10 2 1 4 0 7 0 1 10
split_gain=0.355885 0.454499 0.329856 0.591279 0.4783 0.373568 0.477513 0.359839 0.25315 0.208528 0.260718 0.276539 0.182355 0.584454 0.407329 0.35461 0.387931 0.303607 0.475521 0.387802 1.08022 0.428241 0.691643 0.367178 0.254772 0.471152 0.358143 0.692071 0.458009 0.448443
threshold=0 378362.99000000005 5.5000000000000009 94242.095000000016 299498.07750000007 329972.81500000006 366146.72000000003 239.50000000000003 8877.8221596653002 329237.01500000007 304023.5500000001 290950.18000000005 121259.21151785715 159031.20500000002 84908.630000000019 139.50000000000003 178.50000000000003 311015.33000000002 108071.99500000001 308451.37500000006 80664.657182888579 184.50000000000003 238189.11000000002 87705.310000000012 395916.43446428579 381765.96500000003 1.5000000000000002 295188.25000000006 359202.95500000002 108.50000000000001
decision_type=1 2 2 2 2 2 2 2 2 2 2 2 2 2 2 2 2 2 2 2 2 2 2 2 2 2 2 2 2 2
left_child=1 2 5 -4 8 7 -7 9 -5 10 11 -1 13 14 -2 -16 -17 18 23 -20 -21 -22 -23 -14 25 26 -19 29 -29 -28
right_child=12 -3 3 4 -6 6 -8 -9 -10 -11 -12 -13 17 -15 15 16 -18 24 19 20 21 22 -24 -25 -26 -27 27 28 -30 -31
leaf_value=0.89433188726472457 -41.010026252186613 641.64549304598961 -16.797738739248924 -9.0403391012770768 -85.718951937794799 -81.022136289308435 7.209254096686017 9.7020928147840024 29.737328566392506 -25.158016475371308 174.92453841318405 -13.115817223349367 12.558233464765525 -10.085414723370961 73.786627582855132 -384.75173077723366 59.051974948132433 2.3664961713225536 20.354992974915106 -665.76707132561739 198.17789834470341 -225.6270323196207 205.87453787082347 -83.774340008878639 -5.5202256764718625 7.6423647482496477 -50.650621632446956 -51.512206794200466 -594.35264247990835 1700.4805288575471
leaf_weight=910 33 59 26 22 20 27 36 114 109 22 75 34 27 20 47 20 29 40 291 22 98 20 41 40 716 74 32 20 22 25
leaf_count=910 33 59 26 22 20 27 36 114 109 22 75 34 27 20 47 20 29 40 291 22 98 20 41 40 716 74 32 20 22 25
internal_value=0.000131879 0.000696721 0.000519713 -0.00149717 -0.000298013 0.000812808 -0.00293651 0.00101732 0.000801527 0.000725264 0.000829245 0.000603814 -0.000377996 -0.00204698 -0.000813953 0.000833334 -0.00214286 -0.000211171 0.000732839 0.00129237 -0.000524862 0.00091195 -0.00237705 -0.00320895 -0.00075888 -0.002277 -0.00399281 -0.00560606 -0.0104762 -0.00201754
internal_weight=3071 1454 1395 177 151 1218 63 1155 131 1041 1019 944 1617 149 129 96 49 1468 539 472 181 159 61 67 929 213 139 99 42 57
internal_count=3071 1454 1395 177 151 1218 63 1155 131 1041 1019 944 1617 149 129 96 49 1468 539 472 181 159 61 67 929 213 139 99 42 57
cat_boundaries=0 1
cat_threshold=10
is_linear=0
shrinkage=0.05


Tree=248
num_leaves=31
num_cat=0
split_feature=4 6 0 10 6 2 2 0 0 10 2 2 10 3 10 2 2 10 10 4 2 6 6 10 4 7 7 3 4 7
split_gain=0.324046 0.311452 0.222321 0.285844 0.237118 0.617094 0.357952 0.438071 0.311111 0.300361 0.327869 0.290514 0.247908 0.480208 0.218581 0.201718 0.607994 0.216336 1.11453 0.563601 0.428387 0.374293 0.658583 0.34582 0.450524 0.370916 0.542791 0.537518 0.318027 0.692682
threshold=382512.13750000007 102807.90043296338 366146.72000000003 242.50000000000003 123793.04869707425 409340.1650000001 378362.99000000005 339188.5500000001 156764.76500000004 17.500000000000004 329237.01500000007 346562.19000000006 235.50000000000003 164697.03357142859 20.500000000000004 238189.11000000002 176850.83500000005 151.50000000000003 146.50000000000003 1091314.2683928574 1028137.0450000002 211869.44353650193 367043.57300942176 169.50000000000003 506212.04999999999 4.5000000000000009 2.5000000000000004 464564.0450000001 399269.9537500001 2.5000000000000004
decision_type=2 2 2 2 2 2 2 2 2 2 2 2 2 2 2 2 2 2 2 2 2 2 2 2 2 2 2 2 2 2
left_child=2 -2 3 4 6 8 7 9 -6 -1 12 -12 14 -14 -11 16 -3 18 19 28 21 23 -23 -19 25 26 -25 -28 29 -17
right_child=1 15 -4 -5 5 -7 -8 -9 -10 10 11 -13 13 -15 -16 17 -18 20 -20 -21 -22 22 -24 24 -26 -27 27 -29 -30 -31
leaf_value=-19.506746541644372 -120.0613085647892 1033.8719825057922 50.066884805474004 15.158761780178517 9.9278602685415223 -232.52193483154238 1516.1062088049721 -351.39101337058918 -135.30330160415474 41.87084347207464 -93.507023916235582 68.008340365467845 -73.882583059254813 26.933262270971273 1.0151726212703005 352.00376150955293 -27.181473541245676 1501.0698142449478 -1331.1850466361161 -3161.4329511406245 996.51964235448202 -788.38648304206708 59.639243864078651 20.709622967276065 -422.20944921107321 1050.7768936059188 -599.46369112531818 1747.1919402399972 54.71223768763506 -362.50466975952156
leaf_weight=39 28 23 126 159 21 20 41 21 24 29 24 22 29 22 1506 23 31 40 20 23 49 23 27 131 27 75 58 23 358 29
leaf_count=39 28 23 126 159 21 20 41 21 24 29 24 22 29 22 1506 23 31 40 20 23 49 23 27 131 27 75 58 23 358 29
internal_value=0.000229567 -0.000516194 0.000583294 0.000452223 0.000272525 -0.00269231 0.000383728 0.000271868 0.000555556 0.000362059 0.000465686 -0.00369565 0.000586381 -0.00284314 0.000700326 -0.000364583 -0.00333333 -0.000187638 -0.000960265 -0.000427252 0.000584989 4.95051e-05 -0.004 0.000621469 6.36945e-05 0.000644599 -0.000424528 -0.00364198 1.86265e-10 -0.00365385
internal_weight=3071 988 2083 1957 1798 65 1733 1692 45 1671 1632 46 1586 51 1535 960 54 906 453 433 453 404 50 354 314 287 212 81 410 52
internal_count=3071 988 2083 1957 1798 65 1733 1692 45 1671 1632 46 1586 51 1535 960 54 906 453 433 453 404 50 354 314 287 212 81 410 52
is_linear=0
shrinkage=0.05


Tree=249
num_leaves=31
num_cat=0
split_feature=0 1 2 2 0 4 1 1 2 4 2 0 7 1 2 0 5 0 10 4 4 0 5 2 2 0 5 10 4 10
split_gain=0.242099 0.473888 1.06461 1.22501 0.38642 0.775092 0.887109 0.368198 0.854989 0.602277 0.504008 0.63156 0.297508 0.295648 0.25641 0.252818 0.431922 0.445042 0.593939 0.557699 0.872707 1.03214 0.274282 0.2531 0.308592 0.378166 0.250811 0.232596 0.232471 0.225524
threshold=295188.25000000006 162530.45500000005 174612.23000000001 195687.98500000002 317020.21500000003 300305.93714285718 307569.87000000005 335816.46500000003 238189.11000000002 390239.97857142863 317186.07000000001 337547.21500000003 2.5000000000000004 309067.88500000007 313429.03000000009 427699.05000000005 301338.93343541614 1002513.7500000001 155.50000000000003 775175.06928571442 515721.64607142861 617625.81000000017 91976.740660490977 579120.67000000004 530975.41000000015 527967.51000000013 184217.46425335514 187.50000000000003 385792.8457142858 17.500000000000004
decision_type=2 2 2 2 2 2 2 2 2 2 2 2 2 2 2 2 2 2 2 2 2 2 2 2 2 2 2 2 2 2
left_child=1 2 29 -4 5 14 -7 12 9 -9 -10 -12 13 -6 -2 22 17 19 -19 20 23 -22 -13 24 25 28 -24 -14 -17 -1
right_child=4 -3 3 -5 7 6 -8 8 10 -11 11 15 27 -15 -16 16 -18 18 -20 -21 21 -23 26 -25 -26 -27 -28 -29 -30 -31
leaf_value=-33.665006042582313 80.238433118429995 14.155399829770221 -12.096324311513202 15.266161382296316 -35.362585986549647 -37.052030040545958 -24.332869397344581 48.016758729962646 271.93813462263205 -126.64396660714122 -59.678838641861731 -308.8893064711371 425.87045170272222 367.41675732323347 -44.362870408661848 -50.271335879039803 56.848716255498317 -2745.9677512566527 -13.22488764784063 1821.788869089768 -1475.5698460212006 8.6338268348136289 207.43119533461115 932.40557174161518 -518.94906193993063 -749.59919479733571 -588.31433993262351 201.238290016365 861.53371040326988 0.66667591475765908
leaf_weight=20 39 872 21 22 126 31 39 20 63 31 27 25 101 25 26 20 157 24 20 60 21 24 92 44 26 59 21 40 47 928
leaf_count=20 39 872 21 22 126 31 39 20 63 31 27 25 101 25 26 20 157 24 20 60 21 24 92 44 26 59 21 40 47 928
internal_value=0.000294692 0.000652174 -9.58626e-05 -0.0077907 -0.000256622 -0.00277778 -0.00642857 6.0578e-05 -0.000505762 -0.00676471 -6.8493e-05 -0.000472264 0.00157534 3.31128e-05 0.00115385 -0.00015625 -0.000677291 -0.00166667 -0.00636364 -0.000980066 -0.00205394 -0.00833333 0.00173913 -0.000612245 -0.00157895 -0.000555555 0.00278761 0.00322695 0.00201493 0.000253165
internal_weight=3071 1863 991 43 1208 135 70 1073 781 51 730 667 292 151 65 640 502 345 44 301 241 45 138 196 152 126 113 141 67 948
internal_count=3071 1863 991 43 1208 135 70 1073 781 51 730 667 292 151 65 640 502 345 44 301 241 45 138 196 152 126 113 141 67 948
is_linear=0
shrinkage=0.05


Tree=250
num_leaves=31
num_cat=0
split_feature=3 6 6 5 2 1 10 0 2 0 1 2 3 6 3 0 2 10 1 3 2 3 1 7 0 10 1 1 1 6
split_gain=0.327002 0.598733 0.59115 0.61594 0.599867 0.497302 0.500237 0.653333 0.464427 0.421898 0.438037 0.493652 0.989066 1.10345 0.398731 0.425105 0.406242 0.359344 0.677637 0.663548 0.491022 0.365396 0.359188 0.822378 0.35224 0.997253 0.428144 0.459737 0.682471 0.4897
threshold=371355.62642857147 131447.28535472744 124518.64445812728 124216.35452310253 261101.73000000001 529638.04500000004 207.50000000000003 366146.72000000003 64375.44000000001 82086.090000000011 428246.89500000008 386468.1650000001 352271.63285714295 121145.85760887423 297585.0921428572 395669.96500000003 334676.59500000003 129.50000000000003 618973.59500000009 825259.9921428574 1028137.0450000002 968199.37000000011 906157.57000000018 2.5000000000000004 771630.27000000014 206.50000000000003 524288.31500000006 393562.90000000008 440523.68500000006 176048.9093020412
decision_type=2 2 2 2 2 2 2 2 2 2 2 2 2 2 2 2 2 2 2 2 2 2 2 2 2 2 2 2 2 2
left_child=8 2 4 -4 -2 6 -6 -8 -1 -10 11 14 13 -13 16 -16 -11 18 -3 22 24 -21 23 -20 26 -26 27 29 -29 -19
right_child=1 17 3 -5 5 -7 7 -9 9 10 -12 12 -14 -15 15 -17 -18 20 19 21 -22 -23 -24 -25 25 -27 -28 28 -30 -31
leaf_value=-27.921933446567678 -126.29584541136552 109.52377603921019 -359.62098687254456 -23.338381447985267 39.669939170124366 -226.47033121409069 -51.689378446833643 18.226726392552408 12.19059380753172 0.079067988292435276 1135.7629918532916 210.09386455639316 1489.7395589520834 -212.79862258571626 32.667636810355113 -67.736698937001876 143.79423641112507 652.11309705512156 -1249.5881150294672 1042.6873514946342 1057.2586394698228 -2608.6692988665286 -36.23112111835502 501.40656505506036 3067.3309025294602 -3068.0408864394171 100.71243064104317 -526.24058161664482 47.477416450029871 -142.23405656087107
leaf_weight=21 21 165 25 38 87 32 20 30 108 1545 70 29 24 29 198 31 42 66 30 55 69 74 20 22 28 26 90 33 47 21
leaf_count=21 21 165 25 38 87 32 20 30 108 1545 70 29 24 29 198 31 42 66 30 55 69 74 20 22 28 26 90 33 47 21
internal_value=0.000138889 -0.000605605 -0.00270751 -0.00690476 -0.00131579 -0.000325444 0.000985402 -0.003 0.000493562 0.000568401 0.000401423 0.000258167 -0.00353659 -0.00706897 0.000429516 0.00237991 0.000148078 0.000107239 -0.00101093 -0.0029602 0.00118421 -0.000813953 -0.00680556 -0.00461538 0.000337621 -0.00333333 0.00110895 -0.000389221 -0.003125 0.00212644
internal_weight=3096 999 253 63 190 169 137 50 2097 2076 1968 1898 82 58 1816 229 1587 746 366 201 380 129 72 52 311 54 257 167 80 87
internal_count=3096 999 253 63 190 169 137 50 2097 2076 1968 1898 82 58 1816 229 1587 746 366 201 380 129 72 52 311 54 257 167 80 87
is_linear=0
shrinkage=0.05


Tree=251
num_leaves=31
num_cat=0
split_feature=4 3 4 3 5 2 10 3 3 10 10 5 5 3 3 3 10 10 10 9 10 10 5 10 3 2 1 9 3 1
split_gain=0.445069 0.569246 0.552273 0.322942 0.749368 0.336892 0.41121 0.351011 0.557724 0.243305 0.248833 0.227923 0.282683 0.226351 0.803845 0.724638 0.347826 0.298392 0.341014 0.2769 0.24663 0.506775 0.507536 0.386466 0.276447 0.733767 1.25407 0.475073 0.318725 0.423369
threshold=334480.92495879129 337522.94214285718 383706.95732142864 90550.175714285724 5634.4964057764419 82743.585000000006 256.50000000000006 121438.68285714288 127215.62214285716 258.50000000000006 25.500000000000004 68912.420012181989 81537.84758301494 242178.02500000005 224232.83928571432 226609.01785714287 73.500000000000014 250.50000000000003 242.50000000000003 1.0000000180025095e-35 187.50000000000003 191.50000000000003 8278.0665702847164 177.50000000000003 134956.56000000003 152143.40500000003 154096.62000000002 1.0000000180025095e-35 120994.95428571431 97422.390000000014
decision_type=2 2 2 2 2 2 2 2 2 2 2 2 2 2 2 2 2 2 2 2 2 2 2 2 2 2 2 2 2 2
left_child=3 2 -2 -1 -5 7 13 -6 -9 10 -3 -12 -13 14 17 -16 -17 18 20 -15 23 -22 -23 24 25 27 -27 28 -7 -30
right_child=1 9 -4 4 5 6 -8 8 -10 -11 11 12 -14 19 15 16 -18 -19 -20 -21 21 22 -24 -25 -26 26 -28 -29 29 -31
leaf_value=1.6471933176278153 -162.67290049114953 -1077.6996521130327 -15.410496824263056 -3.1789366824095469 2.2255664044055035 1.9493747912643624 29.793814460949211 -26.525836961347444 4.3351989196450793 -371.83388744478287 651.37209710803359 -870.0504062811317 -4.1560947251236486 9.7507939668065493 -459.88134908908535 217.07747635486544 -96.738821325981917 -6.9596157378040777 85.1932186743594 29.293799750793688 -62.690424515070021 -13.494891212902608 2.3466874295695024 58.716974049440331 6.4877754940888828 -51.941333184632356 -0.14207916535096346 -11.423113523633013 -29.246740034796201 2.9632319035719972
leaf_weight=107 20 37 24 27 44 132 51 21 20 30 20 23 960 398 23 23 23 25 41 48 23 31 224 51 439 23 60 29 21 98
leaf_count=107 20 37 24 27 44 132 51 21 20 30 20 23 960 398 23 23 23 25 41 48 23 31 224 51 439 23 60 29 21 98
internal_value=9.69011e-06 -0.000789946 -0.00636364 0.000459132 0.000306667 0.000427489 0.000575723 -0.00264706 -0.00597561 -0.000560747 -0.000432692 -0.000284147 -0.000391658 0.000443925 0.000102686 -0.00514493 -0.00152174 0.00040518 0.000520478 0.00141256 0.00035809 -0.000935252 -0.000294117 0.000779602 0.000511222 -0.000509642 -0.00463855 0.000714286 0.00141434 -0.000462185
internal_weight=3096 1114 44 1982 1875 1848 1763 85 41 1070 1040 1003 983 1712 1266 69 46 1197 1172 446 1131 278 255 853 802 363 83 280 251 119
internal_count=3096 1114 44 1982 1875 1848 1763 85 41 1070 1040 1003 983 1712 1266 69 46 1197 1172 446 1131 278 255 853 802 363 83 280 251 119
is_linear=0
shrinkage=0.05


Tree=252
num_leaves=31
num_cat=0
split_feature=4 2 6 2 2 6 5 2 10 1 1 1 10 10 5 4 1 7 10 2 2 5 4 4 1 5 6 5 5 1
split_gain=0.404038 0.469896 0.340003 0.623912 0.949121 0.951082 0.492424 0.446865 0.512121 0.441379 0.393913 0.642652 0.563485 0.803697 0.4 0.473358 0.291236 0.280954 0.368036 0.30305 0.302144 1.30798 0.799498 0.445665 0.742089 1.34497 0.706947 0.347282 0.331388 0.376733
threshold=334480.92495879129 64375.44000000001 131447.28535472744 538185.72500000009 471632.68500000011 124518.64445812728 124216.35452310253 281386.79500000004 167.50000000000003 515226.29500000004 682681.61500000011 726605.24000000011 92.500000000000014 82.500000000000014 355492.42104653973 1091314.2683928574 558054.69500000018 1.5000000000000002 31.500000000000004 317186.07000000001 166697.78500000003 18623.262859948682 121971.94464285717 159507.21398809526 128088.22000000002 39282.105838163297 42210.887596326334 5869.527124083922 75007.560835817465 220791.11500000002
decision_type=2 2 2 2 2 2 2 2 2 2 2 2 2 2 2 2 2 2 2 2 2 2 2 2 2 2 2 2 2 2
left_child=1 -1 3 4 5 7 -7 8 -2 -6 16 -12 13 -13 -14 -16 -4 20 -19 -20 23 -22 -23 24 26 -26 27 -3 29 -24
right_child=2 17 10 -5 9 6 -8 -9 -10 -11 11 12 14 -15 15 -17 -18 18 19 -21 21 22 28 -25 25 -27 -28 -29 -30 -31
leaf_value=-25.199544969015061 -179.01071237568655 -2.5908890639090791 7.1612065197828576 46.281346406296421 -40.234779418313536 -201.37223353912714 -48.604869079668553 24.483938229993267 0.93436117776951522 -540.97997268280358 -851.66884147911117 -32.945885813166107 191.51511071480638 -3696.834265671705 494.10990142881104 -1563.7499217979112 518.94934703582271 18.675705932537614 0.72271338098547699 205.42439648171799 -33.233845746679947 -3.034273595573679 -108.60061561197035 26.019485365052748 -53.206145890682109 33.689503605318279 -15.387978084959057 21.591788792694896 -77.368577303942317 309.61157702312732
leaf_weight=21 20 27 386 51 29 22 30 124 24 20 35 93 104 20 41 24 91 133 1153 112 22 25 55 86 23 22 20 99 94 90
leaf_count=21 20 27 386 51 29 22 30 124 24 20 35 93 104 20 41 24 91 133 1153 112 22 25 55 86 23 22 20 99 94 90
internal_value=0.000106589 0.000534813 -0.000655296 -0.00203125 -0.00299256 -0.00159091 -0.0075 0.000238095 -0.00409091 -0.00928571 -0.000100755 -0.00146688 -0.000673759 -0.00340708 0.00115385 -0.00192308 0.000807128 0.000614483 0.000994278 0.000731225 -0.000328597 -0.00146853 -0.000492424 0.000848376 -0.000497382 -0.00611111 0.00123288 0.00261905 0.00039749 0.00189655
internal_weight=3096 1982 1114 320 269 220 52 168 44 49 794 317 282 113 169 65 477 1961 1398 1265 563 286 264 277 191 45 146 126 239 145
internal_count=3096 1982 1114 320 269 220 52 168 44 49 794 317 282 113 169 65 477 1961 1398 1265 563 286 264 277 191 45 146 126 239 145
is_linear=0
shrinkage=0.05


Tree=253
num_leaves=31
num_cat=0
split_feature=9 5 2 4 1 0 1 0 4 1 0 1 0 1 0 7 0 0 6 4 7 5 1 2 7 5 2 2 2 1
split_gain=0.248041 0.631293 0.332089 0.999966 2.28625 0.586009 0.472762 0.437004 0.312645 0.56135 0.467469 0.481369 0.586123 0.437079 0.679248 0.36608 0.365659 0.33986 0.281377 0.280683 0.27737 0.243833 0.429598 0.584416 0.354465 0.304762 0.247197 0.3191 0.360438 0.32036
threshold=1.0000000180025095e-35 8278.0665702847164 152143.40500000003 136566.87839285718 154096.62000000002 150857.66000000003 134834.28000000003 157985.75000000003 120462.88339285714 108071.99500000001 97677.235000000015 106673.93000000001 95475.250000000015 123051.55500000001 133152.15500000003 3.5000000000000004 121806.11500000001 174095.48500000002 424678.58466219017 1130176.5851785715 5.5000000000000009 65584.703715809868 165720.92000000001 165776.74000000002 5.5000000000000009 19029.594003647424 182107.81500000003 195687.98500000002 209254.53500000003 209714.22000000003
decision_type=2 2 2 2 2 2 2 2 2 2 2 2 2 2 2 2 2 2 2 2 2 2 2 2 2 2 2 2 2 2
left_child=2 -2 6 4 -4 -5 8 -7 10 16 11 12 -1 -11 15 -15 -10 -18 19 21 -6 22 23 -9 -24 -26 -23 -28 -29 -30
right_child=1 -3 3 5 20 7 -8 18 9 13 -12 -13 -14 14 -16 -17 17 -19 -20 -21 -22 26 24 -25 25 -27 27 28 29 -31
leaf_value=0.78743325506627393 -1.7762145012071349 15.427358162396573 -49.380402194450411 83.718868238859045 -4.2593616029482364 -106.120052794296 30.070531382748626 7.1995617986663092 -0.27877514773025441 8.5906006038780216 39.658972859336153 -23.9395677572643 -1.0613179705421965 -17.619471089091707 12.510753594594723 0.33660699774671565 -82.009903760847095 -11.175825797568393 -1485.5624257080165 3031.8336110558721 528.26628184090475 -52.430824214624799 48.434470697800592 -123.98769657905225 27.406578999338087 -148.90384162163292 20.368534907540454 -80.910469305793683 -24.461131301377829 -1.8190350901056502
leaf_weight=193 29 271 23 93 49 32 236 35 88 66 69 21 21 29 51 20 30 22 24 28 27 44 334 20 21 35 28 27 63 1067
leaf_count=193 29 271 23 93 49 32 236 35 88 66 69 21 21 29 51 20 30 22 24 28 27 44 334 20 21 35 28 27 63 1067
internal_value=0.000300388 0.00166667 0.000153791 -0.000205128 -0.00510101 5.67263e-05 0.000981088 -0.000147895 0.000245902 -0.000882353 0.00138158 0.000319149 0.00102804 0.00108434 -0.001 -0.00520408 -0.00321429 -0.00653846 -4.0556e-05 3.52528e-05 -0.000921052 -4.77895e-05 0.000955056 -0.00318182 0.00153846 -0.00214286 -0.000410903 -0.000274261 -0.000401901 -0.000265487
internal_weight=3096 300 2796 1950 99 1851 846 1758 610 306 304 235 214 166 100 49 140 52 1726 1702 76 1674 445 55 390 56 1229 1185 1157 1130
internal_count=3096 300 2796 1950 99 1851 846 1758 610 306 304 235 214 166 100 49 140 52 1726 1702 76 1674 445 55 390 56 1229 1185 1157 1130
is_linear=0
shrinkage=0.05


Tree=254
num_leaves=31
num_cat=0
split_feature=3 4 9 4 4 5 10 4 10 10 2 4 10 2 10 4 2 4 6 2 2 2 10 2 2 10 3 6 7 2
split_gain=0.355166 0.487231 0.252811 0.596737 1.03846 0.29633 0.275077 0.677694 0.515468 0.476055 0.524721 0.626396 0.419366 0.321624 0.335257 0.300944 0.294987 0.5807 0.456638 0.391406 0.90053 0.441729 0.437721 0.43415 0.33376 0.368129 0.458635 0.406021 0.416512 0.271365
threshold=90550.175714285724 91603.312500000015 1.0000000180025095e-35 153154.89785714287 124823.61410714287 5869.527124083922 131.50000000000003 1082648.0912500001 158.50000000000003 128.50000000000003 140536.59500000003 123760.48535714287 161.50000000000003 85593.180000000008 166.50000000000003 122373.84316964286 1213230.8100000003 1061388.8887500002 161349.32619857075 159031.20500000002 179619.46500000003 192197.14500000005 228.50000000000003 204398.89000000004 324265.02000000008 227.50000000000003 393750.56428571435 21928.124730430602 2.5000000000000004 672052.88000000012
decision_type=2 2 2 2 2 2 2 2 2 2 2 2 2 2 2 2 2 2 2 2 2 2 2 2 2 2 2 2 2 2
left_child=-1 -2 5 4 -4 -3 7 9 15 10 -7 -12 -10 -14 -15 -8 17 18 19 -16 22 -22 -21 -23 25 26 27 -25 -29 -17
right_child=1 2 3 -5 -6 6 8 -9 12 -11 11 -13 13 14 16 29 -18 -19 -20 20 21 23 -24 24 -26 -27 -28 28 -30 -31
leaf_value=1.4710697902481094 -5.4256046868913774 -6.9946663816322774 16.803913140609218 26.050592477935254 -51.227025670388315 2.2127186212872623 -11.278822195409205 -2764.3342944445985 -118.39385602869538 -98.745116530784941 -21.617015887477162 -2.3939441044555987 -22.742589365041702 198.80853264231627 5.4748797152098554 32.679450213757264 1048.6434981507045 -1306.2503340865096 210.33200831300888 -60.339860435616629 191.51459054700001 -7.5502945568719113 -73.669495855900095 252.77074660386572 -32.054102657924965 130.38496637416799 329.02771587672919 -334.94310564119019 -2.5858135853423874 7.038851065585547
leaf_weight=107 32 24 39 208 39 272 27 21 34 37 32 874 31 59 257 211 32 36 69 48 43 20 39 28 269 75 33 30 37 33
leaf_count=107 32 24 39 208 39 272 27 21 34 37 32 874 31 59 257 211 32 36 69 48 43 20 39 28 269 75 33 30 37 33
internal_value=0.000300388 0.000199063 0.000265472 0.00167832 -0.00205128 0.00011419 0.000164337 -0.000380259 0.000641389 -0.000226337 -5.09336e-05 -0.000629139 0.000175439 0.000343581 0.000488372 0.00260148 0.000275591 0.000121951 0.00035865 5.11947e-05 -0.000627009 0.000140187 -0.00534483 -0.000284553 2.11866e-05 0.00155172 -7.81248e-05 -0.00184211 -0.00395522 0.00315574
internal_weight=3096 2989 2957 286 78 2671 2647 1236 1411 1215 1178 906 1140 1106 1075 271 1016 984 948 879 622 535 87 492 472 203 128 95 67 244
internal_count=3096 2989 2957 286 78 2671 2647 1236 1411 1215 1178 906 1140 1106 1075 271 1016 984 948 879 622 535 87 492 472 203 128 95 67 244
is_linear=0
shrinkage=0.05


Tree=255
num_leaves=31
num_cat=0
split_feature=1 0 0 2 10 9 0 0 0 4 4 5 0 0 1 1 0 4 0 10 10 10 0 1 2 2 4 4 5 1
split_gain=0.543925 0.264105 0.421005 0.251929 0.204172 0.551569 0.386712 0.399688 0.610175 0.341387 1.01302 0.316216 0.291212 0.834718 0.73179 1.16723 0.538316 0.369398 0.333638 0.305225 0.305032 0.385883 0.667797 0.436364 0.293339 0.578293 0.501089 0.878773 1.26772 0.498551
threshold=87041.410000000018 84004.775000000009 86269.435000000012 94242.095000000016 221.50000000000003 1.0000000180025095e-35 1002513.7500000001 473850.27500000008 427699.05000000005 385148.46392857149 409704.43375000008 101117.95492778243 297294.37000000005 317020.21500000003 359202.95500000002 293250.66000000009 145642.87000000002 300836.95071428578 322255.61000000004 205.50000000000003 204.50000000000003 184.50000000000003 473850.27500000008 457749.13000000006 199034.94500000004 324265.02000000008 529028.35928571445 903807.27875000006 324285.28731276351 294526.96000000008
decision_type=2 2 2 2 2 2 2 2 2 2 2 2 2 2 2 2 2 2 2 2 2 2 2 2 2 2 2 2 2 2
left_child=-1 3 -3 -2 12 6 7 8 9 11 -11 -6 16 14 15 -14 19 -17 -15 -4 21 24 -23 -24 -20 29 -27 28 -28 -26
right_child=1 2 4 -5 5 -7 -8 -9 -10 10 -12 -13 13 18 -16 17 -18 -19 20 -21 -22 22 23 -25 25 26 27 -29 -30 -31
leaf_value=1.9307165539216549 -1.8042505071252695 -13.341038608810221 -1.2058140528127523 80.647896706713169 -0.38470761589710506 -24.493447186811224 -979.96773935639567 901.30909770884341 -1060.7383867359429 -223.68508868933824 474.75856702055626 108.9732109066593 5.901778238680083 124.13853771291929 827.48724210305227 -185.39599103185992 9.0105692925580509 -135.57934039505199 65.046112476074967 65.132887212378506 75.552669886442231 -188.10763978951664 -110.48161639619082 1202.3221412972896 -294.81739876731535 60.585330951024361 -32.960447061691895 488.68554209322059 -2447.3223842801249 -10.978714680778719
leaf_weight=187 21 20 462 62 236 32 20 61 21 39 38 32 31 30 23 26 804 20 56 36 69 41 20 24 37 270 102 138 26 84
leaf_count=187 21 20 462 62 236 32 20 61 21 39 38 32 31 30 23 26 804 20 56 36 69 41 20 24 37 270 102 138 26 84
internal_value=-1.95565e-05 -0.00018917 -0.000271622 0.00259036 -0.000219582 -0.00115866 -0.000704698 -0.000386417 -0.00101093 -0.000507246 -0.00344156 0.000335821 -2.39233e-05 -0.000667001 -0.005 -0.00733766 0.00046851 -0.0123913 -0.000183946 -0.000823293 -0.000363322 -0.000639098 -0.00382353 0.000454546 -0.000259467 -0.000555555 0.000149254 -0.00139098 -0.004375 -0.00367769
internal_weight=3068 2881 2798 83 2778 479 447 427 366 345 77 268 2299 997 100 77 1302 46 897 498 867 798 85 44 713 657 536 266 128 121
internal_count=3068 2881 2798 83 2778 479 447 427 366 345 77 268 2299 997 100 77 1302 46 897 498 867 798 85 44 713 657 536 266 128 121
is_linear=0
shrinkage=0.05


Tree=256
num_leaves=31
num_cat=0
split_feature=1 4 4 0 1 1 5 6 1 4 6 0 5 1 1 0 3 4 6 0 4 6 1 1 0 6 6 6 1 3
split_gain=0.523762 0.279245 0.357494 0.430861 0.325314 0.568049 0.733053 0.52399 0.367959 0.521805 0.323617 0.276806 0.41635 0.407857 0.55709 0.488579 0.278393 0.483779 0.272929 0.693621 0.4662 0.348402 0.391556 0.412048 0.307583 0.270317 0.268447 0.416295 0.25575 0.378891
threshold=87041.410000000018 135068.69160714289 124480.04053571429 81031.200000000026 124051.74000000001 160427.07000000004 40656.314985334488 27377.126534717117 91147.715000000011 91964.882142857168 7060.4013388903259 190720.65500000003 15596.358183056995 161367.42000000004 155206.84000000003 149575.01500000004 170582.22500000003 173764.83482142861 11947.207803772782 121806.11500000001 154388.71630952385 10541.311884115556 139946.47000000003 129341.85500000001 138480.01000000004 42700.58050265893 10002.938648931124 41209.315185743086 179673.77000000002 203666.02714285717
decision_type=2 2 2 2 2 2 2 2 2 2 2 2 2 2 2 2 2 2 2 2 2 2 2 2 2 2 2 2 2 2
left_child=-1 2 3 -2 7 6 -6 8 -5 -10 -11 13 -13 14 15 18 -15 -18 21 -20 -21 22 23 -3 -25 -7 -4 -28 -19 -30
right_child=1 11 26 4 5 25 -8 -9 9 10 -12 12 -14 16 -16 -17 17 28 19 20 -22 -23 -24 24 -26 -27 27 -29 29 -31
leaf_value=1.8341807262255934 -3.5451106893617381 32.109018494755567 25.874309292656417 14.507311858923016 -10.484335485878937 77.949965823644902 0.42306285604748617 44.905447273665857 0.20376095776972605 -1.3264669637369515 -52.76990735381785 -13.884059185641807 -1.0576581707203532 190.04396304523937 -6.9444405425028011 37.100325824522578 -13.04648982268233 154.84729772890984 46.693567638139996 -49.696710981428964 4.0056610285181824 7.6830248048413639 26.47339677302336 -39.720804622663167 2.1251212798740653 -45.926166762817715 -77.885537155201362 -14.471382536129969 -130.85865859966194 86.044485761334258
leaf_weight=187 31 23 22 34 31 37 23 105 60 28 27 26 1666 67 42 49 32 105 52 39 27 40 23 20 23 33 21 38 43 114
leaf_count=187 31 23 22 34 31 37 23 105 60 28 27 26 1666 67 42 49 32 105 52 39 27 40 23 20 23 33 21 38 43 114
internal_value=2.93353e-05 -0.000137105 -0.00122449 -0.000623472 -0.00015873 -0.00225806 -0.00611111 0.000866142 -0.00104027 -0.0023913 -0.00590909 8.57384e-05 -0.000260047 0.000922747 -0.000325444 0.000439189 0.00209141 0.00142857 -0.000465587 -0.00220339 -0.00560606 0.00112403 -0.000617977 -0.00257576 -0.00546512 0.000714286 -0.00425926 -0.00601695 0.0021374 0.000859873
internal_weight=3068 2881 490 409 378 124 54 254 149 115 55 2391 1692 699 338 296 361 294 247 118 66 129 89 66 43 70 81 59 262 157
internal_count=3068 2881 490 409 378 124 54 254 149 115 55 2391 1692 699 338 296 361 294 247 118 66 129 89 66 43 70 81 59 262 157
is_linear=0
shrinkage=0.05


Tree=257
num_leaves=31
num_cat=0
split_feature=6 5 10 4 9 3 4 4 4 4 4 2 3 5 10 6 6 3 6 5 10 10 7 6 10 10 6 10 10 3
split_gain=0.357855 0.428143 0.402197 0.462615 0.297673 0.348305 0.406313 0.344086 0.367315 0.296621 1.40881 0.244663 0.348585 0.241757 0.452093 0.317212 0.544223 0.493619 0.441441 0.437475 1.12794 0.441096 0.589464 0.372798 0.365928 0.856637 0.434682 0.285557 0.283279 0.252962
threshold=21928.124730430602 17453.063830055315 17.500000000000004 302755.76558035723 1.0000000180025095e-35 115961.09571428572 120901.90928571431 120190.12125000001 119228.47000000002 159507.21398809526 124823.61410714287 283675.44500000007 182387.74071428576 25599.780967531329 114.50000000000001 42210.887596326334 43550.39716654404 207412.97 46507.085542017601 79901.07296397032 212.50000000000003 85.500000000000014 1.0000000180025095e-35 45901.726176719465 94.500000000000014 65.500000000000014 71855.134435943764 190.50000000000003 259.50000000000006 124817.04571428572
decision_type=2 2 2 2 2 2 2 2 2 2 2 2 2 2 2 2 2 2 2 2 2 2 2 2 2 2 2 2 2 2
left_child=11 -2 3 -3 5 -4 7 8 -7 10 -6 12 -1 14 -8 -15 29 18 23 20 24 22 -21 27 25 -19 -26 -18 -23 -17
right_child=1 2 4 -5 9 6 13 -9 -10 -11 -12 -13 -14 15 -16 16 17 19 -20 21 -22 28 -24 -25 26 -27 -28 -29 -30 -31
leaf_value=0.95824266089421595 -26.467265184789394 -28.283347319444449 11.861134914096555 90.011193172532145 109.32784770872929 -35.458315199971402 -150.05355960284348 -22.52069795944557 36.285198447951153 80.577390224204123 -97.185317199213557 30.309501621937457 -73.213615762994479 15.15306000385314 6.7353999067004757 -3.1796027869896903 27.673113202635918 7.4627557277222101 28.053891607155066 -105.22599611575829 -670.0728713695205 -7.9675273122189481 86.839381927587056 -21.616571760438003 -195.44211895656574 -333.62991114087998 303.66979674920952 -18.277458253881591 2013.9906761000502 -102.50623030735031
leaf_weight=616 20 24 77 22 32 36 32 31 26 172 21 59 25 129 43 21 54 41 148 45 30 885 276 22 27 20 61 32 21 20
leaf_count=616 20 24 77 22 32 36 32 31 26 172 21 59 25 129 43 21 54 41 148 45 30 885 276 22 27 20 61 32 21 20
internal_value=7.8227e-05 -0.000215371 -0.000153322 -0.00478261 -6.08165e-05 -0.000247954 -0.000375 -0.00360215 -0.00145161 0.00166667 -0.00160377 0.00107143 0.000787832 -0.000217619 -0.003 -0.000103712 -0.000284791 -0.000144404 0.001875 -0.000512091 -0.00282123 -0.000175224 0.00141745 -0.000555555 -0.00104027 -0.00401639 0.00102273 0.000930233 -0.000739514 -0.00597561
internal_weight=3068 2368 2348 46 2302 2077 2000 93 62 225 53 700 641 1907 75 1832 1703 1662 256 1406 179 1227 321 108 149 61 88 86 906 41
internal_count=3068 2368 2348 46 2302 2077 2000 93 62 225 53 700 641 1907 75 1832 1703 1662 256 1406 179 1227 321 108 149 61 88 86 906 41
is_linear=0
shrinkage=0.05


Tree=258
num_leaves=31
num_cat=0
split_feature=1 3 5 5 0 0 1 1 0 0 0 6 9 1 0 1 1 0 4 0 1 3 7 1 1 4 3 6 5 6
split_gain=0.292238 0.319418 0.544776 0.81991 0.468681 0.620291 0.452714 1.33065 0.382292 0.409777 0.370879 0.328985 0.351217 0.348355 0.319179 0.269469 0.544615 0.553053 0.478171 0.511951 0.415993 0.467427 0.598594 1.37619 0.643936 0.408073 0.368471 0.36 0.591047 0.435374
threshold=87041.410000000018 126039.56857142858 47208.176563028122 49641.373843985166 224927.81500000003 229852.89000000004 124051.74000000001 146398.57500000004 98820.410000000018 96546.97500000002 162742.00000000003 21928.124730430602 1.0000000180025095e-35 256593.80000000002 81031.200000000026 428246.89500000008 398065.95000000007 473850.27500000008 418029.89910714288 443056.65500000009 364003.37000000005 396004.79571428575 4.5000000000000009 291138.22500000003 306049.81500000006 291125.76803571434 212848.75214285718 140282.44546770511 188291.0587314321 207719.14711148813
decision_type=2 2 2 2 2 2 2 2 2 2 2 2 2 2 2 2 2 2 2 2 2 2 2 2 2 2 2 2 2 2
left_child=-1 2 6 -4 -3 -6 8 -8 9 14 -9 -7 15 -14 -2 16 18 -18 19 20 21 22 25 -24 -25 26 -13 -20 29 -29
right_child=1 4 3 -5 5 11 7 10 -10 -11 -12 12 13 -15 -16 -17 17 -19 27 -21 -22 -23 23 24 -26 -27 -28 28 -30 -31
leaf_value=1.4772612828434963 -13.323410118151443 3.3851595489654986 -13.530988884541362 213.74871203829221 -119.25708538637922 22.358939920251558 -154.10624590565794 546.46291911419155 42.842146216709438 -8.4774581863012539 -4.1914545548985602 31.252935573947806 -76.90982918592249 185.30240305565414 1.2794680664632891 7.3746024234351939 -336.17465773634194 30.346964287327651 -343.33107933227302 208.59986940783995 220.19027116599227 -485.01120092698511 604.49892026714542 -130.12107391430195 -30.962181160224887 10.389421072283305 -23.033348302478799 1113.2447103365491 -119.92488945266412 -128.30337340324189
leaf_weight=187 25 928 26 23 22 76 33 39 71 26 21 34 23 125 142 609 43 23 20 87 42 33 27 29 34 170 70 28 31 21
leaf_count=187 25 928 26 23 22 76 33 39 71 26 21 34 23 125 142 609 43 23 20 87 42 33 27 29 34 170 70 28 31 21
internal_value=0.000143416 1.90908e-05 -0.00128079 -0.00622449 0.000232323 -0.000300582 -0.000602241 -0.00360215 0.000454546 -0.000699482 0.000833334 -0.000180328 -0.000348516 0.00195946 0.000209581 -0.000611068 -0.00128613 -0.00560606 -0.000830671 -0.000228137 -0.000922551 -0.00142317 -0.000906593 -0.00444444 -0.00849206 0.000255475 -0.00221154 -0.004 -0.0025 0.000918368
internal_weight=3068 2881 406 49 2475 1547 357 93 264 193 60 1525 1449 148 167 1301 692 66 626 526 439 397 364 90 63 274 104 100 80 49
internal_count=3068 2881 406 49 2475 1547 357 93 264 193 60 1525 1449 148 167 1301 692 66 626 526 439 397 364 90 63 274 104 100 80 49
is_linear=0
shrinkage=0.05


Tree=259
num_leaves=31
num_cat=0
split_feature=1 10 6 3 5 5 3 6 1 10 2 7 7 10 10 7 6 10 10 2 5 6 1 5 10 6 2 5 1 3
split_gain=0.232442 0.353162 0.514286 0.254909 0.421721 0.263043 0.225 0.194666 0.373655 0.56399 0.345551 0.452795 0.425051 0.517085 0.535714 0.343808 0.585662 0.485098 0.622559 0.637852 0.65777 0.4827 0.373193 0.89288 0.444246 0.37044 0.464316 0.324576 0.324203 0.41957
threshold=86154.595000000016 17.500000000000004 40046.088382577611 119409.1792857143 52209.070545177608 5365.9861635209363 123801.83785714289 122313.35513916756 443407.32000000007 241.50000000000003 227828.70500000005 1.0000000180025095e-35 1.5000000000000002 146.50000000000003 221.50000000000003 1.5000000000000002 107906.13446047829 176.50000000000003 191.50000000000003 129389.77 18623.262859948682 73005.27195932687 95497.85000000002 47685.674120121177 147.50000000000003 10172.673165672535 153983.22500000003 6979.6512325721978 215002.05500000002 128882.97285714287
decision_type=2 2 2 2 2 2 2 2 2 2 2 2 2 2 2 2 2 2 2 2 2 2 2 2 2 2 2 2 2 2
left_child=3 2 -2 5 6 -1 -5 15 9 10 -9 -12 -13 -14 -15 16 17 25 -19 -20 -21 28 23 24 -17 -3 -27 -24 29 -22
right_child=1 7 -4 4 -6 -7 -8 8 -10 -11 11 12 13 14 -16 22 -18 18 19 20 21 -23 27 -25 -26 26 -28 -29 -30 -31
leaf_value=0.13282833565546068 17.437649735090343 -49.528644693043539 -47.355384405472179 17.230795718343582 107.38829477975514 1.990992977267698 -68.093680767974732 33.637319451508368 8.4755420542952304 -372.23992798506902 -172.20655780697206 209.90627224290725 6.3379729252557224 -208.35899894495793 185.60353968928564 -1.1755968204824252 442.02196030982304 -27.064885746414461 10.110693542930195 -16.673335346317657 113.53118990572034 -177.54916873330038 5.371627143682324 -12.531376402837918 5.7981914816010836 41.767316154333038 -1.528695182749785 5.0829288924289768 633.40678395538453 -210.07709042042541
leaf_weight=23 20 22 36 20 21 92 20 57 553 30 32 38 100 84 21 54 56 30 26 21 21 23 50 22 67 62 219 1204 24 20
leaf_count=23 20 22 36 20 21 92 20 57 553 30 32 38 100 84 21 54 56 30 26 21 21 23 50 22 67 62 219 1204 24 20
internal_value=0.000110822 3.458e-06 -0.00392857 0.001875 -0.000737705 0.00326087 -0.00375 8.11003e-05 -0.000519125 -0.00176796 -0.0011747 -0.00190909 -0.00117284 -0.00207317 -0.00452381 0.000366997 -0.000725191 -0.00130342 -0.00348485 -0.00203704 -0.0037156 -0.00181818 0.000776664 -0.00164336 4.13225e-05 -0.000115511 0.000373666 0.00105263 0.000384616 -0.00231707
internal_weight=3068 2892 56 176 61 115 40 2836 915 362 332 275 243 205 105 1921 524 468 165 135 109 88 1397 143 121 303 281 1254 65 41
internal_count=3068 2892 56 176 61 115 40 2836 915 362 332 275 243 205 105 1921 524 468 165 135 109 88 1397 143 121 303 281 1254 65 41
is_linear=0
shrinkage=0.05


Tree=260
num_leaves=31
num_cat=0
split_feature=10 10 0 1 10 3 2 10 7 1 2 5 5 1 5 1 2 0 0 10 2 0 1 10 0 0 2 2 5 5
split_gain=0.221337 0.467089 0.494788 0.591739 0.415738 0.414768 0.585084 0.65314 0.530004 0.508399 0.518606 0.405691 0.396076 0.387444 1.10626 0.446282 0.386129 0.497199 0.39438 0.602373 0.344729 0.295702 0.415979 0.570319 0.403006 0.562987 0.371949 0.333333 0.315486 0.404097
threshold=166.50000000000003 194.50000000000003 1121804.6600000001 558054.69500000018 152.50000000000003 373623.22571428574 579120.67000000004 250.50000000000003 5.5000000000000009 298795.71000000002 415228.49000000005 19029.594003647424 9994.8153390886564 175650.39500000005 48556.320582300948 130257.54500000001 190915.16000000003 130407.67500000002 88854.420000000013 222.50000000000003 321865.21000000002 966850.47500000021 529638.04500000004 134.50000000000003 542636.96000000008 456941.59500000003 1083362.1950000001 509633.48000000004 237310.62769588534 188291.0587314321
decision_type=2 2 2 2 2 2 2 2 2 2 2 2 2 2 2 2 2 2 2 2 2 2 2 2 2 2 2 2 2 2
left_child=4 12 3 5 21 11 7 8 9 -7 20 16 -2 14 15 -14 17 18 -3 -20 -11 22 28 24 25 27 -23 -24 29 -1
right_child=1 2 -4 -5 -6 6 -8 -9 -10 10 -12 -13 13 -15 -16 -17 -18 -19 19 -21 -22 26 23 -25 -26 -27 -28 -29 -30 -31
leaf_value=0.21468052988206041 3.739180263107261 1.5136076316269593 -3247.852945736257 497.64360595749724 59.681299263604082 -94.924643987040454 1077.2973026665984 1346.0996863462015 766.45968755851538 -159.41032017368343 -925.48283294249802 10.593440666238878 32.420411693545546 -33.702616063358363 -26.239903732349003 -36.165807913088003 -8.0186322861644204 14.280591278475633 5.4372581671353135 -23.42358115089954 102.46822879940001 1478.1982939929298 1475.9990699781983 -48.330854104718355 302.73099684056643 -957.73858720286626 -3619.7629082670583 -1313.0337473194684 2853.6425487616416 -442.50700561862806
leaf_weight=1363 39 20 25 76 165 34 25 40 21 25 37 351 24 218 22 26 30 76 22 29 27 60 24 24 103 22 29 24 32 21
leaf_count=1363 39 20 25 76 165 34 25 40 21 25 37 351 24 218 22 26 30 76 22 29 27 60 24 24 103 22 29 24 32 21
internal_value=-0.000158207 -0.000698372 -7.15989e-05 0.000141452 0.000179432 -0.000291723 -0.00217703 -0.00315217 -0.00472222 -0.00597561 -0.00398876 0.000454546 -0.00229483 -0.00293103 -0.00611111 -0.002 -0.00149717 -0.000442177 -0.0034507 -0.00578431 -0.000769231 -5.28788e-05 -0.000207687 -0.00236041 -0.00135838 -0.00428571 0.00275281 -0.00125 9.18081e-05 -2.16761e-05
internal_weight=3034 1167 838 813 1867 737 209 184 144 123 89 528 329 290 72 50 177 147 71 51 52 1702 1613 197 173 70 89 48 1416 1384
internal_count=3034 1167 838 813 1867 737 209 184 144 123 89 528 329 290 72 50 177 147 71 51 52 1702 1613 197 173 70 89 48 1416 1384
is_linear=0
shrinkage=0.05


Tree=261
num_leaves=31
num_cat=0
split_feature=4 6 2 2 6 1 4 0 7 1 2 0 4 4 4 1 2 0 1 3 1 4 1 10 10 2 1 4 0 0
split_gain=0.334428 0.531121 0.28098 0.468449 0.285573 0.278278 0.260111 0.277079 0.461335 0.37782 0.560903 0.486195 0.420044 0.28987 0.340637 0.318014 0.491592 0.743572 0.657618 0.518153 0.449748 0.420006 0.723508 0.415626 0.454737 0.38808 0.410054 0.227329 0.223358 0.238539
threshold=1099443.6676785718 367043.57300942176 1170112.9500000002 950324.20000000007 305838.35725481884 1213230.8100000003 775175.06928571442 515088.79500000004 5.5000000000000009 443407.32000000007 329237.01500000007 566263.16500000015 525395.09267857147 133147.27821428576 125017.97535714287 91147.715000000011 96469.185000000012 92939.950000000026 124051.74000000001 115961.09571428572 134834.28000000003 92458.67410714287 94325.000000000015 130.50000000000003 164.50000000000003 139139.16 161367.42000000004 135293.88071428574 100913.70000000001 118455.59500000002
decision_type=2 2 2 2 2 2 2 2 2 2 2 2 2 2 2 2 2 2 2 2 2 2 2 2 2 2 2 2 2 2
left_child=1 2 3 4 6 -2 7 13 9 10 -9 -12 -11 14 15 23 17 19 -18 -17 -20 22 -19 -1 -25 -22 -27 -15 -29 -30
right_child=5 -3 -4 -5 -6 -7 -8 8 -10 12 11 -13 -14 27 -16 16 18 21 20 -21 25 -23 -24 24 -26 26 -28 28 29 -31
leaf_value=2.0280196786040086 -2026.0973722522588 560.03365842494759 712.00905062317145 -354.97518581950612 -145.22345375034965 64.306307087731312 3562.0048409737597 -54.323181833835207 -1144.3404566814686 231.17604824891242 2760.5776840008803 -113.97470419396369 -741.3087519842353 21.491304454168755 -20.477037865680167 -10.391123913941156 13.098627790537925 3.6635824833198671 -82.884646567066227 -13.923681611146058 84.101603390633016 15.386336753551982 -14.160121947778979 -9.1929227146908712 1.0664499108065637 -22.516605358135255 -5.9163403274707509 156.2699333387292 -7.2950237798886519 1.6087715198337322
leaf_weight=118 40 101 26 37 30 23 42 28 27 85 23 38 26 60 38 31 108 21 21 20 20 32 23 24 76 22 69 42 33 1750
leaf_count=118 40 101 26 37 30 23 42 28 27 85 23 38 26 60 38 31 108 21 21 20 20 32 23 24 76 22 69 42 33 1750
internal_value=-0.000125247 -4.88049e-05 -0.000174216 -0.000221519 -0.000147844 -0.00373016 -9.54265e-05 -0.000155393 -0.00182819 -0.001 -0.00342697 -0.000737705 0.000945946 -3.98705e-06 -0.000939005 -0.000641025 -0.00153951 -0.00405512 -0.000208333 -0.00872549 -0.00257576 -0.000921052 -0.00409091 0.00087156 -0.0015 -0.00130631 -0.00269231 0.00030504 0.00020548 0.000120583
internal_weight=3034 2971 2870 2844 2807 63 2777 2735 227 200 89 61 111 2508 623 585 367 127 240 51 132 76 44 218 100 111 91 1885 1825 1783
internal_count=3034 2971 2870 2844 2807 63 2777 2735 227 200 89 61 111 2508 623 585 367 127 240 51 132 76 44 218 100 111 91 1885 1825 1783
is_linear=0
shrinkage=0.05


Tree=262
num_leaves=31
num_cat=0
split_feature=10 10 4 10 1 3 3 0 10 0 1 1 2 2 2 0 1 10 1 0 3 6 10 4 4 6 2 0 4 3
split_gain=0.190119 0.530228 0.321695 0.344507 0.522027 0.891772 0.450496 0.620978 0.533333 0.44222 0.600353 0.720371 0.678981 0.577731 0.612745 0.428519 0.475349 0.421305 0.407101 0.4 0.37844 0.640564 0.285603 0.481505 0.371776 0.348138 0.284817 0.233605 0.60597 0.236437
threshold=166.50000000000003 168.50000000000003 91719.473214285725 205.50000000000003 537380.32500000007 452915.53785714292 392349.10428571439 295188.25000000006 193.50000000000003 412361.76000000007 428246.89500000008 277549.11500000005 390857.35000000003 530975.41000000015 1083362.1950000001 219196.43500000003 187290.01500000004 175.50000000000003 699785.88500000013 339188.5500000001 133597.67000000001 6515.350797871527 152.50000000000003 116940.82678571431 1091314.2683928574 382296.36668734596 169121.20500000005 310110.58500000002 391241.97714285721 122582.9635714286
decision_type=2 2 2 2 2 2 2 2 2 2 2 2 2 2 2 2 2 2 2 2 2 2 2 2 2 2 2 2 2 2
left_child=22 -2 -3 4 5 6 7 15 19 27 11 -11 -13 -12 18 16 17 -4 -15 -9 21 -19 24 -24 25 -1 -22 28 29 -5
right_child=1 2 3 9 -6 -7 -8 8 -10 10 13 12 -14 14 -16 -17 -18 20 -20 -21 26 -23 23 -25 -26 -27 -28 -29 -30 -31
leaf_value=0.10104366939431955 -17.190659320951635 -4.7329448086745023 91.659142096094001 11.652512442412622 36.874768694247507 -219.71133651354313 78.775564180960089 -103.91824860068243 350.42856180104519 579.9921606994692 198.00015628099084 -828.0216865091885 -49.031540245716776 7.4042081195957952 972.8658421691697 405.63773279964965 -511.77136964518633 3.7329334168178527 -3996.4260225974863 -10.04603186609598 1.2469910147953476 -65.914862592808092 -2.8198421841449379 151.28413593781062 -3225.3601147403374 306.09508365654 -10.42383970993491 139.76811852468475 -199.18661256145731 2.2755671105562829
leaf_weight=1625 23 22 26 77 66 29 50 20 20 20 44 26 21 25 20 40 32 20 23 20 46 41 20 145 22 55 22 95 32 307
leaf_count=1625 23 22 26 77 66 29 50 20 20 20 44 26 21 25 20 40 32 20 23 20 46 41 20 145 22 55 22 95 32 307
internal_value=-2.63676e-05 -0.000526992 -0.000375874 -0.000258467 -0.00136574 -0.00210382 -0.00137982 -0.00214286 -0.00666667 0.000434783 -0.00170391 -0.00544776 -0.00882979 0.000535714 -0.00235294 -0.000947136 -0.00195187 -0.000806451 -0.00541667 -0.01 -0.00197674 -0.00483607 0.000286556 0.00227273 9.40072e-05 0.000178572 0.000588235 0.00118395 0.000673077 0.00122396
internal_weight=3034 1167 1144 1122 432 366 337 287 60 690 179 67 47 112 68 227 187 155 48 40 129 61 1867 165 1702 1680 68 511 416 384
internal_count=3034 1167 1144 1122 432 366 337 287 60 690 179 67 47 112 68 227 187 155 48 40 129 61 1867 165 1702 1680 68 511 416 384
is_linear=0
shrinkage=0.05


Tree=263
num_leaves=31
num_cat=0
split_feature=1 3 3 1 5 6 5 7 5 2 0 0 2 5 0 6 0 7 3 6 0 1 6 3 6 1 5 5 3 2
split_gain=0.171729 0.237605 0.495724 0.155425 0.449808 0.361932 0.436684 0.344697 0.386905 0.286706 0.372024 0.230679 0.653036 0.883221 0.491105 0.425045 0.397432 0.385284 0.270323 0.228385 0.541201 0.414564 0.980664 0.681965 0.359285 0.75956 0.320413 0.468816 0.335137 0.274231
threshold=1078049.9500000002 1029794.1664285715 1120377.0121428573 682681.61500000011 324285.28731276351 186518.48434750325 206974.46227285682 1.0000000180025095e-35 285611.02608859289 687025.37000000011 698421.95500000007 551425.88500000013 538185.72500000009 129659.87757843696 443056.65500000009 103576.81067173934 427699.05000000005 2.5000000000000004 437656.4114285715 115555.99780710715 369617.96500000003 325563.81000000006 141796.91365776389 373623.22571428574 141796.91365776389 479155.55500000005 105035.48597331518 102828.78558203026 313286.5400000001 386468.1650000001
decision_type=2 2 2 2 2 2 2 2 2 2 2 2 2 2 2 2 2 2 2 2 2 2 2 2 2 2 2 2 2 2
left_child=3 -2 -3 5 7 6 11 -5 9 -9 -11 14 13 -13 16 -16 19 -18 -15 20 26 22 23 -21 29 -26 27 -1 -28 -23
right_child=1 2 -4 4 -6 -7 -8 8 -10 10 -12 12 -14 18 15 -17 17 -19 -20 21 -22 24 -24 -25 25 -27 28 -29 -30 -31
leaf_value=-0.40798316385619754 3951.9066551679789 -3796.6047214676128 328.19285421434097 806.87109180259881 -1467.2387253068805 61.173943345635919 -192.08439186882495 -59.216789773336146 1772.7187188119108 2688.6583627676132 -2916.7502872496279 -1308.7592863969512 2373.8948773662269 -594.26057742945147 -118.92443243173771 106.89681294661189 395.8165754466367 -1707.9101895419437 56.136831634257341 -99.159709856074343 203.15250891273223 167.44843595663849 564.26959626842961 -618.28026385803923 22.51775330909555 -183.92293559115942 87.392599176826266 -50.990287043364383 -1.5276881534985485 -1.0946191703749069
leaf_weight=1734 40 23 50 28 53 178 20 36 20 20 28 22 22 26 23 145 26 20 23 42 55 58 31 27 50 28 79 25 40 62
leaf_count=1734 40 23 50 28 53 178 20 36 20 20 28 22 22 26 23 145 26 20 23 42 55 58 31 27 50 28 79 25 40 62
internal_value=-9.88775e-06 0.00190266 0.00020548 -8.38752e-05 -0.00148649 1.09651e-05 -0.000140735 7.57578e-05 -0.00125 -0.00273809 -0.000208333 -8.27421e-05 -0.00252688 -0.00485915 1.02251e-05 0.00261905 -0.000182257 -0.00478261 -0.00112245 -8.74046e-05 0.000111226 -0.00137584 -0.004 -0.00731884 -5.05049e-05 -0.00269231 -3.19487e-05 -0.000201819 0.00247899 0.00166667
internal_weight=3034 113 73 2921 185 2736 2558 132 104 84 48 2538 93 71 2445 168 2277 46 49 2231 1933 298 100 69 198 78 1878 1759 119 120
internal_count=3034 113 73 2921 185 2736 2558 132 104 84 48 2538 93 71 2445 168 2277 46 49 2231 1933 298 100 69 198 78 1878 1759 119 120
is_linear=0
shrinkage=0.05


Tree=264
num_leaves=31
num_cat=0
split_feature=4 1 1 4 1 2 10 0 2 2 1 5 1 0 2 2 7 10 1 5 2 1 5 1 2 2 4 0 0 10
split_gain=0.340119 0.569202 0.670242 0.382386 0.337215 0.69671 0.447368 0.266339 0.464316 0.969697 0.447343 0.736037 0.399356 0.846749 0.554604 0.40136 0.826239 0.47522 0.598344 0.471528 0.818708 0.371212 0.309384 0.279769 0.272593 0.261985 0.287119 0.361453 0.680672 0.28877
threshold=291865.03214285721 217492.16500000004 228639.60500000001 299498.07750000007 286404.10000000003 318555.50500000006 141.50000000000003 137770.52500000002 152143.40500000003 163746.75000000003 131286.31000000003 51581.177112448851 124051.74000000001 128401.895 112400.12000000001 91171.510000000009 4.5000000000000009 128.50000000000003 91147.715000000011 7644.1984385971373 96469.185000000012 187290.01500000004 5869.527124083922 154096.62000000002 101976.58000000002 156663.87500000003 152089.93303571429 155484.37000000002 163833.70500000005 167.50000000000003
decision_type=2 2 2 2 2 2 2 2 2 2 2 2 2 2 2 2 2 2 2 2 2 2 2 2 2 2 2 2 2 2
left_child=1 7 -3 -2 6 -6 -4 8 10 -10 11 12 14 -14 15 17 19 22 -19 -17 -21 -11 -1 -12 -22 -9 29 -28 -29 -27
right_child=3 2 4 -5 5 -7 -8 25 9 21 23 -13 13 -15 -16 16 -18 18 -20 20 24 -23 -24 -25 -26 26 27 28 -30 -31
leaf_value=-10.446816169234147 85.483109466497979 -163.54836059499988 -18.166550476649864 5.8857257449706584 -158.90256566114206 -9.2472015220412302 638.61884822670436 6.6975720145382187 -11.857567084727883 44.420672616192455 19.039257887521774 -17.761062698081279 -32.180750122959829 5.4155802990033148 34.82770605257172 1.6339525952251372 -38.481647009103334 0.20886407879561514 -7.4877672121987935 -3.799785061212706 40.667799424844738 -42.79624654325886 2.8057993439870019 -1.1923846478728375 -37.088189500149227 -2.2026027156496899 73.523758634406022 -138.68646892925548 8.1450861821767759 -106.65199819058121
leaf_weight=20 168 26 38 1288 40 58 34 273 22 44 91 35 25 21 83 62 35 48 21 36 23 22 85 30 27 44 39 34 238 24
leaf_count=20 168 26 38 1288 40 58 34 273 22 44 91 35 25 21 83 62 35 48 21 36 23 22 85 30 27 44 39 34 238 24
internal_value=0.000121951 -0.000386565 -0.00290816 0.000673077 -0.00176471 -0.00367347 0.000833334 -2.89434e-05 -0.000684931 -0.00409091 -0.000218068 -0.000854126 -0.000349794 -0.00478261 0.000113637 -0.000742297 -0.00237705 0.000977012 -0.00224638 -0.000743243 -0.00313953 -0.00106061 0.00309524 0.00252066 0.001 0.000705522 -0.000145119 0.000498392 -0.000147059 -0.00308824
internal_weight=3034 1578 196 1456 170 98 72 1382 730 88 642 521 486 46 440 357 183 174 69 148 86 66 105 121 50 652 379 311 272 68
internal_count=3034 1578 196 1456 170 98 72 1382 730 88 642 521 486 46 440 357 183 174 69 148 86 66 105 121 50 652 379 311 272 68
is_linear=0
shrinkage=0.05


Tree=265
num_leaves=31
num_cat=0
split_feature=1 2 2 2 1 6 4 5 1 0 1 2 2 4 0 4 4 5 9 5 4 4 5 5 2 1 1 4 1 1
split_gain=0.391919 0.50405 0.85818 0.471141 0.409816 0.50444 0.958865 0.30372 0.303329 0.286321 0.334035 0.773244 0.303449 0.540371 0.35331 0.290734 0.407943 0.378491 0.326861 0.295052 0.430573 0.595486 0.286773 0.562506 0.401457 0.398706 1.22429 0.613089 0.437251 0.401054
threshold=453839.63000000006 586239.86000000022 819491.67500000016 484419.0500000001 420491.74500000005 158938.06409719549 394689.6166071429 91976.740660490977 479155.55500000005 312832.76500000007 194682.13500000004 193901.95500000005 290950.18000000005 390239.97857142863 405023.70000000007 91964.882142857168 92102.088898809539 11491.827503407048 1.0000000180025095e-35 49641.373843985166 125017.97535714287 157346.85642857145 115916.17200422524 144382.88999112198 246961.92500000002 307569.87000000005 291138.22500000003 299799.25750000012 245193.81000000003 236415.55000000002
decision_type=2 2 2 2 2 2 2 2 2 2 2 2 2 2 2 2 2 2 2 2 2 2 2 2 2 2 2 2 2 2
left_child=1 3 -3 4 9 6 -6 -2 -9 15 11 -11 13 -12 -15 17 -17 -1 22 20 -20 -22 25 24 -24 26 28 -28 29 -18
right_child=7 2 -4 -5 5 -7 -8 8 -10 10 12 -13 -14 14 -16 16 18 -19 19 -21 21 -23 23 -25 -26 -27 27 -29 -30 -31
leaf_value=3.4734045484805756 -326.99756639723523 -483.85187528414144 550.76019900091933 264.42584859022639 75.387492716039546 308.64463672860734 -710.22875828907115 246.23939545194381 47.779514392675758 127.05321812408359 18.841678608606809 -174.50823235749215 130.38160528282532 -16.744513617397562 -148.27109355250226 -1.539377046040979 -0.76324047290765817 -7.4688504439500223 19.98771124394575 294.33860528512594 -27.650035883677226 56.528304318002512 -0.88172092598851115 205.15772251644623 -83.651597870225885 85.770347456822336 -12.541420003306136 -103.30325838893265 130.20328801749454 -46.706731889483677
leaf_weight=106 21 45 26 67 27 21 20 59 557 26 63 20 223 20 21 26 1157 43 33 53 28 36 26 26 40 107 29 20 99 20
leaf_count=106 21 45 26 67 27 21 20 59 557 26 63 20 223 20 21 26 1157 43 33 53 28 36 26 26 40 107 29 20 99 20
internal_value=0.000285481 -4.11843e-06 -0.00415493 0.000120917 1.86265e-10 -0.00382353 -0.00670213 0.00138933 0.00159091 0.000117012 0.0013807 -0.0026087 0.0019419 -0.000288461 -0.0047561 -0.000137912 -0.000323529 0.00197987 -0.000227001 0.002 0.000360825 -0.00203125 -0.000446194 -0.00315217 -0.00560606 -0.000272346 -0.000509434 -0.00826531 -0.000211599 -0.000480034
internal_weight=3065 2428 71 2357 2290 68 47 637 616 2222 373 46 327 104 41 1849 1700 149 1674 150 97 64 1524 92 66 1432 1325 49 1276 1177
internal_count=3065 2428 71 2357 2290 68 47 637 616 2222 373 46 327 104 41 1849 1700 149 1674 150 97 64 1524 92 66 1432 1325 49 1276 1177
is_linear=0
shrinkage=0.05


Tree=266
num_leaves=31
num_cat=0
split_feature=1 1 10 10 10 1 1 0 10 3 0 1 4 2 1 0 2 1 1 1 0 2 2 0 2 2 2 2 7 6
split_gain=0.354377 0.615357 0.402933 0.324943 0.574752 0.410103 0.535057 0.560401 0.371527 0.315032 0.387833 0.303243 0.306401 0.28836 0.681885 0.309454 0.358268 0.379317 0.501222 0.338489 0.263688 0.309141 0.28084 0.504363 0.409091 0.475011 0.355072 0.291717 0.257143 0.255541
threshold=330995.43000000011 325563.81000000006 25.500000000000004 158.50000000000003 162.50000000000003 311341.90000000008 291138.22500000003 303410.32000000007 148.50000000000003 224232.83928571432 322255.61000000004 1213230.8100000003 1099443.6676785718 204398.89000000004 207858.23500000002 213621.71500000003 94242.095000000016 100706.99000000001 92318.240000000005 93625.795000000027 966850.47500000021 974722.88500000013 405998.49000000005 811818.69500000007 305767.98500000004 338602.64000000007 386468.1650000001 193901.95500000005 1.5000000000000002 21653.030173840481
decision_type=2 2 2 2 2 2 2 2 2 2 2 2 2 2 2 2 2 2 2 2 2 2 2 2 2 2 2 2 2 2
left_child=1 3 -2 8 -5 6 13 -8 29 -4 -11 12 20 14 15 16 17 18 28 -18 21 22 24 -24 27 -26 -27 -12 -6 -1
right_child=2 -3 9 4 5 -7 7 -9 -10 10 11 -13 -14 -15 -16 -17 19 -19 -20 -21 -22 -23 23 -25 25 26 -28 -29 -30 -31
leaf_value=3.4505843722728069 -667.15693263156982 -111.85731712218012 -16.867848896712694 -70.862542680248453 2.9723520536337622 499.56971125566446 -28.11489999338848 -3.7713038342826231 19.862159729847232 329.36943418792907 -100.09684734122621 337.97861162684734 -2216.0737821774628 10.038894374855911 -70.546396418633563 -17.799270952095039 23.205277287030526 21.778525732106559 -6.8474866318074934 0.060997293456647998 1361.5102358682816 -196.16797476078909 53.064827837707981 -136.33134823637576 -361.97619893192939 115.5202704515312 -206.22411352148322 14.25552506918088 -22.346924832048529 -0.69809697915982549
leaf_weight=357 39 28 20 27 28 32 25 39 81 186 24 80 40 168 20 28 36 23 22 364 72 32 311 24 30 46 23 75 35 750
leaf_count=357 39 28 20 27 28 32 25 39 81 186 24 80 40 168 20 28 36 23 22 364 72 32 311 24 30 46 23 75 35 750
internal_value=0.000236542 -0.000138148 0.00100798 -3.68548e-05 -0.000785124 -0.00054878 -0.000774111 -0.00515625 0.000496633 0.00120976 0.00134146 0.000838838 0.00049483 -0.00038674 -0.000935252 -0.000597015 -0.00031496 -0.00287037 -0.00441176 0.000375 0.000761382 0.00039823 0.000684803 0.00156716 -0.000808081 -0.00308081 -0.000797101 0.00146465 -0.00214286 0.000257453
internal_weight=3065 2063 1002 2035 847 820 788 64 1188 963 943 757 677 724 556 536 508 108 85 400 637 565 533 335 198 99 69 99 63 1107
internal_count=3065 2063 1002 2035 847 820 788 64 1188 963 943 757 677 724 556 536 508 108 85 400 637 565 533 335 198 99 69 99 63 1107
is_linear=0
shrinkage=0.05


Tree=267
num_leaves=31
num_cat=0
split_feature=1 1 6 3 0 1 5 0 3 0 1 1 0 1 0 6 10 10 6 5 10 3 5 5 5 5 3 5 0 3
split_gain=0.436209 0.619415 0.388873 0.292686 0.269617 0.6269 0.705333 0.760009 0.626868 0.683395 0.506476 0.375065 0.366667 0.268525 0.256302 0.242776 0.251922 0.557113 0.364418 0.29924 0.690963 0.405093 0.358867 0.355907 0.296137 0.435923 0.31776 0.45709 0.314001 0.346661
threshold=330995.43000000011 325563.81000000006 424678.58466219017 224232.83928571432 312832.76500000007 281803.10000000003 92947.605091194229 282461.83500000002 295109.18428571435 305119.35500000004 264311.82000000007 194682.13500000004 436138.15500000009 298795.71000000002 582636.63500000013 164136.70395113775 187.50000000000003 191.50000000000003 86000.256911015575 68912.420012181989 220.50000000000003 286942.57000000012 49641.373843985166 45751.739366519068 18064.574810006332 12432.449122995948 90550.175714285724 5634.4964057764419 89761.785000000018 132812.61642857143
decision_type=2 2 2 2 2 2 2 2 2 2 2 2 2 2 2 2 2 2 2 2 2 2 2 2 2 2 2 2 2 2
left_child=1 4 3 -2 5 10 7 -7 -9 13 15 12 -6 -10 -13 16 18 -18 24 22 -21 -22 23 -19 25 26 -1 -28 -29 -30
right_child=2 -3 -4 -5 11 6 -8 8 9 -11 -12 14 -14 -15 -16 -17 17 19 -20 20 21 -23 -24 -25 -26 -27 27 28 29 -31
leaf_value=9.7613138588325388 -1.944863186091309 -106.26445126607041 -1092.1556729353208 40.973177385496577 -127.37112643389808 356.24336020505194 -58.342367599570593 174.83003061666426 -55.899271759579932 79.139159268107107 216.79110186249429 51.093369790126658 1298.576290432514 -23.269786095753375 -3.791776932371842 -23.85879876165362 -38.338680817258897 -0.14585571884177409 32.068720424111376 -616.71189685682066 -5.7038588741245873 10.385524432452524 6.405498430154795 -127.16335867645617 -1.2637390295092565 51.667756075459579 -2.7659867513178917 -26.205181647168935 4.4219810116933038 -1.0960285410477792
leaf_weight=52 21 28 25 956 33 41 25 22 20 21 50 197 22 21 28 25 27 309 93 22 27 21 49 21 559 62 20 25 76 167
leaf_count=52 21 28 25 956 33 41 25 22 20 21 50 197 22 21 28 25 27 309 93 22 27 21 49 21 559 62 20 25 76 167
internal_value=0.000301795 -0.000113912 0.00115768 0.00131525 -1.22848e-05 -0.000242165 -0.00333333 -0.0018 -0.00452381 -0.00709677 4.67292e-05 0.00142857 -0.00227273 -0.0108537 0.00233333 -0.00011254 -3.26796e-05 -0.000987395 0.000398482 -0.000567929 -0.00357143 -0.000208333 -1.31924e-05 -0.00060606 0.000109261 0.00114428 0.000441177 -0.000208333 0.000335821 0.000884774
internal_weight=3065 2063 1002 977 2035 1755 150 125 84 62 1605 280 55 41 225 1555 1530 476 1054 449 70 48 379 330 961 402 340 288 268 243
internal_count=3065 2063 1002 977 2035 1755 150 125 84 62 1605 280 55 41 225 1555 1530 476 1054 449 70 48 379 330 961 402 340 288 268 243
is_linear=0
shrinkage=0.05


Tree=268
num_leaves=31
num_cat=0
split_feature=1 1 0 5 0 1 6 10 2 1 6 6 1 2 10 0 5 10 0 1 1 8 1 2 10 4 5 6 6 4
split_gain=0.403587 0.362303 0.218637 0.330327 0.494728 0.321457 0.222145 0.225557 0.254584 0.20267 0.369673 0.416714 0.759625 0.25993 0.505067 0.336915 0.260536 0.199327 0.205661 0.715854 1.03736 0.563444 0.33284 0.56448 0.323274 0.277269 0.252101 0.23522 0.22653 0.193591
threshold=330995.43000000011 325563.81000000006 295188.25000000006 87290.120040349328 335049.23500000004 436247.71500000003 424678.58466219017 26.500000000000004 193901.95500000005 453839.63000000006 126605.83024862045 170736.09711433004 420491.74500000005 924534.84500000009 98.500000000000014 832401.2300000001 301338.93343541614 258.50000000000006 312832.76500000007 291138.22500000003 298795.71000000002 1.0000000180025095e-35 194682.13500000004 193901.95500000005 255.50000000000003 473149.82553571434 26321.58301964249 164136.70395113775 125262.425585351 302112.58732142864
decision_type=2 2 2 2 2 2 2 2 2 2 2 2 2 2 2 2 2 2 2 2 2 2 2 2 2 2 2 2 2 2
left_child=1 17 -2 4 -4 -6 7 -5 -9 10 -10 12 -12 -11 15 -15 -16 18 19 24 -21 26 23 -20 27 -24 -22 28 29 -1
right_child=2 -3 3 6 5 -7 -8 8 9 13 11 -13 -14 14 16 -17 -18 -19 22 20 21 -23 25 -25 -26 -27 -28 -29 -30 -31
leaf_value=0.39257241495648759 354.75175622744507 -100.95122870276727 -129.41127298551405 -747.54046764245788 655.71411083517251 -315.34958958278224 -1373.1176337703675 -105.8161404700063 35.861620676425758 141.32639942217227 0.2135588407544145 390.36278465341729 -666.4547735678176 -1388.8003505264905 30.683977670544301 100.29509581840372 965.0737851445009 25.346815010407877 127.1040183885317 -101.82942958628679 324.50593654353435 -23.384094359583827 37.561460049684719 -185.66293100710186 -2.2489036793257298 -3.6493720955588289 -16.534622494827431 -22.532914545288463 105.4634765124635 -4.2344623292933044
leaf_weight=1497 162 28 22 32 32 21 23 23 97 357 37 36 20 23 36 30 51 37 26 29 30 36 186 29 23 36 21 26 24 35
leaf_count=1497 162 28 22 32 32 21 23 23 97 357 37 36 20 23 36 30 51 37 26 29 30 36 186 29 23 36 21 26 24 35
internal_value=0.000334421 -6.54385e-05 0.00115768 0.000833334 -0.00233333 0.000283019 0.00114379 0.0012938 0.00147887 0.00165211 0.000263158 -0.00198925 -0.00464912 0.0021831 0.000357143 -0.00349057 0.00270115 1.22852e-05 -5.50549e-05 -0.00025857 -0.00405172 -0.00132184 0.00120939 -0.00227273 1.55765e-05 0.00207207 0.00205882 0.000101138 0.000179949 0.000104439
internal_weight=3065 2063 1002 840 75 53 765 742 710 687 190 93 57 497 140 53 87 2035 1998 1721 116 87 277 55 1605 222 51 1582 1556 1532
internal_count=3065 2063 1002 840 75 53 765 742 710 687 190 93 57 497 140 53 87 2035 1998 1721 116 87 277 55 1605 222 51 1582 1556 1532
is_linear=0
shrinkage=0.05


Tree=269
num_leaves=31
num_cat=0
split_feature=3 10 10 10 7 3 0 0 0 6 2 0 0 2 4 3 10 3 0 2 2 2 0 6 3 2 2 2 4 3
split_gain=0.276535 0.268482 0.257343 0.316294 0.388072 0.235123 0.212824 0.294267 0.711519 0.466167 0.591521 0.233221 0.346021 0.30502 0.32852 0.390482 0.209486 0.201906 0.26245 0.438344 0.659341 0.692641 0.47619 0.727273 0.352451 0.228191 0.400571 0.297307 0.292999 0.400072
threshold=825259.9921428574 15.500000000000002 92.500000000000014 73.500000000000014 2.5000000000000004 1082063.2450000001 72540.895000000004 86269.435000000012 84004.775000000009 23662.505942467422 96469.185000000012 95836.580000000016 97677.235000000015 94242.095000000016 91832.317678571446 95266.858571428587 191.50000000000003 120103.61071428572 133152.15500000003 195687.98500000002 149373.40000000005 139139.16 121806.11500000001 11947.207803772782 122582.9635714286 131490.65000000002 134026.89500000005 139946.47000000003 159507.21398809526 157203.80785714291
decision_type=2 2 2 2 2 2 2 2 2 2 2 2 2 2 2 2 2 2 2 2 2 2 2 2 2 2 2 2 2 2
left_child=1 -1 3 4 -2 -4 -3 8 9 -8 -11 13 -13 14 -9 -16 -7 -14 19 20 21 22 -19 -24 -20 -26 -27 -28 29 -29
right_child=2 6 5 -5 -6 16 7 11 -10 10 -12 12 17 -15 15 -17 -18 18 24 -21 -22 -23 23 -25 25 26 27 28 -30 -31
leaf_value=-47.780182035939205 -110.12809056389129 16.394351327806895 1363.2163529204081 -3193.4675197231777 5719.8490457992084 272.2455385006628 26.668928352603007 12.683016292435505 -3.7456897521387962 -18.727111783286041 104.78034166990254 -9.0337006972159255 11.1180684360939 10.456040905136987 -8.3057579516047877 5.1495439326137138 -2826.2730942976223 19.127884419379246 -14.814266798311795 -69.674337333313304 194.27704019766225 -52.775588494503637 0.51835756897855301 -33.946241182275173 2.674409228314774 -52.62694057326334 39.057076434657674 -3.1611781067108815 2.8336088858482023 -439.22202913092144
leaf_weight=25 34 41 81 25 38 51 33 25 39 34 27 36 137 78 41 26 27 63 23 23 40 33 50 22 119 28 52 112 1679 23
leaf_count=25 34 41 81 25 38 51 33 25 39 34 27 36 137 78 41 26 27 63 23 23 40 33 50 22 119 28 52 112 1679 23
internal_value=0.000301795 0.00015842 0.001875 -0.000154639 0.00152778 0.00311321 0.000204742 0.000151294 -0.00214286 0.000212766 -0.00237705 0.000268199 0.000143443 0.00205882 0.000108696 -0.00171642 0.00115385 0.000216306 0.000103661 -0.00149351 -0.000769231 -0.00214286 -0.000555555 -0.00333333 0.000284872 0.000355191 0.000221753 0.000310825 0.000203969 -0.00203704
internal_weight=3065 2809 256 97 72 159 2784 2743 133 94 61 2610 2440 170 92 67 78 2404 2267 231 208 168 135 72 2036 2013 1894 1866 1814 135
internal_count=3065 2809 256 97 72 159 2784 2743 133 94 61 2610 2440 170 92 67 78 2404 2267 231 208 168 135 72 2036 2013 1894 1866 1814 135
is_linear=0
shrinkage=0.05


Tree=270
num_leaves=31
num_cat=0
split_feature=2 2 3 2 5 5 7 1 1 2 3 3 5 2 9 1 6 5 7 0 0 3 2 2 7 2 1 0 6 6
split_gain=0.339771 0.31402 0.404159 1.25727 0.500032 0.494561 0.748715 0.656959 0.503327 0.775641 0.478336 0.417347 0.37207 0.469971 0.355593 0.433614 0.382907 0.837748 0.902683 0.647138 0.561651 0.534565 0.417053 0.407722 0.50972 0.521173 0.418605 0.426055 0.366267 0.607139
threshold=1396333.3000000003 152143.40500000003 135569.16 163746.75000000003 11780.700226506662 20431.333941662022 4.5000000000000009 291138.22500000003 294526.96000000008 263193.62500000006 117725.64714285715 162504.30000000005 5869.527124083922 92382.135000000024 1.0000000180025095e-35 256593.80000000002 247838.10495402032 261838.50722672034 1.5000000000000002 482976.86500000005 312832.76500000007 944443.11500000011 202780.73000000001 161367.42000000004 1.5000000000000002 175638.30000000002 284169.10500000004 260574.74500000002 71047.26365873059 73711.586295707573
decision_type=2 2 2 2 2 2 2 2 2 2 2 2 2 2 2 2 2 2 2 2 2 2 2 2 2 2 2 2 2 2
left_child=1 12 3 -3 -4 6 8 -8 9 -6 -5 -7 13 -1 16 -16 20 18 -18 -20 23 -19 -22 -13 26 -26 -25 -28 -27 -30
right_child=-2 2 4 10 5 11 7 -9 -10 -11 -12 14 -14 -15 15 -17 17 21 19 -21 22 -23 -24 24 25 28 27 -29 29 -31
leaf_value=-4.9922016199357397 426.31474851230115 -28.843601731312926 58.249377883965522 26.478619542028522 7.1376958669477322 222.79380362009053 -88.424146227686549 -49.778268615195266 292.40947128179505 -20.941685057680534 -11.808696045037962 27.244668405494355 1.658276554637407 1.5650541148643682 -16.651876212252766 325.4354068741834 197.19284865075252 -43.636250374889826 -38.407645244342405 -3691.0464586662815 -60.65698760930934 680.98679821294354 9.7904504309444 -18.008881527389786 -210.02009829164086 7.5988136893427232 -34.246023076440331 -79.404552775560546 -99.519035311352468 -5.684105761040219
leaf_weight=58 47 24 98 25 52 79 30 23 38 26 68 22 845 34 39 101 26 65 27 33 36 113 621 43 38 98 22 21 20 276
leaf_count=58 47 24 98 25 52 79 30 23 38 26 68 22 845 34 39 101 26 65 27 33 36 113 621 43 38 98 22 21 20 276
internal_value=-0.000282152 -0.000348217 -0.000692829 -0.00354701 -0.000521315 -0.000705787 -0.00328402 -0.00820755 -0.00103448 -0.00333333 -0.000913978 -0.000446428 0.000410886 -0.0026087 -0.000621486 0.00178571 -0.000852156 -0.00257576 -0.00662791 -0.01 -0.000472013 -0.000617977 0.000509894 -0.00166667 -0.00194981 -0.00125 -0.00546512 -0.00895349 -0.00071066 -0.00158784
internal_weight=3048 3001 2064 117 1947 1849 169 53 116 78 93 1680 937 92 1601 140 1461 264 86 60 1197 178 657 540 518 432 86 43 394 296
internal_count=3048 3001 2064 117 1947 1849 169 53 116 78 93 1680 937 92 1601 140 1461 264 86 60 1197 178 657 540 518 432 86 43 394 296
is_linear=0
shrinkage=0.05


Tree=271
num_leaves=31
num_cat=1
split_feature=7 11 1 1 5 4 6 10 6 10 4 10 1 3 3 7 10 3 3 10 4 10 3 3 5 10 6 10 5 4
split_gain=0.274098 0.534876 0.483526 0.458418 0.338193 0.641885 1.37306 0.489554 0.459035 0.333085 0.597397 0.66746 0.514286 0.406559 0.612617 0.378024 0.268737 0.398324 0.373588 0.189898 0.527619 0.355623 0.257975 0.405528 0.535005 0.502352 0.583889 0.708392 0.478686 1.37203
threshold=1.5000000000000002 0 974722.88500000013 816783.13500000013 6448.5537910596022 175375.88928571434 23339.215177672169 121.50000000000001 43082.655796491301 169.50000000000003 407998.79946428578 246.50000000000003 274533.59500000003 300666.79642857151 417617.69214285718 1.0000000180025095e-35 240.50000000000003 135569.16 118445.57428571431 68.500000000000014 91603.312500000015 54.500000000000007 122582.9635714286 135208.22785714289 12123.681795991719 201.50000000000003 9839.8124710019456 130.50000000000003 21895.574288265376 300836.95071428578
decision_type=2 1 2 2 2 2 2 2 2 2 2 2 2 2 2 2 2 2 2 2 2 2 2 2 2 2 2 2 2 2
left_child=1 16 3 4 -3 8 7 -7 -6 13 11 12 -11 -8 -15 -16 17 18 -1 21 -21 -2 -22 25 -25 26 -24 -28 29 -26
right_child=19 2 -4 -5 5 6 9 -9 -10 10 -12 -13 -14 14 15 -17 -18 -19 -20 20 22 -23 23 24 28 -27 27 -29 -30 -31
leaf_value=12.7920138939275 1.5558472312941714 -2.9644657543796029 1264.672506137967 -3789.0970302395272 2.389653201691031 -118.73418867951553 16.124817951133608 -4.8404305126415892 -14.957819625748412 -1.983199862128985 48.425664432648119 125.42296637623404 -138.23506528943571 -425.02090243778571 -226.82219808570323 1546.9681107278595 -120.55580272620082 524.0857090701553 -10.534769611905652 -3.7667002380150749 3.6247087530946924 21.780386459201477 9.0605379470031533 39.762730448788552 10.41739491123842 14.795537766667389 -1.0593661608877443 -32.421842619007599 0.50365798046595389 -22.696858879088261
leaf_weight=32 391 46 39 21 145 21 71 23 32 35 35 20 35 37 32 30 22 154 27 30 198 122 23 88 95 56 41 54 1065 28
leaf_count=32 391 46 39 21 145 21 71 23 32 35 35 20 35 37 32 30 22 154 27 30 198 122 23 88 95 56 41 54 1065 28
internal_value=-0.000134514 -0.000892649 -0.00164557 -0.00203259 -0.00176157 -0.00139535 -0.00266962 -0.0109091 0.0010452 -0.00144068 -0.0034 -0.00555556 -0.00785714 1.86265e-10 -0.00207071 0.000967742 0.00112245 0.00171362 -0.00177966 0.000162027 -9.53514e-05 0.0010039 2.4272e-05 -0.000206896 0.000101881 -0.00247126 -0.00432203 -0.00605263 -0.000176767 -0.00313008
internal_weight=3048 857 622 583 562 516 339 44 177 295 125 90 70 170 99 62 235 213 59 2191 1678 513 1648 1450 1276 174 118 95 1188 123
internal_count=3048 857 622 583 562 516 339 44 177 295 125 90 70 170 99 62 235 213 59 2191 1678 513 1648 1450 1276 174 118 95 1188 123
cat_boundaries=0 1
cat_threshold=1
is_linear=0
shrinkage=0.05


Tree=272
num_leaves=31
num_cat=0
split_feature=0 0 5 10 10 0 6 3 3 5 2 2 2 1 6 6 1 10 2 7 5 10 3 3 0 3 3 5 5 3
split_gain=0.394493 0.639704 0.983151 0.453333 0.448662 0.410848 0.813926 1.30956 0.321862 0.344364 0.318344 0.309928 0.431034 0.292787 0.34557 0.369816 0.358953 0.583971 0.517985 0.452539 0.841526 0.405873 0.312582 0.488972 0.442711 0.291361 0.49822 0.421397 0.613624 0.551876
threshold=350831.96500000008 213621.71500000003 15596.358183056995 23.500000000000004 255.50000000000003 232009.21000000002 101163.62310457297 222386.66500000001 91164.116428571433 6233.2414089869762 619845.31000000017 85593.180000000008 92382.135000000024 388154.28000000009 20094.521032280951 128037.85784872471 270358.84000000003 101.50000000000001 149373.40000000005 1.5000000000000002 64480.660948386096 128.50000000000003 308121.18285714294 297585.0921428572 310110.58500000002 120994.95428571431 134956.56000000003 45751.739366519068 34741.368890882528 132812.61642857143
decision_type=2 2 2 2 2 2 2 2 2 2 2 2 2 2 2 2 2 2 2 2 2 2 2 2 2 2 2 2 2 2
left_child=1 8 -3 -2 -5 6 7 -4 9 11 13 -1 -13 14 -7 16 18 19 -16 -18 -21 -19 23 -23 -24 -10 27 28 29 -27
right_child=3 2 5 4 -6 10 -8 -9 25 -11 -12 12 -14 -15 15 -17 17 21 -20 20 -22 22 24 -25 -26 26 -28 -29 -30 -31
leaf_value=0.84317636500134252 -565.16450766325386 -14.586437684368931 -3.7088425251551662 28.279543755800145 -319.13438303444588 348.65415701453406 1.0055542726581803 -77.048889211231412 1.8914499845536792 1.5805140070669821 -65.678090610056188 -4.8953563464750154 -0.45728381139141139 54.690216253766927 -2.6334187748152815 433.84103908549616 -141.24005834153488 43.371828369374079 48.369697407239812 25.950022424498425 -86.459279627840942 -18.965640499325456 -29.538726675701117 63.920887696759827 38.671210090029575 30.212361125087558 2.374920253529532 2.6409752274521336 -39.861383077882294 -4.278960657240483
leaf_weight=23 29 24 30 847 30 21 31 22 306 59 21 29 29 117 29 33 23 22 79 41 24 49 27 48 20 60 730 99 67 79
leaf_count=23 29 24 30 847 30 21 31 22 306 59 21 29 29 117 29 33 23 22 79 41 24 49 27 48 20 60 730 99 67 79
internal_value=-6.88974e-05 -0.000438842 -0.00173222 0.00080574 0.00100912 -0.00135793 -0.00463855 -0.00846154 0.00013842 -0.00214286 -0.000866426 -0.00425926 -0.0062069 -0.000628518 -0.00125 -0.00158228 -0.0020442 -0.00307087 0.000370371 -0.00636364 -0.00423077 -0.0013253 -0.00229167 -0.000670103 -0.0056383 0.000376585 -2.41544e-05 -0.00172131 -0.00300971 -0.00111511
internal_weight=3048 2142 661 906 877 637 83 52 1481 140 554 81 58 533 416 395 362 254 108 88 65 166 144 97 47 1341 1035 305 206 139
internal_count=3048 2142 661 906 877 637 83 52 1481 140 554 81 58 533 416 395 362 254 108 88 65 166 144 97 47 1341 1035 305 206 139
is_linear=0
shrinkage=0.05


Tree=273
num_leaves=31
num_cat=0
split_feature=0 1 5 10 5 1 6 5 1 6 10 0 1 10 7 6 4 0 7 0 6 7 4 1 10 10 10 5 10 0
split_gain=0.31402 0.517823 1.06997 0.397294 0.329235 0.293221 0.282327 0.257027 0.306318 0.379802 0.363184 0.489283 0.482119 0.355576 0.465613 0.724638 0.317687 0.326839 0.34763 0.279505 0.358464 0.483541 0.399479 0.393419 0.340136 0.253875 0.322551 0.317616 0.326518 0.348355
threshold=420963.16000000009 220791.11500000002 15596.358183056995 23.500000000000004 5869.527124083922 92933.49500000001 6719.8449871417515 105035.48597331518 126986.87500000001 106377.10293599313 155.50000000000003 115802.54500000001 203052.28000000003 253.50000000000003 4.5000000000000009 11947.207803772782 135965.0325 118455.59500000002 1.5000000000000002 84908.630000000019 7060.4013388903259 3.5000000000000004 120462.88339285714 78050.005000000019 128.50000000000003 130.50000000000003 33.500000000000007 83376.933967288132 47.500000000000007 203691.06500000003
decision_type=2 2 2 2 2 2 2 2 2 2 2 2 2 2 2 2 2 2 2 2 2 2 2 2 2 2 2 2 2 2
left_child=1 4 -3 -2 5 6 -1 8 19 10 16 -12 13 14 -13 -16 17 -10 -19 24 21 -21 -22 -24 -6 26 -18 28 -28 -30
right_child=3 2 -4 -5 7 -7 -8 -9 9 -11 11 12 -14 -15 15 -17 25 18 -20 20 22 -23 23 -25 -26 -27 27 -29 29 -31
leaf_value=0.87582650469417 -584.97085634388441 -13.857115800150561 -9.8045317014083224 39.736998036528952 1.0222296241827433 -1.8138622253287835 -5.5740487703582895 21.022522887440186 48.430018228223183 -18.446996654561332 -15.513092284542729 25.420410963305109 -336.17426184058036 -1.8354314004509231 -67.616076723466136 2.9338748430986619 44.353948587132436 -10.576523729659456 0.17351435406415761 6.52756976107593 2.1864434934317565 -6.4084103570594628 -17.401824359872624 7.0826755454433545 -16.703694573934971 37.451568436216526 -211.40781846627911 -29.444354978673076 41.8755949629941 -52.438022006983402
leaf_weight=36 24 24 839 697 56 30 26 50 32 21 33 176 24 29 23 46 44 41 76 27 132 32 26 210 42 51 28 25 125 23
leaf_count=36 24 24 839 697 56 30 26 50 32 21 33 176 24 29 23 46 44 41 76 27 132 32 26 210 42 51 28 25 125 23
internal_value=-3.28065e-06 -0.000285775 -0.00125724 0.000908461 0.000286885 -0.0026087 -0.000645161 0.00048105 0.000347958 -0.000269761 -9.0206e-05 -0.00134441 -0.000704698 -0.000109489 0.000510204 -0.00297101 0.000842697 -0.00104027 -0.00226496 0.00128571 0.00183841 -0.00177966 0.00241848 0.00118644 -0.00112245 0.00179054 0.00112245 0.000273632 0.00102273 0.00195946
internal_weight=3048 2327 863 721 1464 92 62 1372 1322 797 776 331 298 274 245 69 445 149 117 525 427 59 368 236 98 296 245 201 176 148
internal_count=3048 2327 863 721 1464 92 62 1372 1322 797 776 331 298 274 245 69 445 149 117 525 427 59 368 236 98 296 245 201 176 148
is_linear=0
shrinkage=0.05


Tree=274
num_leaves=31
num_cat=0
split_feature=2 5 2 2 1 2 5 5 10 10 6 3 6 1 9 6 2 1 7 6 1 2 1 3 3 5 1 10 10 5
split_gain=0.303782 0.284416 0.52726 0.575518 0.459037 0.438203 0.344418 1.57032 0.341487 0.772755 0.670701 0.595055 1.19808 0.525 0.488198 0.426724 0.378449 0.383804 0.822358 0.361301 0.660259 0.359414 0.363472 0.339162 0.434848 0.328385 0.325392 0.353746 0.5291 1.25952
threshold=1396333.3000000003 6233.2414089869762 92382.135000000024 85593.180000000008 119291.82000000002 117631.41500000002 105035.48597331518 102828.78558203026 166.50000000000003 199.50000000000003 75076.72303092682 160450.42428571431 21382.929823183124 144390.91500000001 1.0000000180025095e-35 170736.09711433004 454398.42500000005 355233.51000000007 2.5000000000000004 111647.54902496944 327504.38500000007 204398.89000000004 157852.88000000003 118964.325 225722.15785714288 109219.79393550634 171624.54500000001 139.50000000000003 112.50000000000001 12916.928695511595
decision_type=2 2 2 2 2 2 2 2 2 2 2 2 2 2 2 2 2 2 2 2 2 2 2 2 2 2 2 2 2 2
left_child=1 2 3 -1 -3 -6 7 8 15 10 11 13 -13 -10 19 16 17 23 -19 20 21 22 -11 -7 26 -8 27 28 -25 -30
right_child=-2 4 -4 -5 5 6 25 -9 9 14 -12 12 -14 -15 -16 -17 -18 18 -20 -21 -22 -23 -24 24 -26 -27 -28 -29 29 -31
leaf_value=-2.7505852308506307 384.59234437012549 1.4483534976530668 1.5807080434009368 -4.298633221164299 156.00063070252116 -6.4629447989266255 75.118043675392698 -69.468845456763418 -41.809522602894489 14.908387619594178 340.68802804450752 -10.265401407704859 -33.234622824426317 12.874121188289951 -20.160834088101787 -60.476695226195545 1057.2078697926638 124.50277163197103 -149.73672883980205 1524.0143773760885 -259.12947879216182 44.093244898993284 -7.0874536612972436 0.34018319861778945 -11.157056958517344 0.677721710863603 83.655879146834863 27.013925137131849 -79.088858224172895 261.13651946449329
leaf_weight=34 47 428 53 33 71 37 55 33 28 94 40 37 33 32 31 33 39 20 21 36 22 81 85 168 228 900 233 48 20 28
leaf_count=34 47 428 53 33 71 37 55 33 28 94 40 37 33 32 31 33 39 20 21 36 22 81 85 168 228 900 233 48 20 28
internal_value=-5.24933e-05 -0.000114961 -0.0025 -0.00544776 -1.56194e-05 -0.00027925 -0.000394626 -0.000886475 -0.000631277 -0.0016474 -0.00441176 -0.00615385 -0.00928571 -0.0025 -0.000300859 -2.85712e-05 0.000190024 -4.35864e-05 -0.0047561 0.000283019 -0.000319149 0.000384616 -0.000865922 0.000209974 0.000448276 0.000340314 0.00127767 7.57578e-05 -0.000787037 -0.00541667
internal_weight=3048 3001 120 67 2881 2453 2382 1427 1394 519 170 130 70 60 349 875 842 803 41 318 282 260 179 762 725 955 497 264 216 48
internal_count=3048 3001 120 67 2881 2453 2382 1427 1394 519 170 130 70 60 349 875 842 803 41 318 282 260 179 762 725 955 497 264 216 48
is_linear=0
shrinkage=0.05


Tree=275
num_leaves=31
num_cat=1
split_feature=1 1 4 2 5 4 1 1 1 1 2 1 5 6 4 5 4 2 11 3 4 10 1 5 10 3 8 2 10 10
split_gain=0.337964 0.624273 0.372461 0.575876 0.301042 0.255789 0.64092 0.957074 0.415836 1.04963 0.562218 0.844697 0.801708 0.557041 0.504906 0.470544 0.445517 0.564833 0.518993 0.492978 0.450401 0.416538 0.413049 0.476645 0.609023 0.394738 0.355236 0.333109 0.450461 0.852502
threshold=124051.74000000001 125838.80000000002 867306.46678571438 974722.88500000013 4874.8839069713058 476945.73303571431 772552.72500000009 869690.97500000021 291138.22500000003 295994.90000000008 298085.09000000003 330995.43000000011 152455.22732590305 129809.57337370444 159507.21398809526 180203.9220039123 294935.11271428579 373014.69000000006 0 296264.86571428581 220636.45857142858 128.50000000000003 367511.24500000005 125344.4409958035 188.50000000000003 155094.74571428573 1.0000000180025095e-35 166697.78500000003 60.500000000000007 72.500000000000014
decision_type=2 2 2 2 2 2 2 2 2 2 2 2 2 2 2 2 2 2 1 2 2 2 2 2 2 2 2 2 2 2
left_child=4 -2 3 5 -1 8 -7 -8 14 -10 11 21 16 -14 25 -15 20 19 22 -18 -12 -11 -19 24 -24 -3 -22 -16 -29 -30
right_child=1 2 -4 -5 -6 6 7 -9 9 10 12 -13 13 15 27 -17 17 18 -20 -21 26 -23 23 -25 -26 -27 -28 28 29 -31
leaf_value=-4.0883941978603922 -26.272878735855432 -2.2198214182178844 209.87068216305144 -870.25968488578042 1.1527106819934811 130.05962668969045 -3634.5435417070094 157.22606724870411 -33.36150089477762 -76.451366326255197 67.603902654283715 -7.4896636325945458 89.797924414646445 -920.17788965813691 28.477626716648917 -29.637402808391382 -12.741842349496636 234.45499011241225 125.48415579330658 108.87355582780575 -155.75228252384022 -62.650180800650219 -492.18780256880683 9.9907584592744794 -129.54749102382979 -14.310169590722644 -5.8420540621487529 85.673262054789291 -258.99213490928355 0.084978238026217234
leaf_weight=36 22 364 230 28 540 236 25 33 33 26 23 113 24 21 163 23 25 23 116 137 23 24 21 25 36 47 29 124 24 448
leaf_count=36 22 364 230 28 540 236 25 33 33 26 23 113 24 21 163 23 25 23 116 137 23 24 21 25 36 47 29 124 24 448
internal_value=3.2875e-06 -0.000251419 -0.000175941 -0.000374887 0.00109375 -0.000283623 0.00108844 -0.00362069 -0.000496829 -0.00144044 -0.00102322 -0.00358896 -0.000228137 -0.00529412 8.54703e-05 -0.00863636 0.000524018 0.0012141 -0.000429864 0.00345679 -0.003 -0.009 -0.00282609 -0.0047561 -0.0072807 -0.00132603 -0.00557692 0.000849803 0.000302014 -0.000402542
internal_weight=3042 2466 2444 2214 576 2186 294 58 1892 722 689 163 526 68 1170 44 458 383 221 162 75 50 105 82 57 411 52 759 596 472
internal_count=3042 2466 2444 2214 576 2186 294 58 1892 722 689 163 526 68 1170 44 458 383 221 162 75 50 105 82 57 411 52 759 596 472
cat_boundaries=0 1
cat_threshold=4
is_linear=0
shrinkage=0.05


Tree=276
num_leaves=31
num_cat=0
split_feature=7 6 3 4 4 4 2 1 6 10 10 2 3 10 5 5 10 5 3 5 10 1 4 5 5 1 10 1 1 1
split_gain=0.345613 0.337735 0.547837 0.4978 0.425855 0.55006 0.391694 0.484377 1.0975 0.490281 0.539683 0.517811 0.929032 0.49 0.466667 0.308793 0.266057 0.240979 0.686376 0.41475 0.398384 0.366072 0.247253 0.280385 0.216667 0.18 0.160295 0.550707 0.224523 0.779977
threshold=1.5000000000000002 371329.70067227964 798706.82857142866 529028.35928571445 420279.74303571432 404276.63994709001 538185.72500000009 128088.22000000002 12212.008836534076 176.50000000000003 246.50000000000003 169121.20500000005 296702.07214285719 218.50000000000003 46228.655527808231 439966.3942250454 26.500000000000004 109219.79393550634 299181.59500000003 74429.597521369942 86.500000000000014 194682.13500000004 174656.1905357143 40204.572716459974 5869.527124083922 618973.59500000009 255.50000000000003 183060.98000000001 291138.22500000003 298795.71000000002
decision_type=2 2 2 2 2 2 2 2 2 2 2 2 2 2 2 2 2 2 2 2 2 2 2 2 2 2 2 2 2 2
left_child=1 2 3 4 5 6 7 24 -9 17 11 -11 14 -14 -13 16 -2 18 19 21 -21 22 23 -10 -1 -6 28 -28 -18 -30
right_child=15 -3 -4 -5 25 -7 -8 8 9 10 -12 12 13 -15 -16 -17 26 -19 -20 20 -22 -23 -24 -25 -26 -27 27 -29 29 -31
leaf_value=-2.1757969108919935 27.478655128540623 -97.414502283033286 4986.3441889375035 -463.03672542459185 744.48118602616489 -140.93359792622826 1573.5268826146857 -6.7960143951826444 197.46270203025071 29.186798256159847 60.635842211997698 -19.662963023325478 150.11907295926616 -454.42896161317094 -85.28191786618163 2757.9856044470675 1.472376809307427 37.795394215250489 -279.11093164613152 3.8781834496713472 -66.782367736955266 289.50810231110296 -26.918248324092431 -11.177026550977869 1.1200306207275854 6.7408863937284664 -1.683187722507677 33.109619720765416 -75.267708539505108 0.16020334078087295
leaf_weight=26 140 39 43 23 45 27 29 23 40 26 34 20 25 20 28 37 1128 52 32 31 22 71 26 25 130 30 34 45 36 755
leaf_count=26 140 39 43 23 45 27 29 23 40 26 34 20 25 20 28 37 1128 52 32 31 22 71 26 25 130 30 34 45 36 755
internal_value=0.00013478 -0.000709342 -0.000495169 -0.000796178 -0.000577428 -0.000967977 -0.000681818 -0.000942947 -0.00173684 -0.00119469 -0.00349673 -0.00508403 -0.00682796 -0.00166667 -0.0116667 0.000471265 0.000392891 -1.67222e-05 -0.000668016 0.000348837 -0.00349057 0.00160494 -0.000494505 0.00115385 0.00147436 0.003 0.000245245 -0.00196203 0.000336113 -0.000309734
internal_weight=3042 867 828 785 762 687 660 631 475 452 153 119 93 45 48 2175 2138 299 247 215 53 162 91 65 156 75 1998 79 1919 791
internal_count=3042 867 828 785 762 687 660 631 475 452 153 119 93 45 48 2175 2138 299 247 215 53 162 91 65 156 75 1998 79 1919 791
is_linear=0
shrinkage=0.05


Tree=277
num_leaves=31
num_cat=0
split_feature=0 3 4 10 4 2 0 3 10 3 5 0 5 6 3 0 3 5 10 10 3 0 0 0 3 0 2 2 3 5
split_gain=0.350042 0.514964 0.863456 0.752774 1.12876 0.415228 0.403333 0.336909 0.314103 0.279531 0.376228 0.485541 0.340993 0.633102 0.28744 0.402863 0.26548 0.275019 0.231574 0.234262 0.221631 0.204849 0.182692 0.468546 0.551541 0.246653 0.225154 0.478754 0.235427 0.182325
threshold=420963.16000000009 403279.36928571435 476945.73303571431 208.50000000000003 401334.3548214286 352487.06500000006 357901.85000000003 352271.63285714295 239.50000000000003 413517.83500000002 118470.56287015569 577566.06000000017 160148.23591941161 172782.68422723815 534700.47071428585 535414.21000000008 1206016.0507142858 439966.3942250454 17.500000000000004 20.500000000000004 130190.23142857144 347663.93000000005 318444.77500000008 297294.37000000005 299948.86500000005 306470.57000000001 298085.09000000003 272157.78500000009 286942.57000000012 4874.8839069713058
decision_type=2 2 2 2 2 2 2 2 2 2 2 2 2 2 2 2 2 2 2 2 2 2 2 2 2 2 2 2 2 2
left_child=1 18 3 4 21 8 -4 -7 -2 -9 11 -11 -12 -14 -15 -16 17 -17 20 -20 -1 -3 23 29 -25 -26 27 28 -24 -21
right_child=5 2 6 -5 -6 7 -8 9 -10 10 12 -13 13 14 15 16 -18 -19 19 22 -22 -23 26 24 25 -27 -28 -29 -30 -31
leaf_value=-11.931612688176182 145.77900912380144 -28.669965424097008 533.68408510855897 7.820993933638011 -283.57564303444309 -76.388662778925706 -584.06773667053619 161.77480617478201 -3.3875350613719166 1135.8006042666686 109.35048615390227 -1746.3776448548206 -89.920915934661409 630.94346780881574 -267.76509415454643 34.008086883966747 -180.40141008767466 1102.5975673621565 39.862578628474317 -3.9245554984185498 7.7545648366045645 -251.95944917047154 68.154340464929206 0.23268209796978942 -116.30953994288396 -37.148324374172141 27.643459881294962 -38.042315203173906 -13.158745992419469 0.034431074122564811
leaf_weight=20 130 26 50 40 28 24 30 86 20 23 75 20 35 34 22 198 28 40 41 35 27 20 26 64 21 22 141 20 31 1665
leaf_count=20 130 26 50 40 28 24 30 86 20 23 75 20 35 34 22 198 28 40 41 35 27 20 26 64 21 22 141 20 31 1665
internal_value=3.61606e-05 -0.00026658 -0.00273196 -0.00552632 -0.00851351 0.000986395 0.00125 0.000384616 0.00333333 0.000632799 0.000157895 -0.00430233 0.000601852 -4.20166e-05 0.000652174 0.000138889 0.000676692 0.00121849 -4.0227e-05 3.87224e-05 -0.00351064 -0.00369565 -3.70368e-05 -0.000201992 -0.00341121 -0.0077907 0.00133028 -0.000844156 0.00149123 1.86265e-10
internal_weight=3042 2307 194 114 74 735 80 585 150 561 475 43 432 357 322 288 266 238 2113 2066 47 46 2025 1807 107 43 218 77 57 1700
internal_count=3042 2307 194 114 74 735 80 585 150 561 475 43 432 357 322 288 266 238 2113 2066 47 46 2025 1807 107 43 218 77 57 1700
is_linear=0
shrinkage=0.05


Tree=278
num_leaves=31
num_cat=1
split_feature=7 5 0 5 5 4 1 5 0 0 2 1 2 0 5 1 5 1 1 0 4 0 5 11 7 2 3 2 5 1
split_gain=0.57789 0.485278 0.742129 0.446356 0.965748 0.414691 0.553592 0.910716 1.20708 0.419048 0.39573 0.384749 0.618346 0.329294 0.584377 0.707011 0.308793 0.288268 0.664735 0.625153 0.225672 0.217778 0.171225 0.137696 0.472848 0.313474 0.300496 0.670505 1.6021 0.642456
threshold=1.5000000000000002 344057.21568908996 617625.81000000017 155147.0633617999 173007.1862001144 367074.60357142863 281803.10000000003 85109.528137198809 292011.27500000008 432248.34500000003 300053.88000000006 241666.32000000004 166697.78500000003 166017.13000000003 44143.918163120215 203052.28000000003 439966.3942250454 156580.00000000003 128088.22000000002 162742.00000000003 159507.21398809526 922493.13000000012 6233.2414089869762 0 3.5000000000000004 1270417.1000000003 134752.64571428575 190915.16000000003 16695.964744711473 91147.715000000011
decision_type=2 2 2 2 2 2 2 2 2 2 2 2 2 2 2 2 2 2 2 2 2 2 2 1 2 2 2 2 2 2
left_child=1 2 3 5 -5 6 11 8 -8 -9 -7 12 17 -14 -15 -16 23 18 22 -20 -19 -3 -1 24 25 -2 29 -28 -29 -26
right_child=16 21 -4 4 -6 10 7 9 -10 -11 -12 -13 13 14 15 -17 -18 20 19 -21 -22 -23 -24 -25 26 -27 27 28 -30 -31
leaf_value=-0.2552685631849384 38.373630515479597 -390.77926575069898 2513.4371104992724 -235.11914732766587 -20.04024539754861 -7.2727807174766559 -21.94068466659385 36.343442492762065 -180.85775794679759 -98.755398356087795 99.074423753262764 45.8854511605985 -1.4575102043678196 -33.831992487608879 22.279138941396667 -96.198046321343256 2564.9564458566074 6.1789651233485587 -9.2447178807845027 -0.38414005985734612 71.734676011870079 -27.95416840776435 1.2421227642633119 0.01834716016577731 1.7436509654226828 -1872.7981846834564 48.669768950434047 -45.318162824974621 3.2089997403233932 -7.365965816802845
leaf_weight=34 443 20 81 21 36 21 26 22 21 20 101 66 37 26 37 23 37 25 24 39 42 25 120 1024 34 23 133 21 371 89
leaf_count=34 443 20 81 21 36 21 26 22 21 20 101 66 37 26 37 23 37 25 24 39 42 25 120 1024 34 23 133 21 371 89
internal_value=3.61606e-05 -0.00105536 -0.000778589 -0.0012753 -0.00552632 -0.000921052 -0.00149466 -0.00511236 -0.00989362 0.000238095 0.00172131 -0.000813953 -0.00138821 -0.00434959 -0.00604651 -0.00333333 0.000471265 -0.000105634 -0.000990783 -0.00531746 0.00276119 -0.00611111 0.000779221 0.000392891 0.000774022 0.00199571 -9.25924e-05 0.000428572 -0.000612245 -0.00231707
internal_weight=3042 867 822 741 57 684 562 89 47 42 122 473 407 123 86 60 2175 284 217 63 67 45 154 2138 1114 466 648 525 392 123
internal_count=3042 867 822 741 57 684 562 89 47 42 122 473 407 123 86 60 2175 284 217 63 67 45 154 2138 1114 466 648 525 392 123
cat_boundaries=0 1
cat_threshold=12
is_linear=0
shrinkage=0.05


Tree=279
num_leaves=31
num_cat=0
split_feature=7 5 6 5 5 10 10 2 10 7 2 3 3 3 3 3 5 5 6 1 6 7 2 3 3 3 10 6 10 5
split_gain=0.478183 0.485278 0.450827 0.395301 0.557724 0.540705 1.11495 0.960317 0.723162 0.71292 0.625572 0.585022 0.598764 0.480189 0.447994 0.438312 0.327889 0.289378 0.275178 0.705275 0.294495 0.268451 0.237999 0.223037 0.350481 0.217778 0.209735 0.219222 0.388889 0.642857
threshold=1.5000000000000002 344057.21568908996 176048.9093020412 157860.22606546877 176176.98395671838 170.50000000000003 191.50000000000003 169121.20500000005 25.500000000000004 1.0000000180025095e-35 124164.94500000002 296702.07214285719 207412.97 310743.97214285721 298209.21500000008 328123.72285714292 439966.3942250454 13171.136983466056 13866.442875563016 126986.87500000001 30907.185220021776 1.0000000180025095e-35 87111.185000000012 588183.77642857155 881574.58142857149 1009431.5150000001 149.50000000000003 40486.246300593797 86.500000000000014 78113.717897721697
decision_type=2 2 2 2 2 2 2 2 2 2 2 2 2 2 2 2 2 2 2 2 2 2 2 2 2 2 2 2 2 2
left_child=1 2 3 5 -5 8 7 -7 9 -1 -8 12 17 14 18 -9 -2 -12 19 22 -20 -19 -10 -4 -25 -3 27 -22 -29 -30
right_child=16 25 23 4 -6 6 10 15 13 -11 11 -13 -14 -15 -16 -17 -18 21 20 -21 26 -23 -24 24 -26 -27 -28 28 29 -31
leaf_value=26.906700563926638 0.92117052749851913 -132.31234067073959 36.339937928294574 -160.48208286704318 -21.29030755168111 1.2000825852022174 4.6931567327286636 -46.358519169132499 -1.9889018231687654 -28.949729689061371 -1.5583832946475553 21.325493558350434 -47.406613450630971 443.16243973059392 -293.07195965972352 -65.297041103182465 2436.7086235637771 46.126329216174042 95.125248414633617 -52.765435548067266 -9.3822626428144424 -5.0443539146220564 6.0675146127349837 -160.5417462096859 7570.6893227281489 -23.314485136601387 140.99057427464496 83.769223223314711 89.011608359831655 -61.351175791618545
leaf_weight=23 2138 20 45 21 20 21 37 22 29 24 20 76 24 61 21 20 37 26 48 20 20 21 22 20 32 25 23 63 42 21
leaf_count=23 2138 20 45 21 20 21 37 22 29 24 20 76 24 61 21 20 37 26 48 20 20 21 22 20 32 25 23 63 42 21
internal_value=-6.24587e-05 -0.00105536 -0.000778589 -0.0012069 -0.00597561 -0.000921052 -0.0026779 -0.00849206 0.000203837 -0.0056383 -0.000882353 -0.00218563 -0.00489011 0.000945946 0.000145631 -0.0128571 0.000333334 -0.00246269 0.000659722 -0.00204225 0.00154378 -0.000319149 0.00107843 0.00242268 0.000192308 -0.00611111 0.00056213 -0.000136986 0.000634921 -0.00214286
internal_weight=3042 867 822 725 41 684 267 63 417 47 204 167 91 370 309 42 2175 67 288 71 217 47 51 97 52 45 169 146 126 63
internal_count=3042 867 822 725 41 684 267 63 417 47 204 167 91 370 309 42 2175 67 288 71 217 47 51 97 52 45 169 146 126 63
is_linear=0
shrinkage=0.05


Tree=280
num_leaves=31
num_cat=0
split_feature=10 3 5 7 3 6 6 3 3 5 4 6 4 3 10 4 0 5 5 6 0 6 5 7 0 6 9 5 0 0
split_gain=0.304024 0.284048 0.390547 0.508944 0.759625 0.321323 0.41792 0.576239 0.310374 0.823449 0.422928 0.776823 1.02797 0.458346 0.401544 0.322376 0.299971 0.262459 0.259636 0.511915 1.13154 0.440333 0.238159 0.2339 0.357439 0.629513 0.466268 0.608439 0.31746 0.543254
threshold=257.50000000000006 472807.17642857152 324285.28731276351 1.5000000000000002 997494.77785714308 115555.99780710715 104009.62978997744 378768.98714285722 337522.94214285718 79901.07296397032 388845.3776785715 122962.54071743919 398491.41375000007 413517.83500000002 85.500000000000014 391963.17375000002 295188.25000000006 78113.717897721697 85109.528137198809 98684.841549004734 224927.81500000003 74596.889212536436 91341.761379179065 1.5000000000000002 149575.01500000004 71047.26365873059 1.0000000180025095e-35 25599.780967531329 126048.51000000002 132294.65000000005
decision_type=2 2 2 2 2 2 2 2 2 2 2 2 2 2 2 2 2 2 2 2 2 2 2 2 2 2 2 2 2 2
left_child=1 5 -3 4 -4 6 7 16 9 -7 13 12 -12 -10 -13 -16 18 -2 21 20 22 23 -20 28 26 -26 -25 -28 -1 -30
right_child=17 2 3 -5 -6 8 -8 -9 10 -11 11 14 -14 -15 15 -17 -18 -19 19 -21 -22 -23 -24 24 25 -27 27 -29 29 -31
leaf_value=1.6469727700701478 -5.4306776739243219 105.91527677661246 -531.91960191993348 175.66172855249528 7.7958279513145845 22.446418500781576 14.780943384007083 -133.94484485314686 139.38581688163319 -93.617052364108488 287.05508652316524 1108.1575299165841 -500.30696854680878 -205.61994450573394 -91.339180567646636 -3.8638308188948005 10.786271928740987 143.25303275958674 -42.236773655667548 101.05825544868206 -99.98851651257992 110.18336506196425 302.36119297451114 0.10772471120646646 36.585480074928533 -173.71564065394969 -3.51952128820197 1.0908811825603524 -10.46560996009098 -3.7878913504142098
leaf_weight=105 55 348 20 116 37 43 191 29 81 33 26 43 22 21 20 197 229 34 32 38 20 60 31 571 270 29 31 32 35 280
leaf_count=105 55 348 20 116 37 43 191 29 81 33 26 43 22 21 20 197 229 34 32 38 20 60 31 571 270 29 31 32 35 280
internal_value=1.46153e-05 0.000100335 0.00116123 -0.000780347 -0.00464912 -0.000123532 0.00015885 -7.81248e-05 -0.00127572 -0.00421053 -0.000731707 -0.00165584 -0.0075 0.00205882 -0.000576923 -0.00145161 3.68692e-05 -0.00286517 -0.000215124 -0.00243802 -0.00463855 -2.47698e-05 -0.00134921 -0.000210643 0.00023044 0.00165552 -0.00044164 -0.00452381 -0.00119048 -0.00198413
internal_weight=3079 2990 521 173 57 2469 1983 1792 486 76 410 308 48 102 260 217 1763 89 1534 121 83 1413 63 1353 933 299 634 63 420 315
internal_count=3079 2990 521 173 57 2469 1983 1792 486 76 410 308 48 102 260 217 1763 89 1534 121 83 1413 63 1353 933 299 634 63 420 315
is_linear=0
shrinkage=0.05


Tree=281
num_leaves=31
num_cat=0
split_feature=6 6 2 4 0 1 0 4 1 1 2 4 5 1 6 2 0 2 5 6 10 10 8 10 10 6 5 5 1 10
split_gain=0.322095 0.578024 0.365217 0.306545 0.287934 0.315924 0.281716 0.293358 0.573536 0.437526 0.816155 0.315977 0.298861 0.325255 0.36469 0.297458 0.281104 0.264933 0.25608 0.377627 0.260342 0.479479 0.673299 0.505574 0.353941 0.344813 0.340665 0.459494 0.481667 0.390037
threshold=172782.68422723815 168585.86737647827 672052.88000000012 391241.97714285721 641841.67000000016 629150.43500000017 582636.63500000013 401334.3548214286 264311.82000000007 403110.97000000003 405998.49000000005 414646.92553571431 6233.2414089869762 92933.49500000001 6927.7645778391561 479878.03000000009 405023.70000000007 95836.580000000016 7644.1984385971373 7163.1150196360077 145.50000000000003 116.50000000000001 1.0000000180025095e-35 121.50000000000001 165.50000000000003 21928.124730430602 49641.373843985166 67453.735831204875 236415.55000000002 128.50000000000003
decision_type=2 2 2 2 2 2 2 2 2 2 2 2 2 2 2 2 2 2 2 2 2 2 2 2 2 2 2 2 2 2
left_child=1 4 3 -2 5 6 7 12 -9 15 16 -12 13 14 -1 -10 -11 -15 -14 -20 21 25 23 -23 -22 -21 29 -28 -29 -25
right_child=2 -3 -4 -5 -6 -7 -8 8 9 10 11 -13 18 17 -16 -17 -18 -19 19 20 24 22 -24 26 -26 -27 27 28 -30 -31
leaf_value=2.089287595973722 -7.0795958147373357 -30.833807429885209 1.9365194315564525 170.62570817051778 -123.83790332587374 1038.9960511509066 277.65946136128184 -475.56357479297441 872.66484134425502 -157.4223153043117 -84.750799394765238 72.338383580128877 4.4609500639220157 -3.8166782631623306 -0.35494959248368585 -32.255794245973156 -120.36559098713627 -1.1897116706043971 -6.0206857071929125 34.391732004678246 21.317419856917368 -51.818928799173733 15.067166994218073 175.94974361957236 0.72289626550281783 -1.2395250911904525 -38.749118826911882 16.00233075507651 -9.6319295110427632 -17.488635710282622
leaf_weight=43 28 23 305 194 37 31 27 20 39 20 20 56 90 20 32 20 26 27 28 175 163 26 66 23 786 624 30 24 25 51
leaf_count=43 28 23 305 194 37 31 27 20 39 20 20 56 90 20 32 20 26 27 28 175 163 26 66 23 786 624 30 24 25 51
internal_value=7.95715e-05 -0.000152821 0.00120493 0.00274775 -8.10595e-05 -1.60512e-05 -7.92359e-05 -0.000135579 -0.00196517 -0.00107735 -0.00278688 0.000394737 2.9109e-05 -0.00237705 -0.000333333 0.00245763 -0.00804348 -0.0056383 0.000168167 5.19547e-05 0.000132966 -0.000411877 -0.00234694 -0.00393855 0.00073235 0.000181477 -0.00284314 -0.00512658 -0.00214286 -0.000405405
internal_weight=3079 2552 527 222 2529 2492 2461 2434 201 181 122 76 2233 122 75 59 46 47 2111 2021 1993 1044 245 179 949 799 153 79 49 74
internal_count=3079 2552 527 222 2529 2492 2461 2434 201 181 122 76 2233 122 75 59 46 47 2111 2021 1993 1044 245 179 949 799 153 79 49 74
is_linear=0
shrinkage=0.05


Tree=282
num_leaves=31
num_cat=0
split_feature=0 5 5 1 6 0 6 2 5 2 2 10 0 4 7 0 5 0 2 2 1 2 0 0 6 1 5 2 1 5
split_gain=0.349304 0.342502 0.265592 0.325255 0.36469 0.265801 0.295953 0.264933 0.264851 0.310699 0.313725 0.312841 0.517911 0.265152 0.264251 0.2625 0.258426 0.206232 0.496785 0.751945 1.0006 0.409639 0.371689 0.321015 0.296614 0.542108 0.43973 0.400651 0.42793 0.276216
threshold=566263.16500000015 344057.21568908996 6233.2414089869762 92933.49500000001 6927.7645778391561 82086.090000000011 39407.664274207134 95836.580000000016 118470.56287015569 672052.88000000012 804593.59000000008 93.500000000000014 902965.40000000014 881080.39964285726 5.5000000000000009 1170112.9500000002 30721.231188236601 145642.87000000002 147200.40000000002 165776.74000000002 149068.74500000002 184225.86500000002 119653.40500000001 142611.07500000004 24553.044512361008 166583.71000000002 20726.6165526 156663.87500000003 161367.42000000004 42715.319169421877
decision_type=2 2 2 2 2 2 2 2 2 2 2 2 2 2 2 2 2 2 2 2 2 2 2 2 2 2 2 2 2 2
left_child=1 2 3 4 -1 6 16 -5 -2 14 13 12 -12 -11 -10 -14 -4 18 23 20 -20 -21 -23 29 25 27 -26 -19 -29 -7
right_child=8 -3 5 7 -6 17 -8 -9 9 10 11 -13 15 -15 -16 -17 -18 24 19 21 -22 22 -24 -25 26 -27 -28 28 -30 -31
leaf_value=1.9848232161752759 -548.13003320507084 -572.6180487424981 31.929861629900611 -3.6258443500043458 -0.3372021128596 1.240602601023947 80.568477623314564 -1.13022608707392 160.85791836223268 -999.17969632827226 -2653.9260699855822 611.77975266009287 259.72683592633359 1105.5640952505551 -81.200425844086311 -2283.7978793742359 -0.89920832552112417 128.63037554622252 -38.82189581336435 180.37031944846734 61.962656673166265 161.76079791481874 -26.824210405269284 -68.916280988150874 -10.857217711033075 37.285549886109969 -0.20245691451492839 -6.5503634355661253 64.552799723379721 -1.0220771792430641
leaf_weight=43 31 22 25 20 32 362 55 27 137 20 25 123 28 22 23 20 21 35 28 34 20 20 47 23 20 269 1381 29 22 115
leaf_count=43 31 22 25 20 32 362 55 27 137 20 25 123 28 22 23 20 21 35 28 34 20 20 47 23 20 269 1381 29 22 115
internal_value=6.33324e-05 -0.000150943 -9.89344e-05 -0.00237705 -0.000333333 1.19715e-05 0.00252475 -0.0056383 0.00138695 0.00173367 0.000588235 0.00142857 -0.00116438 -0.00333333 0.0034375 0.001875 -0.000434782 -9.35549e-05 -0.000855162 -0.00338926 -0.00854167 -0.000940594 -0.00320895 -9.99998e-05 0.000187927 0.00147887 -0.000139186 -0.00197674 -0.00480392 0.000178197
internal_weight=3079 2650 2628 122 75 2506 101 47 429 398 238 196 73 42 160 48 46 2405 649 149 48 101 67 500 1756 355 1401 86 51 477
internal_count=3079 2650 2628 122 75 2506 101 47 429 398 238 196 73 42 160 48 46 2405 649 149 48 101 67 500 1756 355 1401 86 51 477
is_linear=0
shrinkage=0.05


Tree=283
num_leaves=31
num_cat=0
split_feature=10 5 0 0 2 10 10 0 0 2 4 0 0 10 10 10 0 10 3 2 7 5 4 2 10 10 2 4 10 10
split_gain=0.417979 0.354798 0.324983 0.370146 0.412345 0.410343 0.884804 0.394279 0.364769 0.353855 0.424807 0.347253 0.466923 0.578255 0.980837 0.623648 1.0303 0.506711 1.05771 0.582593 0.550959 0.408004 0.346693 0.286835 0.276307 0.872121 0.560327 0.455376 0.380918 0.348448
threshold=257.50000000000006 78113.717897721697 145642.87000000002 138480.01000000004 64375.44000000001 138.50000000000003 194.50000000000003 84004.775000000009 87111.185000000012 156663.87500000003 122659.70982142859 91147.715000000011 103849.62000000001 39.500000000000007 117.50000000000001 207.50000000000003 94270.685000000012 129.50000000000003 136543.58142857146 149373.40000000005 1.0000000180025095e-35 42350.848692379157 85187.377914285724 95836.580000000016 189.50000000000003 197.50000000000003 179619.46500000003 299498.07750000007 251.50000000000003 152.50000000000003
decision_type=2 2 2 2 2 2 2 2 2 2 2 2 2 2 2 2 2 2 2 2 2 2 2 2 2 2 2 2 2 2
left_child=2 -2 3 4 -1 -5 -7 22 23 -4 -11 -10 13 -13 -15 16 -16 18 21 -20 -19 -14 -6 -9 29 27 -27 -26 -28 -12
right_child=1 -3 9 5 7 6 -8 8 11 10 24 12 17 14 15 -17 -18 20 19 -21 -22 -23 -24 -25 25 26 28 -29 -30 -31
leaf_value=-26.619250043215029 -4.9553017135667305 136.06435915405845 15.253961257636007 4.609528277121572 -3.408502293650046 -64.970486593685834 6.4152887391771474 -0.24175816844107054 21.521897524060691 -6.9398025350750858 1.158236860353433 -1.9533437406630698 34.915041361705043 8.3400873914227596 -11.568603838842392 0.50749642017315366 -0.28342199422654063 -1.8132735310718588 -53.001839694569924 -18.349277072377784 21.55512235584554 -14.941689366254677 45.771900839578976 -9.8900742738316865 -469.82943966246876 -56.788049225015008 1.2866576964297551 -470.56549424248044 73.338728173699025 40.670908064031295
leaf_weight=20 55 34 207 40 25 24 27 30 58 21 1087 23 76 60 24 35 44 27 25 27 138 20 104 21 20 50 387 42 44 284
leaf_count=20 55 34 207 40 25 24 27 30 58 21 1087 23 76 60 24 35 44 27 25 27 138 20 104 21 20 50 387 42 44 284
internal_value=-5.03408e-05 -0.00342697 5.01674e-05 -0.000778302 -0.000416116 -0.00379121 -0.00676471 -0.00022388 -0.000756579 0.000378151 0.000167959 -0.000385996 -0.000811623 -0.0027957 -0.00174847 -0.00470874 -0.0075 0.000367412 -0.00175676 -0.0075 0.00227273 0.00135417 0.00228682 -0.00480392 0.000245559 -0.000709024 1.03952e-05 -0.00629032 0.000591648 0.000623633
internal_weight=3079 89 2990 848 757 91 51 737 608 2142 1935 557 499 186 163 103 68 313 148 52 165 96 129 51 1914 543 481 62 431 1371
internal_count=3079 89 2990 848 757 91 51 737 608 2142 1935 557 499 186 163 103 68 313 148 52 165 96 129 51 1914 543 481 62 431 1371
is_linear=0
shrinkage=0.05


Tree=284
num_leaves=31
num_cat=1
split_feature=1 2 6 5 0 3 5 1 7 4 1 4 4 5 2 2 5 0 3 4 7 7 2 0 1 0 11 9 5 4
split_gain=0.360399 0.566854 0.680308 0.413166 0.358383 0.356836 0.343031 0.448677 0.452525 0.337188 0.528254 0.547456 0.487432 0.380952 0.344288 0.306631 0.276588 0.720532 0.248171 0.590616 0.371525 0.487449 0.769788 0.744498 0.84906 0.644615 0.454538 0.577481 0.450071 0.689304
threshold=424970.04000000004 553620.76000000013 186518.48434750325 91341.761379179065 625018.81500000006 362402.9671428572 5869.527124083922 92933.49500000001 1.5000000000000002 412390.29964285716 463342.72500000003 401334.3548214286 391241.97714285721 139335.16524784229 369476.97500000003 415228.49000000005 292071.28661657387 523564.02500000008 90806.161428571446 91603.312500000015 1.5000000000000002 1.0000000180025095e-35 184225.86500000002 210298.58000000002 209714.22000000003 339188.5500000001 0 1.0000000180025095e-35 73466.200920529096 174474.69571428574
decision_type=2 2 2 2 2 2 2 2 2 2 2 2 2 2 2 2 2 2 2 2 2 2 2 2 2 2 1 2 2 2
left_child=1 4 -3 -2 6 -5 7 8 -1 10 -7 12 13 -12 -11 -16 -17 -18 -8 -20 21 -21 28 -24 -25 -26 27 -22 29 -23
right_child=3 2 -4 5 -6 9 18 -9 -10 14 11 -13 -14 -15 15 16 17 -19 19 20 26 22 23 24 25 -27 -28 -29 -30 -31
leaf_value=-5.7165184697629101 -157.54244435871141 -261.86742545750724 145.80274612811289 528.17741965583355 -266.45984728751739 1172.8497678655783 1.9238671312789508 -2.558361610857383 4.8099178345588527 402.71876751223238 -207.94671864224611 -139.62030179089459 1031.4513906186687 68.451755664471378 -517.89292185977661 68.479349892858096 -505.14308395890731 125.96805127681722 -6.4992001984153136 2.3893983619553545 15.522015953780823 0.033490022709283439 -53.103573363759146 18.690330356695064 -10.62377872648409 -196.21094072617663 -0.13260490770125508 -5.6765449684705596 21.733714244778653 -5.0373334496835049
leaf_weight=30 39 39 41 60 28 26 59 31 33 63 21 24 34 21 20 237 28 158 29 278 549 105 21 30 47 21 895 54 33 25
leaf_count=30 39 39 41 60 28 26 59 31 33 63 21 24 34 21 20 237 28 158 29 278 549 105 21 30 47 21 895 54 33 25
internal_value=6.33324e-05 -0.000238501 -0.004375 0.00103283 -9.25924e-05 0.00131503 -2.23212e-05 -0.00297872 -0.000555555 0.00096519 -0.00134921 -0.003 -0.000921052 -0.00452381 0.0015415 0.00104966 0.0013357 -0.000107527 0.000107176 1.67707e-05 0.000116618 -0.000982143 -0.00244681 -0.0055042 -0.00367347 -0.00676471 0.00052737 0.00157423 -0.000214724 -0.00153846
internal_weight=3079 2348 80 731 2268 692 2240 94 63 632 126 100 76 42 506 443 423 186 2146 2087 2058 560 282 119 98 68 1498 603 163 130
internal_count=3079 2348 80 731 2268 692 2240 94 63 632 126 100 76 42 506 443 423 186 2146 2087 2058 560 282 119 98 68 1498 603 163 130
cat_boundaries=0 1
cat_threshold=12
is_linear=0
shrinkage=0.05


Tree=285
num_leaves=31
num_cat=0
split_feature=3 2 3 2 5 3 3 0 5 6 3 6 4 2 5 3 5 3 3 0 6 5 4 2 3 4 3 4 5 5
split_gain=0.270813 0.430837 0.270994 0.86163 0.450149 0.290787 0.912921 0.536508 0.254964 0.327813 0.451305 0.458355 0.519786 0.310012 0.492447 0.308043 0.285431 0.33366 1.00511 0.284461 0.252472 0.250401 0.24574 0.469086 1.67772 0.795438 0.455039 0.653469 0.564614 0.444836
threshold=444401.80285714293 314722.19000000006 413517.83500000002 292926.15500000009 152455.22732590305 399066.07000000001 396004.79571428575 329972.81500000006 164836.42297550617 361361.47975868621 514419.54785714293 211869.44353650193 1031562.4142857144 546466.46000000008 147182.69537654278 1206016.0507142858 237310.62769588534 798706.82857142866 703693.51000000013 489052.80000000005 6212.6344031628169 120328.82646153282 136298.99017857146 152143.40500000003 128882.97285714287 123614.00625000002 155094.74571428573 159507.21398809526 53124.246627285473 44143.918163120215
decision_type=2 2 2 2 2 2 2 2 2 2 2 2 2 2 2 2 2 2 2 2 2 2 2 2 2 2 2 2 2 2
left_child=2 -2 5 -4 21 6 20 -7 13 10 -10 -12 16 14 19 -11 -13 18 -18 -3 -1 -5 23 -22 25 29 -24 28 -28 -25
right_child=1 8 3 4 -6 7 -8 -9 9 15 11 12 -14 -15 -16 -17 17 -19 -20 -21 22 -23 26 24 -26 -27 27 -29 -30 -31
leaf_value=6.2131958304904531 209.63115313846049 6.9443837461690991 -171.32241888224351 -200.525708005204 -677.53788277439844 -34.737516492270231 -283.79640992415301 577.37746491067935 251.06002048678795 133.03024002989093 -396.40071744147576 1592.9259591956206 -1788.9755589222814 1417.6983952625765 3522.6856575087641 -1475.7434855801564 1236.1093832140734 69.430586339554438 -2709.8312384380079 -574.78891133570028 -0.6705055500027276 894.24822087808286 41.641070465847299 -11.718191506113396 -93.279515062720577 189.85420266553226 -11.419720561986715 -1.4085886054708514 -109.62438185713857 129.1607752380917
leaf_weight=62 68 33 20 39 20 20 27 70 43 133 39 23 33 50 33 21 23 36 20 26 631 25 150 38 20 31 31 1227 24 23
leaf_count=62 68 33 20 39 20 20 27 70 43 133 39 23 33 50 33 21 23 36 20 26 631 25 150 38 20 31 31 1227 24 23
internal_value=-0.00044587 0.000524957 -0.000675346 -0.00317308 -0.000952381 -0.000564996 -0.000675795 0.00222222 2.924e-05 -0.000660377 -0.00191244 -0.00304598 -0.00166667 0.00183099 0.000108696 0.0011039 9.80394e-05 -0.00132911 -0.00430233 -0.00262712 -0.000565489 0.00109375 -0.000655172 -0.001393 -0.004375 -0.00152174 -0.000272346 -0.000577223 -0.00590909 -0.00483607
internal_weight=3039 581 2458 104 84 2354 2264 90 513 371 217 174 135 142 92 154 102 79 43 59 2237 64 2175 743 112 92 1432 1282 55 61
internal_count=3039 581 2458 104 84 2354 2264 90 513 371 217 174 135 142 92 154 102 79 43 59 2237 64 2175 743 112 92 1432 1282 55 61
is_linear=0
shrinkage=0.05


Tree=286
num_leaves=31
num_cat=0
split_feature=0 6 5 6 4 1 0 4 0 4 10 6 1 1 2 5 6 6 5 4 5 2 10 10 6 4 10 2 5 10
split_gain=0.358017 0.44426 0.369063 0.348705 0.498843 0.275287 0.473138 0.688095 0.377447 0.348033 0.301293 0.299105 0.669106 0.439297 0.722192 0.478617 0.623158 0.578031 0.433368 0.397373 0.387461 0.383558 0.35792 0.312864 0.278728 0.58663 0.45191 0.358781 0.264675 0.518288
threshold=566263.16500000015 150392.42913183375 202391.29609061941 125262.425585351 487485.96125000005 699785.88500000013 527967.51000000013 412390.29964285716 405023.70000000007 476945.73303571431 15.500000000000002 155481.2509383517 469258.57000000007 453839.63000000006 546466.46000000008 144382.88999112198 123793.04869707425 137435.86740872913 125344.4409958035 303298.87482142862 105035.48597331518 292926.15500000009 20.500000000000004 201.50000000000003 117836.1444139721 334480.92495879129 166.50000000000003 346562.19000000006 83376.933967288132 212.50000000000003
decision_type=2 2 2 2 2 2 2 2 2 2 2 2 2 2 2 2 2 2 2 2 2 2 2 2 2 2 2 2 2 2
left_child=5 3 -3 -2 -5 6 9 -8 -7 10 -1 13 -13 14 15 16 18 21 20 -20 22 -18 -12 -22 25 27 -27 28 -24 -30
right_child=1 2 -4 4 -6 8 7 -9 -10 -11 11 12 -14 -15 -16 -17 17 -19 19 -21 23 -23 24 -25 -26 26 -28 -29 29 -31
leaf_value=-12.577216257093035 105.77632942071705 407.36159843321855 72.956578758220928 -420.20709616990354 512.95780185794274 -847.03896201840109 147.79539475973448 -904.57697112951394 5.6838771561475454 77.342225475817713 34.654282865940125 -3.5727674109373178 -92.154025778104369 439.48157244399795 -1483.6498455577603 689.07204697113002 -142.53713444479254 949.56167078860221 6.6625332819306466 -160.12869967438715 91.586005961993592 -123.9333478999434 -0.38052063327186247 -17.858413144194866 812.80299661391996 -126.00378677975391 -0.81137986363396741 408.6637079851842 -22.96325301184055 37.919845114028554
leaf_weight=22 22 70 270 28 23 26 28 20 36 124 60 61 22 122 20 56 23 20 21 29 91 38 1525 28 22 21 23 45 114 29
leaf_count=22 22 70 270 28 23 26 28 20 36 124 60 61 22 122 20 56 23 20 21 29 91 38 1525 28 22 21 23 45 114 29
internal_value=-0.000363606 0.00100484 0.00176471 -0.00253425 -0.00480392 -0.000578827 -0.00049922 -0.00541667 -0.00387097 -0.000405405 -0.000539297 -0.000485232 -0.00343373 -0.000378225 -0.000542725 -0.000454545 -0.000576831 -0.00487654 -0.000403386 -0.005 -0.000286006 -0.00729508 -0.000464926 0.00247899 -0.00059303 -0.000663062 -0.00636364 -0.000516637 -0.000635491 -0.00269231
internal_weight=3039 413 340 73 51 2626 2564 48 62 2516 2392 2370 83 2287 2165 2145 2089 81 2008 50 1958 61 1839 119 1779 1757 44 1713 1668 143
internal_count=3039 413 340 73 51 2626 2564 48 62 2516 2392 2370 83 2287 2165 2145 2089 81 2008 50 1958 61 1839 119 1779 1757 44 1713 1668 143
is_linear=0
shrinkage=0.05


Tree=287
num_leaves=31
num_cat=0
split_feature=6 6 10 10 10 6 0 1 6 10 10 1 10 10 3 6 6 0 1 10 10 6 5 10 7 1 1 1 6 10
split_gain=0.420208 0.307634 0.313061 0.251353 0.743107 0.461639 0.286423 0.339652 0.24455 0.257008 0.595273 0.412493 0.357974 0.332449 0.886774 0.347952 0.691182 0.457143 0.354579 0.310643 0.295761 0.289658 1.63336 0.310303 0.285705 0.307767 0.561404 0.504857 0.509738 0.27471
threshold=172782.68422723815 168585.86737647827 15.500000000000002 129.50000000000003 114.50000000000001 424678.58466219017 184942.17500000002 1391885.1650000003 161349.32619857075 155.50000000000003 144.50000000000003 87041.410000000018 185.50000000000003 136.50000000000003 132812.61642857143 113505.5981142065 137435.86740872913 324396.56000000006 440523.68500000006 189.50000000000003 140.50000000000003 38761.893008739375 18064.574810006332 178.50000000000003 1.0000000180025095e-35 220791.11500000002 139946.47000000003 298795.71000000002 127006.17951327014 191.50000000000003
decision_type=2 2 2 2 2 2 2 2 2 2 2 2 2 2 2 2 2 2 2 2 2 2 2 2 2 2 2 2 2 2
left_child=1 2 -1 4 6 -5 -2 -8 9 10 13 -11 21 15 -15 -4 17 -17 -19 -14 -16 22 23 -13 -23 26 -26 -27 -29 -21
right_child=3 -3 8 5 -6 -7 7 -9 -10 11 -12 12 19 14 20 16 -18 18 -20 29 -22 24 -24 -25 25 27 -28 28 -30 -31
leaf_value=-11.948355444237688 -60.309478157922662 -47.483064386423678 0.44658796706513582 118.34026309483964 -1561.5771340654999 -1359.6043525977427 87.547960214951786 -2894.2762907654783 50.940474672668138 2.8915855157284214 19.044534264459443 -1.3869860039724498 6.8912353722719946 -71.911284910007438 -7.6945847820090894 -110.40065864778705 1110.8932795660437 16.482348816072815 -119.7035997135761 -132.96388378394786 65.749914648539246 211.95860268870908 -25.92912010447451 78.496686430932129 -5.6867086854099353 -95.260101747378613 38.390355326818359 262.39296589028112 -75.386174055706178 -1.5644831109661332
leaf_weight=22 21 22 998 178 34 21 226 21 21 56 108 55 39 20 28 45 46 39 21 22 29 28 39 20 25 27 32 29 38 729
leaf_count=22 21 22 998 178 34 21 226 21 21 56 108 55 39 20 28 45 46 39 21 22 29 28 39 20 25 27 32 29 38 729
internal_value=-0.000215531 -0.000476753 -0.000425278 0.00110778 0.000198676 0.00248744 0.00108209 0.0015587 -0.000372895 -0.00041852 5.24739e-05 -0.000970149 -0.00118652 -0.000261011 -0.00344156 -4.78675e-05 -0.00228477 -0.00452381 -0.00166667 -0.000632911 -0.000263158 -0.00267918 -0.00464912 -0.000333333 -0.00142458 -0.00228477 0.000614035 -0.00404255 -0.00171642 -0.000858855
internal_weight=3039 2538 2516 501 302 199 268 247 2494 2473 1334 1139 1083 1226 77 1149 151 105 60 790 57 293 114 75 179 151 57 94 67 751
internal_count=3039 2538 2516 501 302 199 268 247 2494 2473 1334 1139 1083 1226 77 1149 151 105 60 790 57 293 114 75 179 151 57 94 67 751
is_linear=0
shrinkage=0.05


Tree=288
num_leaves=31
num_cat=0
split_feature=0 0 0 2 2 10 1 10 5 5 6 5 5 3 6 2 4 10 1 10 3 3 5 10 10 5 0 0 1 4
split_gain=0.430781 0.312561 0.29213 0.289799 0.419229 1.18945 0.303105 0.274545 0.248354 0.44157 0.562542 0.365676 0.411648 0.329229 0.602296 0.392157 0.224359 0.223332 0.219942 0.63676 0.475547 0.396102 0.325386 0.314504 0.297019 0.333457 0.257183 0.373936 0.346972 0.401169
threshold=436138.15500000009 427699.05000000005 420963.16000000009 352487.06500000006 409340.1650000001 175.50000000000003 1565539.9750000003 15.500000000000002 106658.83706061462 127358.78526881667 127006.17951327014 164836.42297550617 261838.50722672034 514419.54785714293 211869.44353650193 841203.67500000016 1099443.6676785718 20.500000000000004 91147.715000000011 29.500000000000004 91599.966428571453 124817.04571428572 6233.2414089869762 256.50000000000006 253.50000000000003 7644.1984385971373 72540.895000000004 81031.200000000026 94954.195000000022 116940.82678571431
decision_type=2 2 2 2 2 2 2 2 2 2 2 2 2 2 2 2 2 2 2 2 2 2 2 2 2 2 2 2 2 2
left_child=1 2 7 -2 5 -5 8 -1 -6 10 -10 -11 13 -13 -15 -16 -14 -9 19 -19 22 -21 -20 24 25 -22 -27 -28 -29 -30
right_child=3 -3 -4 4 6 -7 -8 17 9 11 -12 12 16 14 15 -17 -18 18 20 21 23 -23 -24 -25 -26 26 27 28 29 -31
leaf_value=-10.602611801467939 42.995426536943029 -52.259057531877289 900.11364871314584 140.11728468739111 224.74858102605972 -856.09524362059824 -713.53247859406076 23.906864751902518 -246.92508489392478 767.31610594190795 848.95538507344884 1474.242210720058 148.35803793351204 -293.13172338036605 706.6843756376893 -3861.107066929831 -346.68600359082848 -44.444084642218641 -2.3019110888826901 1.8993367585931855 6.9948090842046957 -9.3970834386874511 0.82807125950116189 22.76354214133292 -396.38005497607583 428.23417243722599 -22.72193988114045 48.169959091908332 -9.1050477185515657 -2.0159161568883337
leaf_weight=23 132 22 25 39 41 28 20 62 20 62 26 37 140 23 20 34 42 20 45 167 57 39 28 56 22 20 20 27 25 1717
leaf_count=23 132 22 25 39 41 28 20 62 20 62 26 37 140 23 20 34 42 20 45 167 57 39 28 56 22 20 20 27 25 1717
internal_value=-0.000116815 -0.000431579 -0.000376115 0.00100904 0.000488722 -0.00320895 0.00102151 -0.000433849 0.00129213 0.000915842 -0.00369565 0.00150838 0.000777027 -0.00157895 -0.00344156 -0.000555555 0.00225275 -0.000379609 -0.000461435 0.0010177 -0.000627169 0.00184466 -0.00458904 -0.000478395 -0.000587924 -0.000519828 -0.000638474 -0.000701509 -0.000624646 -0.000711825
internal_weight=3039 2375 2353 664 532 67 465 2328 445 404 46 358 296 114 77 54 182 2305 2243 226 2017 206 73 1944 1888 1866 1809 1789 1769 1742
internal_count=3039 2375 2353 664 532 67 465 2328 445 404 46 358 296 114 77 54 182 2305 2243 226 2017 206 73 1944 1888 1866 1809 1789 1769 1742
is_linear=0
shrinkage=0.05


Tree=289
num_leaves=31
num_cat=0
split_feature=0 0 1 6 1 6 10 10 1 0 10 2 1 2 0 1 1 7 6 6 3 7 10 6 2 10 0 3 6 1
split_gain=0.448241 0.359859 0.334983 0.316269 0.464194 0.486289 0.284579 0.255037 0.249129 0.340322 0.283238 0.248162 0.248016 0.210586 0.223577 0.244599 0.196037 0.184027 0.350448 0.402379 0.589188 1.5629 0.44368 0.758682 0.725764 1.3297 0.407038 0.30303 0.279887 0.237813
threshold=542636.96000000008 527967.51000000013 1565539.9750000003 150392.42913183375 325563.81000000006 125262.425585351 15.500000000000002 20.500000000000004 699785.88500000013 507334.46000000008 136.50000000000003 586239.86000000022 537380.32500000007 1396333.3000000003 1253947.2600000002 974722.88500000013 618973.59500000009 1.5000000000000002 7537.0338937629231 107906.13446047829 299948.86500000005 1.0000000180025095e-35 170.50000000000003 9769.7466563638827 169121.20500000005 232.50000000000003 317020.21500000003 371355.62642857147 42898.718367399662 233325.94000000003
decision_type=2 2 2 2 2 2 2 2 2 2 2 2 2 2 2 2 2 2 2 2 2 2 2 2 2 2 2 2 2 2
left_child=1 6 3 4 -2 -6 -1 -8 9 17 -10 -5 -7 14 15 16 -13 18 -9 20 22 -22 23 -20 28 29 27 -21 -24 -26
right_child=2 -3 -4 11 5 12 7 8 10 -11 -12 13 -14 -15 -16 -17 -18 -19 19 26 21 -23 24 -25 25 -27 -28 -29 -30 -31
leaf_value=-10.072481211394408 33.526975325650909 -465.16000171855296 -677.85585466435555 142.65356896883762 210.10387281536939 -662.8473236454056 16.905380847032571 2.7829192267329961 -568.20260699855226 898.16432327987229 24.160526009833831 256.57076352923275 -25.001674363738829 966.70877049282103 -4073.7289310605042 620.41250935932976 -2572.5399151688412 -0.041082995039740167 -5.3595616758848053 88.720401182913974 11.872603019913262 -194.38456840382571 2.5360556381121127 2.3163191480505234 -113.45117339483529 37.619120059894705 127.48371158363119 -108.49674643426931 -1.9527646508629695 -59.413078239729387
leaf_weight=23 24 21 20 96 23 24 67 37 29 30 22 44 21 36 40 61 60 1748 21 24 26 23 66 240 24 28 94 20 25 22
leaf_count=23 24 21 20 96 23 24 67 37 29 30 22 44 21 36 40 61 60 1748 21 24 26 23 66 240 24 28 94 20 25 22
internal_value=-0.000133267 -0.0003861 0.00132517 0.00162005 -0.000978261 -0.00308824 -0.000332814 -0.000282796 -0.000365066 -0.000292422 -0.00382353 0.00232938 -0.00611111 0.00147303 0.000853659 0.00166667 0.000192308 -0.000358632 -0.00107692 -0.00136215 -0.00205263 -0.0072449 -0.0014554 -0.000172414 -0.00348485 -0.00716216 0.00101449 -0.00295455 -0.000494505 -0.0123913
internal_weight=3039 2590 449 429 92 68 2569 2546 2479 2428 51 337 45 241 205 165 104 2398 650 613 475 49 426 261 165 74 138 44 91 46
internal_count=3039 2590 449 429 92 68 2569 2546 2479 2428 51 337 45 241 205 165 104 2398 650 613 475 49 426 261 165 74 138 44 91 46
is_linear=0
shrinkage=0.05


Tree=290
num_leaves=31
num_cat=0
split_feature=4 2 3 4 3 5 10 4 10 10 10 5 1 3 5 3 10 4 5 4 2 2 2 10 4 5 5 3 2 1
split_gain=0.767397 0.48523 0.445323 0.309751 0.713351 0.5189 1.19583 0.620462 0.741118 0.469112 1.03052 0.455544 0.385284 0.33293 0.310653 0.522751 0.301381 0.283528 0.432239 0.328438 0.293213 0.310115 0.278901 0.306765 0.299849 0.277816 0.566261 0.436519 0.438878 0.321811
threshold=91603.312500000015 91171.510000000009 90372.626428571457 449424.16089285718 392349.10428571439 103256.24612878035 230.50000000000003 400155.21071428579 134.50000000000003 189.50000000000003 136.50000000000003 90564.208972458073 443407.32000000007 388157.50714285712 118470.56287015569 490488.75642857148 27.500000000000004 1099443.6676785718 371384.67775465845 867306.46678571438 440523.68500000006 509633.48000000004 586239.86000000022 79.500000000000014 669903.92625000014 11491.827503407048 12432.449122995948 134752.64571428575 145611.20000000004 98692.750000000015
decision_type=2 2 2 2 2 2 2 2 2 2 2 2 2 2 2 2 2 2 2 2 2 2 2 2 2 2 2 2 2 2
left_child=1 -1 -3 4 13 11 7 8 12 10 -9 -6 -7 25 -5 -16 -17 19 -19 20 -18 -22 -23 -24 -25 27 -27 28 29 -2
right_child=3 2 -4 14 5 6 -8 9 -10 -11 -12 -13 -14 -15 15 16 17 18 -20 -21 21 22 23 24 -26 26 -28 -29 -30 -31
leaf_value=-0.68019030880071563 -0.51447310483301922 -8.9895846962538073 -5.1535749822859325 -70.251143935128638 -121.37654095635287 23.496822658854153 -150.53884462266004 -99.304860471295783 229.88064043396221 -296.68472208281099 -463.89064129383763 608.33838852422605 -198.09388308579076 1015.3842561323822 160.87852277575897 -1770.0354562921498 67.529814740285744 275.51861659559813 -3183.4930392084825 875.71521325806907 -49.990607244744908 1687.6278328672147 -199.34206589200835 -43.176825404927854 970.72756940163219 -38.659618882595488 0.082858161512816081 19.710228036403397 -20.400269974066184 4.3488727637715803
leaf_weight=57 125 24 22 63 39 26 27 22 66 32 20 38 20 36 92 27 62 41 25 143 29 26 23 32 39 35 1610 156 21 94
leaf_count=57 125 24 22 63 39 26 27 22 66 32 20 38 20 36 92 27 62 41 25 143 29 26 23 32 39 35 1610 156 21 94
internal_value=1.95314e-05 -0.0042233 -0.00804348 0.000166723 -9.08321e-05 -0.00241379 -0.00368545 -0.00225806 8.92859e-05 -0.00581081 -0.00928571 0.0011039 -0.00478261 0.00023351 0.0011794 0.00156772 0.000861298 0.00119048 -0.00181818 0.00175141 0.000497631 -0.000704698 0.000416667 -0.000851064 0.000774648 0.000149437 -0.000136778 0.00133838 1.86265e-10 0.000662101
internal_weight=3072 103 46 2969 2367 290 213 186 112 74 42 77 46 2077 602 539 447 420 66 354 211 149 120 94 71 2041 1645 396 240 219
internal_count=3072 103 46 2969 2367 290 213 186 112 74 42 77 46 2077 602 539 447 420 66 354 211 149 120 94 71 2041 1645 396 240 219
is_linear=0
shrinkage=0.05


Tree=291
num_leaves=31
num_cat=1
split_feature=4 2 4 0 10 10 2 10 7 1 10 10 10 11 2 1 0 4 4 2 1 10 10 10 10 10 1 10 10 2
split_gain=0.738241 0.48523 0.347826 0.303521 0.436923 0.73631 0.558674 0.64222 0.699338 1.11176 0.425575 0.387517 0.727279 0.383239 0.706349 0.461889 0.68578 0.690882 0.919943 0.53323 0.402516 0.398325 0.394541 0.669329 0.473132 0.680272 0.388454 0.387879 0.372894 0.72052
threshold=91603.312500000015 91171.510000000009 91146.005535714314 542636.96000000008 50.500000000000007 54.500000000000007 232310.66500000001 89.500000000000014 4.5000000000000009 327504.38500000007 96.500000000000014 36.500000000000007 31.500000000000004 0 313429.03000000009 294526.96000000008 494389.05500000005 412390.29964285716 401334.3548214286 672052.88000000012 264311.82000000007 198.50000000000003 119.50000000000001 175.50000000000003 156.50000000000003 140.50000000000003 591945.27000000014 253.50000000000003 134.50000000000003 378362.99000000005
decision_type=2 2 2 2 2 2 2 2 2 2 2 2 2 1 2 2 2 2 2 2 2 2 2 2 2 2 2 2 2 2
left_child=1 -1 -3 4 11 -6 -7 8 -8 -10 -9 12 -2 15 22 -12 17 18 21 26 -16 -17 -15 24 25 -24 -19 28 29 -22
right_child=3 2 -4 -5 5 6 7 10 9 -11 13 -13 -14 14 20 16 -18 19 -20 -21 27 -23 23 -25 -26 -27 -28 -29 -30 -31
leaf_value=-0.64618079336044953 5.9897555651354608 -9.1584822462167068 -4.6681611455733076 52.967381259054278 -17.711951246926013 0.63199377234595344 453.88388433432442 -69.922340018638451 -193.69119002744864 848.72721604026015 179.98958092538683 53.120009487069119 -29.000667386660844 16.462132671069206 -61.793778454886478 -82.869780682703535 -390.77568168445731 152.0162760367848 -127.20321988066078 -64.5735097883272 -124.54217796863121 1242.7099069535661 -70.808939062569848 -0.34408739164995811 -34.793512311676082 318.4033879410897 -1.7818058983874108 -62.431968894119393 251.86734163955259 93.986718190123838
leaf_weight=57 180 23 23 467 36 1191 92 27 21 30 59 138 49 25 25 33 23 61 22 25 23 26 28 100 29 21 21 20 164 33
leaf_count=57 180 23 23 467 36 1191 92 27 21 30 59 138 49 25 25 33 23 61 22 25 23 26 28 100 29 21 21 20 164 33
internal_value=-6.18488e-05 -0.0042233 -0.00804348 8.25196e-05 -0.000135891 -0.000409836 -0.000288232 -0.00122247 0.00185315 -0.00284314 -0.00179739 0.00145777 0.000196507 -0.00157182 -0.000648535 -0.00303571 -0.00424171 -0.00324468 -0.00672839 -0.000607476 0.00103774 -0.00347458 -0.00288177 -0.00370786 -0.00717949 -0.00418367 0.00134146 0.00166667 0.00227273 -0.00125
internal_weight=3072 103 46 2969 2502 2135 2099 908 143 51 765 367 229 738 468 270 211 188 81 107 265 59 203 178 78 49 82 240 220 56
internal_count=3072 103 46 2969 2502 2135 2099 908 143 51 765 367 229 738 468 270 211 188 81 107 265 59 203 178 78 49 82 240 220 56
cat_boundaries=0 1
cat_threshold=4
is_linear=0
shrinkage=0.05


Tree=292
num_leaves=31
num_cat=0
split_feature=4 6 3 7 1 2 4 2 3 1 10 10 10 10 4 4 10 10 7 1 10 2 3 10 10 10 4 4 1 3
split_gain=0.429541 0.463523 0.809502 0.406349 0.35916 0.311966 0.745455 0.478457 0.404423 0.419834 0.381944 0.366667 0.358601 0.362545 0.332476 0.484068 0.699928 0.542955 0.761552 0.35322 0.34949 0.366449 0.345591 0.500412 0.472692 0.391512 0.316942 0.334793 0.312843 0.345245
threshold=91603.312500000015 6212.6344031628169 90372.626428571457 2.5000000000000004 1213230.8100000003 258572.09500000003 289760.17017857148 275880.78000000009 224232.83928571432 223792.88500000004 128.50000000000003 186.50000000000003 91.500000000000014 33.500000000000007 449424.16089285718 400155.21071428579 98.500000000000014 187.50000000000003 3.5000000000000004 552618.79500000004 230.50000000000003 424263.92000000004 490488.75642857148 191.50000000000003 220.50000000000003 147.50000000000003 223645.53125000003 219480.8835714286 836376.76500000013 547789.94142857159
decision_type=2 2 2 2 2 2 2 2 2 2 2 2 2 2 2 2 2 2 2 2 2 2 2 2 2 2 2 2 2 2
left_child=1 3 -3 -1 5 6 8 10 26 -10 -7 -12 13 -9 15 16 -14 18 -17 -18 21 -19 -16 25 -25 28 27 -2 29 -24
right_child=4 2 -4 -5 -6 7 -8 12 9 -11 11 -13 14 -15 22 17 19 20 -20 -21 -22 -23 23 24 -26 -27 -28 -29 -30 -31
leaf_value=-1.4808932904080947 0.22897396531220734 -6.2270509026567531 -6.0095759612541828 5.1557087588105777 538.6815553322308 2.3739187176762591 27.252130179634307 -36.149001255597767 -0.43195709449912911 -78.222543467011178 -28.219387144652188 -7.6606577224279633 -152.42760413470316 100.9251243702743 74.305256049955872 -121.48156432084767 -7.372791715027498 -449.70867895519871 -120.82295234861687 2421.1308522185241 -47.543605524319503 302.38711161158369 -36.713727119075244 -333.2171733516484 12.804518341618152 1912.4009261182478 65.009614623471364 -21.724044337693662 -2355.0723018565818 747.1919999435836
leaf_weight=21 1203 37 21 24 85 36 201 87 68 31 20 24 20 281 107 22 378 20 21 28 31 34 23 33 37 41 34 23 37 44
leaf_count=21 1203 37 21 24 85 36 201 87 68 31 20 24 20 281 107 22 378 20 21 28 31 34 23 33 37 41 34 23 37 44
internal_value=-7.81248e-05 -0.00325243 -0.0062069 0.000555556 3.19975e-05 -6.24131e-05 0.000416667 -0.000626888 -3.67899e-06 -0.00308081 -0.004375 -0.0075 -0.000385852 0.000923913 -0.000936073 -0.0016787 -0.000868544 -0.004375 -0.00895349 -0.000418719 -0.00205882 0.000370371 0.000341615 -0.000813953 -0.00428571 0.000862069 0.000238095 0.000106036 -0.000769231 0.00126866
internal_weight=3072 103 58 45 2969 2884 1560 1324 1359 99 80 44 1244 368 876 554 426 128 43 406 85 54 322 215 70 145 1260 1226 104 67
internal_count=3072 103 58 45 2969 2884 1560 1324 1359 99 80 44 1244 368 876 554 426 128 43 406 85 54 322 215 70 145 1260 1226 104 67
is_linear=0
shrinkage=0.05


Tree=293
num_leaves=31
num_cat=0
split_feature=4 2 6 0 1 2 5 4 5 1 4 1 1 4 4 10 2 6 0 5 5 5 4 5 0 2 0 2 0 5
split_gain=0.738241 0.48523 0.394259 0.521825 0.703247 0.498237 0.678742 0.347826 0.302709 0.556563 0.626815 0.447252 1.12344 0.489802 0.404415 0.395062 0.367816 0.327462 0.290407 0.627766 0.604966 0.692794 0.5889 0.536827 0.51282 0.915751 0.503822 0.468121 0.417482 0.465851
threshold=91603.312500000015 91171.510000000009 170736.09711433004 625018.81500000006 457749.13000000006 346562.19000000006 119512.71187824332 91146.005535714314 122700.24752052366 241666.32000000004 440513.60017857148 443407.32000000007 379833.14000000007 400155.21071428579 508332.40803571435 125.50000000000001 338602.64000000007 149035.15484648271 292011.27500000008 85925.941363414211 103256.24612878035 107301.43079407841 291865.03214285721 82515.176084094041 317020.21500000003 307077.25000000006 257982.52000000005 484419.0500000001 324396.56000000006 74429.597521369942
decision_type=2 2 2 2 2 2 2 2 2 2 2 2 2 2 2 2 2 2 2 2 2 2 2 2 2 2 2 2 2 2
left_child=1 -1 3 8 -5 -4 -7 -3 17 -10 11 12 15 -13 -12 -11 -17 18 22 23 -21 -22 26 24 25 -20 -2 -23 -26 -30
right_child=2 7 5 4 -6 6 -8 -9 9 10 14 13 -14 -15 -16 16 -18 -19 19 20 21 27 -24 -25 28 -27 -28 -29 29 -31
leaf_value=-0.44925345464969474 0.1544924172887609 -8.3892055887730095 60.735040238875492 -408.35947824925506 53.044404776734034 -71.950478403346253 53.634720335284662 -4.1342742902317555 12.844990472083083 -79.490071268175257 742.89428313232452 300.5135918236823 -514.58199017426227 -183.80859531563362 -61.695234817202788 5.2235229307120123 -106.88681391887042 870.56936252636831 -3.1815628180082354 41.715147734272172 -122.40133412077397 45.922652706143985 40.630871408521557 -119.46748165214845 201.58059516666495 -47.691241331102567 -96.658136900034265 -190.27978068833536 -212.94045623532475 34.70041167484171
leaf_weight=57 1332 23 78 20 22 44 419 23 54 27 51 58 28 37 22 29 25 34 70 117 30 74 195 23 32 21 31 23 45 28
leaf_count=57 1332 23 78 20 22 44 419 23 54 27 51 58 28 37 22 29 25 34 70 117 30 74 195 23 32 21 31 23 45 28
internal_value=-6.18488e-05 -0.0042233 8.25196e-05 -0.000189456 -0.00571429 0.00130314 0.000680346 -0.00804348 -9.22043e-05 -0.00149547 -0.00240072 -0.00382353 -0.00600917 -0.00131579 0.00157534 -0.00302469 -0.000555555 0.00013382 5.19547e-05 -0.00104752 0.000696721 -0.00169291 0.000378691 -0.00299087 -0.00214286 -0.00489011 1.10053e-05 0.000360825 0.000238095 -0.00184931
internal_weight=3072 103 2969 2428 42 541 463 46 2386 331 277 204 109 95 73 81 54 2055 2021 463 244 127 1558 219 196 91 1363 97 105 73
internal_count=3072 103 2969 2428 42 541 463 46 2386 331 277 204 109 95 73 81 54 2055 2021 463 244 127 1558 219 196 91 1363 97 105 73
is_linear=0
shrinkage=0.05


Tree=294
num_leaves=31
num_cat=0
split_feature=4 10 0 1 0 10 4 2 4 2 10 10 1 9 0 0 10 0 5 7 0 5 2 7 0 4 2 9 1 2
split_gain=0.479361 0.452006 0.365381 0.388431 0.256962 0.455447 0.283071 0.242314 0.619276 0.438613 0.262563 0.292648 0.228018 0.462907 0.347222 0.709034 0.428571 0.323736 0.498291 1.41 0.557874 0.33373 0.330636 0.452426 0.40534 0.374969 0.507008 0.509394 0.358979 0.29632
threshold=91603.312500000015 151.50000000000003 72540.895000000004 96519.655000000013 945493.09500000009 41.500000000000007 1099443.6676785718 258572.09500000003 289760.17017857148 266317.76000000007 59.500000000000007 17.500000000000004 191105.64500000005 1.0000000180025095e-35 192849.65000000002 177181.55000000002 95.500000000000014 165035.91500000001 48174.393479078251 3.5000000000000004 95836.580000000016 69911.154821609802 82078.155000000013 4.5000000000000009 159469.98500000002 136095.90785714288 153983.22500000003 1.0000000180025095e-35 89777.440000000017 161367.42000000004
decision_type=2 2 2 2 2 2 2 2 2 2 2 2 2 2 2 2 2 2 2 2 2 2 2 2 2 2 2 2 2 2
left_child=1 2 -1 -4 7 -6 -7 8 12 -9 11 -11 17 14 15 -14 -16 18 22 20 -20 -22 -2 24 25 26 27 -24 -25 -23
right_child=4 -3 3 -5 5 6 -8 9 -10 10 -12 -13 13 -15 16 -17 -18 -19 19 -21 21 29 23 28 -26 -27 -28 -29 -30 -31
leaf_value=-6.0410444861397385 -39.828635084196641 -4.4492996958466735 2.2892962710642824 -5.8776921558890818 -619.21240540997019 1069.4737936929162 -346.56862296012878 -56.847754803142294 17.79087290135659 -31.356319671587517 -8.1333644851513895 90.043549604657699 -13.240797542029174 145.86362900932306 -89.337095604739119 -133.33853174134381 467.36310828007919 6.318589759487149 -7.995155531827348 30.211378251618829 3.5273488416143444 -2.98284373947951 4.2144293526443901 2.9140246387470254 -2.2854797852415585 108.86851369208257 -8.879009935509286 -2.5261389382870965 -2.6429286066250235 -557.49990332038021
leaf_weight=26 39 20 37 20 20 103 49 31 192 22 1009 184 68 23 21 28 27 334 29 80 30 20 275 21 27 86 23 25 181 22
leaf_count=26 39 20 37 20 20 103 49 31 192 22 1009 184 68 23 21 28 27 334 29 80 30 20 275 21 27 86 23 25 181 22
internal_value=0.000100912 -0.00325243 -0.00162651 0.000614035 0.000217245 0.00209302 0.00302632 0.000101895 0.00051902 -0.000417335 -0.00026749 0.00135922 0.000143488 -0.00158683 -0.00263889 -0.004375 0.000833334 0.000385906 -0.000128205 -0.00245856 -0.00638614 -0.00402778 0.00049483 0.000768025 0.00167431 0.00206601 0.00128483 0.00183333 -0.00118812 -0.00690476
internal_weight=3072 103 83 57 2969 172 152 2797 1551 1246 1215 206 1359 167 144 96 48 1192 858 181 101 72 677 638 436 409 323 300 202 42
internal_count=3072 103 83 57 2969 172 152 2797 1551 1246 1215 206 1359 167 144 96 48 1192 858 181 101 72 677 638 436 409 323 300 202 42
is_linear=0
shrinkage=0.05


Tree=295
num_leaves=31
num_cat=0
split_feature=0 3 6 6 10 0 2 0 2 10 2 3 8 1 2 8 5 1 3 1 6 5 5 10 10 10 0 10 0 10
split_gain=0.397419 0.620687 0.652282 0.656132 0.459559 0.510175 0.37432 0.434028 0.410735 0.432353 0.408807 0.348943 0.586957 0.285259 0.277434 0.263754 0.262458 0.261517 0.375912 0.667063 0.29632 0.243973 0.230453 0.214615 1.03157 0.546601 0.365615 0.542203 0.850416 0.504586
threshold=566263.16500000015 413517.83500000002 149035.15484648271 140282.44546770511 131.50000000000003 479004.31000000006 427250.85500000004 234668.66000000003 386468.1650000001 148.50000000000003 553620.76000000013 452915.53785714292 1.0000000180025095e-35 428246.89500000008 305767.98500000004 1.0000000180025095e-35 126584.91272437781 416123.95000000001 371355.62642857147 340694.82000000007 121803.69412352426 125344.4409958035 109219.79393550634 54.500000000000007 50.500000000000007 63.500000000000007 203691.06500000003 98.500000000000014 260574.74500000002 115.50000000000001
decision_type=2 2 2 2 2 2 2 2 2 2 2 2 2 2 2 2 2 2 2 2 2 2 2 2 2 2 2 2 2 2
left_child=1 6 3 11 5 15 8 -8 16 -10 -9 12 13 -3 -2 -4 17 18 23 20 -20 -16 -12 24 -1 -25 -27 28 -28 -29
right_child=14 2 4 -5 -6 -7 7 10 9 -11 22 -13 -14 -15 21 -17 -18 -19 19 -21 -22 -23 -24 25 -26 26 27 29 -30 -31
leaf_value=-1.4499530944022136 74.162077872580014 -32.331790679376034 -378.45268616871078 -1232.6422151008946 21.965270225637202 -527.24439646616383 -149.83605385980792 1446.1112949890451 -77.370442928165701 731.86664470746712 65.287264080506205 11.124519019375356 -521.39948503609173 1017.3347432472042 -353.83401958367449 1205.5067137944241 17.114007336323223 104.52361969651314 -90.172204442651051 22.540728204797329 -488.57485042368603 74.971049107606561 -12.37062527536936 47.106456972956181 -32.401753627020931 0.080366438130646201 -77.960188836107875 92.274444181373426 -14.588586795954638 -6.5662638677564606
leaf_weight=366 42 21 35 22 102 29 20 109 34 30 23 40 23 25 21 26 80 22 22 30 20 340 28 69 34 1042 21 34 44 279
leaf_count=366 42 21 35 22 102 29 20 109 34 30 23 40 23 25 21 26 80 22 22 30 20 340 28 69 34 1042 21 34 44 279
internal_value=-0.000308275 -0.000532319 -0.00258514 -0.00530534 -0.000729166 -0.00333333 -0.000244907 0.00194444 -0.000430183 -0.004375 0.0028125 -0.0037156 -0.00586956 -0.0026087 0.00115385 -0.000737705 -0.000307804 -0.000421079 -0.000481897 -0.00402778 -0.00809524 0.000706371 -0.000882353 -0.000346744 -0.001375 -7.05169e-05 -0.00028169 -0.00161376 -0.00576923 -0.000750799
internal_weight=3033 2630 323 131 192 90 2307 180 2127 64 160 109 69 46 403 61 2063 1983 1961 72 42 361 51 1889 400 1489 1420 378 65 313
internal_count=3033 2630 323 131 192 90 2307 180 2127 64 160 109 69 46 403 61 2063 1983 1961 72 42 361 51 1889 400 1489 1420 378 65 313
is_linear=0
shrinkage=0.05


Tree=296
num_leaves=31
num_cat=0
split_feature=10 6 0 1 5 5 10 4 5 4 5 7 0 4 5 1 6 7 6 1 0 6 4 0 0 0 4 1 6 6
split_gain=0.458029 0.405518 0.332074 0.26844 0.365041 0.581301 0.545483 0.324143 0.656995 0.566392 0.647281 0.421106 0.67923 0.307833 0.446502 1.57507 0.432109 0.598596 0.48591 0.454064 0.442907 0.325757 0.272511 0.346773 0.257926 0.615399 0.41239 0.441322 0.425616 0.811359
threshold=17.500000000000004 40046.088382577611 582636.63500000013 281803.10000000003 44143.918163120215 42995.228707665905 24.500000000000004 294935.11271428579 74429.597521369942 299689.54392857145 17453.063830055315 5.5000000000000009 343228.20500000007 120614.08482142859 35552.16044183739 115232.09500000002 27377.126534717117 2.5000000000000004 6212.6344031628169 94325.000000000015 93625.795000000027 8964.6164863648683 91964.882142857168 86269.435000000012 297294.37000000005 310110.58500000002 375439.2678571429 453839.63000000006 132496.94395562264 149035.15484648271
decision_type=2 2 2 2 2 2 2 2 2 2 2 2 2 2 2 2 2 2 2 2 2 2 2 2 2 2 2 2 2 2
left_child=1 -1 3 4 5 13 -6 8 -5 -9 -11 12 -10 14 16 -16 17 22 -19 20 -20 -15 -2 -24 -12 -26 -27 28 -28 -30
right_child=2 -3 -4 7 6 -7 -8 9 11 10 24 -13 -14 21 15 -17 -18 18 19 -21 -22 -23 23 -25 25 26 27 -29 29 -31
leaf_value=4.9460167011022511 6.3453347898600114 -33.710719904775829 52.971423271429778 1033.3673564287485 -84.487630485345079 -170.13166991364551 2.9618357014579533 57.826326068492222 -148.16334366343602 -8.0965880891098667 45.877438319541987 -47.814619122159215 -65.862414548388301 132.39707800837726 6.8204297534085914 -18.828876853530414 36.635936607889178 2.8064420524896154 -7.7183127262618134 -5.0370011783317414 1.4148052373081403 0.013021596028462763 39.377436279191421 -4.9285359402420452 -110.37501203994611 12.911281807320378 -3.7543109380915989 0.010742778115454918 -163.1147998078136 -46.071907718690952
leaf_weight=28 58 29 375 28 27 22 723 84 34 20 139 33 23 34 29 21 54 29 33 36 28 586 21 22 30 77 105 218 36 51
leaf_count=28 58 29 375 28 27 22 723 84 34 20 139 33 23 34 29 21 54 29 33 36 28 586 21 22 30 77 105 218 36 51
internal_value=-0.000209363 -0.00464912 -0.000124328 -0.000324875 3.77251e-05 -0.000601233 0.000866667 -0.00103645 -0.00347458 -0.000657895 -0.00113905 -0.00555556 -0.00815789 -0.000415352 -0.00164653 -0.006 -0.000871886 -0.00182819 -0.00412698 -0.00582474 -0.00319672 0.000241936 0.0010396 -0.00197674 -0.000868902 -0.00138298 -0.000954825 -0.00158537 -0.00333333 -0.00591954
internal_weight=3033 57 2976 2601 1723 973 750 878 118 760 676 90 57 951 331 50 281 227 126 97 61 620 101 43 656 517 487 410 192 87
internal_count=3033 57 2976 2601 1723 973 750 878 118 760 676 90 57 951 331 50 281 227 126 97 61 620 101 43 656 517 487 410 192 87
is_linear=0
shrinkage=0.05


Tree=297
num_leaves=31
num_cat=0
split_feature=4 2 2 4 10 4 10 10 5 5 2 5 1 1 2 0 1 2 1 5 5 5 5 5 5 10 0 2 1 2
split_gain=0.380917 0.608698 1.11514 0.399526 0.367736 0.36478 0.352641 0.344294 0.614043 0.952436 0.648718 0.788795 0.339497 0.396202 0.634672 0.388484 0.84965 0.324366 0.319045 0.307584 0.291101 0.358925 0.288645 0.288111 0.893155 0.25974 0.253589 0.55965 0.390061 0.375277
threshold=113514.94000000002 90508.205000000016 96469.185000000012 91603.312500000015 178.50000000000003 91603.312500000015 163.50000000000003 26.500000000000004 39282.105838163297 66865.457558682814 317186.07000000001 258615.33492402805 123051.55500000001 131286.31000000003 125056.06500000002 86269.435000000012 91795.705000000016 101976.58000000002 1121804.6600000001 7644.1984385971373 8278.0665702847164 11491.827503407048 12432.449122995948 14317.534418092788 15596.358183056995 191.50000000000003 966850.47500000021 950324.20000000007 950324.20000000007 819491.67500000016
decision_type=2 2 2 2 2 2 2 2 2 2 2 2 2 2 2 2 2 2 2 2 2 2 2 2 2 2 2 2 2 2
left_child=1 6 3 -3 -5 -4 -1 8 -2 -10 -11 -12 15 14 -14 16 -9 -15 19 -19 -21 -22 -23 -24 -25 -16 27 29 -28 -26
right_child=7 2 5 4 -6 -7 -8 12 9 10 11 -13 13 17 25 -17 -18 18 -20 20 21 22 23 24 26 -27 28 -29 -30 -31
leaf_value=-0.77101223971181232 51.988658288803016 -8.1393618260783409 -2.1680469091338455 -2.2096804226590701 -2.7933087245666175 55.368935820432583 3.6154720863103744 63.047102732760528 -54.404545667554672 99.243094602418353 -1105.8552088512843 3272.1402082693471 -54.75371710163445 416.18098925568086 26.653750619690328 4.3584397568849598 -12.1624792867186 34.09262402971504 607.38729679661844 -3.6413504083040062 36.041587708001977 -59.188951742100542 34.401575990188007 -96.439837232725068 -2.5645718904039976 -4.1721372247322881 548.27316360601685 -212.7091297766122 -2699.4590899855848 175.66618803856045
leaf_weight=90 42 21 24 35 24 29 32 27 21 23 34 21 27 32 35 258 39 28 105 23 143 29 56 23 1634 20 52 46 27 33
leaf_count=90 42 21 24 35 24 29 32 27 21 23 34 21 27 32 35 258 39 28 105 23 143 29 56 23 1634 20 52 46 27 33
internal_value=-0.000209363 -0.00205882 -0.0043985 -0.008125 -0.00601695 0.00122642 0.000491803 -3.95966e-05 -0.00244681 -0.00459596 -0.00205128 -0.005 8.91166e-05 -0.000123216 -0.00353659 0.00160494 -0.00181818 2.24133e-06 -7.04864e-05 -0.000205348 -0.000275895 -0.000212922 -0.000394737 -0.000318012 -0.000426997 -0.000454545 -0.000301339 -0.000429072 0.00246835 -0.000278944
internal_weight=3033 255 133 80 59 53 122 2778 141 99 78 55 2637 2313 82 324 66 2231 2199 2094 2066 2043 1900 1871 1815 55 1792 1713 79 1667
internal_count=3033 255 133 80 59 53 122 2778 141 99 78 55 2637 2313 82 324 66 2231 2199 2094 2066 2043 1900 1871 1815 55 1792 1713 79 1667
is_linear=0
shrinkage=0.05


Tree=298
num_leaves=31
num_cat=0
split_feature=4 6 7 3 10 5 10 0 6 10 4 4 6 10 4 3 3 4 0 6 5 0 10 7 10 4 6 4 6 5
split_gain=0.269699 0.544872 0.599465 0.515525 1.17944 0.431119 0.401732 0.411092 0.34255 0.259091 0.23896 0.530554 0.302212 0.269878 0.380161 0.267971 0.219496 0.351978 0.319337 0.491846 0.477828 0.463158 0.379078 0.428218 0.350113 0.333135 0.485807 0.376152 0.296675 0.295654
threshold=113514.94000000002 6212.6344031628169 2.5000000000000004 90806.161428571446 124.50000000000001 7644.1984385971373 163.50000000000003 84004.775000000009 7537.0338937629231 29.500000000000004 669903.92625000014 529028.35928571445 424678.58466219017 147.50000000000003 1091314.2683928574 476012.27071428573 121438.68285714288 136298.99017857146 203691.06500000003 168585.86737647827 17453.063830055315 210298.58000000002 46.500000000000007 2.5000000000000004 225.50000000000003 385148.46392857149 113505.5981142065 294935.11271428579 216769.50933962673 35552.16044183739
decision_type=2 2 2 2 2 2 2 2 2 2 2 2 2 2 2 2 2 2 2 2 2 2 2 2 2 2 2 2 2 2
left_child=1 9 6 8 -5 -2 7 -3 -4 -1 11 16 13 14 -12 -13 29 -18 19 22 -20 -22 23 -19 28 27 -27 -26 -23 -7
right_child=5 2 3 4 -6 10 -8 -9 -10 -11 12 15 -14 -15 -16 -17 17 18 20 -21 21 24 -24 -25 25 26 -28 -29 -30 -31
leaf_value=-0.033092188129249904 16.637248017114363 46.39907049992695 0.8522679417631368 -28.337412218325497 -2.318494841808084 -8.3102259477570257 6.2874088988986783 -7.5158829672519296 -11.471540181889811 22.83389082747204 108.61871117856882 -1.7286216038017994 -1147.4104183557067 874.89154935858392 -1112.6724414243342 -1198.6303420242155 -3.567983183952645 -11.618280098327467 -7.0236801002425313 -46.311733631497098 -121.47613908163322 1.1696671627908912 12.669583085613088 31.473182643759738 -195.87956488611189 -49.464748911109012 -18.437527154401945 30.210534751152387 58.211461729312262 4.533257664886019
leaf_weight=22 43 23 23 22 37 63 29 32 29 38 189 23 21 73 25 25 342 30 36 22 25 950 495 49 27 23 98 51 32 136
leaf_count=22 43 23 23 22 37 63 29 32 29 38 189 23 21 73 25 25 342 30 36 22 25 950 495 49 27 23 98 51 32 136
internal_value=-0.000110452 -0.00166667 -0.00294872 -0.00536036 -0.00855932 3.23976e-05 0.000238095 -0.00227273 -0.00173077 0.0025 -4.57037e-05 -0.000212196 0.00126623 0.0016899 0.000794393 -0.00541667 -0.000107188 -0.000252293 2.1763e-05 0.000973155 -0.000434782 -0.00026534 0.00125436 -0.00196203 -0.000122777 -0.00203518 -0.00367769 0.000512821 0.000264766 0.00148241
internal_weight=3033 255 195 111 59 2778 84 55 52 60 2735 2427 308 287 214 48 2379 2180 1838 596 1242 1206 574 79 1181 199 121 78 982 199
internal_count=3033 255 195 111 59 2778 84 55 52 60 2735 2427 308 287 214 48 2379 2180 1838 596 1242 1206 574 79 1181 199 121 78 982 199
is_linear=0
shrinkage=0.05


Tree=299
num_leaves=31
num_cat=0
split_feature=4 4 5 0 4 4 10 3 4 3 7 4 10 1 1 5 0 0 1 4 0 6 4 10 3 4 10 6 10 10
split_gain=0.396204 0.457619 0.343407 0.189576 0.349746 0.369812 0.24381 0.213953 0.226973 0.204143 0.255102 0.193564 0.17706 0.174157 0.471223 0.426154 0.386248 0.654762 0.32882 0.560001 0.559061 0.390309 0.740816 0.578102 0.493827 0.987093 1.13471 0.948148 0.302127 0.504167
threshold=91603.312500000015 91271.17357142859 27055.113574326959 811818.69500000007 1061388.8887500002 867306.46678571438 215.50000000000003 750621.0357142858 669903.92625000014 1157977.4778571432 1.0000000180025095e-35 570946.61571428587 135.50000000000003 87705.310000000012 96982.175000000003 7644.1984385971373 98820.410000000018 94270.685000000012 124051.74000000001 136566.87839285718 90460.950000000026 9769.7466563638827 136017.59642857147 222.50000000000003 124524.91428571429 135554.6035714286 147.50000000000003 38154.647580068216 142.50000000000003 114.50000000000001
decision_type=2 2 2 2 2 2 2 2 2 2 2 2 2 2 2 2 2 2 2 2 2 2 2 2 2 2 2 2 2 2
left_child=1 2 -1 4 5 7 9 8 11 10 -5 13 -11 28 16 -16 17 -15 20 21 -17 -20 23 24 27 26 -26 -23 29 -2
right_child=3 -3 -4 6 -6 -7 -8 -9 -10 12 -12 -13 -14 14 15 18 -18 -19 19 -21 -22 22 -24 -25 25 -27 -28 -29 -30 -31
leaf_value=4.5067059879773685 0.96883974537733364 -3.290812665729876 -5.1627222365392988 -119.70697032795152 -992.41671323346475 3490.6833548451259 -445.29320491665771 -29.428354902150478 942.52772141720254 -23.855101410924512 432.28350332932354 -111.77815929800789 524.14141581849935 -3.4473379096844847 5.1552872956362998 -7.1445312925127755 2.0726743798195941 -19.496519951485951 45.860061164456738 0.34968473457155463 23.601878622695029 -6.3424699043446955 -22.34086969240915 17.142139618691687 -8.666493815934345 8.4824061893227949 -323.00278492147709 153.68815914418519 7.8367452080747091 -14.502514767574823
leaf_weight=52 60 25 28 21 22 36 24 26 22 22 126 20 31 77 60 44 40 28 46 1772 136 27 20 34 46 23 21 45 79 20
leaf_count=52 60 25 28 21 22 36 24 26 22 22 126 20 31 77 60 44 40 28 46 1772 136 27 20 34 46 23 21 45 79 20
internal_value=-7.74809e-05 -0.00309524 -0.00125 3.07379e-05 -8.5059e-05 -3.35569e-05 0.00142857 -0.000102041 -5.72517e-05 0.002 0.00295918 -0.000100077 -0.000660377 -6.20634e-05 -0.000167424 8.79526e-06 -0.00293103 -0.00452381 -0.000103884 -0.000285152 0.00194444 -0.00244275 -0.00333333 -0.00239796 -0.00364198 -0.00611111 -0.0091791 -0.000555555 0.00154088 -0.000625
internal_weight=3033 105 80 2928 2704 2682 224 2646 2620 200 147 2598 53 2578 2419 2274 145 105 2214 2034 180 262 216 196 162 90 67 72 159 80
internal_count=3033 105 80 2928 2704 2682 224 2646 2620 200 147 2598 53 2578 2419 2274 145 105 2214 2034 180 262 216 196 162 90 67 72 159 80
is_linear=0
shrinkage=0.05


end of trees

feature_importances:
net_settled_amount_lag_7=1217
net_settled_amount_lag_14=1167
days_since_first_transaction=1161
net_settled_amount_lag_1=1150
net_settled_amount_roll_std_28=930
net_settled_amount_roll_std_7=927
net_settled_amount_roll_mean_7=917
net_settled_amount_roll_mean_28=885
day_of_week=481
merchant_category=115
is_month_end=35
is_weekend=15

parameters:
[boosting: gbdt]
[objective: quantile]
[metric: quantile]
[tree_learner: serial]
[device_type: cpu]
[data_sample_strategy: bagging]
[data: ]
[valid: ]
[num_iterations: 300]
[learning_rate: 0.05]
[num_leaves: 31]
[num_threads: 0]
[seed: 42]
[deterministic: 0]
[force_col_wise: 0]
[force_row_wise: 0]
[histogram_pool_size: -1]
[max_depth: -1]
[min_data_in_leaf: 20]
[min_sum_hessian_in_leaf: 0.001]
[bagging_fraction: 0.8]
[pos_bagging_fraction: 1]
[neg_bagging_fraction: 1]
[bagging_freq: 5]
[bagging_seed: 400]
[bagging_by_query: 0]
[feature_fraction: 0.8]
[feature_fraction_bynode: 1]
[feature_fraction_seed: 30056]
[extra_trees: 0]
[extra_seed: 12879]
[early_stopping_round: 0]
[early_stopping_min_delta: 0]
[first_metric_only: 0]
[max_delta_step: 0]
[lambda_l1: 0]
[lambda_l2: 0]
[linear_lambda: 0]
[min_gain_to_split: 0]
[drop_rate: 0.1]
[max_drop: 50]
[skip_drop: 0.5]
[xgboost_dart_mode: 0]
[uniform_drop: 0]
[drop_seed: 17869]
[top_rate: 0.2]
[other_rate: 0.1]
[min_data_per_group: 100]
[max_cat_threshold: 32]
[cat_l2: 10]
[cat_smooth: 10]
[max_cat_to_onehot: 4]
[top_k: 20]
[monotone_constraints: ]
[monotone_constraints_method: basic]
[monotone_penalty: 0]
[feature_contri: ]
[forcedsplits_filename: ]
[refit_decay_rate: 0.9]
[cegb_tradeoff: 1]
[cegb_penalty_split: 0]
[cegb_penalty_feature_lazy: ]
[cegb_penalty_feature_coupled: ]
[path_smooth: 0]
[interaction_constraints: ]
[verbosity: -1]
[saved_feature_importance_type: 0]
[use_quantized_grad: 0]
[num_grad_quant_bins: 4]
[quant_train_renew_leaf: 0]
[stochastic_rounding: 1]
[linear_tree: 0]
[max_bin: 255]
[max_bin_by_feature: ]
[min_data_in_bin: 3]
[bin_construct_sample_cnt: 200000]
[data_random_seed: 175]
[is_enable_sparse: 1]
[enable_bundle: 1]
[use_missing: 1]
[zero_as_missing: 0]
[feature_pre_filter: 1]
[pre_partition: 0]
[two_round: 0]
[header: 0]
[label_column: ]
[weight_column: ]
[group_column: ]
[ignore_column: ]
[categorical_feature: 11]
[forcedbins_filename: ]
[precise_float_parser: 0]
[parser_config_file: ]
[objective_seed: 16083]
[num_class: 1]
[is_unbalance: 0]
[scale_pos_weight: 1]
[sigmoid: 1]
[boost_from_average: 1]
[reg_sqrt: 0]
[alpha: 0.1]
[fair_c: 1]
[poisson_max_delta_step: 0.7]
[tweedie_variance_power: 1.5]
[lambdarank_truncation_level: 30]
[lambdarank_norm: 1]
[label_gain: ]
[lambdarank_position_bias_regularization: 0]
[eval_at: ]
[multi_error_top_k: 1]
[auc_mu_weights: ]
[num_machines: 1]
[local_listen_port: 12400]
[time_out: 120]
[machine_list_filename: ]
[machines: ]
[gpu_platform_id: -1]
[gpu_device_id: -1]
[gpu_use_dp: 0]
[num_gpu: 1]

end of parameters

pandas_categorical:[["d2c_ecommerce", "food_delivery", "marketplace", "saas_subscription"]]
