tree
version=v4
num_class=1
num_tree_per_iteration=1
label_index=0
max_feature_idx=11
objective=quantile
feature_names=net_settled_amount_lag_1 net_settled_amount_lag_7 net_settled_amount_lag_14 net_settled_amount_roll_mean_7 net_settled_amount_roll_mean_28 net_settled_amount_roll_std_7 net_settled_amount_roll_std_28 day_of_week is_weekend is_month_end days_since_first_transaction merchant_category
feature_infos=[18180.150000000001:2029883.9099999999] [18180.150000000001:2029883.9099999999] [18180.150000000001:2029883.9099999999] [68947.41857142857:1536892.9714285713] [70173.683478260864:1255731.5096428574] [2829.1137622642855:727837.98654433049] [4698.3932376879438:480838.44424985169] [0:6] [0:1] [0:1] [14:264] -1:0:3:2:1
tree_sizes=2546 2662 2669 2663 2684 2678 2679 2670 2678 2686 2689 2698 2689 2684 2694 2697 2692 2691 2694 2702 2704 2689 2707 2684 2689 2710 2736 2695 2718 2703 2729 2707 2729 2722 2717 2721 2710 2723 2715 2702 2740 2711 2720 2733 2717 2740 2769 2718 2727 2715 2721 2739 2738 2712 2704 2727 2715 2740 2749 2705 2729 2739 2712 2723 2715 2716 2715 2693 2716 2695 2716 2710 2709 2732 2720 2721 2738 2742 2723 2696 2725 2745 2734 2736 2738 2740 2742 2729 2749 2732 2733 2729 2748 2740 2741 2721 2718 2767 2764 2728 2757 2764 2752 2722 2744 2712 2736 2736 2753 2755 2743 2748 2750 2715 2727 2728 2743 2755 2741 2736 2735 2722 2751 2715 2740 2757 2763 2757 2770 2774 2749 2718 2715 2699 2729 2773 2757 2769 2752 2734 2737 2713 2735 2702 2747 2720 2687 2725 2734 2724 2713 2744 2724 2776 2768 2761 2745 2731 2735 2682 2683 2735 2745 2738 2746 2708 2739 2688 2717 2747 2749 2771 2743 2748 2739 2729 2719 2731 2725 2730 2731 2731 2724 2705 2748 2754 2705 2725 2741 2732 2731 2746 2711 2724 2742 2733 2734 2702 2761 2739 2750 2732 2738 2741 2732 2741 2739 2750 2722 2695 2752 2739 2733 2732 2741 2717 2757 2739 2711 2736 2720 2712 2742 2730 2697 2727 2743 2728 2738 2717 2729 2741 2715 2764 2715 2745 2751 2744 2713 2760 2735 2708 2725 2733 2727 2743 2736 2729 2778 2706 2712 2740 2721 2740 2738 2756 2719 2720 2729 2731 2744 2722 2722 2739 2750 2712 2705 2745 2750 2728 2742 2721 2729 2706 2720 2734 2759 2709 2715 2739 2740 2761 2686 2728 2695 2731 2746 2760 2725 2750 2752 2743 2737 2747 2727 2737 2734 2726 2728 2714

Tree=0
num_leaves=31
num_cat=0
split_feature=2 3 3 5 2 7 2 3 5 4 0 4 0 0 4 3 2 4 4 6 5 3 2 0 2 5 5 3 3 3
split_gain=525.261 55.9369 15.7401 11.9957 4.94723 4.18564 2.60184 1.79339 1.2004 1.16267 2.16312 1.06106 0.969352 0.906362 0.643764 1.21133 0.625 0.570582 1.1237 0.845949 0.717715 0.635182 0.555886 0.449721 0.433357 0.433081 0.376997 0.646368 0.370774 0.327301
threshold=238189.11000000002 328123.72285714292 200219.99071428573 99666.096979378126 196971.24000000002 2.5000000000000004 261101.73000000001 378768.98714285722 44978.661696059258 220636.45857142858 174095.48500000002 223645.53125000003 186595.16000000003 317020.21500000003 314879.24570488726 328123.72285714292 214222.48500000002 449424.16089285718 401334.3548214286 136501.98635866327 142335.75914286054 413517.83500000002 246961.92500000002 407826.83000000007 409340.1650000001 128357.81606349666 126584.91272437781 498526.83071428578 411163.68000000011 228495.40642857147
decision_type=2 2 2 2 2 2 2 2 2 2 2 2 2 2 2 2 2 2 2 2 2 2 2 2 2 2 2 2 2 2
left_child=1 3 -2 4 11 -5 7 22 -6 10 -10 -1 -8 -3 -14 -16 -11 18 21 20 28 -17 -4 -23 -21 -15 27 -19 -20 -13
right_child=2 13 6 5 8 -7 12 -9 9 16 -12 29 14 25 15 17 -18 26 19 24 -22 23 -24 -25 -26 -27 -28 -29 -30 -31
leaf_value=223395.765625 224724.87148437501 232255.34609375001 228815.68671874999 226954.17421875001 226072.06015624999 229191.67109374999 232700.73828125 239271.41328124999 226928.53203125001 227346.80859375 228879.36289062499 226285.42421875001 232421.91171874999 235461.04843749999 232369.64609374999 237363.74609375 226765.16953124999 236614.39999999999 238118.69218750001 236706.51640625001 232961.51171875 233082.94140625 229136.35468749999 236583.27890624999 237353.92656250001 237394.87265624999 252925.28203125001 236803.37578125001 236837.13359375001 226001.64804687499
leaf_weight=1239 20 21 27 39 24 32 32 28 21 20 20 33 381 28 20 203 20 52 26 23 21 26 21 35 38 44 463 20 29 20
leaf_count=1239 20 21 27 39 24 32 32 28 21 20 20 33 381 28 20 203 20 52 26 23 21 26 21 35 38 44 463 20 29 20
internal_value=228377 228377 228377 228377 228377 228377 228377 228377 228377 228377 228377 228377 228377 228377 228377 228377 228377 228377 228377 228377 228377 228377 228377 228377 228377 228377 228377 228377 228377 228377
internal_weight=3026 1561 1465 1468 1397 71 1445 76 105 81 41 1292 1369 93 1337 956 40 936 401 137 76 264 48 61 61 72 535 72 55 53
internal_count=3026 1561 1465 1468 1397 71 1445 76 105 81 41 1292 1369 93 1337 956 40 936 401 137 76 264 48 61 61 72 535 72 55 53
is_linear=0
shrinkage=1


Tree=1
num_leaves=31
num_cat=0
split_feature=1 3 2 2 3 2 1 3 1 1 2 4 7 3 4 6 6 4 10 10 4 3 10 2 1 4 4 4 3 1
split_gain=531.859 40.3389 15.4132 6.9247 6.11838 2.61117 1.75249 1.65247 1.31698 1.28805 2.1535 0.961818 0.890347 0.825 0.715688 0.692668 0.676434 1.25942 0.668667 1.8375 0.904865 0.612813 0.559788 0.712088 0.513984 0.504018 0.498626 0.418779 0.273529 0.174973
threshold=217492.16500000004 328123.72285714292 255935.42000000004 199034.94500000004 355577.36071428575 189547.73500000002 245193.81000000003 224232.83928571432 167458.51500000004 163701.77000000005 240216.89000000004 218950.02750000005 3.5000000000000004 316903.36357142864 420279.74303571432 75613.881588898148 106377.10293599313 449424.16089285718 101.50000000000001 85.500000000000014 400155.21071428579 157203.80785714291 160.50000000000003 509633.48000000004 440523.68500000006 387813.85142857145 418029.89910714288 222408.70160714287 409974.92000000004 379833.14000000007
decision_type=2 2 2 2 2 2 2 2 2 2 2 2 2 2 2 2 2 2 2 2 2 2 2 2 2 2 2 2 2 2
left_child=1 3 4 7 5 -2 13 27 -9 -5 15 -7 -13 -4 25 21 -8 18 19 24 29 -11 -22 26 -18 -6 -24 -1 -3 -20
right_child=2 28 6 9 14 11 16 8 -10 10 -12 12 -14 -15 -16 -17 17 -19 20 -21 22 -23 23 -25 -26 -27 -28 -29 -30 -31
leaf_value=-4780.0642578124998 -1297.3119042968749 8375.0887109375017 1402.3075390625004 -2648.6437890625007 5381.6436328125001 -325.70909179687516 4046.8512890625007 -2812.3570312500001 -2130.19140625 -1199.3438574218751 145.40127929687515 258.25941406250058 792.99105468750065 7221.77291015625 11319.211054687501 -541.4257421874994 7356.5736328125004 20967.809335937502 5250.0501953125004 1118.7974414062498 8127.63521484375 -2263.6244921875 4069.5630468749996 9954.9493750000001 13154.3705078125 1441.9467968750005 8714.6126562499994 -2565.3462109375005 6379.6721289062498 11302.593945312501
leaf_weight=1216 26 31 20 23 27 26 396 21 33 22 20 37 34 24 33 39 37 524 75 20 28 24 24 28 23 34 28 20 20 113
leaf_count=1216 26 31 20 23 27 26 396 21 33 22 20 37 34 24 33 39 37 524 75 20 28 24 24 28 23 34 28 20 20 113
internal_value=-4.95704e-05 -0.0216304 0.0203115 -0.0232017 0.00794931 0.000609756 0.0223134 -0.0243023 -0.0157407 -0.0121094 -0.0097619 0.00438144 0.00739437 0.0125 0.0175532 -0.0132353 0.0226466 0.0218889 0.0196809 0.015625 0.020777 -0.0173913 0.0171296 0.015 0.02 0.0143443 0.0115385 -0.0246764 0.0220588 0.0228723
internal_weight=3026 1469 1557 1418 217 123 1340 1290 54 128 105 97 71 44 94 85 1296 900 376 80 296 46 108 80 60 61 52 1236 51 188
internal_count=3026 1469 1557 1418 217 123 1340 1290 54 128 105 97 71 44 94 85 1296 900 376 80 296 46 108 80 60 61 52 1236 51 188
is_linear=0
shrinkage=0.05


Tree=2
num_leaves=31
num_cat=0
split_feature=1 5 2 0 5 2 2 5 5 0 1 2 5 4 1 4 4 4 2 4 6 5 0 10 5 10 4 6 2 5
split_gain=517.108 36.9436 14.6405 6.38983 4.89674 4.13739 2.35242 2.175 2.01571 1.79983 1.46364 1.73061 1.46306 1.37482 1.16529 1.23882 0.988138 0.899157 0.882281 0.75822 0.688095 0.625 0.604196 0.463079 0.59777 0.454369 0.42238 0.957798 0.644405 0.775758
threshold=217492.16500000004 99666.096979378126 261101.73000000001 268668.97500000003 136534.7931255649 199034.94500000004 238189.11000000002 63529.329816426594 114762.05410160978 174933.97500000003 166583.71000000002 227828.70500000005 101117.95492778243 223645.53125000003 245193.81000000003 314879.24570488726 414646.92553571431 867306.46678571438 219832.47500000003 345289.2882142858 77161.368069860269 119512.71187824332 174095.48500000002 95.500000000000014 90564.208972458073 112.50000000000001 400155.21071428579 133698.11710930648 509633.48000000004 115916.17200422524
decision_type=2 2 2 2 2 2 2 2 2 2 2 2 2 2 2 2 2 2 2 2 2 2 2 2 2 2 2 2 2 2
left_child=1 5 3 7 6 13 -3 -2 12 -4 -7 22 20 -1 21 -16 18 23 19 -5 -9 -11 -12 24 -17 -25 -27 28 29 -28
right_child=2 4 9 16 -6 10 -8 8 -10 14 11 -13 -14 -15 15 17 -18 -19 -20 -21 -22 -23 -24 25 -26 26 27 -29 -30 -31
leaf_value=-4499.8145605468744 -957.64007080078159 -467.55539062500031 4316.6781328125007 2023.7596347656247 7956.3342753906254 -2996.4520390624998 2789.1355866699228 332.07035888671891 -1018.9137128906237 1432.5312246093761 -1575.6734084472657 71.355756347657007 1215.6637675781255 -2131.6496035156247 3730.7446621093754 5331.7938808593753 11044.043275390626 36743.829806640628 4471.6168447265627 4923.9692636718746 -105.56790234375003 8144.9789130859372 -1465.7609921875003 10833.482359375002 11029.477373046875 8045.4142480468763 6991.712604492187 10220.981369140625 12407.6864765625 4150.063827636719
leaf_weight=1232 20 37 24 22 41 22 20 28 23 20 30 23 25 42 367 27 35 209 36 25 20 20 22 38 163 173 20 209 29 24
leaf_count=1232 20 37 24 22 41 22 20 28 23 20 30 23 25 42 367 27 35 209 36 25 20 20 22 38 163 173 20 209 29 24
internal_value=-0.000214805 -0.0214942 0.0198619 0.00833333 0.00816327 -0.0236142 -0.00131579 0 0.003125 0.021901 -0.0136598 -0.0103333 0.00719178 -0.0243721 0.0221517 0.0224186 0.0165254 0.0214126 0.0135542 0.00904255 0.00208333 0.01375 -0.0153846 0.0205344 0.0226316 0.0197262 0.0201648 0.0189716 0.0140411 0.0102273
internal_weight=3026 1469 1557 234 98 1371 57 116 96 1323 97 75 73 1274 1299 1259 118 892 83 47 48 40 52 683 190 493 455 282 73 44
internal_count=3026 1469 1557 234 98 1371 57 116 96 1323 97 75 73 1274 1299 1259 118 892 83 47 48 40 52 683 190 493 455 282 73 44
is_linear=0
shrinkage=0.05


Tree=3
num_leaves=31
num_cat=0
split_feature=1 3 2 2 0 5 5 3 0 0 1 2 4 3 2 7 3 4 1 0 3 7 1 5 4 3 3 2 5 0
split_gain=506.673 39.7922 15.2971 5.99404 5.44459 2.175 1.74079 1.95564 1.71072 1.69739 1.68367 2.30078 1.24978 1.272 1.11435 1.78571 1.10806 1.05789 0.995262 0.963134 0.893162 0.873721 1.87146 0.678788 0.664049 0.768052 0.755691 0.627346 0.57619 0.53151
threshold=217492.16500000004 299948.86500000005 261101.73000000001 199034.94500000004 268668.97500000003 63529.329816426594 116729.40733952666 293411.12142857147 174933.97500000003 314495.83500000008 163701.77000000005 238189.11000000002 314879.24570488726 479529.04714285722 219832.47500000003 2.5000000000000004 226609.01785714287 224455.03446428574 259784.71000000002 174095.48500000002 409974.92000000004 3.5000000000000004 398065.95000000007 130881.20134415502 401334.3548214286 337522.94214285718 371355.62642857147 255935.42000000004 118470.56287015569 372629.17500000005
decision_type=2 2 2 2 2 2 2 2 2 2 2 2 2 2 2 2 2 2 2 2 2 2 2 2 2 2 2 2 2 2
left_child=1 3 4 9 5 -2 7 16 -4 17 -5 19 18 20 15 -6 -7 -1 -10 -12 24 22 -22 -17 25 -14 -26 -3 -28 -24
right_child=2 27 8 10 14 6 -8 -9 12 -11 11 -13 13 -15 -16 23 -18 -19 -20 -21 21 -23 29 -25 26 -27 28 -29 -30 -31
leaf_value=-4271.77617626953 -909.75806726074234 781.8895644531251 4100.8442261718765 -2589.0897007812491 -204.60400556640673 440.66684094238229 -1226.1048211914065 1238.6992713378911 1593.5843508789069 -2085.190495507813 -1508.0054257690426 134.56342751464908 2931.4671687988284 22039.551714746096 7712.3900569335938 5864.0998888671875 -100.28950722656228 -2328.8578518554687 3557.1191477539064 -1301.042466796875 1240.2835041015628 7423.434930688476 7558.1516943359375 6495.600864746094 9335.4383508544906 7614.3622856445327 5368.1302658203122 5310.0027657226574 5971.1926571289068 12525.119418457032
leaf_weight=1230 20 21 24 22 21 30 20 20 23 26 37 22 22 442 55 22 26 31 358 39 36 85 22 20 22 173 32 41 28 56
leaf_count=1230 20 21 24 22 21 30 20 20 23 26 37 22 22 442 55 22 26 31 358 39 36 85 22 20 22 173 32 41 28 56
internal_value=-0.000396563 -0.0214602 0.0194766 -0.0231876 0.00769231 0 0.003125 0.00657895 0.0215608 -0.0241841 -0.0125 -0.00969388 0.0218052 0.0208061 0.0152542 0.0107143 0.00178571 -0.0244449 0.0242126 -0.0138158 0.0190126 0.0164573 0.0135965 0.0166667 0.0208484 0.0224359 0.0170732 0.0177419 0.0141667 0.0179487
internal_weight=3026 1469 1557 1407 234 116 96 76 1323 1287 120 98 1299 918 118 63 56 1261 381 76 476 199 114 42 277 195 82 62 60 78
internal_count=3026 1469 1557 1407 234 116 96 76 1323 1287 120 98 1299 918 118 63 56 1261 381 76 476 199 114 42 277 195 82 62 60 78
is_linear=0
shrinkage=0.05


Tree=4
num_leaves=31
num_cat=0
split_feature=3 0 4 3 0 0 4 7 7 6 4 7 6 6 4 6 6 4 4 9 7 3 0 3 0 3 6 0 7 0
split_gain=458.122 35.1684 10.2235 7.87762 7.51047 6.76024 3.9078 3.87791 8.56684 2.20343 2.19315 2.06037 2.05539 2.04996 2.22353 1.54316 1.33355 1.28333 1.23079 1.12266 1.07236 2.27381 1.04081 0.763223 0.893249 0.710859 1.51515 0.914047 0.689935 0.606187
threshold=213533.60642857142 232009.21000000002 314879.24570488726 200219.99071428573 176555.30000000002 180691.23000000001 294935.11271428579 1.0000000180025095e-35 4.5000000000000009 103576.81067173934 222408.70160714287 3.5000000000000004 97309.154102245768 92715.057187837127 867306.46678571438 74596.889212536436 211869.44353650193 294935.11271428579 224455.03446428574 1.0000000180025095e-35 3.5000000000000004 328123.72285714292 213621.71500000003 366562.88500000007 439999.90000000008 413517.83500000002 161349.32619857075 366146.72000000003 3.5000000000000004 206522.35000000003
decision_type=2 2 2 2 2 2 2 2 2 2 2 2 2 2 2 2 2 2 2 2 2 2 2 2 2 2 2 2 2 2
left_child=3 2 5 22 -5 18 7 -3 9 15 -7 -6 -12 -8 19 -9 29 -14 28 20 21 -15 -1 -23 25 27 -27 -25 -2 -4
right_child=1 6 16 4 11 10 13 8 -10 -11 12 -13 17 14 -16 -17 -18 -19 -20 -21 -22 23 -24 24 -26 26 -28 -29 -30 -31
leaf_value=-4181.1381487060544 -2372.6053459716818 4425.9170966162119 7536.2057839355448 -1831.3508440185542 -2633.2693922875969 1851.945380507203 2802.5624091162117 -1568.8321221337887 5414.9436591162121 1310.6166178430176 -587.08077641418424 1403.7129458349621 489.86818362976123 2036.7520841381847 33804.66073057129 -2390.2808229516604 1212.5811201458739 -120.21689010253904 -770.84794436157244 10249.499061987306 6756.3136588275147 9540.0323618023685 -2610.6406877685545 4408.3809367919912 12137.954747724609 2688.2655306225588 9438.3622159667993 10254.825463305664 -1077.4223283935542 7177.476983862307
leaf_weight=1188 34 43 29 42 26 20 199 25 51 20 32 20 28 43 213 24 20 27 37 85 342 30 29 53 223 33 33 32 22 23
leaf_count=1188 34 43 29 42 26 20 199 25 51 20 32 20 28 43 213 24 20 27 37 85 342 30 29 53 223 33 33 32 22 23
internal_value=-0.000627892 0.0163132 -0.000183824 -0.0229693 -0.00852273 -0.006 0.0194099 0.0121166 0.0075 -0.00398551 0.00257009 0.00543478 -0.000862069 0.0203344 0.0194802 -0.00969388 0.0159722 0.005 -0.0158602 0.0183638 0.0177757 0.0161633 -0.024014 0.0173267 0.0167112 0.0137417 0.00984848 0.0167647 -0.0205357 0.0201923
internal_weight=3026 1721 272 1305 88 200 1449 163 120 69 107 46 87 1286 1087 49 72 55 93 874 789 447 1217 404 374 151 66 85 56 52
internal_count=3026 1721 272 1305 88 200 1449 163 120 69 107 46 87 1286 1087 49 72 55 93 874 789 447 1217 404 374 151 66 85 56 52
is_linear=0
shrinkage=0.05


Tree=5
num_leaves=31
num_cat=0
split_feature=1 3 2 0 2 5 0 2 6 3 6 2 4 3 1 0 0 10 6 2 6 4 2 0 0 10 2 10 1 7
split_gain=482.93 32.9619 13.9557 7.64354 5.88137 2.81323 2.02537 1.92628 1.72973 2.57786 1.43207 1.08333 1.07336 0.971645 0.874752 1.17973 1.52228 1.67203 0.846395 0.779622 0.652497 0.599446 0.651238 0.761423 1 1.02797 0.615257 0.55345 0.492328 0.491497
threshold=217492.16500000004 316903.36357142864 261101.73000000001 268668.97500000003 186863.08000000005 96117.070071128575 182422.28000000003 189547.73500000002 102807.90043296338 798706.82857142866 98056.32649148276 225604.16500000001 223645.53125000003 299678.88571428577 379833.14000000007 234668.66000000003 551425.88500000013 143.50000000000003 116787.85359248157 553620.76000000013 75939.08489602503 394689.6166071429 524753.90000000014 456941.59500000003 303410.32000000007 148.50000000000003 491074.49500000005 73.500000000000014 270358.84000000003 2.5000000000000004
decision_type=2 2 2 2 2 2 2 2 2 2 2 2 2 2 2 2 2 2 2 2 2 2 2 2 2 2 2 2 2 2
left_child=1 4 3 7 5 12 -6 -2 28 14 -9 -8 -1 -12 15 -10 19 -18 -5 -17 -14 -16 26 24 -24 -26 27 -23 -4 -3
right_child=2 29 8 18 6 -7 11 10 9 -11 13 -13 20 -15 21 16 17 -19 -20 -21 -22 22 23 -25 25 -27 -28 -29 -30 -31
leaf_value=-3970.3445225207515 -649.55243826342928 4437.6048900502965 1400.5936029493416 1336.6143606330575 -1273.6078590881343 -408.83798971051004 -1504.4582077485961 -209.93441106535249 1059.3909600952131 32053.296444042728 684.53739706341594 -46.689072505675 -1402.5307914331963 340.81390441129992 8813.3841871859295 4963.996480608429 12833.682620158601 979.51726309228695 8317.3935370385734 7612.4890771801765 -3569.6626929039921 7325.2501693096019 13046.541262772647 12865.242839133818 5200.7268437494677 5487.3235729319022 6961.70212779959 7260.7062295574042 3209.4902261604002 7365.2439494442287
leaf_weight=1152 33 21 37 33 101 21 52 50 33 260 20 26 20 22 116 134 20 27 87 31 21 21 24 97 22 26 25 150 307 28
leaf_count=1152 33 21 37 33 101 21 52 50 33 260 20 26 20 22 116 134 20 27 87 31 21 21 24 97 22 26 25 150 307 28
internal_value=-0.000522042 -0.0214286 0.018619 0.00765306 -0.0228464 -0.0240939 -0.0143855 -0.001 0.0206391 0.019574 0.00271739 -0.00833333 -0.0244132 0.00952381 0.0180441 0.0156122 0.0169811 0.00904255 0.0166667 0.0192424 -0.0164634 0.0192827 0.0182877 0.0205621 0.0166667 0.0125 0.0163265 0.0173977 0.0236919 0.0188776
internal_weight=3017 1442 1575 245 1393 1214 179 125 1330 986 92 78 1193 42 726 245 212 47 120 165 41 481 365 169 72 48 196 171 344 49
internal_count=3017 1442 1575 245 1393 1214 179 125 1330 986 92 78 1193 42 726 245 212 47 120 165 41 481 365 169 72 48 196 171 344 49
is_linear=0
shrinkage=0.05


Tree=6
num_leaves=31
num_cat=0
split_feature=1 5 2 2 3 3 2 6 3 5 7 3 1 2 7 1 10 10 6 1 3 1 6 3 10 2 1 2 10 10
split_gain=468.759 31.6424 13.5887 6.07983 5.72248 4.47851 3.21663 2.00091 2.43445 1.4775 0.937974 1.35656 0.918829 0.791119 1.08317 1.13713 1.40445 1.08986 0.905423 0.857566 0.774836 1.02005 0.762964 0.706522 0.638787 0.615956 0.936569 0.864609 0.659624 0.721711
threshold=217492.16500000004 106658.83706061462 261101.73000000001 186863.08000000005 328123.72285714292 337522.94214285718 189547.73500000002 102807.90043296338 798706.82857142866 80664.657182888579 1.5000000000000002 144306.32428571431 253361.80500000002 409340.1650000001 4.5000000000000009 449695.39500000008 199.50000000000003 110.50000000000001 125262.425585351 330995.43000000011 433234.90571428579 344617.74500000005 115555.99780710715 396004.79571428575 244.50000000000003 516985.39500000008 335816.46500000003 431588.42000000004 95.500000000000014 181.50000000000003
decision_type=2 2 2 2 2 2 2 2 2 2 2 2 2 2 2 2 2 2 2 2 2 2 2 2 2 2 2 2 2 2
left_child=1 3 4 -1 6 -3 -2 -4 13 10 11 -5 -8 14 15 16 17 -9 -16 -18 21 -6 -15 -19 25 26 -24 -28 -29 -30
right_child=2 5 7 9 20 -7 12 8 -10 -11 -12 -13 -14 22 18 -17 19 23 -20 -21 -22 -23 24 -25 -26 -27 27 28 29 -31
leaf_value=-3713.1376479572136 -690.74381468833167 -202.01051407661873 2828.2660273523798 -1636.5690123788445 269.88665035876619 5695.7488109503647 31.766407007302043 3945.8418810357662 30450.631621840585 -316.95744795256763 -1333.7924362795202 -63.713822352599529 678.63442385140524 9043.4290330500062 4642.6117038345765 8170.5641050785262 -167.17559360217274 3743.2808863272426 5856.4076240805798 1842.4111224982073 8966.1474131649338 4614.716496739019 8654.4515870184059 4324.3075121623278 8196.2677068526627 9954.2356697926916 7725.7425528726253 7062.2041639898707 3414.7065147960707 8265.6177830270444
leaf_weight=1200 31 37 344 21 27 43 65 35 260 38 78 25 36 60 54 53 23 26 42 21 52 34 28 20 31 216 20 23 35 39
leaf_count=1200 31 37 344 21 27 43 65 35 260 38 78 25 36 60 54 53 23 26 42 21 52 34 28 20 31 216 20 23 35 39
internal_value=-0.000588333 -0.0211859 0.0182698 -0.0229809 0.00744898 0.009375 0.000378788 0.0202632 0.0191176 -0.0138889 -0.0165323 -0.0108696 0.00470297 0.0176309 0.0155109 0.0132022 0.0106 0.0145062 0.0197917 0.00340909 0.015708 0.0118852 0.0189159 0.0195652 0.0181122 0.0175208 0.015 0.0130342 0.0110825 0.00878378
internal_weight=3017 1442 1575 1362 245 80 132 1330 986 162 124 46 101 726 274 178 125 81 96 44 113 61 452 46 392 361 145 117 97 74
internal_count=3017 1442 1575 1362 245 80 132 1330 986 162 124 46 101 726 274 178 125 81 96 44 113 61 452 46 392 361 145 117 97 74
is_linear=0
shrinkage=0.05


Tree=7
num_leaves=31
num_cat=0
split_feature=1 5 2 2 4 3 6 3 2 6 5 4 1 4 3 1 7 7 1 3 3 5 6 7 7 3 3 3 1 4
split_gain=454.937 30.0107 12.572 6.19861 6.00337 4.05031 2.45286 2.30064 1.88536 1.40232 1.37366 1.196 0.927104 0.864924 1.24592 0.862821 1.06679 0.821881 0.82696 0.92701 2.16842 1.41037 0.905222 0.75 0.684294 0.666933 0.718052 0.64123 0.640077 0.820096
threshold=217492.16500000004 106658.83706061462 261101.73000000001 186863.08000000005 297747.56482142868 337522.94214285718 104009.62978997744 798706.82857142866 190915.16000000003 116787.85359248157 80664.657182888579 223645.53125000003 196164.30500000002 173329.87660714288 135569.16 228639.60500000001 4.5000000000000009 5.5000000000000009 449695.39500000008 411163.68000000011 448650.97928571433 149492.29939356982 176048.9093020412 2.5000000000000004 3.5000000000000004 226609.01785714287 218478.17785714287 386413.44285714289 379833.14000000007 301775.62375000009
decision_type=2 2 2 2 2 2 2 2 2 2 2 2 2 2 2 2 2 2 2 2 2 2 2 2 2 2 2 2 2 2
left_child=1 3 4 11 8 -3 25 17 -2 -6 13 12 -1 14 -5 -10 -17 18 19 28 24 -22 -20 -24 -21 26 -4 -27 29 -8
right_child=2 5 6 10 9 -7 7 -9 15 -11 -12 -13 -14 -15 -16 16 -18 -19 22 20 21 -23 23 -25 -26 27 -28 -29 -30 -31
leaf_value=-3640.7588905593529 -412.49133248669096 -191.9099883727875 3557.6721370592541 -1497.4271831936358 587.50529564089743 5410.9613704028452 1141.4510599085231 28928.100040748559 -582.37072131746686 7453.2164895283968 -301.10957555493877 -2207.8830244290352 -945.07490618435259 -1463.2109380502197 -458.59080972193772 507.46394797641989 -114.45425703198998 6839.5744815585876 9026.5326920318312 -248.84843787553547 3377.3031971781866 8167.4382706089764 8745.6805648059581 10877.763216982647 2071.4386381072372 2617.0433509847617 2293.686618123023 4758.6900977071437 6119.359105921144 3780.5615468375386
leaf_weight=1132 41 37 41 28 36 43 21 260 20 87 38 44 24 63 33 41 20 119 188 25 32 52 50 48 22 271 22 23 47 109
leaf_count=1132 41 37 41 28 36 43 21 260 20 87 38 44 24 63 33 41 20 119 188 25 32 52 50 48 22 271 22 23 47 109
internal_value=-0.000720915 -0.0210125 0.0178571 -0.0227606 0.00744898 0.00875 0.0197744 0.0184738 -0.000409836 0.0152439 -0.0135802 -0.024 -0.024308 -0.016129 -0.0118852 0.00401235 0.00696721 0.0170056 0.0162458 0.0144481 0.0112595 0.0160714 0.0181818 0.0142857 0.00265957 0.0233193 0.0186508 0.0243197 0.0168079 0.015
internal_weight=3017 1442 1575 1362 245 80 1330 973 122 123 162 1200 1156 124 61 81 61 713 594 308 131 84 286 98 47 357 63 294 177 130
internal_count=3017 1442 1575 1362 245 80 1330 973 122 123 162 1200 1156 124 61 81 61 713 594 308 131 84 286 98 47 357 63 294 177 130
is_linear=0
shrinkage=0.05


Tree=8
num_leaves=31
num_cat=0
split_feature=1 3 2 2 0 0 5 0 0 0 10 3 2 1 7 3 5 7 1 3 3 5 0 7 10 3 10 2 1 5
split_gain=441.986 30.6258 13.3504 6.52514 4.10635 3.59646 2.63 2.33945 1.86605 1.69038 1.66092 1.5989 1.7727 1.53069 1.10239 1.00833 0.961538 0.905979 1.20663 1.11366 3.13862 1.0555 0.991163 0.986312 0.9 0.868524 0.701988 0.680529 0.669827 0.638606
threshold=217492.16500000004 299948.86500000005 238189.11000000002 184225.86500000002 232009.21000000002 186595.16000000003 42350.848692379157 198731.98000000001 698421.95500000007 179016.49000000002 86.500000000000014 309686.23357142863 266317.76000000007 199820.78500000003 2.5000000000000004 362402.9671428572 48174.393479078251 5.5000000000000009 440523.68500000006 411163.68000000011 448650.97928571433 149492.29939356982 500171.74000000005 3.5000000000000004 141.50000000000003 337522.94214285718 171.50000000000003 186863.08000000005 197760.97500000001 164836.42297550617
decision_type=2 2 2 2 2 2 2 2 2 2 2 2 2 2 2 2 2 2 2 2 2 2 2 2 2 2 2 2 2 2
left_child=1 3 4 7 27 -4 -7 28 11 -5 -9 12 -8 16 24 -3 -11 18 19 25 23 -22 -19 -21 -6 -13 29 -2 -1 -20
right_child=2 15 5 9 14 6 8 10 -10 13 -12 17 -14 -15 -16 -17 -18 22 26 20 21 -23 -24 -25 -26 -27 -28 -29 -30 -31
leaf_value=-3514.6682116563857 -391.866765862357 181.401948521116 684.34865464422046 -1078.8814870094786 -1101.7517931294512 2107.6654021855243 1007.4731060023274 -2231.3183878414538 24766.427851211134 -857.46538872933456 -2815.1771995330332 1098.4017812352163 3974.5218455622512 67.759815923107098 3737.8701666335896 5699.2114978999471 -1613.1394742095495 7427.2787603165852 8719.4712919683516 -705.77471018453798 3208.438037319278 7466.4406249703625 4535.1577402450848 1006.5048284039193 4007.7742097974246 4088.0992210921236 8631.4551400782693 -49.416571919691343 -831.15514525013577 11073.692283888951
leaf_weight=1083 25 20 38 102 20 190 31 29 294 25 58 22 167 24 55 40 40 90 100 27 32 42 21 23 20 134 133 52 21 59
leaf_count=1083 25 20 38 102 20 190 31 29 294 25 58 22 167 24 55 40 40 90 100 27 32 42 21 23 20 134 133 52 21 59
internal_value=-0.000803779 -0.0208044 0.0175079 -0.0223227 0.00436047 0.0191197 0.0195421 -0.0236986 0.0186596 -0.0137435 -0.0158046 0.0175085 0.0214646 -0.00870787 0.0113158 0.0141667 -0.0126923 0.0163616 0.0155594 0.0132143 0.00967742 0.0162162 0.0204955 0 0.005 0.0160256 0.0178082 -0.00422078 -0.0243207 0.015566
internal_weight=3017 1442 1575 1382 172 1403 1365 1191 1175 191 87 881 198 89 95 60 65 683 572 280 124 74 111 50 40 156 292 77 1104 159
internal_count=3017 1442 1575 1382 172 1403 1365 1191 1175 191 87 881 198 89 95 60 65 683 572 280 124 74 111 50 40 156 292 77 1104 159
is_linear=0
shrinkage=0.05


Tree=9
num_leaves=31
num_cat=0
split_feature=1 5 1 1 0 3 5 5 0 3 3 7 3 1 3 3 6 1 10 6 7 0 7 7 1 6 6 6 1 5
split_gain=420.143 30.5924 12.3801 7.6383 3.92351 3.7077 3.39055 3.17864 2.65253 2.37869 2.10522 1.53723 1.31241 1.20765 1.78775 1.3368 1.28152 1.24244 1.19869 1.16012 1.22712 1.13599 1.09459 1.05178 1.04274 0.961406 0.926033 0.794852 0.752838 0.75
threshold=217492.16500000004 105817.25042322236 253361.80500000002 166583.71000000002 175875.62500000003 337522.94214285718 43410.926953742339 133957.74695276996 198731.98000000001 671601.76142857154 124817.04571428572 5.5000000000000009 224232.83928571432 440523.68500000006 396004.79571428575 452915.53785714292 176048.9093020412 371602.00500000006 179.50000000000003 103576.81067173934 1.5000000000000002 500171.74000000005 2.5000000000000004 3.5000000000000004 188533.93500000003 29746.380849907193 76385.712391747584 12475.199315669719 270358.84000000003 147182.69537654278
decision_type=2 2 2 2 2 2 2 2 2 2 2 2 2 2 2 2 2 2 2 2 2 2 2 2 2 2 2 2 2 2
left_child=1 3 7 12 -4 24 -6 18 10 11 -5 13 -1 14 28 17 -15 23 19 20 -2 -13 -18 -16 -3 27 -22 -12 -8 -17
right_child=2 5 4 8 6 -7 9 -9 -10 -11 25 21 -14 16 15 29 22 -19 -20 -21 26 -23 -24 -25 -26 -27 -28 -29 -30 -31
leaf_value=-3669.9910510735663 584.01248094314576 459.64822617260074 349.61454404614926 -384.31644169856594 2010.669632076248 4864.3144394983347 1812.9522749186815 8392.2364710996317 -971.1550576371942 26130.626771150579 -517.00394169856588 6187.4259987925616 -1853.3099887213423 7911.5624236780541 -174.08710720838573 3181.3481435752328 5144.6352634348586 2119.0414016392083 -266.26302221760562 1131.7617950561369 -843.9311228817387 5649.7399472516208 8053.8817720772613 1849.2554403445247 -533.68039093338746 -1005.3473390512635 235.50901099541227 -827.02712433843192 3223.5925049152279 5802.0602003133845
leaf_weight=997 20 21 31 42 190 43 32 22 50 309 23 143 25 236 32 27 37 44 33 21 23 25 37 25 20 125 24 96 216 48
leaf_count=997 20 21 31 42 190 43 32 22 50 309 23 143 25 236 32 27 37 44 33 21 23 25 37 25 20 125 24 96 216 48
internal_value=-0.000853497 -0.0203537 0.017 -0.0221649 0.0184008 0.00892857 0.0187901 0.00297203 -0.015625 0.0178159 -0.0174825 0.0165188 -0.0243151 0.0155313 0.0137972 0.00994318 0.0179032 0.00618812 -0.000206612 0.00284091 -0.000373134 0.0208333 0.0121622 0.00131579 -0.00182927 -0.0192623 -0.00478723 -0.022479 0.0165323 0.015
internal_weight=3017 1442 1575 1358 1432 84 1401 143 336 1211 286 902 1022 734 424 176 310 101 121 88 67 168 74 57 41 244 47 119 248 75
internal_count=3017 1442 1575 1358 1432 84 1401 143 336 1211 286 902 1022 734 424 176 310 101 121 88 67 168 74 57 41 244 47 119 248 75
is_linear=0
shrinkage=0.05


Tree=10
num_leaves=31
num_cat=0
split_feature=1 3 2 1 4 6 6 1 2 6 0 6 3 6 4 2 2 0 4 6 4 4 3 5 4 5 10 4 0 5
split_gain=412.45 27.6255 19.5754 8.32226 4.08357 3.0582 2.78401 2.68131 1.74394 1.7136 1.682 1.61161 1.5766 1.95338 1.14672 1.35289 1.06436 1.04273 2.26967 2.06803 1.03779 1.28495 0.941443 1.72408 0.79231 1.78409 0.67922 0.884163 0.668896 0.630315
threshold=211662.92000000001 299181.59500000003 244732.56000000003 166583.71000000002 314879.24570488726 28711.429238970079 27377.126534717117 279112.63000000006 295734.82000000007 141796.91365776389 308451.37500000006 12475.199315669719 825259.9921428574 116787.85359248157 123450.99839285715 232310.66500000001 350281.03000000009 180691.23000000001 291865.03214285721 81664.153204817194 387813.85142857145 404276.63994709001 136543.58142857146 64480.660948386096 386921.28892857151 138146.13288717566 69.500000000000014 224455.03446428574 234668.66000000003 80664.657182888579
decision_type=2 2 2 2 2 2 2 2 2 2 2 2 2 2 2 2 2 2 2 2 2 2 2 2 2 2 2 2 2 2
left_child=1 3 4 10 17 11 -4 8 28 -3 -1 -5 13 16 -7 22 -9 -2 19 -19 -6 -22 -16 -24 -10 -26 -25 -28 -8 -15
right_child=2 9 6 5 20 14 7 12 24 -11 -12 -13 -14 29 15 -17 -18 18 -20 -21 21 -23 23 26 25 -27 27 -29 -30 -31
leaf_value=-3569.399701644888 -584.78108725890274 244.9101158120495 1986.3353692224352 -452.49905711363829 4659.6036780099093 -330.56595853506587 -182.59046629772931 2469.3615913179165 3024.6100098933066 6694.1873051070579 -2243.1963304427359 -752.10657024454849 25195.003245093048 4320.9291626556951 -969.7035479980027 -146.10522727349453 6973.6267742703903 -172.3846353378409 -579.7851799439203 926.7328872874773 -186.7975754456551 7430.0549994467528 -303.70684671506024 -1366.4275644905138 1518.8728509868729 8383.0222154686307 -955.07997209870086 -923.89769634141271 371.2505407135061 6321.9311679812063
leaf_weight=1027 40 37 191 32 26 37 26 118 31 27 26 112 242 27 34 21 153 30 32 27 22 34 28 25 23 34 41 23 23 495
leaf_count=1027 40 37 191 32 26 37 26 118 31 27 26 112 242 27 34 21 153 30 32 27 22 34 28 25 23 34 41 23 23 495
internal_value=-0.00136334 -0.0204082 0.0164231 -0.0218706 0.00225118 -0.0152266 0.018617 0.0177048 0.0111314 0.0117188 -0.0240978 -0.0208333 0.0185749 0.0174968 -0.0113636 -0.0130814 0.020941 -0.00329457 -0.000280899 0.00570175 0.0109756 0.00714286 -0.0147351 -0.0126068 0.0153409 0.0118421 -0.0160112 -0.0132813 0.00357143 0.0157088
internal_weight=3044 1470 1574 1406 211 353 1363 1172 137 64 1053 144 1035 793 209 172 271 129 89 57 82 56 151 117 88 57 89 64 49 522
internal_count=3044 1470 1574 1406 211 353 1363 1172 137 64 1053 144 1035 793 209 172 271 129 89 57 82 56 151 117 88 57 89 64 49 522
is_linear=0
shrinkage=0.05


Tree=11
num_leaves=31
num_cat=0
split_feature=1 3 1 1 5 6 6 4 6 6 6 1 6 6 4 3 4 9 5 5 1 5 4 3 7 6 6 4 4 4
split_gain=397.348 27.2756 14.7607 8.70614 4.41203 3.58237 3.51629 3.20955 2.08809 1.7136 1.44384 1.35611 2.55482 1.43566 1.27159 1.17056 1.35087 1.16122 1.14299 1.14083 0.990683 0.987662 0.925353 1.31643 0.923495 0.963617 0.909214 0.860649 1.21355 0.844437
threshold=211662.92000000001 299181.59500000003 253361.80500000002 164631.90500000003 133957.74695276996 28711.429238970079 27377.126534717117 760962.83553571452 281981.5255516576 141796.91365776389 12475.199315669719 379833.14000000007 116787.85359248157 102807.90043296338 121971.94464285717 534700.47071428585 367074.60357142863 1.0000000180025095e-35 80664.657182888579 125344.4409958035 270358.84000000003 221351.28441132806 147858.02321428576 211824.96428571429 3.5000000000000004 126605.83024862045 305838.35725481884 386921.28892857151 482272.33030219784 314879.24570488726
decision_type=2 2 2 2 2 2 2 2 2 2 2 2 2 2 2 2 2 2 2 2 2 2 2 2 2 2 2 2 2 2
left_child=1 3 4 18 29 10 -4 8 11 -3 -5 13 -13 20 -7 16 -14 19 -1 24 -8 -17 -16 -24 25 -15 -10 -18 -29 -2
right_child=2 9 6 5 -6 14 7 -9 26 -11 -12 12 15 17 22 21 27 -19 -20 -21 -22 -23 23 -25 -26 -27 -28 28 -30 -31
leaf_value=-3533.4824509376431 -198.2463091390033 232.66461002144644 1887.0186007613129 -468.52879175795681 7234.9394291364806 -137.30463388743229 424.50396000602632 22896.612457838393 -446.22134317801101 6359.4779398517048 -718.30757024522472 7125.0413325791487 1480.0769514436704 -650.57348838688199 -915.37824686382373 3032.4545962736797 9770.8848821277152 3234.5459299503609 -1800.848840687459 5025.6642081163191 2345.8935117520205 11933.290197790542 -522.66803512544288 -1021.4126329214953 2017.6690512893795 3079.7363054024145 1551.248578589817 5369.3882790145435 6978.3566812312365 894.31083615362593
leaf_weight=995 124 37 191 35 26 27 24 284 22 27 117 131 22 38 47 35 33 20 36 98 110 20 53 96 48 21 29 177 98 23
leaf_count=995 124 37 191 35 26 27 24 284 22 27 117 131 22 38 47 35 33 20 36 98 110 20 53 96 48 21 29 177 98 23
internal_value=-0.00151117 -0.0202041 0.0159466 -0.0216572 0.00216763 -0.0151333 0.0176481 0.0166529 0.0152268 0.0117188 -0.0210526 0.0158 0.0174419 0.0134401 -0.0110987 0.0153896 0.0165152 0.011 -0.0240301 0.00987805 0.0175373 0.00863636 -0.0125 -0.0105705 0.00630841 0.00211864 0.00539216 0.0173701 0.0164545 -0.00119048
internal_weight=3044 1470 1574 1406 173 375 1401 1210 926 64 152 875 516 359 223 385 330 225 1031 205 134 55 196 149 107 59 51 308 275 147
internal_count=3044 1470 1574 1406 173 375 1401 1210 926 64 152 875 516 359 223 385 330 225 1031 205 134 55 196 149 107 59 51 308 275 147
is_linear=0
shrinkage=0.05


Tree=12
num_leaves=31
num_cat=0
split_feature=2 3 1 1 5 6 1 5 4 6 10 5 2 1 3 2 4 3 3 7 6 2 6 5 5 10 6 3 2 4
split_gain=382.356 24.6749 12.9922 12.2146 6.01583 3.84519 2.80508 2.7309 2.32342 2.69466 1.875 1.73642 1.51386 1.47961 2.15403 1.37129 1.32305 1.2972 1.9774 1.19408 1.16267 1.15429 1.13435 1.08889 1.14683 1.06217 0.898536 1.44857 0.928083 0.884615
threshold=219832.47500000003 328123.72285714292 253361.80500000002 164631.90500000003 129659.87757843696 28711.429238970079 174612.23000000001 52209.070545177608 760962.83553571452 281981.5255516576 91.500000000000014 80664.657182888579 304023.5500000001 432365.23500000004 396004.79571428575 232310.66500000001 121971.94464285717 146037.66285714289 155094.74571428573 5.5000000000000009 12475.199315669719 167756.79000000001 113505.5981142065 129659.87757843696 101932.19163966666 80.500000000000014 120478.11991451381 352271.63285714295 263193.62500000006 223645.53125000003
decision_type=2 2 2 2 2 2 2 2 2 2 2 2 2 2 2 2 2 2 2 2 2 2 2 2 2 2 2 2 2 2
left_child=1 3 4 11 6 20 -2 -4 9 13 -3 -1 15 14 26 -8 -7 -18 -19 23 -5 29 -15 24 -16 -17 28 -28 -9 -20
right_child=2 10 7 5 -6 16 12 8 -10 -11 -12 -13 -14 22 19 25 17 18 21 -21 -22 -23 -24 -25 -26 -27 27 -29 -30 -31
leaf_value=-3356.8083283907604 -1470.2087558210108 4957.8347271632083 1843.137983223246 -445.10235217005834 6041.5040428591201 -49.106769395860468 138.23622964812532 444.92050557759069 21542.572459946474 1091.3005856478835 1971.5279938366527 -1776.494163215074 2312.0692280768449 7774.8483826789225 1718.4113992510247 595.11639117922175 -811.37997184369306 91.660294346022425 -1360.3263500532864 5748.0373029730545 -686.4568784571544 -574.92693785742017 6538.0812269741473 4762.796199211497 -256.42055911538193 -673.35391435795464 245.31571614622663 5463.729052128725 3129.2100894774485 -1986.2299398103178
leaf_weight=979 24 27 205 35 61 28 32 27 280 44 45 32 25 69 28 20 53 22 23 27 120 120 286 80 36 49 21 54 166 26
leaf_count=979 24 27 205 35 61 28 32 27 280 44 45 32 25 69 28 20 53 22 23 27 120 120 286 80 36 49 21 54 166 26
internal_value=-0.00167543 -0.0195364 0.0159061 -0.0209666 0.00438389 -0.0138759 -0.001 0.0177438 0.016771 0.0154535 0.00902778 -0.0239614 0.00198413 0.0161209 0.01418 -0.000742574 -0.0102941 -0.0114754 -0.00955497 0.00979532 -0.0201613 -0.0113905 0.0185211 0.00798611 0.003125 -0.00471014 0.0169776 0.0123333 0.0187824 -0.0178571
internal_weight=3044 1510 1534 1438 211 427 150 1323 1118 838 72 1011 126 794 439 101 272 244 191 171 155 169 355 144 64 69 268 75 193 49
internal_count=3044 1510 1534 1438 211 427 150 1323 1118 838 72 1011 126 794 439 101 272 244 191 171 155 169 355 144 64 69 268 75 193 49
is_linear=0
shrinkage=0.05


Tree=13
num_leaves=31
num_cat=0
split_feature=1 5 1 1 5 6 5 4 6 6 1 7 6 7 0 4 0 4 4 0 1 5 10 6 4 1 5 6 1 1
split_gain=366.504 25.0262 14.0346 10.2204 4.68477 2.92309 2.89062 3.23761 2.71282 2.11767 1.76116 1.90181 1.61119 1.55571 1.41238 2.00556 1.40378 1.45507 1.39816 1.26565 1.58407 1.75871 1.13248 1.04963 1.13344 0.986482 0.98009 0.954612 0.896313 0.86168
threshold=211662.92000000001 105817.25042322236 253361.80500000002 164631.90500000003 133957.74695276996 28711.429238970079 43410.926953742339 760962.83553571452 107906.13446047829 281981.5255516576 432365.23500000004 5.5000000000000009 113505.5981142065 1.5000000000000002 184942.17500000002 121971.94464285717 198731.98000000001 303298.87482142862 173068.33892857147 265544.56500000006 230817.63500000004 87869.833572332165 250.50000000000003 149035.15484648271 498242.98232142866 494655.77000000008 75007.560835817465 71855.134435943764 335816.46500000003 317754.87000000005
decision_type=2 2 2 2 2 2 2 2 2 2 2 2 2 2 2 2 2 2 2 2 2 2 2 2 2 2 2 2 2 2
left_child=1 3 4 -1 19 18 13 9 -3 10 11 16 -12 -4 15 -7 -8 -18 -5 20 26 -22 23 28 -25 -11 -2 -16 29 -19
right_child=2 8 6 5 -6 14 7 -9 -10 25 12 -13 -14 -15 27 -17 17 22 -20 -21 21 -23 -24 24 -26 -27 -28 -29 -30 -31
leaf_value=-3075.2347088462225 -927.50836669643468 -432.31230572352871 547.69436531208339 -354.81723765929638 6571.1172555367011 -46.651430926068137 -58.704468453317531 20817.506426967491 3818.9825065167202 2588.1742375063609 7462.984843583532 3729.2135887720651 5907.5167014193376 2071.0873340620833 -564.59337112808282 -834.62803480519585 2133.4334953467828 1674.3232026290964 -644.26301929720069 568.93242697250389 536.57709881140181 -171.53210115220864 5938.3897593390575 6262.9896893994273 2665.8941555271686 -636.95772784218718 -139.6372854884423 107.82842799583887 1077.6343393441437 4435.8329302734437
leaf_weight=1023 26 26 56 24 26 24 21 284 54 28 70 90 313 144 37 120 111 57 128 35 21 31 23 43 23 23 34 34 91 24
leaf_count=1023 26 26 56 24 26 24 21 284 54 28 70 90 313 144 37 120 111 57 128 35 21 31 23 43 23 23 34 34 91 24
internal_value=-0.00174113 -0.0196939 0.0150254 -0.021259 0.0015896 -0.0141008 0.0166845 0.0157577 0.0075 0.014313 0.0148961 0.0128882 0.0174282 0.02225 -0.0103488 -0.0131944 0.0113868 0.0120968 -0.0194079 -0.00187075 -0.00446429 0.00192308 0.0100575 0.00903361 0.0143939 0.00441176 -0.01 -0.00457746 0.00697674 0.0108025
internal_weight=3044 1470 1574 1390 173 367 1401 1201 80 917 866 483 383 200 215 144 393 372 152 147 112 52 261 238 66 51 60 71 172 81
internal_count=3044 1470 1574 1390 173 367 1401 1201 80 917 866 483 383 200 215 144 393 372 152 147 112 52 261 238 66 51 60 71 172 81
is_linear=0
shrinkage=0.05


Tree=14
num_leaves=31
num_cat=0
split_feature=1 3 2 1 0 6 6 4 6 2 1 1 2 6 7 6 3 6 7 0 10 2 4 2 3 3 4 0 4 4
split_gain=346.107 22.9463 18.7433 12.1716 4.05395 2.82789 2.81732 2.66089 2.63141 2.07013 2.03207 1.87106 1.82857 1.81656 1.55571 1.5361 1.50946 1.4523 1.38729 1.32631 1.10613 1.55081 0.909632 0.902678 0.818484 1.5536 0.903257 0.817482 1.40833 0.78642
threshold=211662.92000000001 299948.86500000005 255935.42000000004 162530.45500000005 234668.66000000003 28711.429238970079 66499.480648905665 867306.46678571438 281981.5255516576 305767.98500000004 293250.66000000009 349418.68500000006 219832.47500000003 12743.038189134628 1.5000000000000002 141796.91365776389 396004.79571428575 314635.54880529764 3.5000000000000004 190720.65500000003 79.500000000000014 232310.66500000001 148951.39517857143 206623.57500000004 210628.16285714289 136543.58142857146 123450.99839285715 166863.00000000003 124203.32375000003 210361.88267857148
decision_type=2 2 2 2 2 2 2 2 2 2 2 2 2 2 2 2 2 2 2 2 2 2 2 2 2 2 2 2 2 2
left_child=1 3 4 19 20 13 14 8 9 10 -8 12 -6 -5 -4 -3 -11 -10 24 29 -2 23 -21 -22 25 26 -7 28 -20 -1
right_child=2 15 6 5 11 18 7 -9 17 16 -12 -13 -14 -15 -16 -17 -18 -19 27 22 21 -23 -24 -25 -26 -27 -28 -29 -30 -31
leaf_value=-3313.9532468414109 178.08498023754947 235.73518332414389 520.30964704647783 -405.10637267858988 -909.0134020393773 -464.52804745876347 89.754993108389328 21144.090390600777 -412.0433708142271 4411.2296321973326 2902.3194437757138 4009.926603143479 1490.0582981355963 -608.21643483896776 1967.532967358979 5548.4797153903264 5382.6396293288708 6948.7533740672052 14.038262374734041 -2665.862212641533 -469.67422487852747 -709.33684285765048 -1881.4705406219198 80.999297646802745 -1067.8523877922999 24.071596751162726 -984.55828668568358 33.284618492113808 -865.98710128312166 -1213.7068698882854
leaf_weight=896 31 35 56 41 35 31 46 222 30 297 87 71 28 122 144 27 422 28 20 21 27 25 56 25 67 25 20 32 40 37
leaf_count=896 31 35 56 41 35 31 46 222 30 297 87 71 28 122 144 27 422 28 20 21 27 25 56 25 67 25 20 32 40 37
internal_value=-0.00183968 -0.0192857 0.0144536 -0.0205966 0.00165289 -0.013191 0.0167793 0.0158127 0.0146154 0.0153169 0.00958647 0.00746269 0.00119048 -0.0182515 0.02225 0.0104839 0.0163769 0.00431034 -0.00968085 -0.0235149 -0.00555556 -0.00876623 -0.0172078 -0.00384615 -0.0127622 -0.00921053 -0.0142157 -0.0048913 -0.00833333 -0.0240354
internal_weight=3044 1470 1574 1408 242 398 1332 1132 910 852 133 134 63 163 200 62 719 58 235 1010 108 77 77 52 143 76 51 92 60 933
internal_count=3044 1470 1574 1408 242 398 1332 1132 910 852 133 134 63 163 200 62 719 58 235 1010 108 77 77 52 143 76 51 92 60 933
is_linear=0
shrinkage=0.05


Tree=15
num_leaves=31
num_cat=0
split_feature=1 3 2 2 3 6 5 0 0 4 6 0 6 2 1 4 3 5 7 6 2 2 10 1 6 2 0 10 2 5
split_gain=351.758 20.8251 14.1055 10.8736 4.82667 4.0662 3.67133 3.38358 1.89394 1.85223 1.57987 1.56198 1.5294 1.74079 1.50791 1.42921 1.42786 2.04192 2.0508 1.9096 1.48604 1.37341 1.30395 1.29113 1.10547 1.00604 1.00045 0.976375 1.4881 0.936002
threshold=215002.05500000002 231203.28857142859 275880.78000000009 153983.22500000003 337522.94214285718 29746.380849907193 43410.926953742339 260574.74500000002 468425.10000000003 867306.46678571438 70050.344100335016 162742.00000000003 203900.31071073347 219832.47500000003 173938.28500000003 299799.25750000012 396004.79571428575 129659.87757843696 1.5000000000000002 174070.62251378351 431588.42000000004 164780.69500000004 42.500000000000007 266952.43000000005 12743.038189134628 342665.44500000001 163833.70500000005 184.50000000000003 199034.94500000004 102828.78558203026
decision_type=2 2 2 2 2 2 2 2 2 2 2 2 2 2 2 2 2 2 2 2 2 2 2 2 2 2 2 2 2 2
left_child=1 3 7 14 -3 24 -4 11 -6 16 22 -2 13 21 -1 -15 19 18 -18 20 -8 -9 -7 -13 -5 -19 -12 28 -24 -20
right_child=2 4 6 5 8 10 9 12 -10 -11 26 23 -14 15 -16 -17 17 25 29 -21 -22 -23 27 -25 -26 -27 -28 -29 -30 -31
leaf_value=-3161.4079282493403 -895.49887966615063 -801.70001806626397 1765.6916031638743 -613.09673371276438 2083.6080265490341 133.48253550181616 2813.1438337879126 2642.7387561045953 8208.1274306184332 20373.85930857074 -902.61211739769431 -118.12825281667175 19916.652416816956 1008.294639659788 -740.96639882270983 755.61984268710376 7911.8449472356506 3073.5859979109082 3371.0178968499504 1148.0605310215062 6762.6260777102989 -572.81017890091755 -1024.6939372847396 662.9681320265496 -641.31123370248679 7220.4551916410919 -512.70558449681926 -171.85656106184035 -72.584548576376989 628.94228875339331
leaf_weight=890 21 85 178 59 24 20 232 24 20 227 50 90 21 24 21 71 47 42 56 27 111 33 64 26 140 292 46 45 20 60
leaf_count=890 21 85 178 59 24 20 232 24 20 227 50 90 21 24 21 71 47 42 56 27 111 33 64 26 140 292 46 45 20 60
internal_value=-0.00151663 -0.0190027 0.0148862 -0.0208303 0.000193798 -0.0144144 0.017217 0.00532258 0.0136364 0.0161335 -0.010102 -0.000547445 0.0099711 0.00822368 -0.0239572 0.0123684 0.0150807 0.01333 0.00874233 0.0174324 0.0184402 0.00131579 -0.00687919 0.00172414 -0.0197236 0.0155689 -0.0151042 -0.00872093 -0.0119048 0.00517241
internal_weight=3066 1484 1582 1355 129 444 1272 310 44 1094 245 137 173 152 911 95 867 497 163 370 343 57 149 116 199 334 96 129 84 116
internal_count=3066 1484 1582 1355 129 444 1272 310 44 1094 245 137 173 152 911 95 867 497 163 370 343 57 149 116 199 334 96 129 84 116
is_linear=0
shrinkage=0.05


Tree=16
num_leaves=31
num_cat=0
split_feature=1 2 2 5 6 5 0 0 1 4 6 6 5 2 4 2 1 8 10 10 2 6 2 1 5 0 0 2 0 10
split_gain=337.732 21.3487 13.4698 9.70928 5.63088 4.16356 2.80409 2.76091 2.18929 2.15144 1.92004 1.43702 1.34509 1.48324 1.66906 1.54161 1.34386 1.55463 1.485 1.29556 1.21905 1.13083 1.74176 1.13727 1.13349 1.66133 1.93004 1.12125 1.06294 0.945791
threshold=215002.05500000002 153983.22500000003 275880.78000000009 151344.0809054276 29746.380849907193 43410.926953742339 260574.74500000002 314495.83500000008 166583.71000000002 775175.06928571442 281981.5255516576 13477.038953115489 180203.9220039123 219832.47500000003 299799.25750000012 144508.52500000005 170546.69000000003 1.0000000180025095e-35 190.50000000000003 95.500000000000014 188404.78000000003 111103.17560738053 409340.1650000001 552618.79500000004 151344.0809054276 232009.21000000002 577566.06000000017 396082.10500000004 399339.38000000006 50.500000000000007
decision_type=2 2 2 2 2 2 2 2 2 2 2 2 2 2 2 2 2 2 2 2 2 2 2 2 2 2 2 2 2 2
left_child=1 7 6 4 11 -4 20 8 -1 10 21 -3 13 15 -15 -8 18 29 19 -6 -2 22 -7 24 25 -23 27 -27 -12 -18
right_child=2 3 5 -5 16 9 12 -9 -10 -11 28 -13 -14 14 -16 -17 17 -19 -20 -21 -22 23 -24 -25 -26 26 -28 -29 -30 -31
leaf_value=-3101.308820899374 -662.70299218610967 -600.94953786884946 1677.4070230056795 5451.2640725411475 -503.212772669 1901.3042771094727 2510.6018182993648 -1077.1422728295845 -983.34037754838721 18744.361655642202 2684.8654880326139 -593.07381187671569 18664.375682139431 957.8799076767973 656.37801630979811 -544.16966995587279 -18.634859135753505 87.546557162936381 -762.55701938867651 -1649.758718075065 46.262083399182302 -248.0364752743437 6707.3882012453196 7278.3425887489648 5487.2970606536564 3821.4030721729318 -1353.6425408125244 3789.5286228854852 -684.61619380238415 -573.72895147473321
leaf_weight=871 24 76 178 30 49 150 20 20 32 272 20 123 23 24 69 37 30 35 32 51 113 24 81 146 130 88 27 133 23 135
leaf_count=871 24 76 178 30 49 150 20 20 32 272 20 123 23 24 69 37 30 35 32 51 113 24 81 146 130 88 27 133 23 135
internal_value=-0.00156556 -0.0186995 0.014507 -0.0110071 -0.0125706 0.0167846 0.00516129 -0.0233749 -0.0237818 0.0156307 0.0143552 -0.0192211 0.00939306 0.00766667 0.0115591 0.00131579 -0.00858434 -0.006 -0.0125 -0.0155 -0.000182482 0.014923 0.0178571 0.0136861 0.0123134 0.0104779 0.0116935 0.0132353 0.00406977 -0.0080303
internal_weight=3066 1484 1582 561 531 1272 310 923 903 1094 822 199 173 150 93 57 332 200 132 100 137 779 231 548 402 272 248 221 43 165
internal_count=3066 1484 1582 561 531 1272 310 923 903 1094 822 199 173 150 93 57 332 200 132 100 137 779 231 548 402 272 248 221 43 165
is_linear=0
shrinkage=0.05


Tree=17
num_leaves=31
num_cat=0
split_feature=1 2 2 3 5 6 3 0 3 1 0 0 7 7 5 3 10 0 1 6 2 5 6 9 2 1 7 0 7 6
split_gain=324.622 21.9995 12.9379 11.7138 4.6379 4.06178 3.21738 2.11051 1.86331 1.80534 1.75788 1.75325 1.71382 2.70185 1.88439 1.76702 2.37128 2.35781 1.43626 1.42315 1.11442 1.2757 1.04114 1.04096 1.0381 2.04837 1.911 1.41587 0.960481 1.3417
threshold=215002.05500000002 146454.20500000005 275880.78000000009 352271.63285714295 43410.926953742339 27377.126534717117 444401.80285714293 306470.57000000001 968199.37000000011 166583.71000000002 169247.40000000002 468425.10000000003 5.5000000000000009 1.5000000000000002 151344.0809054276 396004.79571428575 167.50000000000003 251152.76500000004 156580.00000000003 13477.038953115489 318555.50500000006 285611.02608859289 24934.738109092988 1.0000000180025095e-35 475497.74000000005 483238.4150000001 3.5000000000000004 489052.80000000005 3.5000000000000004 101890.9396738996
decision_type=2 2 2 2 2 2 2 2 2 2 2 2 2 2 2 2 2 2 2 2 2 2 2 2 2 2 2 2 2 2
left_child=1 7 6 5 -4 19 10 9 12 -1 -2 -5 13 20 15 16 17 -15 -7 -3 -6 -22 -12 -20 25 27 -26 -17 -24 -30
right_child=2 3 4 11 8 18 -8 -9 -10 -11 22 -13 -14 14 -16 24 -18 -19 23 -21 21 -23 28 -25 26 -27 -28 -29 29 -31
leaf_value=-3113.4318564169052 -699.03995794853836 -698.93362618836989 1593.5366718553969 1840.9573594789792 2521.4810660420599 -1362.3145516440418 6593.4481213913723 -1357.6511015141944 20638.592010360095 -1353.0346038473015 407.67173378796872 7525.157855460453 4337.8059403724956 -280.38825868811546 6225.8843007757914 1612.4125185495097 3100.1056570189962 2545.0643300129946 -378.03781637741781 -546.41387128288045 6756.9388423838309 12012.418985495784 13.568236791726669 -805.27259256643958 4356.317309356411 3451.3710950197246 -1540.9628770449665 -1279.9706678792209 24.812615156374523 1668.5603176058271
leaf_weight=820 26 93 178 22 37 99 52 20 176 24 20 20 164 22 177 41 50 56 233 127 236 30 123 26 33 23 23 26 46 43
leaf_count=820 26 93 178 22 37 99 52 20 176 24 20 20 164 22 177 41 50 56 233 127 236 30 123 26 33 23 23 26 46 43
internal_value=-0.00159817 -0.0183962 0.0141593 -0.0112097 0.0163915 -0.0130623 0.005 -0.0235532 0.0151737 -0.0239336 0.00271318 0.0142857 0.0142702 0.0132626 0.0108093 0.00821168 0.0125 0.00705128 -0.00977654 -0.0184091 0.0169142 0.0180451 0.00409483 -0.00781853 0.00445205 0.00777778 -0.000892857 0.00335821 0.00306604 0.00702247
internal_weight=3066 1484 1582 620 1272 578 310 864 1094 844 258 42 918 754 451 274 128 78 358 220 303 266 232 259 146 90 56 67 212 89
internal_count=3066 1484 1582 620 1272 578 310 864 1094 844 258 42 918 754 451 274 128 78 358 220 303 266 232 259 146 90 56 67 212 89
is_linear=0
shrinkage=0.05


Tree=18
num_leaves=31
num_cat=0
split_feature=1 3 1 1 5 3 5 4 7 6 4 1 4 3 6 7 4 1 5 5 5 1 7 6 10 10 3 6 10 1
split_gain=309.92 20.5343 11.316 10.0144 4.47524 3.55155 3.36878 3.21803 2.2443 2.00538 2.12192 2.09986 1.89543 1.88932 1.47234 1.41324 1.40321 1.3508 1.31934 1.255 1.2244 1.97297 1.15415 1.11446 1.01461 1.1234 1.5313 1.47757 1.08561 0.989903
threshold=215002.05500000002 231203.28857142859 160427.07000000004 249520.31500000003 43410.926953742339 337522.94214285718 25599.780967531329 775175.06928571442 1.5000000000000002 109243.22790683711 289760.17017857148 335816.46500000003 304008.04589285719 172786.60500000004 12743.038189134628 1.5000000000000002 120614.08482142859 440523.68500000006 196761.01495935125 20038.441739438127 85925.941363414211 192461.51500000004 5.5000000000000009 281981.5255516576 94.500000000000014 249.50000000000003 411163.68000000011 168585.86737647827 152.50000000000003 170546.69000000003
decision_type=2 2 2 2 2 2 2 2 2 2 2 2 2 2 2 2 2 2 2 2 2 2 2 2 2 2 2 2 2 2
left_child=1 2 13 12 8 20 14 9 19 11 -11 -6 -2 -1 -4 -15 -8 18 22 -5 -3 -22 24 -19 -12 26 28 -28 -26 -18
right_child=3 5 6 4 7 -7 16 -9 -10 10 17 -13 -14 15 -16 -17 29 23 -20 -21 21 -23 -24 -25 25 -27 27 -29 -30 -31
leaf_value=-2712.2592870335607 -123.81572509490798 -1573.6153754846382 -296.96322085158391 153.27519970346185 977.23832640575131 3217.4791682744808 76.385061403714644 17386.018659842091 1651.4011165897828 -3368.8309177827105 3954.7855659317388 4299.2727373637435 2400.4747574516455 -1098.8707620474277 -539.57695935155937 -365.83171519277386 -957.25743768859104 5625.4330254700608 8634.0436596292911 533.13505604290697 262.58936577230492 -849.04299449266694 4194.7903491641164 4187.8235583721125 83.669788395766233 4869.3180534025078 -1463.9147331927177 3096.0087947258844 2579.8554065701815 -354.49749804319731
leaf_weight=899 106 21 42 21 121 44 25 279 149 20 44 140 33 45 128 40 41 332 32 34 35 29 39 32 32 22 47 24 75 135
leaf_count=899 106 21 42 21 121 44 25 279 149 20 44 140 33 45 128 40 41 332 32 34 35 29 39 32 32 22 47 24 75 135
internal_value=-0.00167971 -0.018093 -0.0199077 0.0137168 0.0149515 0.000968992 -0.0124663 0.0138216 0.0218137 0.0124479 0.0110515 0.0161877 0.000899281 -0.0227134 -0.0176471 -0.0155882 -0.00808458 0.0115243 0.00912698 0.0131818 -0.005 -0.0015625 0.00803887 0.0135989 0.0067623 0.00525 0.00393258 -0.00176056 0.00771028 -0.00965909
internal_weight=3066 1484 1355 1582 1443 129 371 1239 204 960 699 261 139 984 170 85 201 679 315 55 85 64 283 364 244 200 178 71 107 176
internal_count=3066 1484 1355 1582 1443 129 371 1239 204 960 699 261 139 984 170 85 201 679 315 55 85 64 283 364 244 200 178 71 107 176
is_linear=0
shrinkage=0.05


Tree=19
num_leaves=31
num_cat=0
split_feature=2 3 2 0 5 5 2 3 4 7 5 2 5 4 4 7 7 0 10 4 10 10 3 2 10 5 5 0 5 5
split_gain=289.052 22.4665 14.9549 11.6643 4.29283 3.15413 2.99997 2.68477 2.58573 2.29712 2.11671 2.11083 1.93094 1.78624 2.49019 1.58764 1.55077 1.51448 1.62368 1.49548 1.40802 1.33765 1.69656 1.49344 1.5212 1.35747 1.35428 1.61131 1.27397 1.21236
threshold=214222.48500000002 231203.28857142859 144508.52500000005 240016.58500000005 43410.926953742339 25599.780967531329 324265.02000000008 433234.90571428579 209106.30482142861 1.5000000000000002 151344.0809054276 261101.73000000001 105035.48597331518 314879.24570488726 903807.27875000006 2.5000000000000004 1.5000000000000002 308451.37500000006 113.50000000000001 222408.70160714287 211.50000000000003 110.50000000000001 396004.79571428575 356720.39500000008 248.50000000000003 129659.87757843696 95124.444919640286 350831.96500000008 81537.84758301494 20038.441739438127
decision_type=2 2 2 2 2 2 2 2 2 2 2 2 2 2 2 2 2 2 2 2 2 2 2 2 2 2 2 2 2 2
left_child=1 2 -1 8 9 -4 10 15 -2 29 17 12 19 -8 16 -3 -15 18 -6 -10 -19 26 -23 -24 25 -25 -18 -28 -7 -5
right_child=3 7 5 4 6 28 13 -9 11 -11 -12 -13 -14 14 -16 -17 21 20 -20 -21 -22 22 23 24 -26 -27 27 -29 -30 -31
leaf_value=-2786.4037445568829 -748.97505011577312 -829.75532955507299 -524.17167819193128 145.61143971828861 1146.6190859608134 -397.31181414533279 4084.3091004955554 5145.4852217033304 77.492489052224855 1568.8310607602937 5793.9209090460354 1809.9120956439801 224.69452063278732 7497.2055767741003 19380.892726849987 896.03315951391414 1103.9015483782337 1443.5959260897566 1487.8746543065354 -541.62070049893225 -319.63642272987494 2563.2174083225127 -626.57452095024064 125.72516289657652 4374.2624996522618 3428.9937369017225 574.15922856637633 7799.5766863166227 -711.18859434703927 506.32049074076059
leaf_weight=835 35 70 240 21 20 226 92 29 21 149 48 126 36 195 200 49 20 84 27 31 30 66 21 54 22 102 21 124 39 33
leaf_count=835 35 70 240 21 20 226 92 29 21 149 48 126 36 195 200 49 20 84 27 31 30 66 21 54 22 102 21 124 39 33
internal_value=-0.00166341 -0.0174731 -0.0195149 0.0132446 0.0151053 -0.0127228 0.0138988 0.00101351 0.00331325 0.021798 0.00849282 0.00537383 -0.000568182 0.0151309 0.0143939 -0.00231092 0.01284 0.00574534 0.0132979 -0.00673077 0.00263158 0.0111628 0.00896226 0.00665829 0.00814607 0.00641026 0.014697 0.0163793 -0.00896226 0.012963
internal_weight=3066 1488 1340 1578 1329 505 1126 148 249 203 209 214 88 917 825 119 625 161 47 52 114 430 265 199 178 156 165 145 265 54
internal_count=3066 1488 1340 1578 1329 505 1126 148 249 203 209 214 88 917 825 119 625 161 47 52 114 430 265 199 178 156 165 145 265 54
is_linear=0
shrinkage=0.05


Tree=20
num_leaves=31
num_cat=0
split_feature=2 2 2 6 3 6 5 3 7 4 7 5 7 5 3 5 10 10 2 5 7 2 3 3 5 3 5 2 10 3
split_gain=268.055 21.4304 10.2836 7.31421 5.91689 5.48797 4.18834 3.42096 2.95943 2.93789 2.54855 2.81438 2.15957 2.58036 1.79276 1.65647 1.52417 1.38306 1.4503 1.382 2.27273 1.18783 1.436 1.11527 2.07447 1.11813 1.53296 1.52944 1.3979 1.31721
threshold=214222.48500000002 141486.30000000002 275880.78000000009 66499.480648905665 250887.78285714288 27377.126534717117 151344.0809054276 209372.7328571429 5.5000000000000009 304008.04589285719 1.0000000180025095e-35 91341.761379179065 1.5000000000000002 221351.28441132806 144306.32428571431 30721.231188236601 33.500000000000007 233.50000000000003 156663.87500000003 122700.24752052366 2.5000000000000004 173950.72500000003 210628.16285714289 345958.77428571432 102828.78558203026 369276.96000000002 106658.83706061462 538185.72500000009 194.50000000000003 483066.75000000006
decision_type=2 2 2 2 2 2 2 2 2 2 2 2 2 2 2 2 2 2 2 2 2 2 2 2 2 2 2 2 2 2
left_child=1 4 6 -4 14 16 10 -5 12 15 -2 -12 -9 23 -1 -7 -3 18 -17 20 -13 22 -20 24 -14 -25 27 -27 -28 -30
right_child=2 5 3 7 -6 9 -8 8 -10 -11 11 19 13 -15 -16 17 -18 -19 21 -21 -22 -23 -24 25 -26 26 28 -29 29 -31
leaf_value=-2939.2159792040388 703.00099114380725 -188.09919416137419 1343.3934139722785 -3296.513797913045 959.6586933623214 59.674883666350802 5011.0745821265918 6183.7341667355722 4277.4430085190661 2738.7213242053813 -130.47394230369974 -514.53966547398602 1101.3925068895303 13991.373090507486 -1279.0011354540388 -1156.892290325615 -503.50262084156134 -909.54471131083119 61.662343099508149 -390.86544059501398 804.78728180796907 -468.02932422191083 -697.13192188747928 3837.9907387072162 -431.10925253155295 2125.6669869208376 3334.78450793408 -1766.8446283452331 2782.7213390680731 -518.36837575043319
leaf_weight=688 26 21 170 22 21 24 35 358 197 43 90 25 21 168 113 72 231 38 44 26 55 173 32 25 31 58 159 20 61 23
leaf_count=688 26 21 170 22 21 24 35 358 197 43 90 25 21 168 113 72 231 38 44 26 55 173 32 25 31 58 159 20 61 23
internal_value=-0.00208469 -0.0172 0.0123567 0.014147 -0.0226277 -0.0106195 0.00321012 0.0127078 0.013091 -0.00715962 0.000675676 -0.00127551 0.0119048 0.00998233 -0.0233146 -0.00855091 -0.0164683 -0.00940111 -0.00833333 0.00424528 0.0075 -0.0065261 -0.00131579 0.00778894 0.000961538 0.00881503 0.00802181 0.00192308 0.00997942 0.0047619
internal_weight=3070 1500 1570 1313 822 678 257 1143 1121 426 222 196 924 566 801 383 252 359 321 106 80 249 76 398 52 346 321 78 243 84
internal_count=3070 1500 1570 1313 822 678 257 1143 1121 426 222 196 924 566 801 383 252 359 321 106 80 249 76 398 52 346 321 78 243 84
is_linear=0
shrinkage=0.05


Tree=21
num_leaves=31
num_cat=0
split_feature=1 2 2 3 5 3 6 3 4 6 10 1 2 6 5 1 4 10 8 2 10 10 10 2 2 5 10 3 4 4
split_gain=261.919 22.8645 10.9838 8.31223 6.8281 3.82239 3.25465 2.49563 2.14781 2.23766 2.19123 1.93623 1.54878 3.462 1.57788 1.5229 1.68412 1.48564 2.63382 1.88344 1.39655 1.38153 1.28721 1.28571 1.22089 1.43142 1.125 1.16176 1.12408 1.04712
threshold=215002.05500000002 143330.095 275880.78000000009 337522.94214285718 43410.926953742339 433234.90571428579 27377.126534717117 141820.02428571432 903807.27875000006 281981.5255516576 91.500000000000014 552618.79500000004 409340.1650000001 115555.99780710715 92947.605091194229 120546.27000000002 120462.88339285714 196.50000000000003 1.0000000180025095e-35 396082.10500000004 246.50000000000003 38.500000000000007 178.50000000000003 378362.99000000005 188404.78000000003 92947.605091194229 231.50000000000003 373623.22571428574 515721.64607142861 542050.73750000016
decision_type=2 2 2 2 2 2 2 2 2 2 2 2 2 2 2 2 2 2 2 2 2 2 2 2 2 2 2 2 2 2
left_child=1 7 5 6 -4 21 -3 -1 9 12 -11 -12 17 -14 -15 -8 -17 19 23 22 26 -2 -6 -19 25 -23 27 -16 -29 -30
right_child=2 3 4 -5 8 -7 15 -9 -10 10 11 -13 13 14 20 16 -18 18 -20 -21 -22 24 -24 -25 -26 -27 -28 28 29 -31
leaf_value=-2780.0696333688365 521.71486516600419 -453.43132603547713 1276.2237432736642 2808.2862012603291 1886.3933342004618 5237.905950324478 -2009.9366696273305 -1190.3475630563364 18439.398474827438 8835.2639642506747 1475.8652241899254 -3318.4440052818641 5346.4455968616312 1511.2387393926097 3748.0608816109598 94.186102182267504 -575.36959964060668 -484.84440891921986 2486.8056480875998 -777.83740192499977 4698.1187792617702 19.679904112096121 2500.6969956515372 2623.4533441473413 77.430432750903861 -1497.4143478590158 1859.3792069947478 5399.5857988775797 1848.8652988282906 10185.908467673085
leaf_weight=699 24 240 170 35 196 54 24 132 199 26 29 22 88 38 22 32 332 50 41 20 24 21 22 20 188 20 24 174 40 64
leaf_count=699 24 240 170 35 196 54 24 132 199 26 29 22 88 38 22 32 332 50 41 20 24 21 22 20 188 20 24 174 40 64
internal_value=-0.0020684 -0.0170683 0.012151 -0.0101433 0.0142041 0.0036645 -0.011465 -0.0225933 0.0127616 0.0117222 0.00357143 -0.00245098 0.0124848 0.014346 0.0123057 -0.00863402 -0.00782967 0.00995702 0.00518018 0.0121849 0.0133621 0.00108696 0.0135321 -0.000714286 -0.00010917 -0.00792683 0.0125 0.0133333 0.0142086 0.0100962
internal_weight=3070 1494 1576 663 1269 307 628 831 1099 900 77 51 823 474 386 388 364 349 111 238 348 253 218 70 229 41 324 300 278 104
internal_count=3070 1494 1576 663 1269 307 628 831 1099 900 77 51 823 474 386 388 364 349 111 238 348 253 218 70 229 41 324 300 278 104
is_linear=0
shrinkage=0.05


Tree=22
num_leaves=31
num_cat=0
split_feature=2 2 0 0 6 5 2 3 2 6 4 2 5 5 2 2 6 10 0 8 10 5 5 4 3 0 6 2 6 10
split_gain=244.379 21.0812 10.4885 8.49197 4.69809 4.64073 3.32829 3.31362 3.06353 3.39861 2.37687 2.06023 2.00638 1.71634 1.50066 1.49113 1.44258 1.31448 1.28459 1.23487 1.28545 1.45863 1.20702 1.13161 2.09158 1.6092 1.10668 1.06983 1.16365 1.00953
threshold=214222.48500000002 143330.095 251152.76500000004 317020.21500000003 27377.126534717117 52209.070545177608 275880.78000000009 203666.02714285717 409340.1650000001 117836.1444139721 304008.04589285719 304023.5500000001 94078.567190292888 30721.231188236601 117631.41500000002 538185.72500000009 34958.101065373776 233.50000000000003 742958.30500000005 1.0000000180025095e-35 71.500000000000014 113855.66576723999 44978.661696059258 903807.27875000006 534700.47071428585 494389.05500000005 424678.58466219017 311015.33000000002 147844.39382622534 101.50000000000001
decision_type=2 2 2 2 2 2 2 2 2 2 2 2 2 2 2 2 2 2 2 2 2 2 2 2 2 2 2 2 2 2
left_child=1 3 7 14 29 6 -4 -2 18 -10 13 -9 15 -6 -1 -11 -16 -15 19 20 -7 -22 -18 24 -14 -26 -25 -23 -29 -3
right_child=2 4 5 -5 10 8 -8 11 9 12 -12 -13 23 17 16 -17 22 -19 -20 -21 21 27 -24 26 25 -27 -28 28 -30 -31
leaf_value=-2874.9727630285197 -999.17663000306936 -337.99431437667664 169.69735525108263 2039.0628847488435 69.611419835452395 1890.2049181566108 1234.3462777828274 13.036617626628141 5079.1233170185487 3324.9485635259789 1563.3919568348429 1884.5478594969318 4447.4065285881979 -472.00705435003186 -837.7349017003944 -1746.6008284561265 -647.13762142695714 -824.18241537005235 21845.938755021863 2579.7652294935601 -26.652023923923846 2615.7168853798767 -1207.2868548253944 17789.223389290455 -637.23670838503904 7478.7547304323161 10401.818165606855 1964.9721830980825 -1028.4736850612796 -455.65592349771032
leaf_weight=517 43 81 26 25 23 51 176 129 90 22 42 106 242 311 178 20 44 35 22 108 93 55 87 174 28 106 21 37 21 157
leaf_count=517 43 81 26 25 23 51 176 129 90 22 42 106 242 311 178 20 44 35 22 108 93 55 87 174 28 106 21 37 21 157
internal_value=-0.00210098 -0.0165333 0.0116879 -0.0217098 -0.00974576 0.0135836 0.0205446 0.0028777 0.0122936 0.0142603 -0.00650852 0.00521277 0.0129282 -0.00779133 -0.0225787 0.00238095 -0.019822 -0.00867052 0.00872093 0.0080137 0.0061284 0.00436893 -0.0158397 0.013704 0.0121011 0.00708955 0.0167949 0.00818584 0.00344828 -0.0153361
internal_weight=3070 1500 1570 851 649 1292 202 278 1090 703 411 235 613 369 826 42 309 346 387 365 257 206 131 571 376 134 195 113 58 238
internal_count=3070 1500 1570 851 649 1292 202 278 1090 703 411 235 613 369 826 42 309 346 387 365 257 206 131 571 376 134 195 113 58 238
is_linear=0
shrinkage=0.05


Tree=23
num_leaves=31
num_cat=0
split_feature=1 2 2 5 5 5 4 0 7 4 7 1 4 1 1 2 2 1 7 4 7 5 0 0 1 1 4 7 0 0
split_gain=239.23 23.4961 10.5488 7.27208 5.79166 2.57579 2.55301 2.43332 2.20587 2.48366 2.46293 1.86888 1.70317 1.54584 1.53651 1.36513 1.33408 1.31815 1.26793 1.20985 1.16601 1.05791 1.67865 1.40485 1.29256 1.20623 1.07336 1.05209 0.968222 0.854398
threshold=211662.92000000001 143330.095 275880.78000000009 43410.926953742339 92947.605091194229 10959.642039079643 398491.41375000007 287155.59500000003 5.5000000000000009 222408.70160714287 1.5000000000000002 1078049.9500000002 121971.94464285717 137707.87000000002 163701.77000000005 222890.37000000002 373014.69000000006 1391885.1650000003 1.0000000180025095e-35 302381.66214285721 3.5000000000000004 157860.22606546877 317020.21500000003 617625.81000000017 618973.59500000009 443407.32000000007 388845.3776785715 1.5000000000000002 407826.83000000007 557495.57500000007
decision_type=2 2 2 2 2 2 2 2 2 2 2 2 2 2 2 2 2 2 2 2 2 2 2 2 2 2 2 2 2 2
left_child=1 7 6 27 5 -3 18 13 9 -5 21 19 -7 -1 -6 -16 -10 -13 -2 -12 -20 22 -11 24 -23 26 -24 -4 -8 -30
right_child=2 4 3 8 14 12 28 -9 16 10 11 17 -14 -15 15 -17 -18 -19 20 -21 -22 23 25 -25 -26 -27 -28 -29 29 -31
leaf_value=-2550.1897791739684 447.1676499333422 -512.17651613997589 182.08724045659184 -171.39126293488954 -285.96818998455859 -152.17194861232858 4829.018463386953 -958.30674877687932 1369.2823785876799 1307.8445700055804 -108.54242272938865 18003.213967776217 -435.4296359387256 -647.73890265849923 -362.12949228733345 916.66609297884645 4030.0619916372498 9926.8139677762174 -125.30330204490457 2826.1566550151738 328.69400909020482 9886.6618330441852 3941.4559094073193 10990.995913964813 -1895.1142008172901 6231.0880827181718 5141.557163235484 1309.8553984708415 151.60015456096298 13605.985969817168
leaf_weight=681 38 102 27 23 20 53 22 20 48 33 30 41 409 129 34 36 149 27 123 451 89 25 32 91 27 93 31 143 20 23
leaf_count=681 38 102 27 23 20 53 22 20 48 33 30 41 409 129 34 36 149 27 123 451 89 25 32 91 27 93 31 143 20 23
internal_value=-0.00221498 -0.0166442 0.0112863 0.0133163 -0.00955657 -0.0114362 0.00309524 -0.0222289 0.0118302 0.0107854 0.0112089 0.00915301 -0.00984848 -0.0226543 0.00222222 0.00571429 0.0166244 0.0169118 0.0008 0.00805613 -0.000707547 0.0146084 0.0170635 0.0113636 0.00480769 0.0192308 0.0138889 0.0229412 0.0119231 0.00755814
internal_weight=3070 1484 1586 1271 654 564 315 830 1101 904 881 549 462 810 90 70 197 68 250 481 212 332 189 143 52 156 63 170 65 43
internal_count=3070 1484 1586 1271 654 564 315 830 1101 904 881 549 462 810 90 70 197 68 250 481 212 332 189 143 52 156 63 170 65 43
is_linear=0
shrinkage=0.05


Tree=24
num_leaves=31
num_cat=0
split_feature=1 2 2 6 3 3 3 1 4 7 4 2 1 7 6 7 4 0 10 10 2 2 3 7 10 6 7 1 2 0
split_gain=228.861 22.67 11.1365 6.92251 5.62299 3.40493 2.9207 2.40282 2.24835 2.10982 2.07645 2.02863 1.96599 1.90089 1.85534 1.73806 1.61852 1.57953 1.51168 1.91057 2.65337 1.74827 2.66667 1.63279 1.77336 2.21488 1.46423 1.34518 1.08129 1.5095
threshold=211662.92000000001 143330.095 275880.78000000009 66499.480648905665 299181.59500000003 433234.90571428579 141820.02428571432 420491.74500000005 334480.92495879129 3.5000000000000004 123252.52321428573 484419.0500000001 133808.64500000005 1.5000000000000002 281981.5255516576 1.0000000180025095e-35 152089.93303571429 142611.07500000004 90.500000000000014 113.50000000000001 369476.97500000003 479878.03000000009 413517.83500000002 4.5000000000000009 204.50000000000003 112715.55988619714 3.5000000000000004 187290.01500000004 188404.78000000003 213621.71500000003
decision_type=2 2 2 2 2 2 2 2 2 2 2 2 2 2 2 2 2 2 2 2 2 2 2 2 2 2 2 2 2 2
left_child=1 6 5 13 10 15 12 14 -9 -8 -3 -10 -1 -4 18 -2 -11 -14 -5 -20 23 -22 -23 24 25 -21 28 -12 -17 -30
right_child=2 4 3 7 -6 -7 9 8 11 16 27 -13 17 -15 -16 26 -18 -19 19 20 21 22 -24 -25 -26 -27 -28 -29 29 -31
leaf_value=-2489.1992355277707 429.99154236158068 -144.22945049690389 172.98287843376167 1951.4281088521238 447.70783209817603 4793.4750952205786 -1302.8007490502584 4841.1482647099883 2701.1262813937851 164.0884061933306 -436.93441008628434 8002.050647451626 -600.13281690057488 1244.3626285473001 -169.2553544953291 -1383.8737286208191 -657.69033565692087 -182.61914502557485 -3641.4559089892159 -310.02879880677068 2569.526261151841 4259.7522445034501 -1329.7946368412959 1788.4335616666374 -1118.3578335589759 2293.0248904318009 402.61219135165811 -426.6352198355948 164.67137631983061 -138.29727753652114
leaf_weight=594 37 64 27 115 53 54 81 39 181 21 416 462 78 143 21 24 29 27 22 20 80 27 27 46 33 28 94 121 30 76
leaf_count=594 37 64 27 115 53 54 81 39 181 21 416 462 78 143 21 24 29 27 22 20 80 27 27 46 33 28 94 121 30 76
internal_value=-0.00232899 -0.016442 0.0108764 0.0129622 -0.00948012 0.00246032 -0.0219277 0.0115123 0.0133431 -0.0150763 -0.0108569 0.0126361 -0.0232117 0.0223529 0.00853222 9.57854e-05 -0.007 -0.0169048 0.00929648 0.00733216 0.0085249 0.0134328 0.00648148 0.00334646 -0.000925926 0.00520833 -0.0015625 -0.0118715 -0.005 -0.00283019
internal_weight=3070 1484 1586 1271 654 315 830 1101 682 131 601 643 699 170 419 261 50 105 398 283 261 134 54 127 81 48 224 537 130 106
internal_count=3070 1484 1586 1271 654 315 830 1101 682 131 601 643 699 170 419 261 50 105 398 283 261 134 54 127 81 48 224 537 130 106
is_linear=0
shrinkage=0.05


Tree=25
num_leaves=31
num_cat=0
split_feature=2 3 2 3 2 6 4 5 4 6 2 10 7 7 7 4 5 10 5 6 4 5 6 10 5 2 10 5 5 6
split_gain=200.245 18.7393 8.23913 7.69635 7.68233 6.97242 4.3545 3.98297 3.52156 3.73832 2.80065 2.49413 2.45455 1.78411 2.58593 1.63123 1.54347 1.94507 1.52856 2.21507 1.50578 1.44342 1.43903 1.43557 1.30848 1.30398 1.29007 1.6933 1.27855 2.38246
threshold=214222.48500000002 144306.32428571431 129389.77 328123.72285714292 283675.44500000007 66499.480648905665 134887.97152142858 151344.0809054276 903807.27875000006 281981.5255516576 177520.34500000003 91.500000000000014 1.0000000180025095e-35 5.5000000000000009 1.5000000000000002 173329.87660714288 129659.87757843696 159.50000000000003 35552.16044183739 43082.655796491301 227308.70053571431 71742.172016100943 115555.99780710715 73.500000000000014 11202.065064796345 173950.72500000003 207.50000000000003 102828.78558203026 91341.761379179065 78230.717870149907
decision_type=2 2 2 2 2 2 2 2 2 2 2 2 2 2 2 2 2 2 2 2 2 2 2 2 2 2 2 2 2 2
left_child=1 2 -1 10 7 -6 18 12 9 13 -3 -11 -2 14 20 -12 17 23 -4 -20 -7 -17 -22 -16 -8 -5 -19 -28 29 -14
right_child=4 3 6 25 5 8 24 -9 -10 11 15 -13 28 -15 16 21 -18 26 19 -21 22 -23 -24 -25 -26 -27 27 -29 -30 -31
leaf_value=-2363.9414221888815 575.80778238950006 -556.43150784433681 -173.1621637115517 2642.6787762870781 995.4202783699352 235.18843892078439 -574.81509619466965 4678.9385242208227 13664.176232333848 4723.1302501004193 112.62209067059521 -1881.6014559862961 -43.618917579155827 2588.8271663323339 416.60587305496739 -384.6070654268384 2786.2225814329754 2656.5769626445181 -920.20069141455906 -121.03716278904467 4057.3764849064728 -262.09768937083572 5219.8581862298661 -1392.0323366732687 -491.9568308802875 821.40000463898468 1563.4143347891513 -1035.0184041460118 104.59839239862777 -452.49819621337667
leaf_weight=581 48 366 50 32 156 27 106 39 198 20 42 51 75 162 32 78 223 52 62 46 71 70 174 47 40 34 27 26 115 26
leaf_count=581 48 366 50 32 156 27 106 39 198 20 42 51 75 162 32 78 223 52 62 46 71 70 174 47 40 34 27 26 115 26
internal_value=-0.00295839 -0.0159754 -0.0206497 -0.00932476 0.0095443 0.0112559 -0.0139803 0.00239274 0.00986486 0.00855263 -0.011241 -0.00246479 0.000189394 0.00948276 0.00835788 -0.00631579 0.00583538 0.00244565 -0.00822785 -0.0115741 0.0121324 -0.00878378 0.0133673 -0.00348101 -0.0202055 0.00681818 0.00690476 0.00141509 -0.00208333 -0.00618812
internal_weight=3076 1507 885 622 1569 1266 304 303 1110 912 556 71 264 841 679 190 407 184 158 108 272 148 245 79 146 66 105 53 216 101
internal_count=3076 1507 885 622 1569 1266 304 303 1110 912 556 71 264 841 679 190 407 184 158 108 272 148 245 79 146 66 105 53 216 101
is_linear=0
shrinkage=0.05


Tree=26
num_leaves=31
num_cat=2
split_feature=2 2 3 2 6 4 5 6 5 3 4 10 7 2 11 5 6 3 7 2 3 10 6 11 5 6 2 10 2 10
split_gain=186.672 20.6984 10.7782 7.22238 7.13385 3.75597 3.48066 3.41098 3.40871 3.28637 2.49784 2.49413 2.45455 2.09786 5.29556 3.25103 2.01638 1.72452 1.65401 1.62172 1.75254 1.53522 1.53406 1.4423 1.27855 2.38246 1.41774 2.27665 1.34204 1.25926
threshold=214222.48500000002 139946.47000000003 328123.72285714292 283675.44500000007 66499.480648905665 903807.27875000006 10959.642039079643 281981.5255516576 151344.0809054276 136543.58142857146 304008.04589285719 91.500000000000014 1.0000000180025095e-35 417986.48000000004 0 129659.87757843696 131447.28535472744 433234.90571428579 3.5000000000000004 161367.42000000004 124097.38357142858 187.50000000000003 136501.98635866327 1 91341.761379179065 78230.717870149907 261101.73000000001 142.50000000000003 230193.30500000002 105.50000000000001
decision_type=2 2 2 2 2 2 2 2 2 2 2 2 2 2 1 2 2 2 2 2 2 2 2 1 2 2 2 2 2 2
left_child=1 2 9 8 -5 7 -3 13 12 -1 19 -9 -2 23 22 17 -17 21 -11 20 -8 -16 -15 -6 25 26 27 -14 -26 -13
right_child=3 6 -4 4 5 -7 10 11 -10 18 -12 29 24 14 15 16 -18 -19 -20 -21 -22 -23 -24 -25 28 -27 -28 -29 -30 -31
leaf_value=-2183.8375151419373 547.0173932700244 -434.91418269987338 1723.4971737955188 945.64926445143942 1182.1766621140021 12980.967420717156 -164.17803146322987 4486.9737375953991 4444.9915980097812 -962.76251092234168 2544.3533761330796 -2193.2552417618022 -864.61997448922784 4618.0996185198983 -402.37280796694978 -1354.6309779972917 5940.1192797460817 -1351.7826684455795 -372.68203621127327 -278.15625513223353 -570.46654211689895 4558.6112259681422 2512.0248390220631 312.01456813757545 935.80790098586078 -429.87328640270721 235.61408734656143 131.58470064704889 -60.445963844869404 -840.21837455559296
leaf_weight=646 48 118 22 156 238 198 27 20 39 93 43 24 20 113 31 25 190 44 53 367 138 27 46 127 38 26 34 21 77 27
leaf_count=646 48 118 22 156 238 198 27 20 39 93 43 24 20 113 31 25 190 44 53 367 138 27 46 127 38 26 34 21 77 27
internal_value=-0.00290962 -0.0154778 -0.0208845 0.00916189 0.0108215 0.00941441 -0.00912698 0.00805921 0.00222772 -0.0218434 -0.00752174 -0.00246479 0.000189394 0.00894768 0.0111345 0.00665138 0.0103488 -0.000490196 -0.0150685 -0.00845865 -0.0125758 0.00517241 0.0184911 0.00609589 -0.00208333 -0.00618812 -0.00166667 -0.00792683 0.00152174 -0.00833333
internal_weight=3076 1507 814 1569 1266 1110 693 912 303 792 575 71 264 841 476 317 215 102 146 532 165 58 159 365 216 101 75 41 115 51
internal_count=3076 1507 814 1569 1266 1110 693 912 303 792 575 71 264 841 476 317 215 102 146 532 165 58 159 365 216 101 75 41 115 51
cat_boundaries=0 1 2
cat_threshold=3 6
is_linear=0
shrinkage=0.05


Tree=27
num_leaves=31
num_cat=0
split_feature=1 1 2 6 5 7 0 1 5 5 7 5 6 0 10 10 6 2 10 7 0 10 9 0 5 10 7 5 6 7
split_gain=181.848 18.8253 13.8467 5.4348 4.7535 4.55777 3.38612 3.34519 3.30001 2.89867 2.54554 1.40053 1.47965 1.79806 1.55733 5.07902 1.39511 2.05302 1.5715 1.53239 1.40911 1.3037 1.12535 1.31456 1.23149 1.8093 1.62933 1.55018 1.37046 1.12425
threshold=178686.035 272494.94500000007 129389.77 66499.480648905665 120328.82646153282 1.5000000000000002 255614.00000000003 428246.89500000008 138146.13288717566 11202.065064796345 1.0000000180025095e-35 88530.763104210273 113505.5981142065 566263.16500000015 91.500000000000014 99.500000000000014 128037.85784872471 240216.89000000004 204.50000000000003 4.5000000000000009 260574.74500000002 67.500000000000014 1.0000000180025095e-35 297294.37000000005 48990.531681823901 213.50000000000003 3.5000000000000004 13171.136983466056 54082.356308984665 1.5000000000000002
decision_type=2 2 2 2 2 2 2 2 2 2 2 2 2 2 2 2 2 2 2 2 2 2 2 2 2 2 2 2 2 2
left_child=2 8 6 5 9 -3 -1 -5 16 -4 -11 -9 -13 14 21 -16 17 22 19 20 -19 -14 23 24 25 26 27 -2 -26 -15
right_child=1 3 4 7 -6 -7 -8 11 -10 10 -12 12 13 29 15 -17 -18 18 -20 -21 -22 -23 -24 -25 28 -27 -28 -29 -30 -31
leaf_value=-2106.2856784473406 80.437795535613262 143.47090472478885 -426.92498156345687 1048.2437511922574 2409.5272382676048 961.47226997886617 -643.02173522050725 728.08100290279253 3943.5643893306842 -85.042809710245649 -533.57185754644092 4282.2842294296133 4844.8841608046005 10041.400465741441 -3086.4411283177792 2788.9251800022994 -1415.2495372826293 -197.11078449304478 -72.453626042336694 764.25602167312468 411.23242237070082 7278.8502948870537 -350.65838381421202 -1277.9651951676992 136.43502065223294 40.043560199287462 -385.61785974994859 -357.5688121891726 -66.970492861943782 7675.5701991374199
leaf_weight=625 21 39 176 458 27 141 20 31 48 67 322 60 33 108 23 186 29 33 29 23 32 27 35 20 43 24 23 39 114 220
leaf_count=625 21 39 176 458 27 141 20 31 48 67 322 60 33 108 23 186 29 33 29 23 32 27 35 20 43 24 23 39 114 220
internal_value=-0.00286086 0.00710984 -0.0176839 0.0102564 -0.0121622 0.0183333 -0.0227519 0.00898778 -0.00102339 -0.0131416 -0.0107326 0.0111919 0.0116819 0.0109296 0.00789963 0.00586124 -0.00231183 -0.0016055 0.00405983 0.00738636 0.00346154 0.015 -0.00368339 -0.00264085 -0.00170455 -0.00584112 -0.00933735 -0.005 0.00111465 0.0134146
internal_weight=3076 1839 1237 1326 592 180 645 1146 513 565 389 688 657 597 269 209 465 436 117 88 65 60 319 284 264 107 83 60 157 328
internal_count=3076 1839 1237 1326 592 180 645 1146 513 565 389 688 657 597 269 209 465 436 117 88 65 60 319 284 264 107 83 60 157 328
is_linear=0
shrinkage=0.05


Tree=28
num_leaves=31
num_cat=1
split_feature=1 1 1 11 3 0 3 0 3 7 0 3 4 10 6 7 4 4 3 0 10 1 3 3 7 7 4 10 10 6
split_gain=175.163 17.4147 11.4837 7.26314 5.62371 4.3134 4.14419 3.10761 2.05538 1.91469 2.10013 1.84553 1.55153 1.5245 1.44201 1.73571 1.34919 2.2386 2.3449 1.77494 1.30864 1.25949 1.41307 1.49981 1.13069 1.26334 1.07591 1.07488 1.78183 2.06639
threshold=178686.035 288947.88000000006 128088.22000000002 0 288923.5221428572 661823.4800000001 182387.74071428576 260574.74500000002 226609.01785714287 2.5000000000000004 284772.27500000008 345958.77428571432 291125.76803571434 99.500000000000014 142629.21340348822 1.0000000180025095e-35 134558.59517857144 144211.53589285715 151041.34142857147 130407.67500000002 167.50000000000003 432365.23500000004 396004.79571428575 403279.36928571435 1.5000000000000002 2.5000000000000004 144211.53589285715 34.500000000000007 151.50000000000003 44178.879424911276
decision_type=2 2 2 1 2 2 2 2 2 2 2 2 2 2 2 2 2 2 2 2 2 2 2 2 2 2 2 2 2 2
left_child=2 7 6 8 16 11 26 27 -3 10 -9 13 -12 -5 15 -14 19 -18 -19 -4 -11 22 -13 -24 -7 -26 -1 -2 29 -29
right_child=1 3 4 5 -6 24 -8 9 -10 20 12 21 14 -15 -16 -17 17 18 -20 -21 -22 -23 23 -25 25 -27 -28 28 -30 -31
leaf_value=-2048.7758867124735 290.60434995634427 621.24563719625587 -653.83964574302161 -1542.6233442248574 2296.6593454130461 9425.7813105767709 -661.92658343842197 225.87366295481334 1137.6955314799241 220.40124160928247 1033.2102814963525 1496.2676028308488 129.73717686555901 1502.4830407364964 3257.8415418168079 -999.5885498506068 -443.43331455583905 74.5984945186472 -464.75830594018117 -100.11954572294636 2588.1171779134866 3122.5096216626816 -478.05142260730065 1277.0710487259203 4154.9518838748327 8704.5591115614643 -1136.6670976499736 -286.44706806429821 2.717844045821403 -237.09032774224761
leaf_weight=564 40 42 46 37 21 99 27 30 218 36 21 101 28 23 22 42 146 28 284 54 29 357 24 135 44 162 67 52 156 141
leaf_count=564 40 42 46 37 21 99 27 30 218 36 21 101 28 23 22 42 146 28 284 54 29 357 24 135 44 162 67 52 156 141
internal_value=-0.00289337 0.00689233 -0.0174414 0.0102657 -0.0123057 0.00801411 -0.0219605 -0.000125628 0.0177778 0.00480769 0.00157343 0.00587149 -0.00154867 -0.0025 -0.00434783 -0.00785714 -0.0132616 -0.0144105 -0.0120192 -0.008 0.0119231 0.00668558 0.00403846 0.00110063 0.0130328 0.0109223 -0.0227813 -0.0027635 -0.0036533 -0.00686528
internal_weight=3076 1839 1237 1242 579 982 658 597 260 208 143 677 113 60 92 70 558 458 312 100 65 617 260 159 305 206 631 389 349 193
internal_count=3076 1839 1237 1242 579 982 658 597 260 208 143 677 113 60 92 70 558 458 312 100 65 617 260 159 305 206 631 389 349 193
cat_boundaries=0 1
cat_threshold=10
is_linear=0
shrinkage=0.05


Tree=29
num_leaves=31
num_cat=1
split_feature=1 1 1 6 6 3 7 10 1 3 4 4 3 3 4 1 7 6 10 11 1 10 6 3 4 0 4 7 6 10
split_gain=167.266 16.2066 10.996 5.27863 4.80601 4.5498 4.06948 3.21485 3.15588 2.25319 1.75022 2.33527 1.73041 1.65743 1.79682 1.53411 1.46015 1.44251 3.03224 1.39705 2.24631 1.62671 1.88045 1.33998 1.53925 1.24451 1.21759 1.20589 1.18342 1.16263
threshold=178686.035 272494.94500000007 128088.22000000002 66499.480648905665 47385.234014279638 288923.5221428572 1.5000000000000002 101.50000000000001 432365.23500000004 384851.28857142857 134558.59517857144 144211.53589285715 151041.34142857147 316903.36357142864 903807.27875000006 228639.60500000001 5.5000000000000009 281981.5255516576 91.500000000000014 0 344617.74500000005 250.50000000000003 181076.79929150551 125456.43500000003 152628.5092857143 130407.67500000002 293537.9621428572 1.5000000000000002 265376.84609726974 254.50000000000003
decision_type=2 2 2 2 2 2 2 2 2 2 2 2 2 2 2 2 2 2 2 1 2 2 2 2 2 2 2 2 2 2
left_child=2 9 4 6 -1 10 -3 -6 19 15 25 -12 -13 -10 17 23 -8 29 -19 20 -5 22 -21 -2 -25 -4 27 -17 -24 -15
right_child=1 3 5 8 7 -7 16 -9 13 -11 11 12 -14 14 -16 26 -18 18 -20 21 -22 -23 28 24 -26 -27 -28 -29 -30 -31
leaf_value=-1939.8560376893497 68.831408157720588 129.81050064527082 -621.14766345587054 492.20657156456002 395.69387606900494 2181.8263781423943 1048.7076299059293 -1396.3146458117017 3967.7455241864027 2161.343691126528 -421.26164882804665 70.868569792715434 -441.52039064317142 3389.2395881144812 12151.964954465378 330.93856165080001 279.18966115592923 6758.7822990595687 -2947.1774940551641 109.8351322943403 2786.4874941007238 3291.3356407613119 4337.9269989307568 -693.51089474389596 -156.49215320562655 -95.113568436799696 -93.578893434206847 10.773789930071509 1665.09426782175 -501.79061877311034
leaf_weight=583 31 39 46 70 20 21 111 55 31 55 146 28 284 380 191 26 30 23 30 274 37 23 35 32 235 54 91 43 32 20
leaf_count=583 31 39 46 70 20 21 111 55 31 55 146 28 284 380 191 26 30 23 30 274 37 23 35 32 235 54 91 43 32 20
internal_value=-0.00294213 0.00662045 -0.0171584 0.00953997 -0.0215805 -0.012133 0.0175 -0.00966667 0.0082897 -0.000925926 -0.0129928 -0.0143013 -0.011859 0.0104815 0.00993789 -0.00207424 0.0214539 0.00822296 0.000471698 0.00514862 0.0100427 0.00334225 0.00256598 -0.00419463 -0.00533708 -0.007 0.001875 0.00688406 0.0100746 0.00925
internal_weight=3076 1839 1237 1326 658 579 180 75 1146 513 558 458 312 675 644 458 141 453 53 471 107 364 341 298 267 100 160 69 67 400
internal_count=3076 1839 1237 1326 658 579 180 75 1146 513 558 458 312 675 644 458 141 453 53 471 107 364 341 298 267 100 160 69 67 400
cat_boundaries=0 1
cat_threshold=2
is_linear=0
shrinkage=0.05


Tree=30
num_leaves=31
num_cat=0
split_feature=1 2 1 6 5 1 3 7 4 3 4 10 10 7 4 10 3 10 6 5 3 2 7 10 7 2 6 4 2 7
split_gain=164.986 19.8411 14.6847 5.59094 5.22638 4.01637 3.66999 2.89992 2.57362 2.38325 2.12387 1.98834 2.51281 1.81087 1.9543 1.76263 1.71288 1.65323 1.62437 1.38581 3.03322 1.60839 1.33105 1.24675 1.14161 1.34057 1.27528 1.13169 1.09633 1.09342
threshold=187290.01500000004 116554.55500000001 272494.94500000007 69296.256444369094 10959.642039079643 432365.23500000004 299948.86500000005 1.5000000000000002 314879.24570488726 316903.36357142864 760962.83553571452 90.500000000000014 244.50000000000003 1.0000000180025095e-35 147858.02321428576 253.50000000000003 140919.02571428573 71.500000000000014 106377.10293599313 49355.263571106691 151041.34142857147 244732.56000000003 5.5000000000000009 113.50000000000001 1.5000000000000002 491074.49500000005 147844.39382622534 135167.34089285717 409340.1650000001 2.5000000000000004
decision_type=2 2 2 2 2 2 2 2 2 2 2 2 2 2 2 2 2 2 2 2 2 2 2 2 2 2 2 2 2 2
left_child=1 16 8 7 27 11 13 -4 18 -7 15 17 24 14 23 -11 -1 -5 19 -2 -21 -22 -9 -6 26 28 -13 -3 -26 -15
right_child=2 4 3 5 6 9 -8 22 -10 10 -12 12 -14 29 -16 -17 -18 -19 -20 20 21 -23 -24 -25 25 -27 -28 -29 -30 -31
leaf_value=-1977.4720248673825 -226.89097044596565 -272.54229999455129 189.76940130854493 1057.8840990307042 -538.2946601212883 3651.2705493165954 1162.3607070267578 1134.0378734106314 849.0628168500233 2910.1196969605244 11501.179218576803 676.13574232397809 2642.7597891349233 -688.68591351735085 153.00604159181384 -590.8427803022322 -660.81776001338585 3684.5737519561608 -792.10860384318812 261.77623121342475 -303.11190642677104 651.97262364944186 316.67848634166296 -207.74202004002873 -78.397596266868646 -1395.6439849270364 5649.9221360645461 -374.68644032724916 2070.2683409109627 -347.00412460419324
leaf_weight=472 88 35 47 96 21 36 36 117 101 362 283 44 39 175 29 23 39 27 37 25 118 39 37 33 141 33 20 186 37 301
leaf_count=472 88 35 47 96 21 36 36 117 101 362 283 44 39 175 29 23 39 27 37 25 118 39 37 33 141 33 20 186 37 301
internal_value=-0.00251056 -0.0158063 0.00757143 0.0100969 -0.0109681 0.00874233 -0.00852941 0.0177861 -0.000735294 0.0110795 0.0104042 0.00497712 0.00286624 -0.00952594 -0.00271084 0.00798701 -0.0235323 0.0103659 -0.00301303 -0.00166667 0.000824176 -0.00175159 0.0211039 -0.00833333 0.00118182 -0.000592417 0.00703125 -0.0175339 0.0011236 -0.0107143
internal_weight=3077 1327 1750 1342 816 1141 595 201 408 704 668 437 314 559 83 385 511 123 307 270 182 157 154 54 275 211 64 221 178 476
internal_count=3077 1327 1750 1342 816 1141 595 201 408 704 668 437 314 559 83 385 511 123 307 270 182 157 154 54 275 211 64 221 178 476
is_linear=0
shrinkage=0.05


Tree=31
num_leaves=31
num_cat=0
split_feature=3 2 2 5 9 4 0 0 2 0 2 6 7 2 0 2 10 10 3 3 5 6 7 5 5 3 4 7 0 5
split_gain=147.308 30.6052 6.86915 5.97826 5.23602 4.70143 6.04998 3.89247 3.20138 2.64275 2.35479 2.11243 2.10935 1.9665 2.85518 2.68581 3.04652 2.5594 2.4845 1.74942 1.74472 1.70116 2.9063 1.6 1.54041 1.83277 1.97295 2.06512 1.43929 1.43444
threshold=242178.02500000005 135223.47000000003 246961.92500000002 10959.642039079643 1.0000000180025095e-35 304008.04589285719 303410.32000000007 742958.30500000005 115167.00500000002 163833.70500000005 304023.5500000001 136501.98635866327 2.5000000000000004 240216.89000000004 200374.95000000004 329237.01500000007 107.50000000000001 154.50000000000003 155094.74571428573 140919.02571428573 112993.80064450284 40861.826307014046 3.5000000000000004 97608.568508544835 48990.531681823901 174251.78214285718 124203.32375000003 3.5000000000000004 268668.97500000003 119512.71187824332
decision_type=2 2 2 2 2 2 2 2 2 2 2 2 2 2 2 2 2 2 2 2 2 2 2 2 2 2 2 2 2 2
left_child=1 8 4 -3 11 6 10 29 19 -5 28 12 -2 14 24 16 -15 -18 -16 -1 23 -10 -23 -14 25 26 -11 -28 -4 -7
right_child=2 3 5 9 -6 7 -8 -9 21 13 -12 -13 20 15 18 -17 17 -19 -20 -21 -22 22 -24 -25 -26 -27 27 -29 -30 -31
leaf_value=-1889.3693220615132 -986.73284565544827 -328.80778383496511 -189.06264449552327 -394.65084749819511 1657.7704415956978 1032.0189672634297 1055.4094172401005 10548.175892028143 -464.45161465640126 -513.7105647727418 1538.6687922401006 2130.3164132367615 -329.74903030830683 1419.5030875433965 51.535103233456176 -309.46142622017942 -619.67916682767827 692.77000770820314 -814.13930978923599 -725.17619109884981 -755.94537393334906 -1338.8953302756797 31.443920471754975 1427.7551771942324 47.059083035153165 -231.53074239466369 151.5427946020769 -241.70118936515647 148.46520493718563 2472.8179752314918
leaf_weight=463 82 150 34 292 26 255 145 255 135 22 67 44 20 29 20 35 20 23 57 37 23 35 32 20 67 42 44 28 71 504
leaf_count=463 82 150 34 292 26 255 145 255 135 22 67 44 20 29 20 35 20 23 57 37 23 35 32 20 67 42 44 28 71 504
internal_value=-0.00247806 -0.0134716 0.0084088 -0.00696622 0.000116279 0.00974831 0.0150631 0.00808679 -0.0211538 -0.00497054 0.00872093 -0.00277778 -0.00568966 -0.00226098 -0.00446429 0.00350467 0.00902778 0.000581395 -0.0126623 -0.0233 0.00119048 -0.0158416 -0.00932836 0.0075 -0.00135468 -0.00441176 -0.000531915 0.00347222 0.00404762 0.00629117
internal_weight=3077 1531 1546 829 215 1331 317 1014 702 679 172 189 145 387 280 107 72 43 77 500 63 202 67 40 203 136 94 72 105 759
internal_count=3077 1531 1546 829 215 1331 317 1014 702 679 172 189 145 387 280 107 72 43 77 500 63 202 67 40 203 136 94 72 105 759
is_linear=0
shrinkage=0.05


Tree=32
num_leaves=31
num_cat=0
split_feature=1 2 1 6 5 1 3 3 3 0 0 0 0 1 10 10 2 10 2 10 3 6 10 10 4 1 6 6 1 0
split_gain=147.178 19.7263 12.4532 5.75303 5.67079 4.09981 3.17851 2.71844 2.62732 2.45656 2.37329 2.35679 2.25699 2.09457 1.95439 2.33362 1.90832 1.80886 1.72098 1.61851 1.54971 1.42504 1.17701 1.79487 1.16914 0.976819 0.971388 2.13194 1.66016 1.1147
threshold=187290.01500000004 121612.50000000001 272494.94500000007 69296.256444369094 10959.642039079643 432365.23500000004 299181.59500000003 316903.36357142864 140919.02571428573 798871.29500000004 303410.32000000007 213621.71500000003 142611.07500000004 309067.88500000007 244.50000000000003 90.500000000000014 342665.44500000001 76.500000000000014 185465.33000000005 253.50000000000003 172034.97214285718 23339.215177672169 52.500000000000007 187.50000000000003 135167.34089285717 175650.39500000005 150392.42913183375 122313.35513916756 371602.00500000006 473850.27500000008
decision_type=2 2 2 2 2 2 2 2 2 2 2 2 2 2 2 2 2 2 2 2 2 2 2 2 2 2 2 2 2 2
left_child=1 8 16 10 24 14 11 -7 -1 19 13 12 21 -4 15 17 -2 -5 20 -9 -14 -6 -22 -24 -3 -26 27 28 -17 -29
right_child=2 4 3 5 6 7 -8 9 -10 -11 -12 -13 18 -15 -16 26 -18 -19 -20 -21 22 -23 23 -25 25 -27 -28 29 -30 -31
leaf_value=-1755.1850356459379 -87.514849445213628 -227.79848001374049 154.42018870614265 1134.6017426353064 -425.22805837905184 3403.8550666137598 326.5957110384465 2885.4680383322734 -608.06346528175061 10559.7731839224 797.26511252033379 -996.77764686503656 24.73254025614515 1357.6103526280961 2459.0208513150051 -37.620386065391358 1728.9777650269564 3197.3820472092007 -595.55498883573966 -612.90158965029411 -477.69762375651266 -547.1607771012001 -6.4336317915585823 -320.92864693508164 -381.62187217589383 -97.331608676282485 1518.1263770545063 -343.4386724329932 2466.7162627381363 -1961.3936101436441
leaf_weight=500 348 33 68 103 29 36 38 420 53 223 100 65 110 33 39 88 60 20 46 25 20 158 70 26 153 26 76 53 37 21
leaf_count=500 348 33 68 103 29 36 38 420 53 223 100 65 110 33 39 88 60 20 46 25 20 158 70 26 153 26 76 53 37 21
internal_value=-0.00260806 -0.0151658 0.00691429 0.00923994 -0.0100129 0.00786591 -0.00738434 0.0102273 -0.0223779 0.00950599 0.0170398 -0.00839695 -0.00713508 0.0116337 0.00406178 0.00301508 -0.000735294 0.00873984 -0.00422794 0.00735955 -0.00243363 -0.0113636 -0.00646552 -0.00416667 -0.0169811 -0.0185754 0.000454545 -0.00138191 0.0026 -0.00810811
internal_weight=3077 1327 1750 1342 774 1141 562 704 553 668 201 524 459 101 437 398 408 123 272 445 226 187 116 96 212 179 275 199 125 74
internal_count=3077 1327 1750 1342 774 1141 562 704 553 668 201 524 459 101 437 398 408 123 272 445 226 187 116 96 212 179 275 199 125 74
is_linear=0
shrinkage=0.05


Tree=33
num_leaves=31
num_cat=0
split_feature=1 2 1 6 5 1 1 3 1 3 0 0 0 10 0 2 2 10 10 10 6 3 4 6 10 1 4 5 1 4
split_gain=140.45 20.6016 11.5144 5.77082 4.54916 4.27477 2.75265 2.53484 2.38154 2.26177 2.17665 2.1651 2.12585 2.08202 2.06283 1.85194 1.68314 1.61851 1.58031 1.85708 1.50082 1.15228 1.70928 1.22164 1.07016 1.19727 1.80451 1.22718 0.896243 0.875669
threshold=187290.01500000004 121612.50000000001 272494.94500000007 69296.256444369094 10959.642039079643 432365.23500000004 130257.54500000001 299181.59500000003 306049.81500000006 316903.36357142864 305119.35500000004 229852.89000000004 798871.29500000004 244.50000000000003 142611.07500000004 342665.44500000001 185465.33000000005 253.50000000000003 89.500000000000014 71.500000000000014 23339.215177672169 174251.78214285718 174793.82339285719 12212.008836534076 103.50000000000001 371602.00500000006 390239.97857142863 133957.74695276996 132170.73000000004 380747.99178571434
decision_type=2 2 2 2 2 2 2 2 2 2 2 2 2 2 2 2 2 2 2 2 2 2 2 2 2 2 2 2 2 2
left_child=1 6 15 8 -3 13 -1 11 10 -7 -4 14 17 18 20 -2 21 -11 19 29 -6 23 -23 -16 -20 -26 -27 -28 -25 -5
right_child=2 4 3 5 7 9 -8 -9 -10 12 -12 -13 -14 -15 16 -17 -18 -19 24 -21 -22 22 -24 28 25 26 27 -29 -30 -31
leaf_value=-1672.2630885511412 -83.139106972953599 -299.3830958888866 145.00809319278923 -16.425746308351517 -403.96665546009899 3233.6623132830719 -524.49225138346742 310.26592548652411 1083.8085032520787 2741.1946364156584 558.41395099425426 -948.57286133301534 10031.784524726281 2336.0698087492551 146.30559973903291 1642.5288767756081 -496.29444463925614 -582.25651016777852 -1904.0512669829216 3409.5265660612076 -519.80273824613982 -185.73586518051889 -72.2607799832018 145.66390029546457 -43.473725213529548 2951.0259295841302 -1059.6503313925962 1761.0181181489606 -116.4776691314546 1760.5391380619403
leaf_weight=515 348 212 71 49 29 36 38 38 84 420 46 54 223 39 29 60 49 25 23 26 158 30 66 20 163 29 33 28 89 47
leaf_count=515 348 212 71 49 29 36 38 38 84 420 46 54 223 39 29 60 49 25 23 26 158 30 66 20 163 29 33 28 89 47
internal_value=-0.00255931 -0.0148267 0.00674286 0.00897914 -0.00956072 0.00760298 -0.0221971 -0.00720641 0.016791 0.0100142 0.0121795 -0.00811069 0.00935629 0.00371854 -0.00702128 -0.000612745 -0.00432862 0.00735955 0.00263819 0.00737705 -0.0110963 -0.0025641 -0.00677083 0.000362319 0.000543478 0.00148221 0.00611111 0.00122951 -0.00206422 0.00416667
internal_weight=3077 1327 1750 1342 774 1141 553 562 201 704 117 524 668 437 470 408 283 445 398 122 187 234 96 138 276 253 90 61 109 96
internal_count=3077 1327 1750 1342 774 1141 553 562 201 704 117 524 668 437 470 408 283 445 398 122 187 234 96 138 276 253 90 61 109 96
is_linear=0
shrinkage=0.05


Tree=34
num_leaves=31
num_cat=0
split_feature=1 2 1 5 5 2 3 3 7 6 5 1 2 5 7 3 5 1 5 1 5 6 10 6 1 10 7 7 5 1
split_gain=134.212 21.0109 10.0198 5.61119 5.01892 4.08883 2.71195 2.53405 2.23882 2.22672 2.49953 2.00804 1.79642 1.77308 1.73692 1.58987 1.56738 1.65557 1.93511 1.44549 1.33955 1.18401 1.44823 1.12333 1.11609 1.04687 1.04461 1.36335 1.10709 1.01934
threshold=187290.01500000004 117631.41500000002 272494.94500000007 52209.070545177608 10959.642039079643 427250.85500000004 131836.65642857147 299181.59500000003 1.5000000000000002 114825.00221141933 129659.87757843696 420491.74500000005 342665.44500000001 246339.76032281623 4.5000000000000009 223240.32214285719 164836.42297550617 349418.68500000006 73466.200920529096 335816.46500000003 24123.068048638659 138723.34230673066 155.50000000000003 158938.06409719549 313503.2950000001 242.50000000000003 4.5000000000000009 1.0000000180025095e-35 49641.373843985166 170546.69000000003
decision_type=2 2 2 2 2 2 2 2 2 2 2 2 2 2 2 2 2 2 2 2 2 2 2 2 2 2 2 2 2 2
left_child=1 6 12 8 -3 13 -1 15 -4 -7 11 -11 26 16 -10 29 17 18 -5 24 -16 -13 -23 -19 -20 -12 27 -2 -28 -6
right_child=2 4 3 5 7 9 -8 -9 14 10 25 21 -14 -15 20 -17 -18 23 19 -21 -22 22 -24 -25 -26 -27 28 -29 -30 -31
leaf_value=-1617.6286450610839 46.794436569806571 -289.17955926258583 141.97839374834584 1422.7448496034021 -319.33946363319774 2929.3978182330975 -511.27420854236118 294.75262921219837 1034.5279627117795 -1382.950638257942 5498.9226201098909 4633.2259078036095 1560.4024329368287 8675.5606318090013 141.3488609933149 -894.18385827362954 -1025.6741842052638 1355.0144759140123 -236.20619888049552 -990.26833359780437 517.46467334127954 3280.9443740179704 -2538.9078103853972 2731.1948433213652 1207.8505902118939 6217.2213251413777 -299.91532599908896 -235.04016433696233 276.8886701115116 -124.27420089575172
leaf_weight=470 46 219 42 25 372 76 53 38 92 37 418 35 60 34 43 56 51 201 67 25 22 26 23 38 54 33 20 214 68 119
leaf_count=470 46 219 42 25 372 76 53 38 92 37 418 35 60 34 43 56 51 201 67 25 22 26 23 38 54 33 20 214 68 119
internal_value=-0.00272181 -0.0147136 0.00637143 0.00845753 -0.0096393 0.00710849 -0.0225143 -0.00722222 0.016206 0.00972222 0.00865385 0.00227273 -0.000490196 0.00368687 0.018949 -0.00808958 0.00287419 0.00390244 0.000146199 -0.00205479 0.0126923 0.00654762 0.00153061 0.00658996 0.000206612 0.0103659 -0.00186782 -0.00346154 0.00284091 -0.00717923
internal_weight=3077 1327 1750 1342 804 1143 523 585 199 648 572 121 408 495 157 547 461 410 171 146 65 84 49 239 121 451 348 260 88 491
internal_count=3077 1327 1750 1342 804 1143 523 585 199 648 572 121 408 495 157 547 461 410 171 146 65 84 49 239 121 451 348 260 88 491
is_linear=0
shrinkage=0.05


Tree=35
num_leaves=31
num_cat=1
split_feature=1 0 2 5 5 2 5 7 4 3 3 7 10 1 11 7 7 5 5 0 10 7 7 0 0 2 4 7 4 2
split_gain=127.942 16.264 15.5362 6.35229 5.00489 3.60829 3.39 3.08304 2.51289 2.14179 2.00344 1.57131 1.48446 1.48206 1.35822 2.56285 1.66566 2.04044 1.64175 1.54545 1.95252 1.45707 1.32105 1.23205 2.27394 1.1408 2.09548 1.62766 3.52399 3.91765
threshold=172583.96000000005 251152.76500000004 115167.00500000002 10959.642039079643 50134.18121885624 219832.47500000003 136534.7931255649 1.5000000000000002 440513.60017857148 131836.65642857147 328123.72285714292 4.5000000000000009 117.50000000000001 89777.440000000017 0 4.5000000000000009 3.5000000000000004 13171.136983466056 91976.740660490977 222265.33500000005 107.50000000000001 1.0000000180025095e-35 2.5000000000000004 227601.43500000003 142611.07500000004 405998.49000000005 298707.88071428583 3.5000000000000004 760962.83553571452 501588.40000000008
decision_type=2 2 2 2 2 2 2 2 2 2 2 2 2 2 1 2 2 2 2 2 2 2 2 2 2 2 2 2 2 2
left_child=2 8 9 -4 7 10 13 -3 14 -1 -6 -9 -12 -5 15 18 17 -16 -2 20 -20 -19 -22 24 -15 -7 -27 -28 29 -29
right_child=1 4 3 6 5 25 -8 11 -10 -11 12 -13 -14 23 16 -17 -18 21 19 -21 22 -23 -24 -25 -26 26 27 28 -30 -31
leaf_value=-1557.8165487455299 -290.0450159341155 84.337911518357586 -326.56428274135254 -1332.1549455717957 -1029.2534877259154 808.38323454588829 5115.2466707203457 1041.4953145761917 3241.5947725012811 -432.8229241618705 2118.7032106106576 288.6708652281115 -434.37888051115152 -418.16837209476654 85.108756331247434 296.16616156474191 -267.80679725422959 29.133388493845999 848.56098514947962 -455.48523543683336 -209.68550700617197 -280.85100499771653 163.01626846562286 -840.88020855598302 -90.833944858517498 2621.2122512724004 4586.9093985699528 1413.2062396965121 7780.2980470422544 -1149.0586749228939
leaf_weight=452 67 59 185 24 33 368 22 88 23 36 21 62 27 183 36 105 108 47 23 36 21 72 22 55 166 30 407 80 113 68
leaf_count=452 67 59 185 24 33 368 22 88 23 36 21 62 27 183 36 105 108 47 23 36 21 72 22 55 166 30 407 80 113 68
internal_value=-0.00273939 0.00511482 -0.0161398 -0.0109843 0.00807522 0.00677855 -0.00777778 0.0151914 -0.00205357 -0.0228484 -0.00339506 0.019 0.003125 -0.00876168 -0.00274674 -0.000176056 -0.00521978 -0.00209677 -0.00399408 0 0.00454545 -0.0052521 -0.00174419 -0.00804455 -0.00694842 0.00755159 0.00873926 0.00815868 0.00507663 0
internal_weight=3039 1916 1123 635 1356 1147 450 209 560 488 81 150 48 428 537 274 263 155 169 102 66 119 43 404 349 1066 698 668 261 148
internal_count=3039 1916 1123 635 1356 1147 450 209 560 488 81 150 48 428 537 274 263 155 169 102 66 119 43 404 349 1066 698 668 261 148
cat_boundaries=0 1
cat_threshold=6
is_linear=0
shrinkage=0.05


Tree=36
num_leaves=31
num_cat=0
split_feature=2 2 1 6 7 4 2 5 4 0 4 4 6 7 2 10 0 10 6 4 2 6 5 4 4 7 2 6 10 5
split_gain=121.67 19.9318 11.6366 5.4573 3.28168 3.09323 2.96791 2.72113 2.42688 2.94208 1.94866 1.85661 2.51807 1.81479 1.83 2.11574 2.39567 1.72226 1.53217 1.83041 1.46554 2.0889 1.38413 1.37145 1.37085 1.33247 1.76213 1.88656 1.54569 1.30146
threshold=160427.07000000004 240216.89000000004 130257.54500000001 25836.227883290372 1.5000000000000002 216133.69946428575 116554.55500000001 27943.878949590802 134558.59517857144 357901.85000000003 314879.24570488726 903807.27875000006 281981.5255516576 3.5000000000000004 396082.10500000004 179.50000000000003 366146.72000000003 91.500000000000014 11947.207803772782 152089.93303571429 501588.40000000008 224006.89608060307 46739.233436995681 135293.88071428574 120462.88339285714 5.5000000000000009 390857.35000000003 115555.99780710715 167.50000000000003 34741.368890882528
decision_type=2 2 2 2 2 2 2 2 2 2 2 2 2 2 2 2 2 2 2 2 2 2 2 2 2 2 2 2 2 2
left_child=2 10 6 4 -3 -5 -1 -8 29 18 24 12 13 14 15 16 -7 -14 23 -20 25 -22 -9 -10 -2 28 -27 -28 -15 -4
right_child=1 3 8 5 -6 11 7 22 9 -11 -12 -13 17 20 -16 -17 -18 -19 19 -21 21 -23 -24 -25 -26 26 27 -29 -30 -31
leaf_value=-1473.7784556832537 140.30024316662167 63.73684864659154 311.55323552732955 -729.8374631644715 786.23767439346273 162.63577993329383 -361.98794926257398 -235.70734981411226 -140.60670168750804 1151.3362071990036 1606.4243131441808 9853.7640992073866 4770.9368188877797 -27.230145784391791 3161.0146759935715 -125.17757507309143 2422.5592657194006 -1340.3868081072142 -184.6268379866757 -506.86177332706649 -645.36408424445108 7493.6545132419269 -539.04959532370674 -336.42361583927345 -167.60524122118659 318.52638753485229 2700.9397876434614 1219.7011767940392 1164.4527786229039 -169.75589714384841
leaf_weight=478 27 49 22 38 126 71 75 40 26 23 60 203 26 121 320 74 57 53 39 118 68 20 46 84 512 64 29 31 104 35
leaf_count=478 27 49 22 38 126 71 75 40 26 23 60 203 26 121 320 74 57 53 39 118 68 20 46 84 512 64 29 31 104 35
internal_value=-0.0028052 0.00412811 -0.0172414 0.00729023 0.0155714 0.00615715 -0.0212441 -0.0153727 -0.00987032 -0.0117241 -0.00354758 0.00658743 0.00573218 0.006439 0.00842912 0.00470297 0.00859375 -0.0028481 -0.0132022 -0.0100318 0.00406178 -0.00170455 -0.00930233 -0.0177273 -0.00449907 0.00551576 0.00967742 0.0158333 0.00322222 -0.000438596
internal_weight=3039 2053 986 1454 175 1279 639 161 347 290 599 1241 1038 959 522 202 128 79 267 157 437 88 86 110 539 349 124 60 225 57
internal_count=3039 2053 986 1454 175 1279 639 161 347 290 599 1241 1038 959 522 202 128 79 267 157 437 88 86 110 539 349 124 60 225 57
is_linear=0
shrinkage=0.05


Tree=37
num_leaves=31
num_cat=1
split_feature=2 3 2 6 0 2 6 7 4 7 7 4 11 6 4 10 2 3 4 7 0 0 6 4 10 4 4 2 10 10
split_gain=116.008 19.6786 10.6111 4.99212 4.96762 4.13362 3.6275 3.47907 2.88103 2.81373 2.55222 2.45503 1.92959 1.85524 1.80665 1.92271 1.77829 2.48529 1.4546 2.63094 1.35149 1.60095 1.42423 1.34468 1.33612 1.36438 1.22635 1.222 1.20789 1.18043
threshold=160427.07000000004 250887.78285714288 115167.00500000002 92715.057187837127 198731.98000000001 378362.99000000005 13065.475100524882 1.5000000000000002 135293.88071428574 1.0000000180025095e-35 4.5000000000000009 334480.92495879129 0 124518.64445812728 385792.8457142858 201.50000000000003 263193.62500000006 219785.74357142861 903807.27875000006 3.5000000000000004 332528.43500000006 260574.74500000002 40861.826307014046 120462.88339285714 111.50000000000001 1031562.4142857144 300000.32001322758 292926.15500000009 81.500000000000014 130.50000000000003
decision_type=2 2 2 2 2 2 2 2 2 2 2 2 1 2 2 2 2 2 2 2 2 2 2 2 2 2 2 2 2 2
left_child=2 13 4 7 -1 12 8 -3 -4 -8 -9 -7 14 16 -5 27 23 -18 19 -13 21 22 -11 -2 25 -20 -12 -16 -24 -29
right_child=1 3 6 5 -6 11 9 10 -10 20 26 18 -14 -15 15 -17 17 -19 24 -21 -22 -23 28 -25 -26 -27 -28 29 -30 -31
leaf_value=-1395.9852360240911 133.28523100829042 52.569956617365825 -137.60789046021529 3164.3645314551818 167.46108697882011 2144.3165003919275 347.23853769292327 985.74509143415492 -306.19661862562828 -622.09302117707193 505.46663050839709 3096.8215079214569 -39.710358705560793 -2329.792377368467 6385.9109036431446 -852.71027252221836 840.79324201298152 -255.72832450993303 11611.649665253237 465.73886176635864 737.56201998449478 -1025.2994619344347 -633.23116989877747 -152.3066503840557 11571.951614166008 409.88771182340571 107.65731850240554 -2428.8473339399206 -139.64237314722851 4493.9751429718372
leaf_weight=483 27 56 59 48 20 49 30 86 148 70 30 340 277 35 35 49 47 35 35 227 22 24 45 428 118 47 37 23 85 24
leaf_count=483 27 56 59 48 20 49 30 86 148 70 30 340 277 35 35 49 47 35 35 227 22 24 45 428 118 47 37 23 85 24
internal_value=-0.00273939 0.00403069 -0.0168357 0.00707292 -0.0219185 0.00589623 -0.0115424 0.0142344 -0.0165459 -0.00778986 0.0181373 0.00802696 0.00208333 -0.00384615 0.00595238 0.00324427 -0.00311918 0.00365854 0.00733377 0.00604056 -0.00955285 -0.0107143 -0.00925 -0.00434066 0.011 0.00609756 0.0108209 0.00792683 -0.00615385 0.00265957
internal_weight=3039 2053 986 1481 503 1272 483 209 207 276 153 816 456 572 179 131 537 82 767 567 246 224 200 455 200 82 67 82 130 47
internal_count=3039 2053 986 1481 503 1272 483 209 207 276 153 816 456 572 179 131 537 82 767 567 246 224 200 455 200 82 67 82 130 47
cat_boundaries=0 1
cat_threshold=4
is_linear=0
shrinkage=0.05


Tree=38
num_leaves=31
num_cat=0
split_feature=1 2 3 5 5 2 5 7 3 4 3 0 0 0 9 1 7 10 5 4 5 5 10 2 1 5 5 5 0 3
split_gain=111.045 16.862 11.512 5.01555 4.33425 4.43691 2.77122 2.41523 2.32996 2.10002 2.09601 1.97582 1.75746 2.25601 1.70885 1.51053 2.49576 2.11262 1.69588 1.45654 1.43207 1.42618 1.44999 2.10242 1.43788 1.37391 1.37158 1.30909 1.27528 1.19602
threshold=174612.23000000001 115167.00500000002 250887.78285714288 10712.914864627663 57483.940158256606 378362.99000000005 116729.40733952666 1.5000000000000002 140919.02571428573 334480.92495879129 219785.74357142861 208868.95000000004 271484.84500000003 142611.07500000004 1.0000000180025095e-35 558054.69500000018 1.5000000000000002 147.50000000000003 324285.28731276351 302381.66214285721 20726.6165526 237310.62769588534 87.500000000000014 593943.68000000005 325563.81000000006 41317.756906491202 12123.681795991719 46739.233436995681 234668.66000000003 297585.0921428572
decision_type=2 2 2 2 2 2 2 2 2 2 2 2 2 2 2 2 2 2 2 2 2 2 2 2 2 2 2 2 2 2
left_child=1 8 10 -3 7 -6 12 -4 -1 -7 11 14 13 20 25 16 -11 -17 -19 29 -5 22 -18 24 -24 26 -2 -27 -13 -9
right_child=2 3 4 6 5 9 -8 19 -10 15 -12 28 -14 -15 -16 17 21 18 -20 -21 -22 -23 23 -25 -26 27 -28 -29 -30 -31
leaf_value=-1335.3754273478867 28.320922357695238 -276.93643864072072 66.943862041621472 -310.53074480178952 127.17195943067492 2037.1006753723314 3793.8522770684331 564.52387140998906 -277.71343836014569 3357.031349812969 -379.13028301783635 1043.8903833726654 -795.39974322025012 -140.76276547994422 -284.83950916340109 4032.8591135418424 3022.1663386632954 6745.43861640056 3257.4629814534073 429.33366111921646 -552.15685610388471 5670.4182492021446 2620.2530258087268 -1875.3445670018118 -295.51443249729346 120.95861620499127 -232.45445003545467 -3.7958787997136825 323.37184800893084 716.44336197698431
leaf_weight=458 41 181 59 38 470 49 29 55 31 109 98 20 34 208 34 228 46 102 48 26 172 34 41 30 108 22 63 88 44 73
leaf_count=458 41 181 59 38 470 49 29 55 31 109 98 20 34 208 34 228 46 102 48 26 172 34 41 30 108 22 63 88 44 73
internal_value=-0.00285456 -0.0150956 0.00460805 -0.00989426 0.00666441 0.00555336 -0.00722453 0.0132629 -0.022137 0.00783019 -0.00280488 -0.000801282 -0.00818584 -0.00729665 -0.00282258 0.00717158 0.0048913 0.00939153 0.014 0.0165584 -0.0109524 0.00222008 0.000777778 -0.00125698 0.0011745 -0.00116822 -0.00528846 0.00272727 0.00703125 0.01875
internal_weight=3039 1151 1888 662 1478 1265 481 213 489 795 410 312 452 418 248 746 368 378 150 154 210 259 225 179 149 214 104 110 64 128
internal_count=3039 1151 1888 662 1478 1265 481 213 489 795 410 312 452 418 248 746 368 378 150 154 210 259 225 179 149 214 104 110 64 128
is_linear=0
shrinkage=0.05


Tree=39
num_leaves=31
num_cat=0
split_feature=1 2 2 5 6 3 2 1 5 0 0 6 7 10 3 2 0 2 3 1 3 6 1 10 7 3 5 1 5 3
split_gain=106.764 16.615 10.1407 5.07916 4.51304 2.85699 2.72252 2.57893 2.32555 2.36587 2.63422 1.87464 1.6491 1.53957 1.4826 1.48039 1.3366 1.3707 1.32312 1.21103 1.18067 1.16039 2.12321 1.98677 1.90739 3.67582 1.73508 1.67768 1.62384 1.3667
threshold=174612.23000000001 112400.12000000001 240216.89000000004 10712.914864627663 25836.227883290372 131836.65642857147 378362.99000000005 288947.88000000006 92947.605091194229 265544.56500000006 142611.07500000004 27377.126534717117 2.5000000000000004 232.50000000000003 423273.4285714287 185465.33000000005 381765.96500000003 332156.45500000002 218478.17785714287 98692.750000000015 413517.83500000002 115555.99780710715 558054.69500000018 147.50000000000003 2.5000000000000004 423273.4285714287 151344.0809054276 403110.97000000003 324285.28731276351 483066.75000000006
decision_type=2 2 2 2 2 2 2 2 2 2 2 2 2 2 2 2 2 2 2 2 2 2 2 2 2 2 2 2 2 2
left_child=1 5 14 -3 7 -1 13 -4 9 10 11 -5 -10 16 -2 -12 18 -18 -6 -13 -19 -8 24 -24 -23 27 29 -26 -25 -27
right_child=2 3 4 8 6 -7 21 -9 12 -11 15 19 -14 -15 -16 -17 17 20 -20 -21 -22 22 23 28 25 26 -28 -29 -30 -31
leaf_value=-1273.1742341054924 -67.704586012538499 -263.0896167086845 59.085492110425548 -310.81147957817848 587.34458242598055 -353.62557761537175 1978.5125825433761 710.48635160780691 -331.3116215151706 -901.88176472996133 -42.775119692864251 -917.27564573783684 4348.4680856580335 -364.86214204833817 1704.2402578043548 -696.74855171541867 2805.6862442018801 2297.0582223971755 -10.614913063074347 -369.58846544496191 -906.36451208241931 2866.2566644642184 4090.2600463913172 7172.4128679378236 -281.32268618513189 1689.0584894914182 3720.0355547689978 -1839.4895995997156 3094.5898323807373 -2251.7609966459859
leaf_weight=445 432 183 52 38 47 36 121 123 21 30 173 25 22 54 33 27 68 23 210 151 26 134 223 94 47 29 69 34 48 21
leaf_count=445 432 183 52 38 47 36 121 123 21 30 173 25 22 54 33 27 68 23 210 151 26 134 223 94 47 29 69 34 48 21
internal_value=-0.00278875 -0.0147915 0.0045286 -0.00970149 0.00662333 -0.0218815 0.00556891 0.0141429 -0.00703285 -0.00810811 -0.0071256 -0.0109813 0.00406977 0.00233645 -0.00188172 -0.003 0.00347594 0.00790598 0.00145914 -0.00880682 0.00153061 0.0072561 0.00647353 0.00910959 0.00359281 0.0005 0.00609244 -0.00771605 0.0137324 -0.001
internal_weight=3039 1151 1888 670 1423 481 1248 175 487 444 414 214 43 428 465 200 374 117 257 176 49 820 699 365 334 200 119 81 142 50
internal_count=3039 1151 1888 670 1423 481 1248 175 487 444 414 214 43 428 465 200 374 117 257 176 49 820 699 365 334 200 119 81 142 50
is_linear=0
shrinkage=0.05


Tree=40
num_leaves=31
num_cat=1
split_feature=1 1 0 3 5 6 1 3 1 7 1 5 7 6 0 7 11 7 6 4 5 7 7 3 7 7 6 4 1 7
split_gain=104.531 17.1783 7.18385 5.08696 4.60344 4.00968 3.82887 3.00407 2.77303 2.52484 2.22496 2.10136 1.84167 1.70288 1.60364 1.58099 1.48593 1.83348 1.78942 1.6952 1.46698 1.45489 1.9295 1.46115 1.41491 1.31732 1.67356 1.66932 1.49581 1.75675
threshold=175650.39500000005 116704.96500000001 208868.95000000004 131836.65642857147 10712.914864627663 51460.218851322665 428246.89500000008 377005.93500000011 294526.96000000008 1.0000000180025095e-35 262282.68500000006 237310.62769588534 3.5000000000000004 325639.83969477838 303410.32000000007 4.5000000000000009 0 4.5000000000000009 12475.199315669719 219480.8835714286 355492.42104653973 5.5000000000000009 1.0000000180025095e-35 250887.78285714288 1.0000000180025095e-35 3.5000000000000004 111647.54902496944 464517.94517857145 469258.57000000007 4.5000000000000009
decision_type=2 2 2 2 2 2 2 2 2 2 2 2 2 2 2 2 1 2 2 2 2 2 2 2 2 2 2 2 2 2
left_child=1 3 16 -1 -3 8 11 -8 10 -6 -4 21 -5 25 -12 -10 17 -2 -18 -19 -15 22 -7 -24 -20 26 -9 -28 -27 -30
right_child=2 4 5 12 9 6 7 13 15 -11 14 -13 -14 20 -16 -17 18 19 24 -21 -22 -23 23 -25 -26 28 27 -29 29 -31
leaf_value=-1193.6545849002177 -92.085255503722877 -232.52739352517312 665.70140829704542 -772.56916315906858 42.814031986730697 1137.7437077571637 3129.2872040099264 4177.7515114549169 821.07838089093423 -272.44363500582767 -33.095269094858672 9063.449684094694 406.23221984515772 12862.28495893493 333.49167638655638 188.95890549530742 61.564080529585773 31.789196098349933 21.550373058912374 814.1042149286543 3957.0849347935759 882.90865202900022 -1099.9783774431294 -35.443618991985566 -217.44649823305372 2112.4191755715001 -162.93477266415431 3942.7222613612685 -2608.0331095154938 184.51483658029176
leaf_weight=487 105 183 22 38 67 89 71 21 82 414 55 30 25 103 25 29 24 43 36 21 96 95 22 386 155 36 81 155 36 79
leaf_count=487 105 183 22 38 67 89 71 21 82 414 55 30 25 103 25 29 24 43 36 21 96 95 22 386 155 36 81 155 36 79
internal_value=-0.00291707 -0.014374 0.00441487 -0.0209091 -0.00896084 0.00596497 0.00492308 0.00752212 0.0123239 -0.00639293 0.00637255 0.00209003 -0.00753968 0.00638386 0.0025 0.0177928 -0.00169271 0.00181564 -0.00433333 0.00859375 0.0101759 0.00143581 0.000352113 -0.00110294 -0.00615183 0.00453431 0.00671206 0.00550847 0.000827815 -0.00195652
internal_weight=3111 1214 1897 550 664 1513 1300 678 213 481 102 622 63 607 80 111 384 169 215 64 199 592 497 408 191 408 257 236 151 115
internal_count=3111 1214 1897 550 664 1513 1300 678 213 481 102 622 63 607 80 111 384 169 215 64 199 592 497 408 191 408 257 236 151 115
cat_boundaries=0 1
cat_threshold=6
is_linear=0
shrinkage=0.05


Tree=41
num_leaves=31
num_cat=0
split_feature=2 2 4 4 3 6 2 7 4 2 5 6 7 2 5 6 4 7 3 7 0 3 2 5 10 10 2 4 3 3
split_gain=91.8676 12.4315 10.93 4.29393 3.41142 3.11874 3.06324 4.85569 2.71749 2.84298 2.89615 2.47947 2.36992 2.17244 1.96756 1.84485 1.75362 1.71876 1.70583 1.66667 2.63672 1.96078 1.92654 1.63093 1.5525 1.87618 1.4487 1.4222 1.70468 1.67348
threshold=156663.87500000003 240216.89000000004 113514.94000000002 144211.53589285715 200219.99071428573 25836.227883290372 108071.99500000001 4.5000000000000009 134558.59517857144 123160.62000000001 33832.991519492149 325639.83969477838 1.0000000180025095e-35 304023.5500000001 10712.914864627663 11778.350834494229 402517.48767857149 5.5000000000000009 151041.34142857147 2.5000000000000004 159469.98500000002 148912.87142857147 147200.40000000002 45327.026397994567 111.50000000000001 90.500000000000014 635191.79000000015 334480.92495879129 283542.07142857148 219785.74357142861
decision_type=2 2 2 2 2 2 2 2 2 2 2 2 2 2 2 2 2 2 2 2 2 2 2 2 2 2 2 2 2 2
left_child=2 14 -1 6 -3 13 7 -4 9 -8 -11 12 26 -6 -2 -16 18 -14 -17 22 21 -21 -5 -12 25 -13 -7 28 29 -19
right_child=1 4 3 19 5 11 8 -9 -10 10 23 24 17 -15 15 16 -18 27 -20 20 -22 -23 -24 -25 -26 -27 -28 -29 -30 -31
leaf_value=-1143.230840030207 -153.20131104649917 -1791.7535419032008 -1203.867363467707 -945.10323270319429 143.37284639449646 1245.4245277434559 -410.238101358265 27.680117188423537 -239.63434495816037 432.03735243410557 -1149.3874581853786 9416.2035409615837 299.92879865817957 758.42140460365636 76.712807647700544 24.217267914774858 2005.1941643099942 1385.3518582650374 -191.39362140573795 82.59401304797575 1026.9901414895764 -583.78477464544267 -137.60463192646131 87.404663336645172 10084.924207308683 -2472.4887138259978 6650.2010878862729 752.54777590917229 2273.0387226308303 -87.558995180418435
leaf_weight=268 62 20 172 76 94 149 49 22 189 22 22 61 667 80 23 122 29 24 411 34 30 68 34 21 122 34 36 116 34 20
leaf_count=268 62 20 172 76 94 149 49 22 189 22 22 61 667 80 23 122 29 24 411 34 30 68 34 21 122 34 36 116 34 20
internal_value=-0.00299743 0.00294677 -0.0154171 -0.0122801 0.00550789 0.00579332 -0.0149396 -0.0198454 -0.0117987 -0.00570175 0.00115385 0.00492874 0.00391969 0.012069 -0.00282071 -0.00192308 -0.0024911 0.00281649 -0.00314259 -0.00681818 -0.0030303 -0.00686275 -0.0113636 -0.00639535 0.00979263 0.005 0.00905405 0.00695876 0.0121795 0.00568182
internal_weight=3111 2104 1007 739 1457 1437 497 194 303 114 65 1263 1046 174 647 585 562 861 533 242 132 102 110 43 217 95 185 194 78 44
internal_count=3111 2104 1007 739 1457 1437 497 194 303 114 65 1263 1046 174 647 585 562 861 533 242 132 102 110 43 217 95 185 194 78 44
is_linear=0
shrinkage=0.05


Tree=42
num_leaves=31
num_cat=2
split_feature=2 2 4 0 7 2 5 6 7 7 4 7 11 11 7 2 10 4 10 2 6 7 2 4 5 0 0 4 4 2
split_gain=87.5206 13.4293 8.49048 4.30892 3.10126 3.26811 2.85903 2.85287 2.37933 3.33576 2.14314 2.10813 3.04907 2.43472 2.3775 2.06742 1.91981 1.79078 1.77954 1.77568 1.74931 2.1216 1.69466 1.63646 1.62861 1.83856 1.39848 1.61093 1.37967 2.48551
threshold=145611.20000000004 240216.89000000004 113514.94000000002 317020.21500000003 4.5000000000000009 108071.99500000001 10712.914864627663 25836.227883290372 1.5000000000000002 4.5000000000000009 211612.96142857146 1.5000000000000002 0 1 5.5000000000000009 128401.895 155.50000000000003 402517.48767857149 188.50000000000003 417986.48000000004 12212.008836534076 1.0000000180025095e-35 162563.47000000003 144211.53589285715 292071.28661657387 1170112.9500000002 1027470.9200000002 295977.06142857141 134558.59517857144 120477.31000000001
decision_type=2 2 2 2 2 2 2 2 2 2 2 2 1 1 2 2 2 2 2 2 2 2 2 2 2 2 2 2 2 2
left_child=2 6 -1 4 5 23 -2 8 -3 -10 -9 13 14 16 19 18 -12 20 -6 -13 -8 22 -22 -4 25 -14 27 -15 29 -7
right_child=1 7 3 -5 15 28 17 10 9 -11 11 12 24 26 -16 -17 -18 -19 -20 -21 21 -23 -24 -25 -26 -27 -28 -29 -30 -31
leaf_value=-1086.0692980286965 -245.87843356813391 27.776814536738677 -1151.6195031068216 999.47147583071057 -209.71631025964817 -612.31580996229388 57.544655269477516 -1231.4243521562539 750.49993560203006 141.58988999036083 1794.4185614970688 -166.33789711321006 689.76405013472402 1115.1152471722773 694.06915884066257 -207.97438235242299 5657.7496431075333 2771.5468557724266 133.30422781751551 -2536.579431906785 340.42319569323229 -200.69351096676692 1.2914972658116313 -626.80811412022524 7394.1740816513839 -6744.3347516303011 5322.7169257580308 430.42296985348514 -281.24310424188883 509.35263992169058
leaf_weight=268 86 47 171 34 49 25 38 24 74 53 61 123 526 40 51 89 47 30 27 35 22 499 70 30 133 21 33 189 195 21
leaf_count=268 86 47 171 34 49 25 38 24 74 53 61 123 526 40 51 89 47 30 27 35 22 499 70 30 133 21 33 189 195 21
internal_value=-0.00298136 0.0024069 -0.0160341 -0.0129095 -0.0138797 -0.0160633 -0.00305369 0.00519904 0.0112069 0.0147638 0.00438426 0.0046664 0.00334646 0.00783784 -0.00194064 -0.0080303 0.0139831 -0.00193475 -0.00197368 -0.00506329 -0.00250397 -0.00317259 0.00380435 -0.0207711 0.00492754 0.00379342 0.00459559 0.00338428 -0.0121369 -0.00434783
internal_weight=3111 2202 909 641 607 442 745 1457 174 127 1283 1259 889 370 209 165 108 659 76 158 629 591 92 201 680 547 262 229 241 46
internal_count=3111 2202 909 641 607 442 745 1457 174 127 1283 1259 889 370 209 165 108 659 76 158 629 591 92 201 680 547 262 229 241 46
cat_boundaries=0 1 2
cat_threshold=1 1
is_linear=0
shrinkage=0.05


Tree=43
num_leaves=31
num_cat=1
split_feature=1 1 1 3 6 3 6 1 1 6 11 6 6 10 3 1 2 3 10 5 2 6 10 10 10 6 5 2 1 10
split_gain=88.1571 11.5695 9.31848 7.67998 2.48436 2.34245 2.21202 4.85368 2.42224 2.20175 1.85332 3.45502 2.39558 1.46573 1.48325 1.46201 2.15128 1.44738 1.38373 1.6584 1.38174 1.88021 1.52111 1.35645 1.34616 1.4504 1.34407 1.28926 1.26234 1.25952
threshold=152221.16500000004 106673.93000000001 228639.60500000001 131836.65642857147 129809.57337370444 125456.43500000003 25836.227883290372 306049.81500000006 428246.89500000008 14282.094253043097 0 325639.83969477838 281981.5255516576 251.50000000000003 217662.20214285716 131286.31000000003 140536.59500000003 295109.18428571435 200.50000000000003 180203.9220039123 145611.20000000004 12212.008836534076 147.50000000000003 235.50000000000003 153.50000000000003 111103.17560738053 67453.735831204875 524753.90000000014 322891.38500000007 43.500000000000007
decision_type=2 2 2 2 2 2 2 2 2 2 1 2 2 2 2 2 2 2 2 2 2 2 2 2 2 2 2 2 2 2
left_child=1 3 4 -1 5 -2 7 17 13 15 12 -12 23 14 26 -3 -17 -4 19 24 22 -22 -7 -10 -16 -26 -8 -21 -27 -23
right_child=2 9 6 -5 -6 20 8 -9 10 -11 11 -13 -14 -15 18 16 -18 -19 -20 27 21 29 -24 -25 25 28 -28 -29 -30 -31
leaf_value=-1060.6459112522614 36.700103327179384 -267.18094902979431 -28.561717913910982 -347.06888167751026 1820.5579078865994 -879.61235872232362 436.07092575550706 661.09625055143556 2668.7281158535684 -400.44138631203208 598.12758011909614 8702.8520559930184 -2523.5793025324838 2029.4278540555767 -99.141157089237822 -77.232539413985805 -332.64020074898144 138.81901939329401 -338.1312459667883 9367.8429805027827 39.334910510166083 73.244162933807829 -140.92817855162795 816.78540636934349 921.56570607063622 2447.4951358846592 115.42169152808202 3802.30096004394 -425.01046406558021 -158.88897955733557
leaf_weight=439 71 73 23 51 37 25 26 68 124 278 338 189 20 29 256 72 61 84 143 21 45 42 20 31 27 35 43 20 42 378
leaf_count=439 71 73 23 51 37 25 26 68 124 278 338 189 20 29 256 72 61 84 143 21 45 42 20 31 27 35 43 20 42 378
internal_value=-0.00293314 -0.0154004 0.00274918 -0.0208163 -0.00242718 -0.00322719 0.00485517 0.0101429 0.00416667 -0.00991736 0.00619658 0.00442272 0.0106757 0.00194704 0.00142741 -0.013835 -0.0107143 0.00350467 0.000551471 0.00205736 -0.00441176 -0.00360215 -0.0127778 0.0133871 0.000972222 0.00576923 0.00833333 0.0115854 0.00227273 -0.00464286
internal_weight=3111 974 2137 490 618 581 1519 175 1344 484 702 527 175 642 613 206 133 107 544 401 510 465 45 155 360 104 69 41 77 420
internal_count=3111 974 2137 490 618 581 1519 175 1344 484 702 527 175 642 613 206 133 107 544 401 510 465 45 155 360 104 69 41 77 420
cat_boundaries=0 1
cat_threshold=3
is_linear=0
shrinkage=0.05


Tree=44
num_leaves=31
num_cat=2
split_feature=1 2 2 3 1 5 4 4 7 1 5 11 3 4 1 11 4 3 5 1 10 7 10 1 5 2 4 2 3 5
split_gain=83.1056 12.0423 9.36079 4.11519 1.87105 1.73002 1.60676 1.74091 2.46074 1.58027 4.13132 2.68219 3.13151 2.71094 1.7399 2.0046 2.57201 1.92901 1.66531 1.50715 2.78632 1.49143 1.89908 1.36607 2.68479 1.3251 1.65574 1.53861 1.36859 1.29807
threshold=152221.16500000004 106673.93000000001 240216.89000000004 131836.65642857147 106673.93000000001 9551.9197405960604 402517.48767857149 175375.88928571434 2.5000000000000004 294526.96000000008 41317.756906491202 0 295109.18428571435 293537.9621428572 428246.89500000008 1 464517.94517857145 437656.4114285715 167700.546880907 500514.67500000005 231.50000000000003 3.5000000000000004 161.50000000000003 199820.78500000003 117345.10548469776 188404.78000000003 156538.94821428575 144508.52500000005 174251.78214285718 68912.420012181989
decision_type=2 2 2 2 2 2 2 2 2 2 2 1 2 2 2 1 2 2 2 2 2 2 2 2 2 2 2 2 2 2
left_child=1 3 6 4 -1 -3 7 25 -9 11 21 12 -4 -13 29 18 17 -17 19 20 -16 -11 -23 -10 -25 27 -27 -2 -29 -12
right_child=2 5 9 -5 -6 -7 -8 8 23 10 14 13 -14 -15 15 16 -18 -19 -20 -21 -22 22 -24 24 -26 26 -28 28 -30 -31
leaf_value=-1023.3300219396486 -211.43671443277199 -224.56132255457851 -69.532496455439841 -128.86301388455905 -718.33169301087912 -286.0658434167679 3794.3092646390842 -582.04830795253224 -119.08445048318973 773.10657341666229 971.18749693325663 281.72826923961622 330.56243362808459 -458.88951815992118 2570.3598997900817 444.22197931623379 4038.1198444318029 -1365.3291496646125 224.54360628991563 3124.9893433275633 -833.56356153545789 329.45798208250784 -28.97346976468398 290.66662558018578 -936.57525364645414 -285.1942565518417 -366.75341172593329 38.262410074633955 -128.00857303238226 182.04868742410474
leaf_weight=389 40 134 22 33 43 375 38 137 87 57 25 60 140 74 61 81 395 27 29 55 21 31 22 73 21 62 21 164 58 336
leaf_count=389 40 134 22 33 43 375 38 137 87 57 25 60 140 74 61 81 395 27 29 55 21 31 22 73 21 62 21 164 58 336
internal_value=-0.00288492 -0.0149897 0.00263219 -0.0208065 -0.0221065 -0.00967583 -0.00210414 -0.00267722 -0.00534591 0.00494429 0.00578947 0.00168919 0.00581395 -0.00347222 0.00480583 0.0063154 0.0044347 -0.00231481 0.0110795 0.0140511 0.0097561 0.015 0.00896226 -0.00151934 0.00265957 -0.000217391 -0.00572289 0.00152672 0.00315315 0.00200831
internal_weight=3111 974 2137 465 432 509 701 663 318 1436 1140 296 162 134 1030 669 503 108 166 137 82 110 53 181 94 345 83 262 222 361
internal_count=3111 974 2137 465 432 509 701 663 318 1436 1140 296 162 134 1030 669 503 108 166 137 82 110 53 181 94 345 83 262 222 361
cat_boundaries=0 1 2
cat_threshold=12 3
is_linear=0
shrinkage=0.05


Tree=45
num_leaves=31
num_cat=1
split_feature=1 1 2 0 4 3 11 1 4 3 2 10 2 10 10 1 3 10 0 0 0 0 10 0 3 0 2 4 10 0
split_gain=74.8312 15.3006 9.81241 2.77373 1.9351 1.71643 1.6943 2.44063 1.62815 1.44156 2.30266 1.71187 2.82666 1.92748 1.39712 1.60133 1.70824 1.37823 1.27243 1.5062 1.25713 1.67077 2.08209 1.18111 1.16217 1.56342 1.14536 1.12007 1.11212 1.23643
threshold=130257.54500000001 230817.63500000004 106673.93000000001 142611.07500000004 1061388.8887500002 352271.63285714295 0 311341.90000000008 192195.54839285716 124817.04571428572 184225.86500000002 139.50000000000003 137770.52500000002 156.50000000000003 239.50000000000003 432365.23500000004 369276.96000000002 99.500000000000014 305119.35500000004 284772.27500000008 1253947.2600000002 436138.15500000009 94.500000000000014 127261.66000000002 216713.68214285717 179915.96500000005 619845.31000000017 501511.33589285723 104.50000000000001 174095.48500000002
decision_type=2 2 2 2 2 2 1 2 2 2 2 2 2 2 2 2 2 2 2 2 2 2 2 2 2 2 2 2 2 2
left_child=2 5 -1 23 6 9 7 18 -5 10 -2 12 -11 -13 15 -8 17 -17 19 -3 21 26 -23 -4 25 -15 27 -18 29 -14
right_child=1 4 3 8 -6 -7 14 -9 -10 11 -12 13 28 24 -16 16 20 -19 -20 -21 -22 22 -24 -25 -26 -27 -28 -29 -30 -31
leaf_value=-963.18930209266625 156.28012599590949 201.14009043733387 -335.7191150218394 140.60215474213766 8229.3298874045413 1236.5132765293238 66.327382070646863 679.55009342105188 -457.72688326345963 -303.34490206462215 -652.90255632677736 89.254946931374434 20.163009331347713 -128.30945607053218 1620.3668010371302 1885.4646292002931 -148.76439649474196 2757.360060276877 326.04165741782202 -36.927116420704991 -5665.8167972323836 2384.3484325450349 3458.1154626125995 -223.93025572711559 -322.70078146245362 76.013067342738211 -1443.431523473296 3664.4325569231678 -217.10018823164285 -213.92312772002916
leaf_weight=433 66 32 135 34 112 49 513 56 28 65 25 54 114 198 127 21 88 31 50 62 25 141 154 49 52 47 28 31 92 121
leaf_count=433 66 32 135 34 112 49 513 56 28 65 25 54 114 198 127 21 88 31 50 62 25 141 154 49 52 47 28 31 92 121
internal_value=-0.00249753 0.00172048 -0.0171208 -0.00914634 0.00484364 -0.00348245 0.00432303 0.00857143 0 -0.00401679 0.00192308 -0.00474428 -0.00701531 -0.00220798 0.00348589 0.00290698 0.00486513 0.0134615 0.00555556 0.00212766 0.00390792 0.00452489 0.00669492 -0.0122283 -0.00378788 -0.00234694 0.000170068 0.00231092 -0.00512232 -0.00329787
internal_weight=3033 2354 679 246 1471 883 1359 200 62 834 91 743 392 351 1159 1032 519 52 144 94 467 442 295 184 297 245 147 119 327 235
internal_count=3033 2354 679 246 1471 883 1359 200 62 834 91 743 392 351 1159 1032 519 52 144 94 467 442 295 184 297 245 147 119 327 235
cat_boundaries=0 1
cat_threshold=8
is_linear=0
shrinkage=0.05


Tree=46
num_leaves=31
num_cat=1
split_feature=1 1 11 1 6 0 5 1 1 6 7 4 4 0 0 5 7 10 7 1 7 10 7 1 10 6 5 10 10 1
split_gain=70.6179 14.0984 9.03099 3.3682 2.16411 2.15597 1.96188 1.53353 2.26895 2.10073 1.60044 1.52789 1.22405 1.35112 1.89431 1.31057 1.21447 1.8952 1.21154 1.34978 2.35242 1.13717 1.34358 1.22279 1.53257 1.33556 2.40258 1.16819 1.11433 1.45316
threshold=130257.54500000001 256593.80000000002 0 106673.93000000001 28711.429238970079 175875.62500000003 147182.69537654278 262282.68500000006 272494.94500000007 24710.563569740498 5.5000000000000009 1046844.6650000002 120462.88339285714 139266.34500000003 124164.94500000002 117345.10548469776 1.0000000180025095e-35 71.500000000000014 5.5000000000000009 116704.96500000001 2.5000000000000004 139.50000000000003 1.0000000180025095e-35 165720.92000000001 32.500000000000007 75939.08489602503 12681.974210476614 166.50000000000003 242.50000000000003 364003.37000000005
decision_type=2 2 1 2 2 2 2 2 2 2 2 2 2 2 2 2 2 2 2 2 2 2 2 2 2 2 2 2 2 2
left_child=2 6 3 -1 -4 -3 12 -7 -9 10 -10 16 -2 14 -14 21 17 -11 19 -6 -21 22 -15 -24 -25 26 -26 -23 -18 -30
right_child=1 5 4 -5 18 7 -8 8 9 11 -12 -13 13 15 -16 -17 28 -19 -20 20 -22 27 23 24 25 -27 -28 -29 29 -31
leaf_value=-925.78925056225205 58.604415546917885 -1974.1812785779141 -1597.3856834262021 -187.43202111521606 -570.59381548741737 1510.5804500799452 3143.3235068779559 -69.197984703467228 505.71570065755952 -43.075344289114582 -14.539158842811595 7355.0784164802235 -111.66065435675119 54.792213697166886 -259.01227687936847 -368.56431641504605 460.62344246567523 1985.3271858863795 39.394351272839415 278.41392671960932 -553.81104704109316 103.66723875805329 -265.44772817106571 141.21357559728639 4.0563327290758027 67.363959570302541 -363.09804053076806 -53.341634948366845 1852.5852260267886 647.02537798635899
leaf_weight=339 40 28 27 105 125 22 47 41 104 48 21 136 85 39 108 41 753 141 26 20 37 76 105 37 33 74 69 221 28 57
leaf_count=339 40 28 27 105 125 22 47 41 104 48 21 136 85 39 108 41 753 141 26 20 37 76 105 37 33 74 69 221 28 57
internal_value=-0.00254698 0.00155055 -0.0167526 -0.0209251 -0.00765306 0.00480421 -0.00305128 0.00508882 0.00487208 0.00524068 0.0114 0.00457868 -0.00355603 -0.00394144 -0.00764249 -0.00291367 0.00391918 0.00753968 -0.00625 -0.00769231 -0.00131579 -0.00237003 -0.00427171 -0.00534591 -0.00316901 -0.00511364 -0.00882353 -8.41751e-05 0.00310263 0.00852941
internal_weight=3033 2354 679 444 235 1379 975 1351 1329 1288 125 1163 928 888 193 695 1027 189 208 182 57 654 357 318 213 176 102 297 838 85
internal_count=3033 2354 679 444 235 1379 975 1351 1329 1288 125 1163 928 888 193 695 1027 189 208 182 57 654 357 318 213 176 102 297 838 85
cat_boundaries=0 1
cat_threshold=10
is_linear=0
shrinkage=0.05


Tree=47
num_leaves=31
num_cat=0
split_feature=4 3 3 3 6 0 6 0 0 7 3 0 6 3 4 5 7 5 3 10 10 10 6 5 0 3 6 10 4 0
split_gain=56.7513 12.0319 9.63941 3.10736 5.66356 2.64987 2.09097 1.60645 1.81482 1.5956 1.57112 1.52912 1.43945 1.39259 1.71524 1.69689 1.29124 1.61545 1.90861 1.48695 1.29001 1.41251 1.38708 1.31024 1.19549 1.16494 1.54775 1.4205 1.08824 1.20801
threshold=144211.53589285715 104367.94928571432 275888.70142857148 115961.09571428572 37188.494001121588 96546.97500000002 115555.99780710715 262709.99500000005 273357.30500000005 4.5000000000000009 140179.84571428577 240016.58500000005 40046.088382577611 150239.20714285717 157346.85642857145 46739.233436995681 1.5000000000000002 48990.531681823901 134752.64571428575 182.50000000000003 222.50000000000003 72.500000000000014 104009.62978997744 138146.13288717566 102404.03500000002 217662.20214285716 73711.586295707573 53.500000000000007 216133.69946428575 179915.96500000005
decision_type=2 2 2 2 2 2 2 2 2 2 2 2 2 2 2 2 2 2 2 2 2 2 2 2 2 2 2 2 2 2
left_child=1 24 6 4 -3 12 13 9 -9 20 16 -11 -5 -2 15 -15 -7 18 19 -18 21 -4 -23 -24 -1 28 -27 -28 29 -16
right_child=2 3 7 5 -6 10 -8 8 -10 11 -12 -13 -14 14 25 -17 17 -19 -20 -21 -22 22 23 -25 -26 26 27 -29 -30 -31
leaf_value=-874.38529633491999 64.709072299246699 650.14715879508231 465.43160919695003 -432.05166194053021 -506.68286013293658 -454.85918093900693 -1903.216240358101 943.45295330178635 613.69729411565208 1594.8481227671555 -211.99830964686191 -102.68307038119093 -764.78064740913908 -14.783406232191192 -75.275347759261791 -863.87046097708742 -336.0531062767048 114.09879807895268 2.8029574806452731 -161.9124404907314 710.05606884165252 105.72317232886563 -887.6414555662858 -990.86537496455423 -565.88256195992005 -311.1902384006404 -269.25900311165753 387.46364838854646 163.15916598511396 35.208132925411341
leaf_weight=240 70 23 32 21 36 135 47 37 1232 27 30 20 89 35 170 58 100 28 62 54 26 35 36 31 22 87 24 53 77 96
leaf_count=240 70 23 32 21 36 135 47 37 1232 27 30 20 89 35 170 58 100 28 62 54 26 35 36 31 22 87 24 53 77 96
internal_value=-0.00257995 -0.013631 0.00165299 -0.00960208 0.00127119 -0.0108382 -0.00310321 0.00396341 0.00462963 -0.000120773 -0.00898533 0.00797872 -0.0177273 -0.00238806 -0.00316667 -0.0094086 -0.00811346 -0.00594262 -0.00740741 -0.0103896 -0.0025 -0.00447761 -0.00735294 -0.0115672 -0.0225191 -0.0020217 -0.0054878 -0.000324675 -0.000364431 -0.0018797
internal_weight=3033 840 2193 578 59 519 717 1476 1269 207 409 47 110 670 600 93 379 244 216 154 160 134 102 67 262 507 164 77 343 266
internal_count=3033 840 2193 578 59 519 717 1476 1269 207 409 47 110 670 600 93 379 244 216 154 160 134 102 67 262 507 164 77 343 266
is_linear=0
shrinkage=0.05


Tree=48
num_leaves=31
num_cat=1
split_feature=2 2 11 5 4 5 10 6 0 0 0 7 4 6 10 2 4 5 4 3 4 10 5 10 6 0 5 5 5 2
split_gain=59.0195 14.3733 5.52839 3.32186 2.8771 2.17936 2.68894 1.71308 1.82281 1.58928 1.91655 1.53777 1.77425 2.47167 1.76645 1.48228 2.01115 1.49354 1.44862 1.47151 1.43823 1.41019 1.37143 1.33247 1.32292 2.60995 1.5665 1.23868 1.61535 2.14089
threshold=106673.93000000001 240216.89000000004 0 8173.6081815914886 211612.96142857146 40656.314985334488 188.50000000000003 114019.63656086488 265544.56500000006 140047.98500000002 126048.51000000002 2.5000000000000004 881080.39964285726 281981.5255516576 37.500000000000007 185465.33000000005 135293.88071428574 90564.208972458073 136095.90785714288 223240.32214285719 1099443.6676785718 91.500000000000014 49641.373843985166 111.50000000000001 25836.227883290372 301331.57500000007 57483.940158256606 19029.594003647424 80664.657182888579 516985.39500000008
decision_type=2 2 1 2 2 2 2 2 2 2 2 2 2 2 2 2 2 2 2 2 2 2 2 2 2 2 2 2 2 2
left_child=2 3 -1 -2 -3 6 -4 8 9 10 -5 14 13 24 -6 16 -11 -17 -18 -20 -14 -9 -7 -23 25 -13 -26 -16 -29 -30
right_child=1 4 5 7 11 22 -8 21 -10 15 -12 12 20 -15 27 17 18 -19 19 -21 -22 23 -24 -25 26 -27 -28 28 29 -31
leaf_value=-836.78604984092817 -151.49009865473201 -1278.4281714949816 -1077.447147374977 -98.11877964930828 -117.95363903716061 132.97093595797523 39.646380216452236 5120.1686167589505 -779.50163043648649 147.00714281519831 -262.97058960282595 -52.905000592888975 5439.0907289352826 -1956.3245747593523 -39.779153285945362 -299.59461459099913 -170.79036889575292 188.71998983745073 10.659458664114936 -904.20834039899057 -312.1071595013666 -2439.1923035465938 -412.88442487478392 171.00742835243582 -170.10329525364506 449.17367832646414 387.85417573348099 550.7410492207681 766.61948874290101 3532.1477578570252
leaf_weight=336 79 25 59 202 50 20 23 23 81 66 125 24 78 43 26 122 22 52 275 21 29 21 28 55 27 70 519 110 207 215
leaf_count=336 79 25 59 202 50 20 23 23 81 66 125 24 78 43 26 122 22 52 275 21 29 21 28 55 27 70 519 110 207 215
internal_value=-0.00251401 0.000457733 -0.0188841 -0.00371503 0.00381237 -0.00785714 -0.0134146 -0.00298122 -0.00362319 -0.0029661 -0.00573394 0.00411302 0.00265823 0.00172035 0.00600329 -0.00134409 0.000390625 -0.00517241 -0.00125786 -0.000337838 0.00864486 0.00328283 0 0 0.0025 0.00797872 0.00155678 0.00681004 0.00733083 0.00592417
internal_weight=3033 2567 466 1144 1423 130 82 1065 966 885 327 1398 790 683 608 558 384 174 318 296 107 99 48 76 640 94 546 558 532 422
internal_count=3033 2567 466 1144 1423 130 82 1065 966 885 327 1398 790 683 608 558 384 174 318 296 107 99 48 76 640 94 546 558 532 422
cat_boundaries=0 1
cat_threshold=10
is_linear=0
shrinkage=0.05


Tree=49
num_leaves=31
num_cat=0
split_feature=1 1 2 5 3 7 3 5 4 5 3 7 5 2 1 10 6 1 4 1 10 10 6 10 3 10 10 2 3 3
split_gain=58.6945 12.7248 7.48868 2.10541 1.68522 1.70012 1.49019 1.7719 1.41812 1.40764 1.202 1.17841 1.04553 1.02953 1.829 1.00524 1.00233 2.95859 2.49271 1.76203 1.73335 1.67101 1.6355 1.44878 1.36145 1.26572 2.53605 1.63037 1.3123 1.30747
threshold=116704.96500000001 228639.60500000001 108071.99500000001 8173.6081815914886 92084.120714285731 2.5000000000000004 124817.04571428572 48174.393479078251 1046844.6650000002 39282.105838163297 126521.99000000001 3.5000000000000004 151344.0809054276 184225.86500000002 147142.95500000005 256.50000000000006 68673.682968589244 311341.90000000008 300563.96125000011 403110.97000000003 112.50000000000001 251.50000000000003 112715.55988619714 210.50000000000003 519856.9671428572 102.50000000000001 91.500000000000014 292926.15500000009 498526.83071428578 378768.98714285722
decision_type=2 2 2 2 2 2 2 2 2 2 2 2 2 2 2 2 2 2 2 2 2 2 2 2 2 2 2 2 2 2
left_child=2 3 4 -2 -1 -6 7 13 16 -4 -8 -11 15 14 -5 -12 17 18 20 21 -3 24 23 -21 -18 26 27 -24 -28 -27
right_child=1 8 9 6 5 -7 10 -9 -10 11 12 -13 -14 -15 -16 -17 19 -19 -20 22 -22 -23 25 -25 -26 29 28 -29 -30 -31
leaf_value=-803.97399465112767 -108.14685216950457 5.2416438347790972 -565.3187890934845 -510.80594237620392 -1061.0231348865843 -541.91475636987741 -739.27432580394088 317.16713154952305 6385.426544382336 -786.56482674824224 -114.20212492733918 79.144996404004644 2911.5539373091074 -620.4689034720185 193.87753359578056 139.90814152846798 -32.002277436321314 587.05481741576807 -51.396193018081249 1677.7225875715508 256.95395593771246 1791.7014922132716 4830.8641288590106 41.993312831383086 5770.8504023538553 2952.3552474790313 -2998.146385130563 1775.235933540587 -872.1362616969011 1161.2103515987635
leaf_weight=181 69 52 44 42 112 131 21 21 137 23 758 39 31 23 35 22 451 63 57 60 50 25 22 22 20 34 23 161 21 283
leaf_count=181 69 52 44 42 112 131 21 21 137 23 758 39 31 23 35 22 451 63 57 60 50 25 22 22 20 34 23 161 21 283
internal_value=-0.00243159 0.000769077 -0.0175472 -0.0035225 -0.0205189 -0.0177984 -0.00291186 0.00227273 0.00373059 -0.00566038 -0.00366587 -0.000806452 -0.00336005 -0.0005 0.00227273 -0.00371795 0.00323661 0.00630631 0.00267296 0.00262923 0.00735294 0.000403226 0.00439297 0.0109756 -0.000265393 0.00340074 0.000550661 0.00314208 -0.0102273 0.00544164
internal_weight=3033 2503 530 1022 424 243 953 121 1481 106 832 62 811 100 77 780 1344 222 159 1122 102 496 626 82 471 544 227 183 44 317
internal_count=3033 2503 530 1022 424 243 953 121 1481 106 832 62 811 100 77 780 1344 222 159 1122 102 496 626 82 471 544 227 183 44 317
is_linear=0
shrinkage=0.05


Tree=50
num_leaves=31
num_cat=0
split_feature=1 0 3 1 6 3 4 7 6 4 2 7 0 7 4 3 2 2 7 2 1 3 3 3 3 2 4 7 3 2
split_gain=54.3858 14.0629 4.68066 2.86674 2.51776 2.4571 2.41189 2.21636 3.61659 2.76899 3.60628 2.71004 2.19859 2.15964 2.04193 2.58499 1.78016 1.76059 1.38492 1.41469 1.36043 2.29296 2.06975 2.04237 2.03354 1.98656 1.3602 1.35765 1.32211 1.25553
threshold=116704.96500000001 180691.23000000001 131836.65642857147 272494.94500000007 142629.21340348822 123419.90785714287 174474.69571428574 3.5000000000000004 25400.329045009636 903807.27875000006 501588.40000000008 1.5000000000000002 1384987.7350000001 4.5000000000000009 144211.53589285715 148912.87142857147 142422.09000000003 96469.185000000012 5.5000000000000009 160427.07000000004 388154.28000000009 369276.96000000002 423273.4285714287 396004.79571428575 384851.28857142857 311015.33000000002 295977.06142857141 3.5000000000000004 226609.01785714287 427250.85500000004
decision_type=2 2 2 2 2 2 2 2 2 2 2 2 2 2 2 2 2 2 2 2 2 2 2 2 2 2 2 2 2 2
left_child=2 5 17 4 6 18 -3 8 11 10 20 -5 29 26 16 -16 -7 -1 19 -2 22 -22 23 24 25 -9 -8 -4 -27 -10
right_child=1 3 27 7 -6 14 13 9 12 -11 -12 -13 -14 -15 15 -17 -18 -19 -20 -21 21 -23 -24 -25 -26 28 -28 -29 -30 -31
leaf_value=-851.67080273107138 155.38354832786791 72.235676852824696 -586.79020273164281 25.950049612988369 2131.0991885589642 -117.77067603108736 -239.3047845690111 85.560401369890315 379.59985247900624 4963.1196305404419 -1080.8132769911231 667.11131767438496 -5105.0031331498412 314.01777582662618 208.3832294669279 -172.91652859671305 -423.97696091979674 -502.221235987547 298.55737130115011 -707.00052511094987 2431.1156919815899 506.53601801464686 2703.1941888040269 -694.03872524834014 1926.8020372920059 31.139682884630748 -69.513824150372244 75.187746583804255 -262.58692776331446 2405.1592917520061
leaf_weight=316 48 108 34 28 55 176 150 113 256 92 103 50 26 53 32 383 68 137 29 23 37 133 26 22 23 20 114 23 49 366
leaf_count=316 48 108 34 28 55 176 150 113 256 92 103 50 26 53 32 383 68 137 29 23 37 133 26 22 23 20 114 23 49 366
internal_value=-0.00252991 0.000416183 -0.017451 0.00279605 -0.000520833 -0.00530303 -0.00182353 0.00398065 0.00585399 0.00177994 0.000380228 0.0160256 0.00462963 -0.00402208 -0.00641123 -0.00427711 -0.010041 -0.0191501 0.002 -0.00176056 0.00242317 0.00588235 9.88142e-05 -0.00143172 0.000121951 -0.00164835 -0.00587121 -0.00394737 -0.00833333 0.00522508
internal_weight=3093 2583 510 1824 480 759 425 1344 726 618 526 78 648 317 659 415 244 453 100 71 423 170 253 227 205 182 264 57 69 622
internal_count=3093 2583 510 1824 480 759 425 1344 726 618 526 78 648 317 659 415 244 453 100 71 423 170 253 227 205 182 264 57 69 622
is_linear=0
shrinkage=0.05


Tree=51
num_leaves=31
num_cat=1
split_feature=1 0 11 3 1 6 4 3 2 7 6 4 2 7 0 4 7 10 7 2 2 3 10 1 1 3 3 3 10 10
split_gain=53.9079 11.6772 5.00209 2.89703 2.89524 2.17941 1.86307 2.49454 2.00025 1.85753 2.98051 2.76899 3.60628 2.18081 2.12771 1.84554 2.08631 1.7412 1.72401 1.67902 1.88929 1.66332 1.68072 1.97532 1.59054 2.36215 1.65987 1.53352 1.52674 1.63297
threshold=116704.96500000001 180691.23000000001 0 124817.04571428572 272494.94500000007 142629.21340348822 144211.53589285715 148912.87142857147 143330.095 3.5000000000000004 25400.329045009636 903807.27875000006 501588.40000000008 1.5000000000000002 1384987.7350000001 174474.69571428574 4.5000000000000009 169.50000000000003 5.5000000000000009 152143.40500000003 123160.62000000001 140179.84571428577 194.50000000000003 131286.31000000003 371602.00500000006 369276.96000000002 423273.4285714287 131836.65642857147 234.50000000000003 198.50000000000003
decision_type=2 2 1 2 2 2 2 2 2 2 2 2 2 2 2 2 2 2 2 2 2 2 2 2 2 2 2 2 2 2
left_child=2 3 -1 18 5 15 8 -8 21 10 13 12 24 -6 -12 17 28 -3 19 20 -2 22 23 -5 26 -26 -11 -4 29 -17
right_child=1 4 27 6 9 -7 7 -9 -10 11 14 -13 -14 -15 -16 16 -18 -19 -20 -21 -22 -23 -24 -25 25 -27 -28 -29 -30 -31
leaf_value=-707.16987978201803 -318.71519237080287 219.08533575259207 -681.95959638260399 -208.36666975477638 24.65254713234026 2024.5442291310146 197.96406799358084 -164.27070216687719 -437.84737248824388 -35.586969811152088 1031.2484458718493 4714.9636490134171 -1026.7726131415664 633.75575179066516 -4849.7529764923502 -198.0142873156685 298.31688703529511 -75.244557031703877 285.00520457154124 -759.55687304987225 343.55199204166786 -208.44983507505532 18.227537658422079 -43.282964686369091 2309.5599073825115 481.20921711391424 2025.4008610369231 -213.77648484507228 322.79058985026717 -336.08164464614532
leaf_weight=337 21 56 121 40 28 55 32 383 56 214 622 92 103 50 26 207 53 52 32 33 24 21 47 70 41 147 21 52 28 29
leaf_count=337 21 56 121 40 28 55 32 383 56 214 622 92 103 50 26 207 53 52 32 33 24 21 47 70 41 147 21 52 28 29
internal_value=-0.00249758 0.00043554 -0.0173529 -0.00477602 0.00260417 -0.000729167 -0.00604777 -0.00403614 -0.00961538 0.00379464 0.00550964 0.00177994 0.000380228 0.0147436 0.00439815 -0.00194118 -0.00386435 0.0037037 0.00272727 -0.00128205 0.005 -0.00702247 -0.00525478 -0.00863636 0.00242317 0.00585106 -0.000319149 -0.00860656 -0.00568182 -0.00699153
internal_weight=3093 2583 510 759 1824 480 649 415 234 1344 726 618 526 78 648 425 317 108 110 78 45 178 157 110 423 188 235 173 264 236
internal_count=3093 2583 510 759 1824 480 649 415 234 1344 726 618 526 78 648 425 317 108 110 78 45 178 157 110 423 188 235 173 264 236
cat_boundaries=0 1
cat_threshold=10
is_linear=0
shrinkage=0.05


Tree=52
num_leaves=31
num_cat=1
split_feature=1 1 2 0 5 5 7 5 7 4 2 0 2 2 5 7 10 1 1 4 7 5 1 1 11 7 2 1 4 7
split_gain=50.9848 10.5232 6.07078 3.17618 2.71819 2.24189 1.9842 2.29747 2.54308 1.84401 3.28303 1.59007 1.5013 1.35052 1.30351 1.40331 1.53651 1.25575 2.12069 1.19334 1.48616 1.15975 1.15357 1.64116 1.4303 2.69188 1.11907 1.54889 1.08273 1.93627
threshold=115232.09500000002 272494.94500000007 112400.12000000001 186595.16000000003 138146.13288717566 10184.561905624718 3.5000000000000004 41317.756906491202 1.5000000000000002 903807.27875000006 501588.40000000008 1384987.7350000001 326119.78000000009 318555.50500000006 18623.262859948682 2.5000000000000004 41.500000000000007 388154.28000000009 463342.72500000003 395916.43446428579 4.5000000000000009 35552.16044183739 325563.81000000006 344617.74500000005 0 1.5000000000000002 290950.18000000005 349418.68500000006 175375.88928571434 2.5000000000000004
decision_type=2 2 2 2 2 2 2 2 2 2 2 2 2 2 2 2 2 2 2 2 2 2 2 2 1 2 2 2 2 2
left_child=2 4 14 -3 5 -2 7 8 -5 10 17 13 -6 26 -1 -16 -17 19 -19 -8 -21 -4 -15 -24 -25 -26 27 -9 -7 -30
right_child=1 3 21 6 12 28 9 11 -10 -11 -12 -13 -14 22 15 16 -18 18 -20 20 -22 -23 23 24 25 -27 -28 -29 29 -31
leaf_value=-647.48306548041728 -131.23036229897409 -1839.9666383159529 -628.09681590992045 14.616198084202189 3322.9732377526907 -34.025813003712393 -33.807621320593171 -289.93658603929219 567.61708712037364 4479.2154665627459 -975.43398248448796 -4607.2653276677302 1098.958208037581 2475.5435485607845 -1086.2321149092136 -1046.480223549077 -399.44448164942878 2112.674227872561 -57.878401264821882 -37.675668984693765 3081.2856807085118 -66.891539594621648 -2438.5006312067067 2173.4642581639987 2010.634952118779 -686.95605736004802 -1105.674439117781 2512.0816686801004 -254.77716063648404 -20.919679137282948
leaf_weight=200 163 34 23 32 21 556 204 37 59 92 103 26 45 38 90 36 90 87 82 22 26 58 23 290 112 24 32 52 207 229
leaf_count=200 163 34 23 32 21 556 204 37 59 92 103 26 45 38 90 36 90 87 82 22 26 58 23 290 112 24 32 52 207 229
internal_value=-0.00248141 0.000327427 -0.0171529 0.00332727 -0.00305078 -0.00361472 0.00370992 0.00548276 0.0129121 0.00162338 0.000477099 0.0044164 0.00681818 0.00493421 -0.0195913 -0.0168981 -0.0134921 0.00243468 0.00576923 0.000198413 0.00729167 -0.00462963 0.00610883 0.00540089 0.00610329 0.010274 0.000206612 0.00308989 -0.00272177 -0.00458716
internal_weight=3093 2596 497 1375 1221 1155 1341 725 91 616 524 634 66 608 416 216 126 421 169 252 48 81 487 449 426 136 121 89 992 436
internal_count=3093 2596 497 1375 1221 1155 1341 725 91 616 524 634 66 608 416 216 126 421 169 252 48 81 487 449 426 136 121 89 992 436
cat_boundaries=0 1
cat_threshold=4
is_linear=0
shrinkage=0.05


Tree=53
num_leaves=31
num_cat=0
split_feature=1 4 2 0 5 6 7 6 1 4 4 5 1 5 6 2 4 7 1 1 6 0 0 10 0 10 5 5 0 6
split_gain=48.4451 10.4008 5.6869 3.56768 2.26874 1.80306 2.44192 1.71317 1.79451 1.89503 1.48405 2.03313 1.8585 1.36153 1.44314 1.42724 1.93155 2.17781 1.82526 1.75653 1.32052 1.62675 2.15255 1.28421 1.27665 1.20143 1.51481 1.15975 1.15949 1.08449
threshold=115232.09500000002 295542.02053571434 112400.12000000001 443056.65500000009 10184.561905624718 26256.308644036351 2.5000000000000004 125262.425585351 393562.90000000008 293537.9621428572 300000.32001322758 106658.83706061462 302096.73000000004 105817.25042322236 10936.394521872739 240216.89000000004 175375.88928571434 2.5000000000000004 140502.31000000003 317754.87000000005 75939.08489602503 178055.21000000005 163833.70500000005 189.50000000000003 186595.16000000003 70.500000000000014 71742.172016100943 35552.16044183739 99666.920000000013 12212.008836534076
decision_type=2 2 2 2 2 2 2 2 2 2 2 2 2 2 2 2 2 2 2 2 2 2 2 2 2 2 2 2 2 2
left_child=2 3 5 4 29 28 -7 8 9 13 11 12 -3 14 -6 16 -16 18 -18 25 21 22 -19 -8 -12 -17 -27 -4 -1 -2
right_child=1 10 27 -5 7 6 23 -9 -10 -11 24 -13 -14 -15 15 19 17 20 -20 -21 -22 -23 -24 -25 -26 26 -28 -29 -30 -31
leaf_value=-663.81764463801017 -147.51073320744328 93.235599387146067 -596.69197511442474 5642.4652537686607 32.945455633218806 -1001.7260315561922 -396.36066401221035 -2505.0844159331218 1780.5272713412401 -380.33394686546967 -1196.5073350096268 -207.30937694296591 565.12594305676907 519.26441089207071 -60.355461917202049 447.61797579585766 3.823289393534651 -265.81553584026841 -539.4353568959923 -260.71380427794355 98.770288048093789 -206.82525330405917 254.77062589336566 -43.551542146505383 420.12850402624173 764.20021280882361 -544.40466655785133 -63.54696261489044 -391.59776621030255 -27.471462072360737
leaf_weight=196 127 62 23 23 43 85 91 29 20 30 29 39 48 23 502 20 20 25 75 46 48 36 21 22 1244 28 22 58 22 36
leaf_count=196 127 62 23 23 43 85 91 29 20 30 29 39 48 23 502 20 20 25 75 46 48 36 21 22 1244 28 22 58 22 36
internal_value=-0.00244908 0.000288906 -0.0167505 -0.00319421 -0.00358384 -0.0191106 -0.0156566 -0.00268219 -0.00232013 -0.00263578 0.00316456 0.00788591 0.0113636 -0.00222772 -0.0025395 -0.00299526 -0.00381706 -0.00766667 -0.0134211 0.00215517 -0.00346154 -0.00731707 -0.00108696 -0.0108407 0.00261194 0.00714286 0.003 -0.00462963 -0.0222477 -0.00904908
internal_weight=3093 2596 497 1174 1151 416 198 988 959 939 1422 149 110 909 886 843 727 225 95 116 130 82 46 113 1273 70 50 81 218 163
internal_count=3093 2596 497 1174 1151 416 198 988 959 939 1422 149 110 909 886 843 727 225 95 116 130 82 46 113 1273 70 50 81 218 163
is_linear=0
shrinkage=0.05


Tree=54
num_leaves=31
num_cat=2
split_feature=1 3 3 6 3 10 3 4 3 2 6 4 2 3 3 10 2 7 1 10 6 7 2 1 4 10 10 1 11 11
split_gain=47.3913 9.58718 5.53332 2.33105 1.8732 3.33407 1.76945 2.80922 2.06393 2.02771 1.71894 2.1569 1.79995 1.59055 1.46248 1.84318 1.96429 1.45161 1.45 1.24137 1.23275 1.22791 1.44048 2.11722 1.61379 1.2026 2.1293 1.15485 2.61657 1.96749
threshold=112560.93500000001 250887.78285714288 131836.65642857147 23339.215177672169 117725.64714285715 62.500000000000007 124817.04571428572 144211.53589285715 148912.87142857147 143330.095 12212.008836534076 173634.15517857144 171969.70000000004 224232.83928571432 140179.84571428577 194.50000000000003 128401.895 4.5000000000000009 79923.230000000025 204.50000000000003 38154.647580068216 5.5000000000000009 176850.83500000005 147142.95500000005 119463.68892857144 74.500000000000014 93.500000000000014 403110.97000000003 0 1
decision_type=2 2 2 2 2 2 2 2 2 2 2 2 2 2 2 2 2 2 2 2 2 2 2 2 2 2 2 2 1 1
left_child=2 6 3 -1 5 18 21 9 -9 14 11 -10 25 19 15 16 -8 -18 -5 -14 -11 22 23 24 -2 -12 -27 28 -3 -29
right_child=1 27 -4 4 -6 -7 7 8 10 20 12 -13 13 -15 -16 -17 17 -19 -20 -21 -22 -23 -24 -25 -26 26 -28 29 -30 -31
leaf_value=-587.92820362417262 -503.63330698097127 238.28545247865259 -126.522770705109 -1743.5711817307631 -684.7986043426987 30.532753191791564 -210.00696733032964 192.50392541950714 399.27052312274759 -402.01794908851008 -466.97556718900017 -92.544373294950503 33.937657289790515 -413.86632704228833 -182.21164108167068 22.035224521547207 28.278048537466386 -155.16029485048495 -273.32091764531759 -134.71379237190558 -343.82463142393175 216.91144906098344 -550.67292743045834 260.21430306271287 283.94031267760658 212.11467098605064 -198.78356324766355 1322.135610620209 -132.91765508379322 1111.7155674915732
leaf_weight=201 25 441 50 29 148 37 35 44 21 42 54 22 221 67 22 51 39 38 20 57 22 36 28 32 27 20 161 205 315 583
leaf_count=201 25 441 50 29 148 37 35 44 21 42 54 22 221 67 22 51 39 38 20 57 22 36 28 32 27 20 161 205 315 583
internal_value=-0.00240058 0.000268405 -0.0167526 -0.0185632 -0.0151709 -0.00930233 -0.00338346 -0.00420306 -0.00251124 -0.00873494 -0.0032504 0.00639535 -0.00396552 -0.00166667 -0.00608108 -0.00444785 -0.00803571 -0.00357143 -0.0178571 0 -0.0164063 0.00168919 -0.000892857 0.00238095 -0.00384615 -0.00734043 -0.00538674 0.00278497 0.00138889 0.00412437
internal_weight=3093 2608 485 435 234 86 1064 916 667 249 623 43 580 345 185 163 112 77 49 278 64 148 112 84 52 235 181 1544 756 788
internal_count=3093 2608 485 435 234 86 1064 916 667 249 623 43 580 345 185 163 112 77 49 278 64 148 112 84 52 235 181 1544 756 788
cat_boundaries=0 1 2
cat_threshold=12 3
is_linear=0
shrinkage=0.05


Tree=55
num_leaves=31
num_cat=1
split_feature=1 2 6 7 6 10 7 4 0 6 2 2 4 2 2 4 10 6 2 1 4 10 7 11 6 2 1 4 7 10
split_gain=45.273 7.31632 5.36715 3.5028 2.57982 1.97293 1.70786 2.70421 2.78147 2.66487 2.00657 1.51607 2.9884 2.04894 1.62552 2.05348 1.48861 1.81483 1.45575 1.35415 2.19959 1.46689 1.3373 2.80393 2.79468 1.31191 1.24996 1.24694 1.19807 1.78611
threshold=110073.395 300053.88000000006 26256.308644036351 2.5000000000000004 181076.79929150551 74.500000000000014 3.5000000000000004 903807.27875000006 1074964.1100000001 25836.227883290372 501588.40000000008 161367.42000000004 123614.00625000002 183013.83500000005 240216.89000000004 300000.32001322758 202.50000000000003 286953.74001711066 458903.97500000003 469258.57000000007 399269.9537500001 126.50000000000001 1.5000000000000002 0 101163.62310457297 100444.90000000001 327504.38500000007 738330.17464285728 4.5000000000000009 81.500000000000014
decision_type=2 2 2 2 2 2 2 2 2 2 2 2 2 2 2 2 2 2 2 2 2 2 2 1 2 2 2 2 2 2
left_child=2 4 -1 25 5 11 9 10 -9 -3 18 12 -2 -13 -15 -16 17 27 19 20 -8 -22 23 24 -11 -4 -25 -12 29 -5
right_child=1 6 3 28 -6 -7 7 8 -10 22 16 13 -14 14 15 -17 -18 -19 -20 -21 21 -23 -24 26 -26 -27 -28 -29 -30 -31
leaf_value=-562.24995513288593 62.789597690119265 436.00980314987248 -903.96229976124823 -469.50845506331171 2681.2172101611127 -30.578156585481338 -37.017180013825417 9942.8373655794421 -303.72134932333722 -121.02017343545594 -644.92269856224311 60.418242819706215 -252.67071407657352 -427.87715937196555 140.11303637249148 -305.38006228339219 -952.96913838460898 -2000.6465520990023 1816.108242026801 -1227.703011522726 -6.2601901189758795 1952.0872949533762 255.40065776153935 1444.3556168981072 3328.540604016383 -533.91380470707668 417.58691071983486 8364.9820868395673 63.619425019426856 -317.5838498650221
leaf_weight=224 29 53 79 38 43 1032 171 43 37 22 41 65 107 80 44 24 22 22 38 44 24 38 274 44 83 20 195 21 39 84
leaf_count=224 29 53 79 38 43 1032 171 43 37 22 41 65 107 80 44 24 22 22 38 44 24 38 274 44 83 20 195 21 39 84
internal_value=-0.00238636 0.000231125 -0.0164256 -0.0115385 -0.00217697 -0.0025525 0.003157 0.000948104 0.009375 0.00480626 -0.000653207 -0.00580229 -0.00992647 -0.00316901 -0.00641892 -0.000735294 -0.00660377 -0.00357143 0.00134921 9.02527e-05 0.00160944 0.00967742 0.0038835 0.0059593 0.0123913 -0.0189394 0.00251004 0.000806452 -0.00698758 -0.00942623
internal_weight=3080 2596 484 260 1424 1381 1172 501 80 671 421 349 136 213 148 68 106 84 315 277 233 62 618 344 105 99 239 62 161 122
internal_count=3080 2596 484 260 1424 1381 1172 501 80 671 421 349 136 213 148 68 106 84 315 277 233 62 618 344 105 99 239 62 161 122
cat_boundaries=0 1
cat_threshold=1
is_linear=0
shrinkage=0.05


Tree=56
num_leaves=31
num_cat=0
split_feature=1 0 6 7 0 10 6 6 4 3 7 10 4 3 1 6 7 0 7 10 7 0 4 1 10 1 0 10 4 5
split_gain=43.9878 5.89239 5.56441 3.21302 2.43629 1.96515 1.53023 1.20167 1.6344 1.71702 1.19807 1.78611 1.19563 1.18848 1.17181 2.4557 2.25241 2.04185 2.67178 1.4712 1.28394 1.27765 2.00614 1.89954 1.15269 1.11981 1.1022 1.0624 1.00796 1.31831
threshold=110073.395 381765.96500000003 26256.308644036351 2.5000000000000004 145642.87000000002 65.500000000000014 11778.350834494229 105353.96731620337 300000.32001322758 297585.0921428572 4.5000000000000009 81.500000000000014 291125.76803571434 120994.95428571431 294526.96000000008 25836.227883290372 3.5000000000000004 213621.71500000003 4.5000000000000009 166.50000000000003 5.5000000000000009 169247.40000000002 174474.69571428574 220791.11500000002 43.500000000000007 96982.175000000003 190720.65500000003 26.500000000000004 220050.96892857147 70882.235317453786
decision_type=2 2 2 2 2 2 2 2 2 2 2 2 2 2 2 2 2 2 2 2 2 2 2 2 2 2 2 2 2 2
left_child=2 4 25 -4 28 7 -7 8 9 24 11 -5 -3 -13 17 16 -16 19 -19 21 -17 -8 -23 -24 26 -1 -6 -28 29 -2
right_child=1 12 3 10 5 6 14 -9 -10 -11 -12 13 -14 -15 15 20 -18 18 -20 -21 -22 22 23 -25 -26 -27 27 -29 -30 -31
leaf_value=-595.86473534630568 -84.258109838933166 2411.913584593643 -785.51590889990985 -446.03303231014581 57.397330678721488 138.58183607109024 -86.083523660261562 395.65037429482476 -239.18945202615578 299.96618584408134 60.438453768455659 44.885308025453561 1185.1154823283243 -324.0761256829428 518.89447806920509 -85.082136221154371 60.23362301354355 -247.7729943212762 311.40428581672609 -56.50543444048963 576.20311934030906 253.50998613477498 1.6886320483332384 241.86411956348167 -250.5044758464268 -283.74976443631971 -203.41741249848201 -67.277475470148786 188.82850162063698 -465.80916435255568
leaf_weight=195 412 27 99 38 45 22 68 44 33 20 39 31 814 53 43 226 38 183 47 167 83 30 80 23 77 29 24 33 33 24
leaf_count=195 412 27 99 38 45 22 68 44 33 20 39 31 814 53 43 226 38 183 47 167 83 30 80 23 77 29 24 33 33 24
internal_value=-0.00248377 9.6302e-05 -0.0163223 -0.0113462 -0.00155271 -0.000427683 0.000594059 -0.00416667 -0.00560345 -0.00389447 -0.00698758 -0.00942623 0.00353746 -0.00535714 0.000303644 0.0024359 0.0101852 -0.00108696 -0.00478261 0.00122283 0.000404531 0.00410448 0.00695489 0.00364078 -0.00544693 -0.0220982 -0.00196078 -0.00657895 -0.00463753 -0.00527523
internal_weight=3080 2596 484 260 1755 1286 1010 276 232 199 161 122 841 84 988 390 81 598 230 368 309 201 133 103 179 224 102 57 469 436
internal_count=3080 2596 484 260 1755 1286 1010 276 232 199 161 122 841 84 988 390 81 598 230 368 309 201 133 103 179 224 102 57 469 436
is_linear=0
shrinkage=0.05


Tree=57
num_leaves=31
num_cat=1
split_feature=1 2 6 5 8 10 1 6 1 0 11 0 0 2 0 0 1 2 4 10 4 2 2 5 2 4 5 5 5 8
split_gain=43.0918 5.94843 5.53247 3.9402 2.55324 1.91142 1.90768 1.58266 3.88369 1.61044 1.49209 1.41167 1.35941 1.27886 1.267 1.253 1.36908 1.82477 2.15953 1.70366 1.22768 2.39611 1.72112 1.50555 1.48037 1.20553 1.48764 1.1217 1.10062 2.30476
threshold=110073.395 300053.88000000006 26256.308644036351 228399.33823534072 1.0000000180025095e-35 74.500000000000014 79923.230000000025 25836.227883290372 311341.90000000008 381765.96500000003 0 99666.920000000013 310110.58500000002 82743.585000000006 234668.66000000003 213621.71500000003 286404.10000000003 383049.25000000006 314879.24570488726 76.500000000000014 122659.70982142859 161367.42000000004 183013.83500000005 58432.983415189221 240216.89000000004 175375.88928571434 91976.740660490977 9834.2204413155941 12123.681795991719 1.0000000180025095e-35
decision_type=2 2 2 2 2 2 2 2 2 2 1 2 2 2 2 2 2 2 2 2 2 2 2 2 2 2 2 2 2 2
left_child=2 3 11 5 6 20 -4 8 12 10 14 -1 -3 -8 -9 -12 -17 19 -19 -18 -2 -22 23 -23 25 -24 -27 -7 29 -29
right_child=1 7 4 -5 -6 27 13 9 -10 -11 15 -13 -14 -15 -16 16 17 18 -20 -21 21 22 24 -25 -26 26 -28 28 -30 -31
leaf_value=-540.36072635315873 38.721287916417353 -232.48912254030293 -1066.7939962530386 6040.0543616026735 57.416531080032293 -56.649143527010168 -538.49307682819051 -1991.195806617741 417.21971994854687 1326.611590651286 1804.0337921883593 -320.07197001102617 264.69861817982166 -307.8723193987957 -37.316556951713572 1803.0543728690711 -576.14435725989176 1754.4382857506951 -406.55526872646442 -88.005740863573749 -235.82427288079782 -14.075978645485884 -3.6299849483883011 465.55407040683059 -35.646222098422008 -772.88966809514466 -315.4130241053092 85.240930464036509 -42.837612660004382 -91.147110230617557
leaf_weight=200 44 21 49 20 39 120 35 31 45 697 35 24 20 137 96 38 23 29 82 55 109 37 21 20 69 28 24 60 848 24
leaf_count=200 44 21 49 20 39 120 35 31 45 697 35 24 20 137 96 38 23 29 82 55 109 37 21 20 69 28 24 60 848 24
internal_value=-0.00241883 0.000134823 -0.0161157 -0.00203652 -0.0111538 -0.00235043 -0.0132353 0.00277304 0.00930233 0.00225599 -0.000321337 -0.021875 -0.00182927 -0.0107558 -0.00456204 0.00183824 0.000550661 -0.00119048 0.00292793 -0.00705128 -0.00553977 -0.00665584 -0.00339196 0.00394737 -0.00633803 -0.0113014 -0.0153846 -0.00128327 -0.000697425 0.0047619
internal_weight=3080 2596 484 1424 260 1404 221 1172 86 1086 389 224 41 172 127 262 227 189 111 78 352 308 199 57 142 73 52 1052 932 84
internal_count=3080 2596 484 1424 260 1404 221 1172 86 1086 389 224 41 172 127 262 227 189 111 78 352 308 199 57 142 73 52 1052 932 84
cat_boundaries=0 1
cat_threshold=1
is_linear=0
shrinkage=0.05


Tree=58
num_leaves=31
num_cat=1
split_feature=2 11 3 5 2 5 3 7 7 3 5 1 1 2 7 1 5 3 10 10 10 1 7 5 10 3 10 3 5 3
split_gain=42.0592 7.1208 4.56038 2.6827 2.52459 2.77946 2.13492 2.35801 2.1462 3.35523 2.2638 2.01116 1.95771 4.88297 1.88614 1.873 1.80951 1.80579 1.48667 1.46901 1.42583 1.42077 1.41454 1.39592 1.6771 1.39057 1.37252 1.32616 1.42013 1.23361
threshold=112400.12000000001 0 250887.78285714288 81537.84758301494 300053.88000000006 221351.28441132806 369276.96000000002 3.5000000000000004 1.5000000000000002 429899.63785714289 193358.77887970794 79923.230000000025 147142.95500000005 147200.40000000002 2.5000000000000004 340694.82000000007 88530.763104210273 413517.83500000002 165.50000000000003 88.500000000000014 227.50000000000003 91795.705000000016 1.5000000000000002 45327.026397994567 186.50000000000003 92084.120714285731 75.500000000000014 225722.15785714288 69911.154821609802 218478.17785714287
decision_type=2 1 2 2 2 2 2 2 2 2 2 2 2 2 2 2 2 2 2 2 2 2 2 2 2 2 2 2 2 2
left_child=1 21 3 12 5 14 7 22 10 17 -8 -3 13 26 -4 -9 29 -10 -11 -18 27 -1 -6 24 -13 -23 -2 -14 -29 -5
right_child=2 11 4 16 6 -7 8 15 9 18 -12 23 20 -15 -16 -17 19 -19 -20 -21 -22 25 -24 -25 -26 -27 -28 28 -30 -31
leaf_value=-757.92460676416965 -134.58736214345262 -1194.8867871445836 -236.19694094918378 -51.088389316911346 1032.0544971181546 3984.7793610191338 2958.9160785285699 -136.06125513189181 -156.58526432697545 2614.9196628563573 1046.4048774686992 -353.67692256426966 25.888915356887448 -724.28371580237001 25.810237936778869 999.05286026740362 120.26695032771386 -1550.4002794470027 -456.14482756775982 -1031.3526140860383 -168.8314086218372 -255.80706975266222 572.48907137438653 205.57910624270301 171.78433171561775 -284.03811555323193 4.3500284687186648 -985.75554611815539 213.61154889470492 -609.42080981281833
leaf_weight=185 71 29 189 21 63 22 143 71 150 251 103 63 455 84 204 46 31 39 152 21 74 61 78 35 35 85 239 22 20 38
leaf_count=185 71 29 189 21 63 22 143 71 150 251 103 63 455 84 204 46 31 39 152 21 74 61 78 35 35 85 239 22 20 38
internal_value=-0.00238636 -0.0157708 0.000164283 -0.00232342 0.0019358 -0.00138554 0.00319343 0.00717054 0.00196897 0.000337838 0.00589431 -0.00581395 -0.00147668 -0.00418782 -0.00235369 0.00192308 -0.00968468 -0.00515873 0.00291563 -0.00288462 0.000394046 -0.019868 0.0115248 -0.00357143 -0.00663265 -0.0167808 -0.00129032 0.00135815 -0.00714286 -0.015678
internal_weight=3080 493 2587 1076 1511 415 1096 258 838 592 246 162 965 394 393 117 111 189 403 52 571 331 141 133 98 146 310 497 42 59
internal_count=3080 493 2587 1076 1511 415 1096 258 838 592 246 162 965 394 393 117 111 189 403 52 571 331 141 133 98 146 310 497 42 59
cat_boundaries=0 1
cat_threshold=10
is_linear=0
shrinkage=0.05


Tree=59
num_leaves=31
num_cat=1
split_feature=2 11 2 3 3 7 7 5 5 5 2 0 5 5 2 0 5 6 5 2 2 0 7 5 3 6 5 3 7 6
split_gain=41.323 6.95781 3.82067 3.32102 1.96712 2.39387 1.90463 2.68834 1.96226 1.78849 1.73463 1.9346 1.65079 1.57794 1.46128 1.98011 1.44266 1.40211 1.3941 1.27984 2.33274 1.27813 1.24024 1.20655 1.16242 1.14856 1.14675 1.07456 1.01544 1.01208
threshold=112400.12000000001 0 300053.88000000006 250887.78285714288 369276.96000000002 3.5000000000000004 1.5000000000000002 163323.57170830676 202391.29609061941 40656.314985334488 390857.35000000003 1027470.9200000002 23015.223570820945 8877.8221596653002 475497.74000000005 542636.96000000008 81537.84758301494 149035.15484648271 221351.28441132806 143330.095 138408.285 120687.06000000001 1.5000000000000002 270830.12469758576 92084.120714285731 9769.7466563638827 112993.80064450284 1043417.1457142859 2.5000000000000004 114825.00221141933
decision_type=2 1 2 2 2 2 2 2 2 2 2 2 2 2 2 2 2 2 2 2 2 2 2 2 2 2 2 2 2 2
left_child=1 24 13 16 5 22 8 14 -6 -3 -9 -12 -7 19 29 17 -4 -16 25 20 -2 -11 -5 -13 -1 -15 -14 -10 -26 -8
right_child=2 9 3 4 6 12 7 10 27 21 11 23 26 18 15 -17 -18 -19 -20 -21 -22 -23 -24 -25 28 -27 -28 -29 -30 -31
leaf_value=-457.71775807012529 -83.277821621019768 -355.38543985359723 -130.51177751022334 980.45177226224632 2849.7758454211466 -140.87300839027884 -323.05219856103071 -1835.2707822384546 -1384.4974722580432 265.77860430837973 4132.090046777902 -7573.4651344759623 415.08553134669495 72.123841085287864 -2501.5883608862077 3064.1732458706233 -554.5309686423542 -625.09798675857019 3785.5403929681765 -341.36196555603169 116.011772645147 -292.53219984166498 543.86461780566606 1313.1137534338866 -750.24106431250993 -46.562633938611548 -361.89043352558804 7295.2503101667016 -302.40630948281324 104.94803193768894
leaf_weight=158 70 104 55 63 148 26 52 23 60 21 202 20 61 30 40 22 32 29 22 32 23 37 78 68 84 1227 30 38 89 136
leaf_count=158 70 104 55 63 148 26 52 23 60 21 202 20 61 30 40 22 32 29 22 32 23 37 78 68 84 1227 30 38 89 136
internal_value=-0.0024026 -0.0156694 0.000125628 0.00221893 0.00296533 0.00678295 0.00178998 0.000253378 0.0054878 -0.00581395 0.0034345 0.00448276 0.00149573 -0.00163818 -0.00331541 -0.00851648 -0.00718391 -0.0126812 -0.00111415 -0.007 -0.00403226 0.000862069 0.0111702 -0.00170455 -0.0197214 -0.00133254 0.00467033 0 -0.0174855 -0.000797872
internal_weight=3080 493 2587 1183 1096 258 838 592 246 162 313 290 117 1404 279 91 87 69 1279 125 93 58 141 88 331 1257 91 98 173 188
internal_count=3080 493 2587 1183 1096 258 838 592 246 162 313 290 117 1404 279 91 87 69 1279 125 93 58 141 88 331 1257 91 98 173 188
cat_boundaries=0 1
cat_threshold=10
is_linear=0
shrinkage=0.05


Tree=60
num_leaves=31
num_cat=2
split_feature=1 2 1 3 3 3 7 11 0 11 7 7 2 3 7 7 2 0 0 2 5 2 2 5 5 3 0 4 3 3
split_gain=40.3062 6.1089 5.65581 3.29264 2.61752 1.40359 1.34055 1.6697 2.3593 1.14341 1.95215 3.39103 1.95566 2.50085 1.74266 2.35482 2.06717 1.99046 1.6325 1.59395 1.54432 2.33897 1.37711 2.29073 1.74672 2.51843 1.23455 1.21494 1.17754 1.15263
threshold=99396.960000000006 96982.175000000003 152221.16500000004 1120377.0121428573 124817.04571428572 92084.120714285731 1.0000000180025095e-35 0 143496.31500000003 1 1.5000000000000002 3.5000000000000004 298085.09000000003 362402.9671428572 1.5000000000000002 2.5000000000000004 495609.40000000008 206522.35000000003 257982.52000000005 337313.51000000007 24706.05323373757 484419.0500000001 206623.57500000004 103256.24612878035 15051.138914269783 281161.68142857146 210298.58000000002 300836.95071428578 211824.96428571429 519856.9671428572
decision_type=2 2 2 2 2 2 2 1 2 1 2 2 2 2 2 2 2 2 2 2 2 2 2 2 2 2 2 2 2 2
left_child=1 5 -2 6 -3 -1 7 8 -4 14 19 12 22 -14 17 -16 18 -8 26 -11 27 -22 24 -24 -12 -26 28 -13 -17 -23
right_child=2 4 3 -5 -6 -7 9 -9 -10 10 11 20 13 -15 15 16 -18 -19 -20 -21 21 29 23 -25 25 -27 -28 -29 -30 -31
leaf_value=-553.19170727245512 -122.39925032076644 -303.49244731416042 -97.644348483648358 10068.248986182432 150.36282527462899 -493.27343117388159 -802.03380745598122 26.922601285974089 1120.1169643005778 -223.66755052793815 182.47860742943595 -55.866399718520555 487.57498113248732 2717.958913655038 -1631.0140597299958 -1236.3979511023006 -1398.107130451358 1098.1344745148381 200.41694121009206 1255.5610852774989 157.50599318078895 -876.12876051359638 -665.00467255241529 245.1241878146204 -141.47082434021141 577.995299404001 -737.7767519169422 -189.55593912097538 74.955976780439968 -540.20522057106723
leaf_weight=148 520 81 24 87 36 153 29 247 76 110 41 126 75 170 56 30 23 75 128 79 376 60 27 39 51 25 22 22 43 83
leaf_count=148 520 81 24 87 36 153 29 247 76 110 41 126 75 170 56 30 23 75 128 79 376 60 27 39 51 25 22 22 43 83
internal_value=-0.00231875 -0.0167464 -3.78215e-05 0.0011064 -0.00705128 -0.020515 0.000699558 0.00353026 0.00863636 0.000118343 0.000850077 0.00166667 0.00514019 0.00806122 -0.00216346 -0.00413907 -0.00203252 0.00336538 -0.000560538 -0.00383598 -0.000562219 0.000722543 0.00122951 -0.00454545 0.00448718 0 -0.00552632 -0.00506757 -0.00239726 -0.00472028
internal_weight=3062 418 2644 2124 117 301 2037 347 100 1690 1284 1095 428 245 406 302 246 104 223 189 667 519 183 66 117 76 95 148 73 143
internal_count=3062 418 2644 2124 117 301 2037 347 100 1690 1284 1095 428 245 406 302 246 104 223 189 667 519 183 66 117 76 95 148 73 143
cat_boundaries=0 1 2
cat_threshold=1 1
is_linear=0
shrinkage=0.05


Tree=61
num_leaves=31
num_cat=2
split_feature=2 4 7 4 4 0 10 6 7 11 6 0 0 5 2 5 2 11 7 7 2 7 5 2 2 4 0 4 7 5
split_gain=36.7286 5.52466 4.78179 3.30724 2.5313 2.52291 2.2338 1.85141 1.78969 2.40095 2.12694 1.36451 1.33176 1.25654 1.11597 1.21321 1.19358 1.11476 3.38861 3.24886 2.11236 2.08351 1.97686 1.95165 1.71795 1.67491 1.272 1.25459 1.03401 1.02255
threshold=103297.645 115910.37714285716 2.5000000000000004 669903.92625000014 154388.71630952385 139266.34500000003 188.50000000000003 8964.6164863648683 1.0000000180025095e-35 0 101163.62310457297 203691.06500000003 98820.410000000018 173007.1862001144 127184.23500000002 68912.420012181989 124164.94500000002 1 4.5000000000000009 3.5000000000000004 458903.97500000003 1.5000000000000002 27055.113574326959 495609.40000000008 449917.94000000006 522101.09410714294 625018.81500000006 300836.95071428578 4.5000000000000009 157860.22606546877
decision_type=2 2 2 2 2 2 2 2 2 1 2 2 2 2 2 2 2 1 2 2 2 2 2 2 2 2 2 2 2 2
left_child=1 12 -3 5 6 7 -4 -2 9 10 11 -7 -1 -5 16 -16 -9 19 26 21 22 -10 27 24 -20 -23 -19 28 -21 -11
right_child=3 2 4 13 -6 8 -8 14 17 29 -12 -13 -14 -15 15 -17 -18 18 23 20 -22 25 -24 -25 -26 -27 -28 -29 -30 -31
leaf_value=-448.98918572875777 -216.31893593940296 -651.17866710151793 -257.49762270811152 10935.318619365775 152.38778404491751 245.41991700751532 256.34380515181147 -61.061384242538047 -78.002851815413308 16.289482195221353 1368.7918954855168 -28.542438615649008 -237.54263494997869 4651.7624782743169 -161.75828350902123 223.58116069547395 69.938971328442861 -234.26958218578221 132.70136094196786 28.852071673794129 -1618.5188008966027 260.10752850690773 468.49109373223331 -844.07232061081459 3074.7180919864186 -1169.8005485820656 2308.0202310202208 -180.07814216492554 -69.731432702536409 -3586.4853735532934
leaf_weight=218 32 91 66 23 21 47 34 100 134 108 62 61 31 283 208 35 22 479 217 61 68 263 144 22 21 20 29 24 116 22
leaf_count=218 32 91 66 23 21 47 34 100 134 108 62 61 31 283 208 35 22 479 217 61 68 263 144 22 21 20 29 24 116 22
internal_value=-0.0021228 -0.0151302 -0.00919811 0.000182622 -0.00268595 -0.00046841 -0.006 -0.0040932 0.000289779 0.00383333 0.0075 0.0037037 -0.0201807 0.00506536 -0.00308219 -0.00504115 0.000819672 -0.000375469 -0.00173522 0.000892857 -0.00223971 0.00401679 -0.000652174 0.00288462 0.00420168 0.00644876 -0.00413386 -0.00385572 -0.00240113 -0.00142857
internal_weight=3062 461 212 2601 121 2295 100 397 1898 300 170 108 249 306 365 243 122 1598 768 830 413 417 345 260 238 283 508 201 177 130
internal_count=3062 461 212 2601 121 2295 100 397 1898 300 170 108 249 306 365 243 122 1598 768 830 413 417 345 260 238 283 508 201 177 130
cat_boundaries=0 1 2
cat_threshold=3 12
is_linear=0
shrinkage=0.05


Tree=62
num_leaves=31
num_cat=0
split_feature=1 2 1 6 3 6 6 6 10 7 2 6 2 3 1 6 2 0 1 2 0 3 3 3 5 3 1 9 1 3
split_gain=35.9734 5.87184 4.66859 2.57727 2.57467 1.69662 1.50102 2.20909 1.20119 1.1154 2.73564 2.18869 1.66112 1.69895 1.80625 1.53674 1.56574 1.49138 1.5869 1.48869 1.8023 1.59228 2.15797 1.43243 1.3241 1.31482 1.37785 1.14865 1.1456 1.13851
threshold=98692.750000000015 96982.175000000003 152221.16500000004 43283.204674816698 1120377.0121428573 405212.51346880774 34958.101065373776 42210.887596326334 179.50000000000003 3.5000000000000004 298085.09000000003 27377.126534717117 501588.40000000008 423273.4285714287 335816.46500000003 147844.39382622534 369476.97500000003 224927.81500000003 256593.80000000002 516985.39500000008 566263.16500000015 250887.78285714288 444401.80285714293 127962.98357142859 75007.560835817465 297585.0921428572 515226.29500000004 1.0000000180025095e-35 355233.51000000007 437656.4114285715
decision_type=2 2 2 2 2 2 2 2 2 2 2 2 2 2 2 2 2 2 2 2 2 2 2 2 2 2 2 2 2 2
left_child=1 6 -2 8 9 -6 -1 -8 -3 10 17 -12 13 23 -15 -16 -17 27 -19 20 21 24 25 -11 -13 -23 -27 -4 -21 -30
right_child=2 3 4 -5 5 -7 7 -9 -10 12 11 19 -14 14 15 16 -18 18 -20 28 -22 22 -24 -25 -26 26 -28 -29 29 -31
leaf_value=-520.96117824739417 -108.13451420323037 -339.37546592594299 30.170201152186202 78.934812702248749 13428.331653311867 -106.67845513590729 -264.20739976367912 -661.23743117445122 -83.974194926085701 213.80485533441171 274.20179315051939 122.89285646499339 -862.47686009642791 1419.5877537419817 2205.983811069379 1869.6999242075035 -1259.8868687492868 -388.55673242477934 -38.853496747176543 4419.1743543606017 -2586.2347795128171 1631.5864817540482 -1367.3504752703084 -36.822191381132875 -740.83044056589722 267.28538405807052 2649.6584079153199 -237.42747557325785 -156.36969371188317 4645.579577720654
leaf_weight=197 533 53 302 35 60 27 30 66 24 25 59 20 153 23 28 28 34 76 150 33 48 22 44 570 21 103 32 25 56 185
leaf_count=197 533 53 302 35 60 27 30 66 24 25 59 20 153 23 28 28 34 76 150 33 48 22 44 570 21 103 32 25 56 185
internal_value=-0.00210647 -0.0159877 9.40911e-06 -0.00625 0.00105932 0.00948276 -0.0197099 -0.0145833 -0.0113636 0.000699558 0.00170068 0.00397271 -0.000667828 0.000353107 0.00597345 0.00277778 -0.0016129 -0.000858951 -0.0039823 0.00301418 0.000517241 0.00227273 0.00410448 -0.000714286 -0.00670732 0.00684713 0.005 0.00129969 0.00565693 0.00446058
internal_weight=3062 405 2657 112 2124 87 293 96 77 2037 1176 623 861 708 113 90 62 553 226 564 290 242 201 595 41 157 135 327 274 241
internal_count=3062 405 2657 112 2124 87 293 96 77 2037 1176 623 861 708 113 90 62 553 226 564 290 242 201 595 41 157 135 327 274 241
is_linear=0
shrinkage=0.05


Tree=63
num_leaves=31
num_cat=2
split_feature=2 3 3 0 6 7 3 7 11 6 2 5 3 6 7 6 11 7 7 7 2 3 3 3 2 2 10 7 5 3
split_gain=34.7089 5.71165 2.90429 2.12909 1.99302 1.85387 1.77921 1.5497 1.78434 1.91323 1.36734 1.69839 1.36907 1.29952 1.18011 1.74633 1.17597 3.17382 2.59031 2.09416 1.4553 2.16632 1.47572 1.47004 1.43187 1.78761 1.34003 1.1365 1.13351 1.77624
threshold=103297.645 126039.56857142858 608100.7571428573 139266.34500000003 8964.6164863648683 1.5000000000000002 96095.821428571435 1.0000000180025095e-35 0 131447.28535472744 1270417.1000000003 324285.28731276351 1120377.0121428573 125262.425585351 2.5000000000000004 48508.886321881648 1 4.5000000000000009 3.5000000000000004 1.5000000000000002 454398.42500000005 384851.28857142857 409974.92000000004 452915.53785714292 501588.40000000008 454398.42500000005 139.50000000000003 3.5000000000000004 67453.735831204875 150239.20714285717
decision_type=2 2 2 2 2 2 2 2 1 2 2 2 2 2 2 2 1 2 2 2 2 2 2 2 2 2 2 2 2 2
left_child=1 5 3 4 -2 -1 -7 8 9 -5 12 -12 -4 28 -3 -16 18 -18 19 -9 21 -20 -22 -23 25 -19 -24 -8 29 -6
right_child=2 14 10 7 13 6 27 16 -10 -11 11 -13 -14 -15 15 -17 17 24 20 -21 22 23 26 -25 -26 -27 -28 -29 -30 -31
leaf_value=-694.47405683502438 -200.09626343227103 -602.13710462530798 4311.5114403017014 194.06256158926044 -32.455590954887889 -270.81665243559985 -395.87428142069115 -77.27903326406377 -17.330138428913781 4130.3180404369896 7698.155704474816 -4826.9637785040604 12991.539794324804 -3136.9998530323719 -224.68323823342291 394.7789309563625 -209.13771820704716 112.43135373288388 -56.977015029487667 212.84656116554106 71.102106576535149 1774.8811754532858 -813.16362126510364 -557.6686863910669 -758.74486157545186 1927.8474301952579 -3066.1526520746734 -159.365632430559 344.85212898572502 -1196.5332957321691
leaf_weight=92 32 26 192 146 282 169 71 135 131 23 33 37 59 20 34 23 498 214 257 283 24 45 29 37 20 21 21 46 22 40
leaf_count=92 32 26 192 146 282 169 71 135 131 23 33 37 59 20 34 23 498 214 257 283 24 45 29 37 20 21 21 46 22 40
internal_value=-0.00194317 -0.0145879 0.000297962 -0.000328947 -0.00366162 -0.0171958 -0.0152098 0.00037155 0.00366667 0.00684358 0.00475078 -0.00142857 0.0064741 -0.00260989 -0.00271084 0.00131579 -0.000252525 -0.00167104 0.00104043 0.00382775 -0.00175545 -0.000368732 -0.00810811 0.00670732 0.00284314 0.00393617 -0.013 -0.0104701 -0.00188953 -0.00263975
internal_weight=3062 461 2601 2280 396 378 286 1884 300 169 321 70 251 364 83 57 1584 753 831 418 413 339 74 82 255 235 50 117 344 322
internal_count=3062 461 2601 2280 396 378 286 1884 300 169 321 70 251 364 83 57 1584 753 831 418 413 339 74 82 255 235 50 117 344 322
cat_boundaries=0 1 2
cat_threshold=3 12
is_linear=0
shrinkage=0.05


Tree=64
num_leaves=31
num_cat=0
split_feature=1 6 1 7 1 0 0 3 0 3 10 1 6 0 1 3 7 4 1 10 3 4 10 6 0 3 4 3 3 0
split_gain=32.9617 5.48886 3.79322 2.16233 1.91431 1.77961 1.41274 1.40217 1.13621 1.05376 1.90434 1.23802 1.34516 1.11648 1.97879 1.7618 1.32641 1.12828 2.38277 0.981479 1.32315 0.962795 1.60573 1.21834 1.29215 1.58162 1.25735 1.11499 1.57646 0.96272
threshold=98692.750000000015 34958.101065373776 152221.16500000004 1.5000000000000002 91147.715000000011 98820.410000000018 86269.435000000012 608100.7571428573 91147.715000000011 503643.45642857143 193.50000000000003 489230.06000000006 176048.9093020412 443056.65500000009 403110.97000000003 373623.22571428574 2.5000000000000004 473149.82553571434 558054.69500000018 26.500000000000004 112785.08571428571 136017.59642857147 245.50000000000003 12212.008836534076 178055.21000000005 148912.87142857147 155272.47421583853 138913.3585714286 135208.22785714289 1208396.8800000001
decision_type=2 2 2 2 2 2 2 2 2 2 2 2 2 2 2 2 2 2 2 2 2 2 2 2 2 2 2 2 2 2
left_child=1 4 19 -3 -1 8 -5 9 -6 13 11 -11 -13 -4 15 -15 -17 18 -16 -2 -21 27 23 -23 25 -25 -27 28 -22 -9
right_child=2 3 7 6 5 -7 -8 29 -10 10 -12 12 -14 14 17 16 -18 -19 -20 20 21 22 -24 24 -26 26 -28 -29 -30 -31
leaf_value=-622.56373922431158 35.891468897901724 -715.80837362775719 4.0364330182121195 -367.21504134603856 -101.1849540649775 -78.420484475843125 -174.87556274484888 5562.1052933205974 -254.00589793881954 6895.4082521414966 -2080.7277117569088 899.7877930134739 -3751.8137852601358 1982.7083031265706 933.783849487314 -1764.2510395452207 110.05848775469931 4760.5939102285147 -1057.1407845550509 -235.83077010703201 -36.654088906549809 -177.61310959316762 89.321655657812883 266.12907758206131 -550.42383917060795 -718.82195916994976 4.4319918560169755 -109.1674714500754 51.066352351020761 -46.068852184299615
leaf_weight=139 26 27 1412 46 27 22 95 238 49 25 30 28 30 36 77 48 41 52 25 35 208 37 20 31 53 34 38 23 28 82
leaf_count=139 26 27 1412 46 27 22 95 238 49 25 30 28 30 36 77 48 41 52 25 35 208 37 20 31 53 34 38 23 28 82
internal_value=-0.0019595 -0.0152469 6.58638e-05 -0.00833333 -0.0201477 -0.0147959 -0.00585106 0.00101224 -0.0184211 0.000471175 -0.00420354 -0.000301205 -0.00431034 0.00078356 0.00367384 -0.001 -0.00477528 0.00746753 0.00441176 -0.00370544 -0.00419132 -0.00349576 -0.00598592 -0.00738342 -0.00544872 -0.00218447 -0.00625 -0.00144788 -0.000423729 0.0040625
internal_weight=3062 405 2657 168 237 98 141 2124 76 1804 113 83 58 1691 279 125 89 154 102 533 507 472 213 193 156 103 72 259 236 320
internal_count=3062 405 2657 168 237 98 141 2124 76 1804 113 83 58 1691 279 125 89 154 102 533 507 472 213 193 156 103 72 259 236 320
is_linear=0
shrinkage=0.05


Tree=65
num_leaves=31
num_cat=0
split_feature=2 3 0 1 4 1 1 3 2 0 2 5 0 4 10 0 5 10 0 10 10 1 0 4 0 2 7 3 5 2
split_gain=30.5076 5.34044 3.84041 2.50505 1.69663 1.4769 1.6151 1.4961 1.41724 1.73105 2.19337 2.22274 1.70945 1.465 1.62698 1.47681 2.03056 1.47336 1.35194 1.61988 2.52338 1.3101 1.60298 1.30012 1.28161 1.23857 1.18011 1.1412 1.50092 1.52669
threshold=106673.93000000001 126039.56857142858 138480.01000000004 91795.705000000016 115910.37714285716 95868.110000000015 117803.21000000001 124524.91428571429 240216.89000000004 246158.66500000001 185465.33000000005 21394.682203222128 255614.00000000003 300000.32001322758 37.500000000000007 278159.82000000007 74429.597521369942 171.50000000000003 1170112.9500000002 194.50000000000003 125.50000000000001 483238.4150000001 213621.71500000003 91603.312500000015 186595.16000000003 219832.47500000003 2.5000000000000004 296264.86571428581 104116.03570179307 295734.82000000007
decision_type=2 2 2 2 2 2 2 2 2 2 2 2 2 2 2 2 2 2 2 2 2 2 2 2 2 2 2 2 2 2
left_child=1 3 5 4 -1 -2 7 -7 9 10 -4 -12 21 27 -15 -16 17 -17 -18 20 -20 22 24 -5 -10 -11 -3 -14 29 -29
right_child=2 26 8 23 -6 6 -8 -9 12 25 11 -13 13 14 15 16 18 -19 19 -21 -22 -23 -24 -25 -26 -27 -28 28 -30 -31
leaf_value=-565.1570366380962 -560.39020439549711 -764.03373295677738 31.897606759725022 -23.051696791878204 -454.15302885629063 -46.03925096508101 -127.08227640829246 150.3767204093092 -786.04534661278967 -651.7993527352927 -500.53957746509991 -74.312800666637486 352.09278257637635 -1077.2604794410479 337.0756191497378 -4.3416410296660617 876.86095230091894 -210.00625424148166 -4206.509472287883 -2367.9010807064856 8905.1730270140924 -1608.8254624497831 -157.27747113523657 -206.65773009707448 770.15734393351238 122.81622078919246 28.363579847208168 155.51998182789103 -24.880375153507341 679.12236323001855
leaf_weight=139 34 26 409 23 74 35 318 20 28 129 27 173 120 88 43 67 722 40 31 24 27 26 86 144 38 30 57 26 24 33
leaf_count=139 34 26 409 23 74 35 318 20 28 129 27 173 120 88 43 67 722 40 31 24 27 26 86 144 38 30 57 26 24 33
internal_value=-0.00237667 -0.0142009 -0.000269438 -0.0167105 -0.0203052 -0.00472973 -0.00382038 0.00409091 0.000559105 -0.00117188 4.10509e-05 -0.00425 0.00149332 0.00214859 0.00139155 0.00199161 0.00156422 -0.00490654 0.00242537 -0.00365854 0.000862069 -0.00308989 -0.00131579 -0.0121257 0.00454545 -0.00581761 -0.00271084 0.00603448 0.0105422 0.0148305
internal_weight=3061 463 2598 380 213 407 373 55 2191 768 609 200 1423 1245 1042 954 911 107 804 82 58 178 152 167 66 159 83 203 83 59
internal_count=3061 463 2598 380 213 407 373 55 2191 768 609 200 1423 1245 1042 954 911 107 804 82 58 178 152 167 66 159 83 203 83 59
is_linear=0
shrinkage=0.05


Tree=66
num_leaves=31
num_cat=0
split_feature=2 6 3 2 7 1 2 4 1 4 3 0 0 3 10 0 1 0 6 2 5 0 1 0 2 2 6 2 0 5
split_gain=29.9638 5.53079 2.99769 3.10068 2.92662 2.90465 2.29344 2.6797 1.8971 1.73104 1.60173 1.60013 1.59685 1.52239 1.16255 1.44048 1.1307 1.21971 1.50523 1.26122 2.66667 2.02635 1.43489 1.50125 3.66306 1.43749 1.28 1.2389 1.5228 1.45621
threshold=112400.12000000001 34958.101065373776 242178.02500000005 308673.01500000007 1.5000000000000002 91795.705000000016 216459.97500000001 291125.76803571434 230817.63500000004 91603.312500000015 217662.20214285716 200374.95000000004 103849.62000000001 116413.51428571429 77.500000000000014 89761.785000000018 203052.28000000003 137770.52500000002 75939.08489602503 186863.08000000005 19029.594003647424 200374.95000000004 187290.01500000004 154313.99500000002 140536.59500000003 150388.00000000003 45901.726176719465 147200.40000000002 124164.94500000002 32234.866698631249
decision_type=2 2 2 2 2 2 2 2 2 2 2 2 2 2 2 2 2 2 2 2 2 2 2 2 2 2 2 2 2 2
left_child=1 5 3 8 -3 -1 -4 -8 10 -7 12 -6 14 -14 -2 -16 17 27 19 21 -21 22 23 24 -19 -25 -22 28 -15 -29
right_child=2 4 6 -5 11 9 7 -9 -10 -11 -12 -13 13 16 15 -17 -18 18 -20 20 26 -23 -24 25 -26 -27 -28 29 -30 -31
leaf_value=-536.85635937817244 -555.36054361982826 -755.46457259846943 -512.46513789759774 -731.29850739679534 -223.41745728353419 -21.899111952284148 1450.8870164244931 157.95392176268652 190.72419138044791 -170.6988533153941 -210.11367424266939 753.79468295143022 177.94516979090622 79.588604021244464 140.84098785096214 -454.54424049967787 -155.82651151656756 26.594927817334977 333.72875960768579 -511.26029959313166 208.11322078932864 -496.28829613990968 269.645981170825 406.53542207509457 -180.70813850463892 31.241174139162467 -300.28268460522816 -393.47236217120809 -44.370467784290668 -333.67988824604691
leaf_weight=146 25 33 122 71 190 25 39 1346 70 88 83 20 23 52 25 35 46 62 22 25 25 43 21 23 42 168 25 21 99 46
leaf_count=146 25 33 122 71 190 25 39 1346 70 88 83 20 23 52 25 35 46 62 22 25 25 43 21 23 42 168 25 21 99 46
internal_value=-0.00237667 -0.0135458 -0.000185619 -0.00223384 -0.00812757 -0.0186293 0.00124419 0.0018231 -0.00150357 -0.0126106 -0.00211306 -0.00595238 -0.00144928 -0.000706595 -0.00794118 -0.00416667 -0.00111111 -0.000593472 0.000877193 0.000230415 -0.00566667 0.0014624 0.0028481 0.00194915 -0.00288462 0.00458115 0.001 -0.00366972 -0.00115894 -0.00932836
internal_weight=3061 502 2559 1052 243 259 1507 1385 981 113 911 210 828 743 85 60 720 674 456 434 75 359 316 295 104 191 50 218 151 67
internal_count=3061 502 2559 1052 243 259 1507 1385 981 113 911 210 828 743 85 60 720 674 456 434 75 359 316 295 104 191 50 218 151 67
is_linear=0
shrinkage=0.05


Tree=67
num_leaves=31
num_cat=0
split_feature=2 3 1 1 4 6 6 2 3 5 6 5 3 5 4 0 2 7 6 6 7 0 0 7 0 1 1 6 3 1
split_gain=29.0906 5.26629 2.9808 2.13852 1.76636 1.57679 1.49093 1.38551 1.36872 2.05577 1.33859 2.07314 1.49283 1.30612 1.29384 1.29376 2.025 1.25869 1.6363 1.17382 1.15242 1.49892 1.1291 1.6257 1.39226 1.66733 2.00768 1.32858 1.11643 1.10648
threshold=103297.645 126039.56857142858 272494.94500000007 90460.950000000026 216133.69946428575 8249.7679279859785 34958.101065373776 538185.72500000009 118964.325 39881.807417089971 24710.563569740498 27055.113574326959 299678.88571428577 52209.070545177608 91603.312500000015 160729.05000000002 87111.185000000012 2.5000000000000004 46507.085542017601 37424.915427991036 1.5000000000000002 255614.00000000003 339188.5500000001 2.5000000000000004 137770.52500000002 95868.110000000015 117803.21000000001 114019.63656086488 295731.55642857146 552618.79500000004
decision_type=2 2 2 2 2 2 2 2 2 2 2 2 2 2 2 2 2 2 2 2 2 2 2 2 2 2 2 2 2 2
left_child=1 3 5 6 -4 -2 -1 8 9 19 11 12 28 -12 -5 16 -8 -3 -19 -7 21 -15 24 27 25 -10 -27 -24 -6 -23
right_child=2 17 4 14 10 7 15 -9 22 -11 13 -13 -14 20 -16 -17 -18 18 -20 -21 -22 29 23 -25 -26 26 -28 -29 -30 -31
leaf_value=-550.95182265926383 -243.94678722718092 -708.27299612581601 -1292.2157590884774 -47.837604925692361 7.53290659673221 135.29123853673192 80.471664905194856 3451.8064116695041 -686.69614672727084 278.99688936024432 -107.17627187490289 404.07396655115593 -96.540518128950509 -1298.3609898433949 -196.10347420655745 -606.44059001319806 -420.27450454929931 -172.47733198532515 773.046959620282 -646.48079825791945 47.945875954313671 907.23921315501218 -935.41576572238273 368.25709065076666 -17.245677036537383 101.05479239214365 -120.89097086818947 -189.38138676725649 303.75365147051053 553.94397402148752
leaf_weight=120 33 26 21 30 28 32 20 26 22 32 52 22 29 24 155 26 20 31 23 26 773 173 38 35 751 30 247 20 38 158
leaf_count=120 33 26 21 30 28 32 20 26 22 32 52 22 29 24 155 26 20 31 23 26 773 173 38 35 751 30 247 20 38 158
internal_value=-0.00240934 -0.0141353 -0.000383142 -0.0166442 0.00128983 -0.00208978 -0.0204301 -0.00180699 -0.00204785 0.00388889 0.00152274 0.00662393 0.00342105 0.00101695 -0.0128378 -0.0143939 -0.00875 -0.0025 0.00185185 -0.00172414 0.00137411 0.00373239 -0.00251531 -0.0077957 -0.00204762 -0.00493311 -0.00388087 -0.012931 0.00757576 0.00460725
internal_weight=3061 451 2610 371 1318 1292 186 1259 1233 90 1297 117 95 1180 185 66 40 80 54 58 1128 355 1143 93 1050 299 277 58 66 331
internal_count=3061 451 2610 371 1318 1292 186 1259 1233 90 1297 117 95 1180 185 66 40 80 54 58 1128 355 1143 93 1050 299 277 58 66 331
is_linear=0
shrinkage=0.05


Tree=68
num_leaves=31
num_cat=0
split_feature=2 1 5 5 1 3 7 3 4 5 2 5 7 4 1 4 7 7 10 3 10 4 4 4 5 3 3 3 2 5
split_gain=28.7242 4.76544 2.66849 2.5639 2.45501 2.09499 1.41907 1.06671 1.8544 1.9406 3.08988 2.0551 1.61263 1.36367 1.64499 1.77191 1.30397 1.48378 1.23647 1.12999 1.08848 1.08325 1.29432 1.28414 1.00161 1.40265 1.84853 0.988909 1.14734 0.96752
threshold=112400.12000000001 90460.950000000026 34194.460926803331 16695.964744711473 288947.88000000006 472807.17642857152 1.5000000000000002 369276.96000000002 395916.43446428579 103256.24612878035 427250.85500000004 82515.176084094041 3.5000000000000004 464517.94517857145 319151.15000000008 428947.87321428576 5.5000000000000009 3.5000000000000004 188.50000000000003 476012.27071428573 37.500000000000007 491220.28318783076 501511.33589285723 510112.9064285715 49355.263571106691 141820.02428571432 114128.79285714288 299678.88571428577 311015.33000000002 184217.46425335514
decision_type=2 2 2 2 2 2 2 2 2 2 2 2 2 2 2 2 2 2 2 2 2 2 2 2 2 2 2 2 2 2
left_child=1 2 -1 -3 5 -2 -4 8 9 10 11 12 -6 14 -9 18 17 -11 -16 -15 -21 -22 -23 -24 25 26 -5 28 -14 -25
right_child=4 3 6 24 7 -7 -8 13 -10 16 -12 -13 27 19 15 -17 -18 -19 -20 20 21 22 23 29 -26 -27 -28 -29 -30 -31
leaf_value=-515.72561847443944 -43.887265861900232 -153.48258456358673 -684.94505538831584 216.34721323522535 408.61244481430623 5403.3230648774088 -307.94982463456472 2002.0833437882568 3860.4222763650514 -21.44160241900245 1761.9361262770124 -175.39411490372879 247.04270786926645 1960.8733914577665 -395.16953303851773 -1274.1139538499092 359.93974866021017 -1140.1658743703708 703.76461153965215 -1767.1472324108008 -1037.9852879921689 1565.9509652470938 -782.12647084792843 4681.5464758831658 40.441848057991592 49.727584186563767 -280.46557267830798 -54.882706201080879 -89.800408730827627 525.61079522944055
leaf_weight=121 1300 113 30 23 80 22 67 29 28 38 30 48 30 73 176 35 26 25 111 43 24 20 25 58 39 20 89 38 21 279
leaf_count=121 1300 113 30 23 80 22 67 29 28 38 30 48 30 73 176 35 26 25 111 43 24 20 25 58 39 20 89 38 21 279
internal_value=-0.00231134 -0.013247 -0.0188073 -0.00897887 -0.000166081 -0.00166415 -0.0126289 0.00143492 0.00370879 0.00267857 0.00495951 0.00288018 0.00547337 0.000486827 -0.00192308 -0.00295031 -0.00365169 -0.00753968 -0.00165505 0.00210728 0.00116927 0.00197044 0.0026178 0.0019337 -0.00511696 -0.00719697 -0.009375 0.000842697 0.00539216 0.00274481
internal_weight=3061 502 218 284 2559 1322 97 1237 364 336 247 217 169 873 351 322 89 63 287 522 449 406 382 362 171 132 112 89 51 337
internal_count=3061 502 218 284 2559 1322 97 1237 364 336 247 217 169 873 351 322 89 63 287 522 449 406 382 362 171 132 112 89 51 337
is_linear=0
shrinkage=0.05


Tree=69
num_leaves=31
num_cat=0
split_feature=2 3 0 7 10 7 6 6 2 4 7 2 6 2 10 0 5 0 7 0 0 2 3 3 0 0 5 7 2 0
split_gain=28.3368 4.96951 2.66943 2.12269 1.51821 1.25869 1.6363 1.16327 1.07706 1.59852 1.89537 1.3625 1.33437 1.1997 1.0416 1.7368 1.48775 1.01389 1.86427 1.98731 1.70943 1.00056 1.41064 1.48646 1.89548 0.948769 1.61941 0.921446 1.71572 3.55444
threshold=103297.645 126039.56857142858 138480.01000000004 1.5000000000000002 59.500000000000007 2.5000000000000004 46507.085542017601 8249.7679279859785 240216.89000000004 175375.88928571434 2.5000000000000004 166697.78500000003 114825.00221141933 193901.95500000005 55.500000000000007 170810.44500000004 117345.10548469776 255614.00000000003 4.5000000000000009 222265.33500000005 206522.35000000003 147200.40000000002 212848.75214285718 131836.65642857147 115802.54500000001 332528.43500000006 73466.200920529096 2.5000000000000004 140536.59500000003 152310.35000000003
decision_type=2 2 2 2 2 2 2 2 2 2 2 2 2 2 2 2 2 2 2 2 2 2 2 2 2 2 2 2 2 2
left_child=1 3 7 -1 -5 -3 -7 -2 9 13 12 -12 25 27 -13 -16 -17 18 19 20 -10 -9 23 24 -23 26 -11 -4 -29 -30
right_child=2 5 8 4 -6 6 -8 21 17 10 11 14 -14 -15 15 16 -18 -19 -20 -21 -22 22 -24 -25 -26 -27 -28 28 29 -31
leaf_value=-505.74802362316296 -223.54241250233065 -656.74676613626696 80.584988592083391 -542.18799716939247 -177.80101442231063 -166.33984459538772 749.79210287099568 -21.405395604869412 -580.86528842582049 -559.80800957606914 309.81671723116597 -153.33331535963663 29.669411713524461 -327.82658111961427 -282.21190323004561 132.12128836971388 -777.46301028700839 171.77645542975225 57.231003862340003 -993.6993846000114 1087.094780686786 -1110.0203442406812 6.3509944448727769 -532.35299136364335 168.69876004327745 -918.36149407208586 -22.455126944229416 85.175097256524907 -205.51438592664201 16.453369975012901
leaf_weight=92 24 26 147 79 200 31 23 254 33 36 32 33 36 50 31 83 30 1245 79 41 25 23 26 58 32 39 63 63 27 100
leaf_count=92 24 26 147 79 200 31 23 254 33 36 32 33 36 50 31 83 30 1245 79 41 25 23 26 58 32 39 63 63 27 100
internal_value=-0.00222966 -0.0138027 -0.000229885 -0.0162399 -0.0140681 -0.0025 0.00185185 -0.00389688 0.000467396 -0.00103896 -0.00332898 -0.000119617 -0.00718391 0.00122739 -0.00183616 0 0.00287611 0.0012825 -0.00224719 -0.00681818 -0.000862069 -0.00324427 -0.00665468 -0.0090708 -0.00318182 -0.00942029 -0.00681818 0.0022997 0 -0.00334646
internal_weight=3061 451 2610 371 279 80 54 417 2193 770 383 209 174 387 177 144 113 1423 178 99 58 393 139 113 55 138 99 337 190 127
internal_count=3061 451 2610 371 279 80 54 417 2193 770 383 209 174 387 177 144 113 1423 178 99 58 393 139 113 55 138 99 337 190 127
is_linear=0
shrinkage=0.05


Tree=70
num_leaves=31
num_cat=0
split_feature=2 1 6 3 6 2 3 4 1 5 1 6 5 10 1 6 0 10 10 0 5 2 5 3 3 2 5 3 2 0
split_gain=30.216 3.3916 2.76101 2.26858 2.11336 2.18723 2.34362 2.00174 1.72296 2.15844 1.69611 1.22564 1.56642 1.15714 1.13301 2.75381 1.17924 1.1377 3.0376 2.43196 1.10042 1.04541 1.09022 1.56151 1.36738 1.52381 1.23083 1.0969 1.5111 1.08638
threshold=103297.645 90460.950000000026 34958.101065373776 547789.94142857159 281981.5255516576 651454.24500000023 508943.45071428578 91271.17357142859 591945.27000000014 164836.42297550617 129341.85500000001 361361.47975868621 371384.67775465845 167.50000000000003 313503.2950000001 27377.126534717117 282461.83500000002 243.50000000000003 202.50000000000003 407826.83000000007 439966.3942250454 246961.92500000002 151344.0809054276 392349.10428571439 420395.72500000009 443407.32000000007 173007.1862001144 250887.78285714288 324265.02000000008 416304.46500000003
decision_type=2 2 2 2 2 2 2 2 2 2 2 2 2 2 2 2 2 2 2 2 2 2 2 2 2 2 2 2 2 2
left_child=1 2 -1 4 5 6 14 -3 -5 -10 -9 -11 -13 -8 17 16 -16 18 -2 -20 -14 -17 23 27 25 -24 -26 28 -23 -25
right_child=3 7 -4 8 -6 -7 13 10 9 11 -12 12 20 -15 15 21 -18 -19 19 -21 -22 22 24 29 26 -27 -28 -29 -30 -31
leaf_value=-498.58108336840161 -4.0745514652138812 457.74339215422697 -305.50619864629192 6952.7713584285993 -1733.7758450734357 3257.1034426254514 -2127.5604670287707 -176.71298308128462 6975.8607834268478 -1709.2654768409354 -31.382133729811176 9000.2416430125359 -1819.7077258962033 -1457.3623224307114 284.25873789898907 -885.06581802915468 130.72488868503714 113.03219207260554 -97.558179683936771 -1245.0826982773783 5299.4685289410236 37.754745975203697 -2353.3405365817134 163.18763265826567 2364.2797046273295 1964.6352732848318 0.58409763136296533 675.86486017810535 -1235.5002708254224 -764.78061079229235
leaf_weight=121 1094 22 81 60 41 53 24 196 21 132 33 79 30 21 20 46 27 118 223 21 41 23 21 93 42 21 23 174 24 101
leaf_count=121 1094 22 81 60 41 53 24 196 21 132 33 79 30 21 20 46 27 118 223 21 41 23 21 93 42 21 23 174 24 101
internal_value=-0.0018341 -0.0137417 -0.0185644 0.00026234 -0.000339367 -0.000126787 -0.000378072 -0.00986056 0.00392562 0.00239274 -0.0112445 0.00124113 0.00433333 -0.0116667 -0.000132786 0.00166667 0.0132979 -0.000892857 -0.00130792 -0.00635246 -0.00105634 0.000704225 0.001341 0.000180723 0.00584112 -0.00119048 0.0103846 0.0030543 -0.0037234 -0.00309278
internal_weight=3026 453 202 2573 2210 2169 2116 251 363 303 229 282 150 45 2071 615 47 1456 1338 244 71 568 522 415 107 42 65 221 47 194
internal_count=3026 453 202 2573 2210 2169 2116 251 363 303 229 282 150 45 2071 615 47 1456 1338 244 71 568 522 415 107 42 65 221 47 194
is_linear=0
shrinkage=0.05


Tree=71
num_leaves=31
num_cat=0
split_feature=1 6 1 4 7 0 10 0 6 1 10 5 6 5 6 7 3 0 0 6 4 0 6 10 0 0 10 5 9 1
split_gain=26.3961 5.22687 3.36212 3.65429 3.35697 2.26452 1.81238 1.88708 1.36111 1.27522 1.62134 1.46667 1.25902 1.96759 1.25268 1.18667 1.04916 1.41026 0.975588 1.25983 1.57491 1.18465 1.24694 1.08013 1.40441 2.57179 1.07952 0.921532 2.54842 1.97577
threshold=112560.93500000001 31973.474451421349 88895.295000000013 91271.17357142859 3.5000000000000004 617625.81000000017 202.50000000000003 1121804.6600000001 325639.83969477838 578635.78500000015 150.50000000000003 309695.27276718622 371329.70067227964 371384.67775465845 7060.4013388903259 3.5000000000000004 140919.02571428573 93625.795000000027 135054.09000000005 281981.5255516576 775175.06928571442 126048.51000000002 30907.185220021776 118.50000000000001 119653.40500000001 92436.835000000006 34.500000000000007 35552.16044183739 1.0000000180025095e-35 307569.87000000005
decision_type=2 2 2 2 2 2 2 2 2 2 2 2 2 2 2 2 2 2 2 2 2 2 2 2 2 2 2 2 2 2
left_child=1 2 -1 -4 16 18 9 8 -8 -7 12 -12 -11 -14 15 -5 17 -3 21 27 -21 23 -23 26 25 -25 -2 28 29 -20
right_child=5 4 3 14 -6 6 7 -9 -10 10 11 -13 13 -15 -16 -17 -18 -19 19 20 -22 22 -24 24 -26 -27 -28 -29 -30 -31
leaf_value=-508.60018005601961 136.53319681559114 -243.50999902222139 396.04797912382276 -24.011708876260673 1.1127849860138668 6374.2758156318741 -2042.8193145801577 -1958.6631631042605 12300.5896325883 -1170.7907307629591 12937.897336814684 6122.1260989864968 12410.300081859787 -517.38233950420397 -142.65421593631763 -205.26368666614871 -393.45050312017122 -468.58488065409114 26.871136645576918 -1704.454892541381 7519.8840421888599 -124.43021132181894 -167.80772625928367 306.55197643982757 112.28044238252697 -444.0356152464243 -230.78545890398746 -12.009136149442931 -154.96132300142781 206.45068821087625
leaf_weight=107 20 66 25 31 95 65 25 24 20 121 24 20 24 27 62 29 24 64 407 51 26 61 41 27 30 62 63 1284 49 52
leaf_count=107 20 66 25 31 95 65 25 24 20 121 24 20 24 27 62 29 24 64 407 51 26 61 41 27 30 62 63 1284 49 52
internal_value=-0.00181758 -0.0122763 -0.0173228 -0.012415 -0.00712851 0.000267539 0.004 -0.00326087 0.00277778 0.00578292 0.00393519 0.0125 0.00174419 0.00833333 -0.0159836 -0.0108333 -0.0116883 -0.0134615 -0.00033364 9.3633e-05 -0.00616883 -0.00296053 -0.00735294 -0.000742574 0.00231092 -0.000842697 -0.00512048 0.000362723 0.00216535 0.00332244
internal_weight=3026 503 254 147 249 2523 350 69 45 281 216 44 172 51 122 60 154 130 2173 1869 77 304 102 202 119 89 83 1792 508 459
internal_count=3026 503 254 147 249 2523 350 69 45 281 216 44 172 51 122 60 154 130 2173 1869 77 304 102 202 119 89 83 1792 508 459
is_linear=0
shrinkage=0.05


Tree=72
num_leaves=31
num_cat=0
split_feature=2 7 4 3 6 5 3 2 0 5 3 10 3 10 6 4 2 4 10 6 0 2 5 0 10 5 5 2 10 5
split_gain=27.4801 2.98778 2.82944 2.20735 2.45009 1.94187 1.63747 1.58412 1.10019 1.79265 2.87708 1.73246 1.24184 1.77316 1.19074 2.07077 1.22645 2.01384 1.69294 1.07935 2.25882 1.63735 1.05834 1.02797 1.00483 1.47918 0.955703 1.54512 1.12918 1.12228
threshold=103297.645 1.5000000000000002 88703.470250000013 608100.7571428573 281981.5255516576 213030.78251489895 123801.83785714289 651454.24500000023 135054.09000000005 6979.6512325721978 114128.79285714288 250.50000000000003 503643.45642857143 192.50000000000003 39407.664274207134 122945.75500000002 146454.20500000005 150629.87678571432 95.500000000000014 6927.7645778391561 91147.715000000011 80961.35000000002 105035.48597331518 95836.580000000016 140.50000000000003 20038.441739438127 258615.33492402805 1083362.1950000001 51.500000000000007 371384.67775465845
decision_type=2 2 2 2 2 2 2 2 2 2 2 2 2 2 2 2 2 2 2 2 2 2 2 2 2 2 2 2 2 2
left_child=1 -1 -3 4 7 -5 19 8 9 -2 -11 14 -10 -14 24 -16 17 -17 -18 20 -4 -21 -6 -22 -12 -26 -7 28 -28 -29
right_child=3 2 6 5 22 26 -8 -9 12 10 11 -13 13 -15 15 16 18 -19 -20 21 23 -23 -24 -25 25 -27 27 29 -30 -31
leaf_value=-440.35007247165379 -224.69992949736479 -1051.8239073648394 62.257631117304122 8347.7598882176571 -255.95835420799486 -2247.9834384441961 -176.34606849291669 3152.7878070323263 15.416521825728706 329.58672670617671 -180.71636306390465 240.03502800368662 -152.7494214908933 -1383.2745771686082 152.37004292371094 -203.81110987542999 163.01311261745943 200.73331738546767 -890.93270387457596 -92.071350566696495 -151.51129746772349 -165.34570809121288 -2130.5856884859763 -66.49032296283913 35.669362719693893 -758.98153001473702 -787.04023249815509 3639.2141022078522 8976.3525297540818 -3752.4453234356365
leaf_weight=98 20 33 20 29 22 43 93 61 1714 24 52 23 60 28 28 37 20 30 41 24 26 137 21 22 36 34 30 52 126 42
leaf_count=98 20 33 20 29 22 43 93 61 1714 24 52 23 60 28 28 37 20 30 41 24 26 137 21 22 36 34 30 52 126 42
internal_value=-0.0018341 -0.0131898 -0.0110563 0.000165177 -0.000388716 0.00403727 -0.00962733 -0.000158514 -0.000384257 -0.00297101 -0.00207692 -0.00340532 0.000110988 -0.00568182 -0.0044964 -0.00160256 -0.00429688 0.000373134 -0.00942623 -0.0118996 -0.00661765 -0.0141304 -0.0122093 -0.0125 -0.00819672 -0.00428571 0.0028157 0.004 0.00705128 -0.00106383
internal_weight=3026 453 355 2573 2251 322 322 2208 2147 345 325 301 1802 88 278 156 128 67 61 229 68 161 43 48 122 70 293 250 156 94
internal_count=3026 453 355 2573 2251 322 322 2208 2147 345 325 301 1802 88 278 156 128 67 61 229 68 161 43 48 122 70 293 250 156 94
is_linear=0
shrinkage=0.05


Tree=73
num_leaves=31
num_cat=0
split_feature=2 7 4 0 0 10 0 6 4 10 5 5 5 10 4 6 2 0 10 5 7 10 4 2 0 6 0 2 4 5
split_gain=25.7706 3.33889 2.45636 1.44702 1.42154 1.99426 2.97388 1.08264 1.55459 1.81306 1.42484 1.03861 1.24538 0.941517 0.905812 2.32414 1.4757 1.08844 0.955141 0.993428 0.902778 0.854398 0.847336 0.791064 0.78175 2.05869 1.87339 1.45878 1.46129 1.77593
threshold=103297.645 1.5000000000000002 88703.470250000013 155484.37000000002 710436.27000000014 194.50000000000003 1121804.6600000001 371329.70067227964 522101.09410714294 137.50000000000003 371384.67775465845 213030.78251489895 258615.33492402805 17.500000000000004 1039200.7830357144 281981.5255516576 651454.24500000023 473850.27500000008 22.500000000000004 6979.6512325721978 1.5000000000000002 15.500000000000002 91271.17357142859 196971.24000000002 407826.83000000007 102807.90043296338 381765.96500000003 273660.16500000004 392618.93571428576 149492.29939356982
decision_type=2 2 2 2 2 2 2 2 2 2 2 2 2 2 2 2 2 2 2 2 2 2 2 2 2 2 2 2 2 2
left_child=1 -1 -3 22 13 7 -7 8 -6 11 -9 -10 -13 21 15 16 18 -18 23 -20 -17 -2 -4 -15 26 -26 -21 -27 -29 -30
right_child=4 2 3 -5 5 6 -8 10 9 -11 -12 12 -14 14 -16 20 17 -19 19 24 -22 -23 -24 -25 25 27 -28 28 29 -31
leaf_value=-418.33256884807088 10.476446556273732 -999.23271199659723 -65.92214527010583 23.788151373564325 6889.7110332024349 7297.1631269278532 -2878.7955252353859 11585.0522703354 3812.1302180372586 11593.132252297266 9692.9606720843622 -3534.3107420798624 -202.08045472410743 199.00126349190833 10920.401043313161 44.510594326005958 264.10945468009595 3931.3487505826984 -149.41241472722322 -0.86077452006429667 -1619.9624885639003 -441.49778573764343 -150.83398478086346 49.655574264324969 1786.1007081546793 -842.33023175424319 1497.1024502377813 378.30277277814753 -922.73912751055036 278.71575166507972
leaf_weight=98 20 33 23 33 25 33 26 28 21 31 34 20 66 25 23 20 36 32 29 1583 52 23 266 22 35 59 57 64 120 89
leaf_count=98 20 33 23 33 25 33 26 28 21 31 34 20 66 25 23 20 36 32 29 1583 52 23 266 22 35 59 57 64 120 89
internal_value=-0.00175149 -0.0127483 -0.010493 -0.00916149 0.000184609 0.00352113 -0.00466102 0.00566667 0.00352761 0.00144928 0.0112903 -0.00163551 -0.00406977 -0.000229358 -8.90472e-05 -0.000191183 0.000104603 0.00735294 -0.000132021 -0.000294695 -0.00902778 -0.00755814 -0.0102941 0.00691489 -0.000161933 -0.00224796 0.000304878 -0.00346386 -0.00192308 -0.00394737
internal_weight=3026 453 355 322 2573 284 59 225 163 138 62 107 86 2289 2246 2223 2151 68 2083 2036 72 43 289 47 2007 367 1640 332 273 209
internal_count=3026 453 355 322 2573 284 59 225 163 138 62 107 86 2289 2246 2223 2151 68 2083 2036 72 43 289 47 2007 367 1640 332 273 209
is_linear=0
shrinkage=0.05


Tree=74
num_leaves=31
num_cat=0
split_feature=2 1 4 1 5 10 2 4 6 1 4 3 4 4 3 10 10 10 3 6 2 5 2 1 6 2 10 2 5 2
split_gain=24.5664 3.63829 2.07895 1.8745 1.82469 1.39577 1.4492 1.17541 1.45422 1.06948 1.3414 0.822792 0.993759 1.59677 1.58491 1.09808 2.09071 1.8147 1.24445 1.32858 1.02094 1.76266 1.50163 1.17212 1.49808 1.6779 1.37881 1.11297 1.10007 1.0195
threshold=96469.185000000012 87705.310000000012 115910.37714285716 178686.035 11491.827503407048 75.500000000000014 90508.205000000016 220050.96892857147 78230.717870149907 1213230.8100000003 1119888.7521428575 125456.43500000003 152089.93303571429 172670.88410714292 175525.07428571428 88.500000000000014 101.50000000000001 79.500000000000014 588183.77642857155 170736.09711433004 219832.47500000003 97608.568508544835 230193.30500000002 294526.96000000008 101890.9396738996 295734.82000000007 122.50000000000001 342665.44500000001 124216.35452310253 311015.33000000002
decision_type=2 2 2 2 2 2 2 2 2 2 2 2 2 2 2 2 2 2 2 2 2 2 2 2 2 2 2 2 2 2
left_child=1 2 -1 7 -5 6 -3 8 -2 11 -11 -6 -13 -14 -15 17 18 -16 19 -17 21 -18 -22 27 25 -25 -26 29 -29 -24
right_child=3 5 -4 4 9 -7 -8 -9 -10 10 -12 12 13 14 15 16 20 -19 -20 -21 22 -23 23 24 26 -27 -28 28 -30 -31
leaf_value=-470.84960688119395 -28.633275766509179 57.406764314624162 -388.1311061519566 125.95922856841862 134.44615853159777 -152.91900485129227 -92.556935829615398 -483.1424680713215 287.98326519951661 2134.4584246519371 17042.322992834259 -282.97426855584052 351.90809351125938 -138.47004221925746 66.268379185933739 -376.87225587264112 3.6874358644534371 1651.5316594782621 2274.4303913954354 -3451.2251377921671 590.57733182844902 -800.21372016653186 -49.725893499040104 -96.201482753138407 1013.6369963472011 271.09245419502406 -40.252724001830217 1299.2527566746357 -223.6508813748311 -683.52735066441528
leaf_weight=99 744 26 58 24 28 148 36 93 22 65 20 40 33 24 406 38 53 54 27 20 22 43 127 25 67 94 507 20 39 24
leaf_count=99 744 26 58 24 28 148 36 93 22 65 20 40 33 24 406 38 53 54 27 20 22 43 127 25 67 94 507 20 39 24
internal_value=-0.00170192 -0.0138283 -0.019586 -2.82061e-05 0.000888889 -0.00952381 -0.00322581 -0.00194994 -0.00130548 0.000703829 0.00617647 0.00042874 0.000285628 0.000477511 0.000251572 0.000446999 -0.000406872 0.0025 -0.00794118 -0.012069 0.000220372 -0.0046875 0.00072973 0.000415282 0.00140693 0.00651261 0.000348432 -0.00285714 0.0029661 -0.00513245
internal_weight=3026 367 157 2659 1800 210 62 859 766 1776 85 1691 1663 1623 1590 1566 1106 460 85 58 1021 96 925 903 693 119 574 210 59 151
internal_count=3026 367 157 2659 1800 210 62 859 766 1776 85 1691 1663 1623 1590 1566 1106 460 85 58 1021 96 925 903 693 119 574 210 59 151
is_linear=0
shrinkage=0.05


Tree=75
num_leaves=31
num_cat=0
split_feature=2 1 1 4 1 10 5 1 6 4 5 0 10 2 2 0 2 2 1 10 1 10 3 10 6 2 6 10 3 0
split_gain=24.1874 3.10365 2.53854 2.11328 1.07686 1.00443 1.10158 0.990671 2.80504 2.87289 1.4306 2.06659 1.39998 1.28034 1.54723 1.13334 1.15209 1.7522 1.38352 1.46566 1.35918 1.41351 1.14613 1.11603 1.70585 1.00236 1.00076 0.993205 2.04173 1.4575
threshold=96982.175000000003 87705.310000000012 152221.16500000004 117809.06250000001 149068.74500000002 80.500000000000014 48556.320582300948 313503.2950000001 103576.81067173934 297287.50267857144 184217.46425335514 213621.71500000003 244.50000000000003 285888.22500000003 251981.21500000003 208868.95000000004 185465.33000000005 177520.34500000003 178686.035 138.50000000000003 166583.71000000002 164.50000000000003 172786.60500000004 105.50000000000001 42210.887596326334 305767.98500000004 14676.719014205233 203.50000000000003 297238.75642857148 332528.43500000006
decision_type=2 2 2 2 2 2 2 2 2 2 2 2 2 2 2 2 2 2 2 2 2 2 2 2 2 2 2 2 2 2
left_child=1 3 4 -1 -2 -3 -7 10 -9 -10 11 15 27 14 -11 16 17 20 19 -18 -4 23 -19 -22 -25 -15 -24 29 -29 -13
right_child=2 5 7 -5 -6 6 -8 8 9 13 -12 12 -14 25 -16 -17 18 22 -20 -21 21 -23 26 24 -26 -27 -28 28 -30 -31
leaf_value=-430.80087653713417 -68.977049813204218 -47.842067302473879 48.898367578355106 -298.91244323249015 -247.41984392820015 -133.84661160906907 -155.9115754256749 320.34553853041729 -914.91907777380845 62.60532686466177 3981.3316445798991 -86.08025660126296 281.91297312579121 -1576.9001902741438 2364.283388911464 261.44499050415106 -395.69556831477826 184.5359791732277 -25.511757288093943 -710.57395385820496 -51.147243638893997 -224.13747907512371 71.025312676184697 -34.912499572344679 180.69311305588417 104.95993169105496 -44.929003923339046 83.894839496981888 -480.8541125453005 279.83334465082152
leaf_weight=109 543 55 90 64 23 133 24 164 30 61 37 228 30 21 37 20 23 39 156 24 57 54 21 26 20 769 22 28 58 101
leaf_count=109 543 55 90 64 23 133 24 164 30 61 37 228 30 21 37 20 23 39 156 24 57 54 21 26 20 769 22 28 58 101
internal_value=-0.0022416 -0.013961 -0.000559284 -0.0189306 -0.00353357 -0.00990566 -0.0119427 0.000236295 0.0012939 0.000217865 -0.000870406 -0.00122869 -0.00376404 0.000731982 0.00612245 0.000815217 0.00037594 0.00220365 -0.00258621 -0.0101064 0.000101215 -0.00270701 0.00853659 0.000728155 0.00652174 6.32911e-05 0.00290698 -0.00451807 -0.00930233 -0.00326748
internal_weight=3067 385 2682 173 566 212 157 2116 1082 918 1034 997 445 888 98 552 532 329 203 47 247 157 82 103 46 790 43 415 86 329
internal_count=3067 385 2682 173 566 212 157 2116 1082 918 1034 997 445 888 98 552 532 329 203 47 247 157 82 103 46 790 43 415 86 329
is_linear=0
shrinkage=0.05


Tree=76
num_leaves=31
num_cat=1
split_feature=1 4 1 7 4 0 1 6 4 11 4 4 0 0 5 0 5 0 3 3 3 3 6 0 6 3 7 5 0 5
split_gain=20.8531 4.13814 3.91709 2.76915 2.5066 1.56332 1.42614 1.79355 3.1248 1.59018 1.75797 1.63498 1.501 2.49706 1.56639 1.46792 1.2447 1.15087 1.09034 1.07888 1.09653 0.963818 1.64594 1.8548 1.48174 1.27212 1.75376 1.09031 0.992452 0.990037
threshold=110073.395 113514.94000000002 87705.310000000012 2.5000000000000004 91271.17357142859 85521.315000000017 304223.69000000006 103576.81067173934 297287.50267857144 0 289760.17017857148 387813.85142857145 297294.37000000005 395669.96500000003 82515.176084094041 399339.38000000006 91341.761379179065 95836.580000000016 472807.17642857152 117725.64714285715 140919.02571428573 392349.10428571439 135100.44332905117 350831.96500000008 178093.84371244119 426113.06142857141 1.0000000180025095e-35 128357.81606349666 1561492.3400000001 140885.12103858995
decision_type=2 2 2 2 2 2 2 2 2 1 2 2 2 2 2 2 2 2 2 2 2 2 2 2 2 2 2 2 2 2
left_child=1 2 -1 -3 -4 -6 9 12 -9 11 16 -2 14 -14 -8 -12 -11 -7 -13 -5 -21 22 23 27 -24 26 -23 -10 -27 -28
right_child=6 3 4 19 5 17 7 8 21 10 15 18 13 -15 -16 -17 -18 -19 -20 20 -22 25 24 -25 -26 28 29 -29 -30 -31
leaf_value=-396.4932545852775 2456.4317855945746 -360.20232465564624 303.50207050817772 31.516048047833465 -3.1199008015879373 -172.29957441003572 405.86671276433628 -677.64328403397815 -0.8843138122290839 -24.231989610501479 -65.890553970288607 -371.77178317553773 -60.269955481444782 1793.6587345393332 6.1677784823608821 -562.49374150242659 293.67547660921701 -67.002523942779959 3782.2650623509053 -137.95846218153676 120.58885021989263 1033.7221936204021 3175.1801370025264 2586.9273747211964 -86.98135958412314 638.63454585278384 -158.88328207448359 -1958.9640733928873 -5156.7364331538674 -2173.9013719615527
leaf_weight=109 32 96 24 39 21 63 56 37 39 974 254 55 96 26 29 38 45 34 23 76 35 24 37 49 20 562 99 20 20 35
leaf_count=109 32 96 24 39 21 63 56 37 39 974 254 55 96 26 29 38 45 34 23 76 35 24 37 49 20 562 99 20 20 35
internal_value=-0.00214379 -0.0115191 -0.0160359 -0.00691057 -0.0105634 -0.0135593 -0.000330739 0.000979112 5.30786e-05 -0.00138987 -0.00187358 0.00416667 0.00519324 0.00163934 0.0102941 -0.00530822 -0.000907753 -0.0162371 0.000641026 -0.00266667 -0.00518018 0.000635359 0.00409091 0.000462963 0.0109649 -0.000135135 -0.00411392 -0.00550847 0.000945017 -0.00634328
internal_weight=3067 497 251 246 142 118 2570 1149 942 1421 1311 110 207 122 85 292 1019 97 78 150 111 905 165 108 57 740 158 59 582 134
internal_count=3067 497 251 246 142 118 2570 1149 942 1421 1311 110 207 122 85 292 1019 97 78 150 111 905 165 108 57 740 158 59 582 134
cat_boundaries=0 1
cat_threshold=4
is_linear=0
shrinkage=0.05


Tree=77
num_leaves=31
num_cat=0
split_feature=2 7 1 1 5 6 3 2 0 0 5 10 5 1 0 0 10 10 2 3 0 0 10 3 6 0 7 3 0 3
split_gain=21.7746 3.49606 2.71076 2.15886 1.74519 1.62499 1.89054 1.26343 1.23535 2.28979 1.44673 1.50767 1.18628 1.09973 1.73208 1.85079 1.54533 1.27191 1.2051 1.72089 1.06332 2.04736 0.974286 0.946415 1.83911 1.55391 0.98699 1.44604 1.81772 1.36996
threshold=96982.175000000003 1.5000000000000002 79923.230000000025 304223.69000000006 8481.9218015551087 103576.81067173934 299181.59500000003 91868.070000000022 395669.96500000003 297294.37000000005 72743.067711366704 83.500000000000014 184217.46425335514 123051.55500000001 213621.71500000003 208868.95000000004 179.50000000000003 246.50000000000003 141486.30000000002 140919.02571428573 91936.055000000008 103849.62000000001 88.500000000000014 392349.10428571439 135100.44332905117 350831.96500000008 1.0000000180025095e-35 881574.58142857149 463300.02500000008 429899.63785714289
decision_type=2 2 2 2 2 2 2 2 2 2 2 2 2 2 2 2 2 2 2 2 2 2 2 2 2 2 2 2 2 2
left_child=1 -1 -3 12 7 8 -7 -4 9 10 -5 -12 13 16 15 20 18 -16 19 -2 -15 -22 -6 24 25 -8 27 28 -25 -28
right_child=3 2 4 5 22 6 23 -9 -10 -11 11 -13 -14 14 17 -17 -18 -19 -20 -21 21 -23 -24 26 -26 -27 29 -29 -30 -31
leaf_value=-350.48226373101352 -136.51091143322702 -777.74620978974281 -207.18781607362837 297.92871221197419 17.800233942370689 -476.17401746767723 -882.00602430239087 -54.208438068311807 1703.9757978123657 -57.256457707371737 2102.0287337989607 -54.977436353216767 1903.5361251965342 495.02519258339021 -99.457390380890871 284.00295066489781 16.552896693420191 283.84708608137447 -1508.7960774343912 197.54757386103375 -529.69362662366916 -4.8167963525818784 -123.01143721977024 48.990891639073382 1860.4543136961672 2015.1530856690604 -467.24185328495514 -1556.8078993998586 3657.3196157894654 195.89268469072852
leaf_weight=97 106 50 41 41 48 28 58 51 26 96 21 23 41 21 400 20 78 25 27 20 33 773 98 41 53 52 139 32 38 490
leaf_count=97 106 50 41 41 48 28 58 51 26 96 21 23 41 21 400 20 78 25 27 20 33 773 98 41 53 52 139 32 38 490
internal_value=-0.00206228 -0.0131818 -0.0104167 -0.00046607 -0.00819328 0.00118629 0.000295381 -0.013587 0.00519324 0.00372928 0.00970588 0.00340909 -0.00168394 -0.00191284 -0.00133648 -2.95159e-05 -0.00508658 -0.00394118 -0.00800654 -0.00595238 -0.000392987 -0.000682382 -0.00479452 0.000692137 0.0041411 0.000454545 -6.75676e-05 0.00427928 0.00791139 -0.000834658
internal_weight=3067 385 288 2682 238 1138 931 92 207 181 85 44 1544 1503 1272 847 231 425 153 126 827 806 146 903 163 110 740 111 79 629
internal_count=3067 385 288 2682 238 1138 931 92 207 181 85 44 1544 1503 1272 847 231 425 153 126 827 806 146 903 163 110 740 111 79 629
is_linear=0
shrinkage=0.05


Tree=78
num_leaves=31
num_cat=0
split_feature=1 6 1 6 7 1 6 0 0 3 3 10 5 5 1 10 10 1 1 0 3 0 0 3 5 0 3 3 0 3
split_gain=18.3855 3.52723 3.11565 2.12328 2.09851 1.89161 2.63742 1.88693 2.50104 1.73571 1.39551 1.72803 1.28444 1.14874 1.41801 1.14004 1.42656 1.10512 1.28895 0.963669 0.910535 0.866363 2.22889 0.936992 1.50249 0.83485 0.857588 2.14452 1.12622 0.818182
threshold=99396.960000000006 31973.474451421349 87705.310000000012 7340.9079019532028 3.5000000000000004 313503.2950000001 103576.81067173934 91147.715000000011 94270.685000000012 313286.5400000001 369276.96000000002 187.50000000000003 109219.79393550634 184217.46425335514 309067.88500000007 53.500000000000007 121.50000000000001 121612.50000000001 117803.21000000001 456941.59500000003 123801.83785714289 395669.96500000003 339188.5500000001 283542.07142857148 25599.780967531329 1561492.3400000001 384851.28857142857 392349.10428571439 343228.20500000007 222386.66500000001
decision_type=2 2 2 2 2 2 2 2 2 2 2 2 2 2 2 2 2 2 2 2 2 2 2 2 2 2 2 2 2 2
left_child=1 2 -1 7 15 13 21 -4 -9 12 11 -11 -8 14 17 -3 -17 18 20 -19 -2 22 23 29 -25 26 28 -28 -12 -7
right_child=5 4 3 -5 -6 6 9 8 -10 10 25 -13 -14 -15 -16 16 -18 19 -20 -21 -22 -23 -24 24 -26 -27 27 -29 -30 -31
leaf_value=-358.47460878498208 -82.556448907094463 -477.05189928901495 24.497747126504692 -151.05611639034214 25.955768084639203 955.40655473614606 -23.375872638488364 -233.37516959526621 -14.749444733365454 698.14774667484744 -1719.7993261539959 4379.0754384947259 -1664.6460364465138 3497.9750029735328 -295.36771375567918 17.466082232236658 -325.54605392132436 -17.743884930553758 -288.01077310542314 -420.38875564042246 12.755789910984095 1618.7770079217489 -571.93215968398442 99.052212659909856 648.27027903847193 -4908.6942457307132 1767.4315980113579 19.747121736053671 174.8758915020386 -279.07212204027746
leaf_weight=110 69 26 22 44 54 22 20 24 40 39 23 20 25 41 20 35 71 1292 33 45 48 26 20 36 38 20 39 716 27 22
leaf_count=110 69 26 22 44 54 22 20 24 40 39 23 20 25 41 20 35 71 1292 33 45 48 26 20 36 38 20 39 716 27 22
internal_value=-0.00198076 -0.0116197 -0.015625 -0.0103846 -0.00645161 -0.000425975 0.00116651 -0.00581395 -0.0101563 0.000134553 0.000622172 0.00805085 -0.00944444 -0.00155039 -0.00177505 -0.00984848 -0.00754717 -0.00159718 -0.00566667 -0.00114061 -0.00320513 0.0070122 0.00543478 0.00805085 0.0114865 9.09091e-05 0.000341615 0.000761589 -0.006 0.00227273
internal_weight=3067 426 240 130 186 2641 1093 86 64 929 884 59 45 1548 1507 132 106 1487 150 1337 117 164 138 118 74 825 805 755 50 44
internal_count=3067 426 240 130 186 2641 1093 86 64 929 884 59 45 1548 1507 132 106 1487 150 1337 117 164 138 118 74 825 805 755 50 44
is_linear=0
shrinkage=0.05


Tree=79
num_leaves=31
num_cat=0
split_feature=2 4 1 2 7 10 5 4 2 7 2 5 1 1 3 10 2 5 3 10 2 5 4 5 2 1 3 5 1 4
split_gain=18.3759 3.61199 2.54762 1.39458 1.312 1.34565 0.867978 1.92 1.49005 2.12651 1.4578 1.19586 1.08788 1.70502 1.61907 1.29971 1.25662 1.01291 0.825459 0.875792 0.920899 0.907678 0.79721 0.750669 0.74663 1.37892 1.0809 0.702702 1.84744 1.0299
threshold=92382.135000000024 117809.06250000001 152221.16500000004 84004.390000000014 1.5000000000000002 88.500000000000014 75007.560835817465 220050.96892857147 147200.40000000002 1.5000000000000002 106673.93000000001 60221.238444549301 97422.390000000014 117803.21000000001 138913.3585714286 239.50000000000003 116554.55500000001 53701.463740075189 90550.175714285724 152.50000000000003 98692.750000000015 38299.814693230583 91719.473214285725 39282.105838163297 142422.09000000003 134834.28000000003 134149.84642857147 11491.827503407048 170546.69000000003 174592.28821428577
decision_type=2 2 2 2 2 2 2 2 2 2 2 2 2 2 2 2 2 2 2 2 2 2 2 2 2 2 2 2 2 2
left_child=1 3 6 -1 -3 -6 8 -8 10 -10 18 12 16 23 15 24 -12 -11 -2 20 -20 -21 -5 -14 25 -15 -27 28 -4 -30
right_child=2 4 27 22 5 -7 7 -9 9 17 11 -13 13 14 -16 -17 -18 -19 19 21 -22 -23 -24 -25 -26 26 -28 -29 29 -31
leaf_value=-647.38039845613093 6.1586527737199503 -414.78169413234792 -128.79272096061104 -136.99148508658035 68.493501056436074 -124.64541251389383 610.35134280975331 -244.82288859272305 89.820610152441077 -735.68129057389751 -283.75896949466517 -440.66266000038598 18.432067689768882 4.7888408650367635 -113.96774301625119 -132.87770292358036 79.648285551392476 -318.23450652948014 -58.398429412959381 -132.19907452689731 -345.8869576302539 13.126695471096902 -202.26857304235165 187.03240567243267 -163.6758967681628 66.411395974441263 121.58665750555957 0.24544324892922306 107.64974981702545 64.035653412628747
leaf_weight=77 24 30 34 33 29 67 20 30 23 46 22 23 20 85 47 23 21 20 54 35 30 33 52 26 23 28 27 2033 23 29
leaf_count=77 24 30 34 33 29 67 20 30 23 46 22 23 20 85 47 23 21 20 54 35 30 33 52 26 23 28 27 2033 23 29
internal_value=-0.00186664 -0.0138889 -0.000620727 -0.0188272 -0.00753968 -0.0046875 -0.00333333 0.003 -0.00385246 -0.00983146 -0.00283109 -0.000942029 -0.00015528 0.000985663 -0.000751073 0.00134409 -0.00755814 -0.0143939 -0.00653409 -0.00789474 -0.0113095 -0.00367647 -0.0144118 0.00978261 0.00291411 0.00428571 0.0104545 0.000224162 0.00465116 0.0105769
internal_weight=3067 288 2779 162 126 96 660 50 610 89 521 345 322 279 233 186 43 66 176 152 84 68 85 46 163 140 55 2119 86 52
internal_count=3067 288 2779 162 126 96 660 50 610 89 521 345 322 279 233 186 43 66 176 152 84 68 85 46 163 140 55 2119 86 52
is_linear=0
shrinkage=0.05


Tree=80
num_leaves=31
num_cat=0
split_feature=2 4 1 1 7 10 2 6 2 0 2 2 10 10 1 3 0 2 1 2 7 10 0 0 6 10 6 4 6 7
split_gain=15.8902 2.81468 2.34149 1.68986 1.60952 1.54078 1.23258 3.15486 1.93532 1.87546 1.10695 1.74334 1.54869 1.44347 2.00931 3.66749 1.34765 1.23831 1.49031 1.30762 0.96135 1.36112 1.09756 1.30615 1.03969 1.07025 0.941737 0.929339 0.902429 1.30433
threshold=94242.095000000016 113514.94000000002 90460.950000000026 152221.16500000004 3.5000000000000004 88.500000000000014 142422.09000000003 13065.475100524882 137770.52500000002 119653.40500000001 143330.095 153983.22500000003 164.50000000000003 165.50000000000003 726605.24000000011 508943.45071428578 724415.08000000007 177520.34500000003 166583.71000000002 184225.86500000002 3.5000000000000004 40.500000000000007 140047.98500000002 91936.055000000008 38761.893008739375 116.50000000000001 42898.718367399662 91719.473214285725 116787.85359248157 3.5000000000000004
decision_type=2 2 2 2 2 2 2 2 2 2 2 2 2 2 2 2 2 2 2 2 2 2 2 2 2 2 2 2 2 2
left_child=1 2 -1 6 5 -3 8 -8 20 -9 12 -12 -5 -13 15 17 -16 18 -15 -19 24 -22 23 -23 -2 -26 -11 -4 29 -21
right_child=3 4 27 10 -6 -7 7 9 -10 26 11 13 -14 14 16 -17 -18 19 -20 28 21 22 -24 -25 25 -27 -28 -29 -30 -31
leaf_value=-305.24841640042541 -20.155790276626067 -90.141178064410639 -13.478248200722739 -550.99164515511438 18.997833756718318 -405.44139197013214 -220.33052135237014 -899.66193920940862 146.90938087145477 369.72070062787463 188.19713610164618 37.840570485412904 387.79133351457426 174.64676128975989 9782.8635181984228 -3815.1874799920729 2900.2088479238068 107.82020330717715 -272.4332556482783 -7.9208670156120213 -128.07983324626841 223.00842205413429 147.27657959415811 -23.412348896574986 -613.54302856968059 -123.0489495355163 -159.4442631346916 -146.84727895970829 108.93957030665479 -81.951436854631183
leaf_weight=112 139 37 20 42 35 68 40 25 54 20 31 1220 20 21 23 42 54 34 51 165 25 29 20 115 24 38 85 42 269 137
leaf_count=112 139 37 20 42 35 68 40 25 54 20 31 1220 20 21 23 42 54 34 51 165 25 29 20 115 24 38 85 42 269 137
internal_value=-0.00176984 -0.0124204 -0.0166667 -0.000541682 -0.00714286 -0.0102381 -0.00285016 -0.00647059 -0.00146396 -0.00269231 0.000130394 0.000329751 -0.00645161 0.00014881 -0.00150754 -0.00232962 0.00616883 -0.00144018 -0.00763889 -0.000702479 -0.00269231 -0.000132275 0.00152439 0 -0.0050995 -0.0104839 0.000238095 -0.00887097 -0.0012697 -0.0031457
internal_weight=3037 314 174 2723 140 105 614 170 444 130 2109 2047 62 2016 796 719 77 677 72 605 390 189 164 144 201 62 105 62 571 302
internal_count=3037 314 174 2723 140 105 614 170 444 130 2109 2047 62 2016 796 719 77 677 72 605 390 189 164 144 201 62 105 62 571 302
is_linear=0
shrinkage=0.05


Tree=81
num_leaves=31
num_cat=0
split_feature=2 4 5 2 7 10 2 2 2 5 4 4 10 10 0 4 4 6 5 5 10 6 5 5 5 0 5 4 10 6
split_gain=15.3703 2.64739 2.09579 1.82526 1.60952 1.54078 1.26122 1.14171 1.11811 1.01456 1.22908 1.29036 1.18715 1.1067 1.01253 1.64055 0.933884 0.929024 0.913063 1.27684 0.943594 0.858099 0.840345 0.724055 1.29726 0.861232 0.696185 0.776695 0.678531 1.57072
threshold=94242.095000000016 113514.94000000002 132039.35559258223 88960.73000000001 3.5000000000000004 88.500000000000014 635191.79000000015 110073.395 193901.95500000005 122700.24752052366 476945.73303571431 428947.87321428576 261.50000000000006 257.50000000000006 255614.00000000003 434226.56035714288 386921.28892857151 424678.58466219017 8877.8221596653002 8278.0665702847164 134.50000000000003 138723.34230673066 6373.6310542160963 11491.827503407048 10959.642039079643 136949.85500000001 9994.8153390886564 174592.28821428577 152.50000000000003 42210.887596326334
decision_type=2 2 2 2 2 2 2 2 2 2 2 2 2 2 2 2 2 2 2 2 2 2 2 2 2 2 2 2 2 2
left_child=1 3 6 -1 5 -3 7 28 -4 10 11 12 13 18 15 -10 -11 -16 19 20 -9 -18 -5 24 25 -20 -27 -28 29 -2
right_child=2 4 8 22 -6 -7 -8 9 14 16 -12 -13 -14 -15 17 -17 21 -19 23 -21 -22 -23 -24 -25 -26 26 27 -29 -30 -31
leaf_value=-325.07797936238643 -42.452599496505719 -85.634119161190029 2112.9605871817362 -61.965946586988871 18.047942068882548 -385.16932237162547 -1421.4773480368547 14.56220677434103 -1396.0827593494237 12.205784586070514 1590.6995746576649 -1422.7930550498888 401.56045483444836 -328.04027415325692 995.84177648518676 2861.3267171731686 -459.58408031925211 -3136.8106863195312 -76.525539743288391 -131.56919604298309 -58.541537922009596 -3841.3880969385705 -133.1988391040355 -10.430669802537887 114.35168489753197 58.941842217725934 25.85817640023015 -166.03220937629521 -10.045700568334723 -548.15621902316309
leaf_weight=103 71 37 21 31 35 68 43 43 46 33 34 21 24 33 614 22 38 21 25 25 33 21 40 1360 20 27 37 20 63 28
leaf_count=103 71 37 21 31 35 68 43 43 46 33 34 21 24 33 614 22 38 21 25 25 33 21 40 1360 20 27 37 20 63 28
internal_value=-0.0017863 -0.0122611 -0.000578406 -0.0163793 -0.00714286 -0.0102381 -0.00141321 -0.00122699 0.00172652 -0.000863991 -0.000587544 -0.000779376 -0.000622344 -0.000785582 0.00138691 -0.00441176 -0.00597826 0.00200787 -0.000597484 -0.00519802 -0.00197368 -0.00974576 -0.0102113 -0.000285426 0.00329457 0.00114679 0.00357143 0.000438596 -0.00524691 -0.00782828
internal_weight=3037 314 2723 174 140 105 1999 1956 724 1794 1702 1668 1647 1623 703 68 92 635 1590 101 76 59 71 1489 129 109 84 57 162 99
internal_count=3037 314 2723 174 140 105 1999 1956 724 1794 1702 1668 1647 1623 703 68 92 635 1590 101 76 59 71 1489 129 109 84 57 162 99
is_linear=0
shrinkage=0.05


Tree=82
num_leaves=31
num_cat=0
split_feature=2 4 1 5 5 10 10 1 3 1 3 1 2 6 5 3 6 2 4 3 6 2 2 2 10 1 1 4 2 4
split_gain=14.325 2.52414 2.63818 1.83059 2.60128 1.46614 2.39232 2.10727 2.30837 1.34716 1.34053 1.14943 1.89011 2.60825 1.81666 1.67258 1.65471 1.50872 1.20047 1.61286 1.27424 2.50116 2.46391 1.85124 1.76623 1.34067 1.28048 1.20576 2.03767 1.37363
threshold=94242.095000000016 113514.94000000002 87705.310000000012 151344.0809054276 154024.64881952255 164.50000000000003 150.50000000000003 726605.24000000011 503643.45642857143 578635.78500000015 117725.64714285715 152221.16500000004 142422.09000000003 13065.475100524882 35552.16044183739 378768.98714285722 44395.902811311913 137770.52500000002 399269.9537500001 369276.96000000002 125262.425585351 390857.35000000003 332156.45500000002 342665.44500000001 105.50000000000001 355233.51000000007 165720.92000000001 173068.33892857147 169121.20500000005 157346.85642857145
decision_type=2 2 2 2 2 2 2 2 2 2 2 2 2 2 2 2 2 2 2 2 2 2 2 2 2 2 2 2 2 2
left_child=1 2 -1 11 -5 6 9 8 -7 -6 -3 12 17 -14 -15 18 -16 -2 20 -20 21 22 25 -24 -22 26 -13 29 -29 -28
right_child=3 10 -4 4 5 7 -8 -9 -10 -11 -12 15 13 14 16 -17 -18 -19 19 -21 24 -23 23 -25 -26 -27 27 28 -30 -31
leaf_value=-308.96529133176739 -24.126126215602564 318.88554909012714 -85.434060229006363 4525.1592558120265 1956.7988406769975 -549.1255851242139 7956.7579866848091 5131.4606102061925 -4999.044730630867 -56.684203223887017 -159.12514204419386 44.176870740034794 -208.21451200606026 332.64857116032874 -1086.6209409618409 -303.1399839494581 -202.11137411510572 141.37959567351353 1732.586662792007 -1183.8157481336209 -3127.9164842704336 1157.4744608540539 -602.01056399983941 -110.66934027110111 8.267222703638982 506.83051967473006 21.050831009924877 -445.94939894223353 -8.1351128941358191 357.809506146986
leaf_weight=96 390 22 78 23 112 88 20 73 30 228 118 125 40 26 20 404 73 54 22 21 22 74 27 40 34 21 119 58 555 24
leaf_count=96 390 22 78 23 112 88 20 73 30 228 118 125 40 26 20 404 73 54 22 21 22 74 27 40 34 21 119 58 555 24
internal_value=-0.00167106 -0.0117834 -0.0158046 -0.000504958 0.00200348 0.00131579 0.00319444 -0.00222513 -0.00635593 0.00220588 -0.00678571 -0.00117497 -0.00302653 -0.0077044 -0.0039916 -0.000452781 -0.00725806 -0.00135135 0.000525394 0.00872093 0.000204732 0.000599233 -7.73994e-05 -0.00932836 -0.00714286 0.000609756 0.000312145 -0.000462963 -0.00142741 0.00367133
internal_weight=3037 314 174 2723 574 551 360 191 118 340 140 2149 603 159 119 1546 93 444 1142 43 1099 1043 969 67 56 902 881 756 613 143
internal_count=3037 314 174 2723 574 551 360 191 118 340 140 2149 603 159 119 1546 93 444 1142 43 1099 1043 969 67 56 902 881 756 613 143
is_linear=0
shrinkage=0.05


Tree=83
num_leaves=31
num_cat=0
split_feature=4 1 1 7 3 3 1 5 10 3 5 5 1 3 10 5 1 0 5 0 5 1 0 7 4 1 4 6 0 7
split_gain=12.4179 5.97811 2.34271 2.07607 1.66567 1.4355 1.65999 1.54121 1.24029 1.23117 1.29106 2.579 1.44618 1.11164 1.47512 1.10987 1.05811 1.04391 1.18962 1.50588 1.03582 1.23754 1.11881 1.00869 1.06997 0.999272 0.986679 1.26481 2.25785 1.00862
threshold=113514.94000000002 87705.310000000012 152221.16500000004 2.5000000000000004 115961.09571428572 123801.83785714289 144390.91500000001 75007.560835817465 100.50000000000001 117725.64714285715 151344.0809054276 154024.64881952255 165720.92000000001 172522.22285714289 82.500000000000014 33096.056138908629 91147.715000000011 126048.51000000002 42350.848692379157 132294.65000000005 11491.827503407048 180396.57500000004 357901.85000000003 3.5000000000000004 126630.18160714286 108071.99500000001 428947.87321428576 125262.425585351 189185.49500000002 3.5000000000000004
decision_type=2 2 2 2 2 2 2 2 2 2 2 2 2 2 2 2 2 2 2 2 2 2 2 2 2 2 2 2 2 2
left_child=1 -1 4 8 -2 -6 7 17 -3 -4 12 -12 13 15 -15 -11 -5 23 19 -19 -14 -22 26 24 -7 -25 27 29 -29 -23
right_child=2 3 9 16 5 6 -8 -9 -10 10 11 -13 20 14 -16 -17 -18 18 -20 -21 21 22 -24 25 -26 -27 -28 28 -30 -31
leaf_value=-292.26839395267888 78.48082558260576 89.488695581135474 174.03520378864343 -31.403623244541087 -247.54893984273841 -147.12039868193497 -132.18626765380759 212.41900379206638 -10.27174149581333 181.42017337243306 4298.9012930214258 701.80219304850766 53.714695107382433 -6.6325687898483014 215.40885813702045 -498.06452568926255 -124.79324385118744 -96.833759617433316 -524.6384482997513 -1.3667425488150913 -228.5367020134654 55.981277849624171 -201.39762344379562 189.99782169083267 23.166382495744259 74.611603452611604 1328.37694905799 -1629.7405578761973 -34.305139713047538 -33.581105662816846
leaf_weight=102 49 22 20 25 144 30 69 43 27 39 23 542 65 26 37 20 78 34 59 136 132 351 415 23 38 35 31 21 61 340
leaf_count=102 49 22 20 25 144 30 69 43 27 39 23 542 65 26 37 20 78 34 59 136 132 351 415 23 38 35 31 21 61 340
internal_value=-0.00162167 -0.0122047 -0.000655767 -0.00592105 -0.00325758 -0.0039689 -0.00262313 -0.00138191 0.00255102 0.000153085 3.56633e-05 0.00207965 -0.000715215 0.0045082 0.00912698 -0.000423729 -0.00995146 -0.00246479 -0.00447598 -0.00235294 -0.00116525 -0.00146188 -0.000963905 0.00119048 -0.00294118 0.00603448 0.000124378 -0.000226391 -0.00609756 0.000470333
internal_weight=3037 254 2783 152 660 611 467 398 49 2123 2103 565 1538 122 63 59 103 355 229 170 1416 1351 1219 126 68 58 804 773 82 691
internal_count=3037 254 2783 152 660 611 467 398 49 2123 2103 565 1538 122 63 59 103 355 229 170 1416 1351 1219 126 68 58 804 773 82 691
is_linear=0
shrinkage=0.05


Tree=84
num_leaves=31
num_cat=0
split_feature=2 4 2 5 3 2 10 2 2 2 3 4 5 2 3 0 2 2 10 10 2 10 0 3 5 10 10 10 3 10
split_gain=13.6637 3.27941 2.33334 1.75186 1.727 1.63863 2.23965 1.18347 1.13174 1.09837 1.09589 1.04744 2.20334 1.7135 1.18536 1.36625 1.14282 1.50515 1.11283 1.93244 1.45549 1.87129 1.4088 2.58105 1.2266 1.01156 0.824409 0.874783 0.822916 1.74147
threshold=94242.095000000016 115910.37714285716 88960.73000000001 132039.35559258223 527034.28714285733 87837.290000000023 123.50000000000001 79391.525000000009 193901.95500000005 115167.00500000002 115961.09571428572 510112.9064285715 193358.77887970794 635191.79000000015 508943.45071428578 232009.21000000002 560115.69500000018 516985.39500000008 117.50000000000001 90.500000000000014 1270417.1000000003 130.50000000000003 1253947.2600000002 1009431.5150000001 270830.12469758576 189.50000000000003 261.50000000000006 248.50000000000003 120660.18285714286 154.50000000000003
decision_type=2 2 2 2 2 2 2 2 2 2 2 2 2 2 2 2 2 2 2 2 2 2 2 2 2 2 2 2 2 2
left_child=1 2 -1 4 9 6 7 -3 -5 -2 -11 13 -13 14 15 -10 17 -17 19 24 21 -20 23 -23 -14 -8 27 28 29 -12
right_child=3 5 -4 8 -6 -7 25 -9 11 10 26 12 18 -15 -16 16 -18 -19 20 -21 -22 22 -24 -25 -26 -27 -28 -29 -30 -31
leaf_value=-295.04520863004512 -60.221168964551907 -124.57738318902412 -63.613159192994139 1992.3410002617691 -3861.8166922390228 -168.60293958369076 -336.92128248306909 290.0578140732905 -1340.1183966447716 165.33344359921176 -1299.9379738030491 3435.8904376854134 -2387.4053357036933 5128.2520786631576 -1690.9376103465358 88.559937373003052 -1647.4627733220289 4357.3961456579082 6791.8996139294704 -2849.5483248205451 -3539.2764223086388 -421.82280973332382 -496.50210771558051 13683.806647106199 5515.9279248791609 -76.182440659127678 360.79289289289522 -162.84539548995673 -8.6410023314223512 121.40544887677025
leaf_weight=105 185 20 72 21 21 41 27 23 41 40 21 58 40 26 32 182 23 20 22 49 38 38 22 34 78 26 24 91 1595 22
leaf_count=105 185 20 72 21 21 41 27 23 41 40 21 58 40 26 32 182 23 20 22 49 38 38 22 34 78 26 24 91 1595 22
internal_value=-0.00158874 -0.011465 -0.0159605 -0.000449871 -0.00121311 -0.00565693 -0.00208333 0.00639535 0.00165746 -0.00106168 -0.000683212 0.00131579 0.00310026 -0.000771605 -0.00184564 -0.00075188 0.000777778 0.0019802 0.00147975 -0.00134731 0.00454545 0.00732759 0.00425532 0.00763889 0.00211864 -0.00896226 -0.000869937 -0.000997687 -0.000732601 -0.00755814
internal_weight=3037 314 177 2723 1999 137 96 43 724 1978 1793 703 379 324 298 266 225 202 321 167 154 116 94 72 118 53 1753 1729 1638 43
internal_count=3037 314 177 2723 1999 137 96 43 724 1978 1793 703 379 324 298 266 225 202 321 167 154 116 94 72 118 53 1753 1729 1638 43
is_linear=0
shrinkage=0.05


Tree=85
num_leaves=31
num_cat=0
split_feature=2 3 7 1 2 3 1 6 10 10 10 1 6 0 2 4 0 10 2 6 3 10 10 1 0 1 1 2 2 1
split_gain=15.5843 2.25075 1.69755 1.5485 1.88148 1.79127 1.55128 1.16802 1.13364 2.65699 1.75092 1.44437 2.40622 1.0947 1.01177 1.4521 1.16019 0.999265 1.11393 1.29177 0.949166 2.27052 0.840259 0.836846 0.830335 1.54723 1.38135 0.826391 1.05219 0.819227
threshold=96469.185000000012 90372.626428571457 1.5000000000000002 142422.09000000003 143330.095 117725.64714285715 132170.73000000004 44395.902811311913 88.500000000000014 102.50000000000001 83.500000000000014 1005808.2800000001 388326.90521691699 146575.25500000003 159031.20500000002 219480.8835714286 1074964.1100000001 107.50000000000001 1083362.1950000001 342164.97671014967 503643.45642857143 197.50000000000003 94.500000000000014 164631.90500000003 94270.685000000012 95868.110000000015 93625.795000000027 409340.1650000001 672052.88000000012 228639.60500000001
decision_type=2 2 2 2 2 2 2 2 2 2 2 2 2 2 2 2 2 2 2 2 2 2 2 2 2 2 2 2 2 2
left_child=1 -1 -3 4 -2 -5 13 24 10 27 14 17 -13 -6 15 -7 23 -11 19 20 29 -22 -9 -16 26 -26 -4 -10 -29 -19
right_child=3 2 7 5 6 8 -8 22 9 11 -12 12 -14 -15 16 -17 -18 18 -20 -21 21 -23 -24 -25 25 -27 -28 28 -30 -31
leaf_value=-271.43544567360226 -8.2089522148511609 -209.63988445888683 -168.7933173956859 252.73268358270727 -728.16579239311113 9.6889135636753068 -489.39704566888616 303.40927772014476 -88.506543467063608 535.11803168491167 706.8655512803133 7729.6476856952304 -1758.8097393639241 207.52397599290563 83.864940411507277 -1175.8453898613823 -3409.1775683850283 -40.098497993587813 -4366.1253679819074 6110.0469728458738 -48.179589153912097 -1731.417057033279 -145.65551484463359 57.849061275913847 -8.0376930626334797 -118.09581684351215 -44.558923802598294 -3905.4033421372501 -1159.2206868304697 32.433715318274338
leaf_weight=65 391 76 42 26 22 30 50 20 76 33 42 59 34 32 31 21 29 419 30 30 70 33 31 485 61 37 30 22 32 731
leaf_count=65 391 76 42 26 22 30 50 20 76 33 42 59 34 32 31 21 29 419 30 30 70 33 31 485 61 37 30 22 32 731
internal_value=-0.00144013 -0.0111878 -0.00934343 -0.000146628 -0.00267677 0.000414241 -0.00865385 -0.0071267 0.000260535 -0.000462078 0.00203762 0.000156359 0.0061828 -0.00277778 0.00134228 -0.00539216 0.00197248 -0.00026003 -0.000476009 -0.000253313 -0.000498803 -0.00509709 -0.000490196 0.00251938 -0.00911765 -0.00612245 -0.0131944 -0.00730769 -0.012037 -8.69565e-05
internal_weight=3090 362 297 2728 495 2233 104 221 2207 1569 638 1439 93 54 596 51 545 1346 1313 1283 1253 103 51 516 170 98 72 130 54 1150
internal_count=3090 362 297 2728 495 2233 104 221 2207 1569 638 1439 93 54 596 51 545 1346 1313 1283 1253 103 51 516 170 98 72 130 54 1150
is_linear=0
shrinkage=0.05


Tree=86
num_leaves=31
num_cat=0
split_feature=2 1 10 1 2 10 2 1 4 1 2 1 10 1 10 1 1 2 10 10 2 0 1 7 7 4 0 0 1 6
split_gain=13.9656 2.36486 1.74643 1.39471 1.88611 1.27636 1.14128 1.10971 1.48113 1.4141 1.47168 1.07048 1.01649 0.94417 1.38187 0.938542 0.913581 1.48616 1.3586 1.3472 1.31773 0.95047 1.7105 1.23068 1.45382 1.22689 1.17494 1.21347 1.02097 0.9251
threshold=96469.185000000012 85437.10500000001 68.500000000000014 152221.16500000004 152143.40500000003 236.50000000000003 79391.525000000009 166583.71000000002 174317.8291071429 170546.69000000003 141486.30000000002 185828.83500000002 164.50000000000003 181311.70500000002 173.50000000000003 93625.795000000027 228639.60500000001 227828.70500000005 76.500000000000014 69.500000000000014 246961.92500000002 293712.02500000008 256593.80000000002 1.5000000000000002 2.5000000000000004 298233.88178571436 178055.21000000005 213621.71500000003 279112.63000000006 114019.63656086488
decision_type=2 2 2 2 2 2 2 2 2 2 2 2 2 2 2 2 2 2 2 2 2 2 2 2 2 2 2 2 2 2
left_child=1 12 15 4 -2 6 -4 8 -5 -9 -11 13 -1 14 -12 -3 19 18 -18 -13 -19 23 -23 28 -25 -24 -26 -28 -22 -27
right_child=3 2 5 7 -6 -7 -8 9 -10 10 11 16 -14 -15 -16 -17 17 20 -20 -21 21 22 25 24 26 29 27 -29 -30 -31
leaf_value=-369.33744326031956 -7.7985046041081665 -41.51307218325492 -16.20842156166982 -4.9448452249300319 -440.39349353556031 -4.6425105418686146 -124.28028867508839 -316.75178592514425 71.784076155615921 -952.68930298620182 45.238149759607772 203.13065421044158 -148.39989724026674 146.67052146577262 -54.340239782194843 89.787381724675654 -586.31132837329721 -324.17238747445884 500.77012429617611 -144.03903641425569 51.225850514952619 -983.329116820026 437.35991971367622 348.63684102014525 -1195.8068076264492 -65.948148355371089 607.04390827342286 50.412491531789421 -437.40374193807077 72.197931223912747
leaf_weight=91 489 28 21 69 98 26 129 31 67 26 86 57 34 42 45 33 20 52 75 186 34 28 79 42 21 217 30 143 52 739
leaf_count=91 489 28 21 69 98 26 129 31 67 26 86 57 34 42 45 33 20 52 75 186 34 28 79 42 21 217 30 143 52 739
internal_value=-0.00140777 -0.0106354 -0.00770042 -0.000183284 -0.00234242 -0.0102273 -0.012 0.000408688 0.00477941 0.000112219 0.000278622 0.000436345 -0.0162 0.00419075 0.00209924 -0.000409836 7.04225e-05 0.000522193 0.00657895 -0.00277778 0.000121781 0.000415162 -0.000305738 0.00279503 0.00466102 2.41546e-05 0.00283505 0.00419075 -0.00232558 -0.000470711
internal_weight=3090 362 237 2728 587 176 150 2141 136 2005 1974 1948 125 173 131 61 1775 1532 95 243 1437 1385 1063 322 236 1035 194 173 86 956
internal_count=3090 362 237 2728 587 176 150 2141 136 2005 1974 1948 125 173 131 61 1775 1532 95 243 1437 1385 1063 322 236 1035 194 173 86 956
is_linear=0
shrinkage=0.05


Tree=87
num_leaves=31
num_cat=2
split_feature=2 3 7 10 3 0 7 11 4 11 7 10 5 4 5 10 4 2 2 3 0 0 5 2 3 10 4 5 0 4
split_gain=12.2727 2.09575 1.30454 1.37202 1.18846 1.00672 0.907156 2.44904 1.73632 1.37287 2.44611 1.65007 1.61546 1.46161 1.27101 1.24567 1.10626 1.06083 1.45506 1.67308 1.52912 1.26005 1.05446 1.10614 0.934475 0.891137 0.852273 1.53088 0.961968 0.849304
threshold=96469.185000000012 90372.626428571457 1.5000000000000002 91.500000000000014 122951.3192857143 95836.580000000016 1.0000000180025095e-35 0 136566.87839285718 1 5.5000000000000009 63.500000000000007 39282.105838163297 120190.12125000001 34741.368890882528 169.50000000000003 295977.06142857141 491074.49500000005 338602.64000000007 151041.34142857147 229852.89000000004 305119.35500000004 12681.974210476614 449917.94000000006 444401.80285714293 154.50000000000003 401334.3548214286 52209.070545177608 314495.83500000008 289760.17017857148
decision_type=2 2 2 2 2 2 2 1 2 1 2 2 2 2 2 2 2 2 2 2 2 2 2 2 2 2 2 2 2 2
left_child=1 -1 -3 4 5 -4 7 8 -2 -8 12 -12 14 -14 -11 16 -9 18 19 25 -21 -20 -17 -24 -18 -13 27 -10 -29 -15
right_child=6 2 3 -5 -6 -7 9 15 26 10 11 17 13 29 -16 22 24 -19 21 20 -22 -23 23 -25 -26 -27 -28 28 -30 -31
leaf_value=-242.98198530149457 -440.28979405022983 -191.57642119302037 -101.78266392969964 -100.34595031347418 214.62377579447676 0.3159364289371297 13.077611962116862 51.173233638973038 436.73769609818851 -301.80836097388203 553.32695450078688 -212.91665009136705 182.14088199069812 -60.310860624224738 -827.49359887025275 -153.76151436940529 -234.70861799712441 -215.95716244353244 1309.3470171012466 -572.34361750541143 1030.2751814440533 427.7549119761054 33.881801573677514 -2828.3530749310521 2274.0852257130655 257.73707394846133 3306.9799116805007 -156.87550898769405 2057.1849616826717 -249.30722570048894
leaf_weight=65 25 76 37 137 26 21 1260 83 21 62 42 20 21 406 25 20 42 20 22 27 20 26 67 28 52 26 22 23 22 346
leaf_count=65 25 76 37 137 26 21 1260 83 21 62 42 20 21 406 25 20 42 20 22 27 20 26 67 28 52 26 22 23 22 346
internal_value=-0.0012945 -0.00994475 -0.00816498 -0.00622172 -0.00119048 -0.00517241 -0.000146628 0.00203704 0.00792683 -0.000527335 -0.00184063 0.00307882 -0.00302326 -0.00229625 -0.00948276 -0.000496689 0.00211864 0.000776398 0.00230496 -0.00134409 -0.00797872 0.009375 -0.00456522 -0.00236842 -0.00159574 0.00543478 0.0119318 0.00909091 0.00388889 -0.00265957
internal_weight=3090 362 297 221 84 58 2728 405 113 2323 1063 203 860 773 87 292 177 161 141 93 47 48 115 95 94 46 88 66 45 752
internal_count=3090 362 297 221 84 58 2728 405 113 2323 1063 203 860 773 87 292 177 161 141 93 47 48 115 95 94 46 88 66 45 752
cat_boundaries=0 1 2
cat_threshold=1 12
is_linear=0
shrinkage=0.05


Tree=88
num_leaves=31
num_cat=0
split_feature=2 1 10 3 10 1 2 6 3 10 10 10 1 6 10 4 2 6 2 2 6 3 10 0 6 6 3 1 4 2
split_gain=11.7039 2.38934 1.81062 1.41734 1.26755 1.2099 1.71272 1.79758 1.3391 1.20971 0.918432 2.04973 1.51177 2.40622 1.15718 0.947904 0.947134 1.52231 1.27535 0.908914 1.54015 1.21157 2.67758 0.888356 0.784569 0.801277 1.09206 1.31764 1.06522 0.772537
threshold=96469.185000000012 85437.10500000001 94.500000000000014 91164.116428571433 236.50000000000003 142422.09000000003 152143.40500000003 45901.726176719465 117725.64714285715 164.50000000000003 88.500000000000014 102.50000000000001 1005808.2800000001 388326.90521691699 81.500000000000014 289036.66803571436 159031.20500000002 44395.902811311913 174612.23000000001 1083362.1950000001 342164.97671014967 503643.45642857143 197.50000000000003 1121804.6600000001 71855.134435943764 47385.234014279638 140179.84571428577 91147.715000000011 148951.39517857143 409340.1650000001
decision_type=2 2 2 2 2 2 2 2 2 2 2 2 2 2 2 2 2 2 2 2 2 2 2 2 2 2 2 2 2 2
left_child=1 9 3 -3 -4 6 24 -8 -7 -1 14 29 19 -14 16 -16 17 -10 -18 20 21 -13 -23 -20 25 26 27 -2 -28 -12
right_child=5 2 4 -5 -6 8 7 -9 10 -11 11 12 13 -15 15 -17 18 -19 23 -21 -22 22 -24 -25 -26 -27 28 -29 -30 -31
leaf_value=-338.72147183222916 -264.03163043282404 -94.535066407704292 -110.56554855023424 15.040998434848735 4.1728133755994348 236.70700878780553 -608.07925496041651 -442.98451424275555 13.881258454619093 -132.39670398787931 -86.753156219577079 -0.81655485074297762 7338.9015242511641 -1675.133029555026 674.74900913690078 629.51197031785853 143.49632047081761 -709.79139805736202 36.972672776918628 -2508.4337173755048 4065.4836530929988 -222.19042993986514 -1640.5752848018892 -3350.4376764629387 -508.48002340212844 297.00927588419074 -132.36391372460932 3.9298973372970067 -136.44280788706092 -1446.2038311149431
leaf_weight=91 38 20 128 63 26 26 24 45 20 34 76 1173 59 34 23 37 30 29 475 31 34 75 33 24 21 35 23 286 23 54
leaf_count=91 38 20 128 63 26 26 24 45 20 34 76 1173 59 34 23 37 30 29 475 31 34 75 33 24 21 35 23 286 23 54
internal_value=-0.00135922 -0.00980663 -0.00685654 -0.000903614 -0.0100649 -0.00023827 -0.00247475 -0.00978261 0.000257501 -0.0154 0.000124604 -0.000525813 1.73732e-05 0.0061828 0.00172414 0.00833333 0.00103806 -0.00561224 0.00165406 -0.000408618 -0.000209125 -0.0004879 -0.00555556 0.0010521 -0.00129108 -0.000802469 -0.00148649 -0.000462963 -0.00869565 -0.00653846
internal_weight=3090 362 237 83 154 2728 495 69 2233 125 2207 1569 1439 93 638 60 578 49 529 1346 1315 1281 108 499 426 405 370 324 46 130
internal_count=3090 362 237 83 154 2728 495 69 2233 125 2207 1569 1439 93 638 60 578 49 529 1346 1315 1281 108 499 426 405 370 324 46 130
is_linear=0
shrinkage=0.05


Tree=89
num_leaves=31
num_cat=1
split_feature=1 5 1 4 4 7 10 3 11 1 0 3 5 7 0 6 1 1 3 5 3 3 3 5 10 1 5 5 10 3
split_gain=9.15501 3.07141 3.24885 3.276 2.18635 1.90098 1.78752 0.983944 0.907662 2.07445 2.26728 1.90853 1.42915 1.19996 1.14885 1.12814 1.50509 1.73233 1.18344 1.10265 1.39367 1.6569 1.37047 1.12893 1.09918 1.0361 2.01001 1.84572 1.91546 1.82183
threshold=123051.55500000001 39881.807417089971 87705.310000000012 91271.17357142859 120462.88339285714 3.5000000000000004 212.50000000000003 118964.325 0 457749.13000000006 468425.10000000003 483066.75000000006 144382.88999112198 4.5000000000000009 407826.83000000007 105353.96731620337 152221.16500000004 132170.73000000004 337522.94214285718 102828.78558203026 213533.60642857142 134752.64571428575 148912.87142857147 60221.238444549301 197.50000000000003 359202.95500000002 24706.05323373757 22392.386967851773 154.50000000000003 369276.96000000002
decision_type=2 2 2 2 2 2 2 2 1 2 2 2 2 2 2 2 2 2 2 2 2 2 2 2 2 2 2 2 2 2
left_child=1 2 6 -4 -3 -6 -1 -2 25 11 12 13 14 15 -11 16 17 -10 -17 20 21 -18 -23 -24 -12 26 27 28 -9 -27
right_child=7 4 3 -5 5 -7 -8 8 9 10 24 -13 -14 -15 -16 18 19 -19 -20 -21 -22 22 23 -25 -26 29 -28 -29 -30 -31
leaf_value=-247.49389341212884 214.11728882713362 82.562783875204332 345.1281374952647 -68.550637953034311 -187.84718641268702 52.135003413791132 -125.76754234420987 19.532202807437717 322.78323105630409 1106.3395379422379 2245.5135627476589 -1773.2525299220813 -1945.6930010525939 31.411563899889007 -133.89290124024848 -458.05309331507016 -238.04261709003185 -420.43257323260627 -63.614049673976844 310.74469319908826 -214.38448848696646 107.34110560208939 -98.751749169937113 180.91716400452643 3453.7217880791814 1934.030859174185 293.99925705282368 -94.046427413455973 -33.833468304506098 -239.9921148989437
leaf_weight=105 43 35 29 217 123 61 20 260 22 32 31 29 20 286 27 78 40 64 79 56 170 20 39 40 27 32 242 25 222 616
leaf_count=105 43 35 29 217 123 61 20 260 22 32 31 29 20 286 27 78 40 64 79 56 170 20 39 40 27 32 242 25 222 616
internal_value=-0.00126214 -0.00686441 -0.00963612 -0.00630081 -0.00216895 -0.00434783 -0.0162 6e-05 -7.12251e-05 -0.00116822 0.00456204 -0.00203142 -0.000949367 -0.00162192 0.0029661 -0.00287829 -0.00160754 -0.00755814 -0.00652866 -0.000205479 -0.0013754 0.00233813 0.00580808 0.0028481 0.012069 0.000764037 0.00203605 0.000246548 0.00093361 -0.000694444
internal_weight=3090 590 371 246 219 184 125 2500 2457 1060 137 923 79 894 59 608 451 86 157 365 309 139 99 79 58 1397 749 507 482 648
internal_count=3090 590 371 246 219 184 125 2500 2457 1060 137 923 79 894 59 608 451 86 157 365 309 139 99 79 58 1397 749 507 482 648
cat_boundaries=0 1
cat_threshold=12
is_linear=0
shrinkage=0.05


Tree=90
num_leaves=31
num_cat=0
split_feature=2 5 1 3 10 6 5 3 6 10 2 2 6 6 10 10 2 2 3 6 10 6 3 10 6 7 10 7 5 2
split_gain=11.2118 3.39816 2.39259 1.44046 1.26706 1.2876 1.21267 1.17851 1.18951 0.970405 1.01693 1.56075 1.69127 0.874126 0.880546 1.28348 1.05402 0.843025 1.06813 0.70747 0.697254 0.709634 1.53944 1.49538 1.12759 1.07543 1.23657 1.05987 1.64436 1.10621
threshold=96469.185000000012 4874.8839069713058 85437.10500000001 671601.76142857154 17.500000000000004 176048.9093020412 42350.848692379157 126039.56857142858 40861.826307014046 104.50000000000001 1270417.1000000003 873514.70000000007 364628.79054146173 36254.742854633783 147.50000000000003 95.500000000000014 91171.510000000009 1083362.1950000001 1060734.0692857143 203900.31071073347 261.50000000000006 14282.094253043097 115961.09571428572 60.500000000000007 20961.702775947928 4.5000000000000009 90.500000000000014 1.5000000000000002 13171.136983466056 142422.09000000003
decision_type=2 2 2 2 2 2 2 2 2 2 2 2 2 2 2 2 2 2 2 2 2 2 2 2 2 2 2 2 2 2
left_child=1 -1 6 4 -2 20 -3 8 13 10 11 -5 -13 14 15 -4 -16 -11 -19 -7 21 25 23 -23 -24 27 -27 -6 29 -29
right_child=3 2 7 9 5 19 -8 -9 -10 17 -12 12 -14 -15 16 -17 -18 18 -20 -21 -22 22 24 -25 -26 26 -28 28 -30 -31
leaf_value=-201.68964200311859 -280.34329969094108 -249.34643309311505 -30.79106102245569 1210.7738084186683 -70.808147520450447 -969.9704607675493 -165.30753801414758 62.058699411382989 -141.04126406130891 8901.9857975884515 7717.0834014500142 -549.1221006201406 -4764.438873280189 21.758036139734031 36.642293666813565 -110.57716642379238 -40.961815411164572 -5118.7322864864955 5548.8343732503126 -430.79207120725914 315.2723751246711 39.038384522232086 48.516189749583283 405.50732984847713 -9.5457028481294408 11.889169996915735 -125.27557009824523 44.745473392303396 -93.694308853974519 -9.18713401221612
leaf_weight=32 41 74 39 75 83 69 38 48 35 81 21 37 22 20 22 25 24 30 35 108 29 24 110 26 1623 21 65 75 35 58
leaf_count=32 41 74 39 75 83 69 38 48 35 81 21 37 22 20 22 25 24 30 35 108 29 24 110 26 1623 21 65 75 35 58
internal_value=-0.00113223 -0.00945378 -0.00792308 -1.87406e-05 -0.000433038 -0.00027945 -0.0138393 -0.00481221 -0.00681818 0.0032392 0.000483871 -0.0011194 -0.00720339 -0.00461538 -0.00636364 -0.0101563 -0.00108696 0.00616438 0.00192308 -0.00437853 5.81666e-05 -4.71698e-05 0.000350533 0.009 0.000100981 -0.00215134 -0.00697674 -0.000498008 0.00178571 0.00432331
internal_weight=3025 357 325 2668 2367 2326 112 213 165 301 155 134 59 130 110 64 46 146 65 177 2149 2120 1783 50 1733 337 86 251 168 133
internal_count=3025 357 325 2668 2367 2326 112 213 165 301 155 134 59 130 110 64 46 146 65 177 2149 2120 1783 50 1733 337 86 251 168 133
is_linear=0
shrinkage=0.05


Tree=91
num_leaves=31
num_cat=0
split_feature=2 3 0 3 10 0 0 10 3 6 0 6 5 0 5 5 5 10 0 10 0 2 5 1 2 10 8 1 3 2
split_gain=10.8271 2.97244 1.93213 1.37214 1.08375 1.0148 1.36359 1.59961 1.45455 1.34002 1.06426 1.20167 1.42358 1.11787 1.78695 1.64701 1.22308 1.067 0.957948 0.9437 1.12229 1.06813 1.39874 1.03712 0.882721 1.42138 0.867857 0.866531 0.859689 0.845175
threshold=94242.095000000016 112785.08571428571 87731.375000000015 671601.76142857154 104.50000000000001 139266.34500000003 88854.420000000013 111.50000000000001 115961.09571428572 176048.9093020412 172947.27000000005 149035.15484648271 184217.46425335514 162742.00000000003 71742.172016100943 42995.228707665905 44728.476151970819 128.50000000000003 381765.96500000003 90.500000000000014 641841.67000000016 651454.24500000023 338217.79514391854 974722.88500000013 90508.205000000016 182.50000000000003 1.0000000180025095e-35 112560.93500000001 172786.60500000004 219832.47500000003
decision_type=2 2 2 2 2 2 2 2 2 2 2 2 2 2 2 2 2 2 2 2 2 2 2 2 2 2 2 2 2 2
left_child=1 2 -1 5 19 6 7 8 -2 10 13 29 18 14 15 28 17 -15 -13 20 -5 -22 23 -23 25 -4 -3 -9 -7 -12
right_child=3 26 24 4 -6 9 -8 27 -10 -11 11 12 -14 16 -16 -17 -18 -19 -20 -21 21 22 -24 -25 -26 -27 -28 -29 -30 -31
leaf_value=-250.5591683567458 29.752529669627258 -100.06577034231705 -78.987702478076983 5801.9712754400971 5068.8078177071675 10.194975492279628 -61.293671790220472 26.378251703298158 -520.61843018136756 -604.41746349010793 -58.944562518133175 1325.0856424569793 -291.96945965867201 60.071244388168274 -129.35392341891858 208.11022235011478 188.31815266273406 -188.83073624506289 1112.1015502963564 -3398.1464930586753 9527.6148244089563 -2129.9142559000234 4578.5272137027614 -4936.3552684644528 -105.04830810260246 21.28919929863514 152.32131535427251 443.08111045765401 -116.83832134485129 3.2896058873477161
leaf_weight=71 22 120 31 23 146 125 412 37 22 175 354 33 32 30 46 37 32 28 64 27 27 24 34 20 45 20 20 22 21 925
leaf_count=71 22 120 31 23 146 125 412 37 22 175 354 33 32 30 46 37 32 28 64 27 27 24 34 20 45 20 20 22 21 925
internal_value=-0.0011157 -0.0100163 -0.014521 -0.000110375 0.00307309 -0.000506827 -0.00247573 0.0026699 -0.00454545 2.62881e-05 0.000448755 -0.000142045 0.00445736 0.00305643 0.00120087 0.0034153 0.00777778 0.00344828 0.00747423 0.00016129 0.00195312 -0.000238095 -0.00320513 -0.00909091 -0.00989583 -0.00539216 -0.00464286 0.00805085 0.0010274 -0.000605942
internal_weight=3025 307 167 2718 301 2417 515 103 44 1902 1727 1408 129 319 229 183 90 58 97 155 128 105 78 44 96 51 140 59 146 1279
internal_count=3025 307 167 2718 301 2417 515 103 44 1902 1727 1408 129 319 229 183 90 58 97 155 128 105 78 44 96 51 140 59 146 1279
is_linear=0
shrinkage=0.05


Tree=92
num_leaves=31
num_cat=0
split_feature=2 0 5 6 7 2 4 4 6 10 0 5 5 10 10 2 2 4 10 5 4 6 4 0 0 2 0 0 4 5
split_gain=9.73602 2.90093 3.0962 1.27811 1.10849 1.42155 1.25048 1.00984 0.842807 0.776802 0.758008 1.02404 1.40313 0.95834 0.746902 0.721765 1.3125 0.894523 0.859524 0.805411 0.657634 1.18588 1.23216 1.09502 1.53527 0.865131 0.837603 0.785467 1.46591 2.7038
threshold=95836.580000000016 94270.685000000012 39881.807417089971 44578.192004132761 2.5000000000000004 91171.510000000009 124823.61410714287 1061388.8887500002 6515.350797871527 224.50000000000003 1384987.7350000001 261838.50722672034 237310.62769588534 17.500000000000004 261.50000000000006 950324.20000000007 1170112.9500000002 529028.35928571445 104.50000000000001 328924.07039972878 660593.7082142859 176048.9093020412 420279.74303571432 395669.96500000003 453330.6750000001 530975.41000000015 811818.69500000007 139266.34500000003 125017.97535714287 39881.807417089971
decision_type=2 2 2 2 2 2 2 2 2 2 2 2 2 2 2 2 2 2 2 2 2 2 2 2 2 2 2 2 2 2
left_child=1 2 9 -4 -3 6 -6 8 -2 -1 11 12 13 -10 20 17 -17 -13 19 -19 21 27 -23 -24 -25 -26 -22 28 29 -15
right_child=7 4 3 -5 5 -7 -8 -9 10 -11 -12 15 -14 14 -16 16 -18 18 -20 -21 26 22 23 24 25 -27 -28 -29 -30 -31
leaf_value=-179.75497321215371 106.36694116269609 -290.83756955913378 -111.79593797738053 116.66748861804081 44.068646444270421 -33.349765616529844 -244.45439467513498 3637.1193424848261 -267.81376118987538 -93.194250594104233 -2261.2684097824563 -2026.6962675871473 -4914.9575752147748 -47.853278304251582 302.45598449434328 -930.71183588206191 8575.2479084468159 8929.5348843472784 8721.8549108038551 -1407.0655484293648 3402.4021941756482 -1196.3008076520325 534.4855064617426 -3695.3745516668773 -1653.4626063632968 2865.574757048319 -324.59473186756952 5.8698956519598147 -104.59441287704686 56.053122819436254
leaf_weight=113 20 64 23 20 32 50 20 115 41 21 20 22 24 97 29 27 21 22 28 20 31 22 36 21 26 21 22 1674 256 87
leaf_count=113 20 64 23 20 32 50 20 115 41 21 20 22 24 97 29 27 21 22 28 20 31 22 36 21 26 21 22 1674 256 87
internal_value=-0.00103306 -0.00896501 -0.0134181 -0.00174419 -0.00421687 -0.000980392 0.00480769 -1.86428e-05 -0.000223997 -0.0171642 -0.00030428 -0.000227543 -0.000471303 -0.000349132 -0.000215332 0.00392857 -0.00104167 0.00652174 0.00928571 0.0047619 -0.00031618 -0.000446429 -0.00515873 -0.00288462 -0.00661765 -0.00159574 0.00518868 -0.000165563 -0.00204545 0.0013587
internal_weight=3025 343 177 43 166 102 52 2682 2567 134 2547 2527 2387 2363 2322 140 48 92 70 42 2293 2240 126 104 68 47 53 2114 440 184
internal_count=3025 343 177 43 166 102 52 2682 2567 134 2547 2527 2387 2363 2322 140 48 92 70 42 2293 2240 126 104 68 47 53 2114 440 184
is_linear=0
shrinkage=0.05


Tree=93
num_leaves=31
num_cat=0
split_feature=2 3 0 7 4 5 5 0 2 0 5 5 1 5 6 0 4 4 3 0 7 5 3 3 3 2 4 2 2 4
split_gain=9.07259 3.00518 3.35825 1.08729 0.83481 0.828133 0.792518 1.28444 0.77802 0.770566 0.669594 1.43316 0.886014 0.935659 0.839683 0.709158 0.552273 0.519854 1.22178 0.997766 0.529102 1.46668 1.12758 1.54966 1.33758 1.98685 2.07032 1.48624 1.32098 0.910548
threshold=95836.580000000016 94025.472857142871 95475.250000000015 1.5000000000000002 1061388.8887500002 4874.8839069713058 6373.6310542160963 87731.375000000015 90508.205000000016 1384987.7350000001 261838.50722672034 237310.62769588534 568239.64000000001 324285.28731276351 325639.83969477838 771630.27000000014 122659.70982142859 660593.7082142859 559270.46428571444 811818.69500000007 1.0000000180025095e-35 12681.974210476614 455748.94642857148 295731.55642857146 228495.40642857147 292926.15500000009 157346.85642857145 161367.42000000004 334676.59500000003 388845.3776785715
decision_type=2 2 2 2 2 2 2 2 2 2 2 2 2 2 2 2 2 2 2 2 2 2 2 2 2 2 2 2 2 2
left_child=1 2 5 16 9 -1 7 -7 -5 10 11 17 -12 14 -14 -15 -3 18 20 -19 21 -2 23 24 25 26 27 -23 -25 -30
right_child=4 3 -4 8 -6 6 -8 -9 -10 -11 12 -13 13 15 -16 -17 -18 19 -20 -21 -22 22 -24 28 -26 -27 -28 -29 29 -31
leaf_value=-189.4258377305334 -69.028072415855064 -104.91151062494573 4.091615753478254 -4.5342841376423166 3455.2633753605887 -146.01498581188753 -203.56696202205421 -58.014612697234412 -40.705613687940058 -2148.2049892933314 5886.9330537464411 -4669.2096964540351 -4194.5717495243653 -1669.1157505605022 15809.185236848076 2656.8483916272121 -325.11013808018834 3232.2820844668663 -3693.7352277479326 -614.92099736214732 -12.276082206073625 388.5319441774642 3431.0994279321226 -296.16972087267061 992.22472569959655 -423.26920104091846 598.08062603368603 -22.153876132456936 -564.67193479317791 1138.3365779354965
leaf_weight=29 42 24 31 102 115 20 48 25 44 20 39 24 21 26 24 30 20 31 28 23 1959 27 25 40 29 26 24 63 26 40
leaf_count=29 42 24 31 102 115 20 48 25 44 20 39 24 21 26 24 30 20 31 28 23 1959 27 25 40 29 26 24 63 26 40
internal_value=-0.00101653 -0.00867347 -0.0138889 -0.00447368 -3.72856e-05 -0.017623 -0.0153226 -0.0105556 -0.00239726 -0.000223997 -0.000147232 -0.00034275 0.00321429 0.000742574 0.00611111 -0.00357143 -0.0113636 -0.000220311 -0.000332761 0.00462963 -0.000206432 0.00160819 0.00283333 0.00190909 0.00488166 0.00285714 0.00570175 0.00222222 -0.00283019 0.00151515
internal_weight=3025 343 153 190 2682 122 93 45 146 2567 2547 2407 140 101 45 56 44 2383 2329 54 2301 342 300 275 169 140 114 90 106 66
internal_count=3025 343 153 190 2682 122 93 45 146 2567 2547 2407 140 101 45 56 44 2383 2329 54 2301 342 300 275 169 140 114 90 106 66
is_linear=0
shrinkage=0.05


Tree=94
num_leaves=31
num_cat=0
split_feature=2 5 1 4 10 10 10 10 1 7 2 4 5 10 1 6 10 7 5 2 4 5 5 4 5 2 1 1 1 4
split_gain=8.35721 3.06933 2.43731 1.35113 0.982847 1.30536 0.971671 0.957415 0.839735 0.783378 0.770725 0.768003 0.698225 1.05953 0.763543 1.58675 0.630442 0.957595 0.986945 0.611616 0.611519 0.582636 0.923591 1.00638 0.760206 0.658741 1.3241 0.56544 1.16264 0.738395
threshold=95836.580000000016 4874.8839069713058 85437.10500000001 115910.37714285716 201.50000000000003 94.500000000000014 143.50000000000003 27.500000000000004 95497.85000000002 1.5000000000000002 90508.205000000016 1061388.8887500002 28859.38840915712 22.500000000000004 157852.88000000003 121803.69412352426 242.50000000000003 5.5000000000000009 17453.063830055315 77807.390000000014 118687.7460714286 6233.2414089869762 7644.1984385971373 118687.7460714286 39881.807417089971 103297.645 98692.750000000015 974722.88500000013 1121804.6600000001 660593.7082142859
decision_type=2 2 2 2 2 2 2 2 2 2 2 2 2 2 2 2 2 2 2 2 2 2 2 2 2 2 2 2 2 2
left_child=1 -1 3 19 5 8 -7 12 -4 -5 -6 16 -2 14 -14 -16 21 18 -18 -3 -8 -9 -23 24 -24 26 -25 29 -29 -27
right_child=7 2 4 9 10 6 20 11 -10 -11 -12 -13 13 -15 15 -17 17 -19 -20 -21 -22 22 23 25 -26 27 -28 28 -30 -31
leaf_value=-179.44066934599761 36.316030291376229 -891.82988069906833 -68.050923560594683 -244.86737410991373 38.482477063288393 -89.391133339417877 8.0981534822414698 23.830554946673512 89.866314754960342 -6.7699074432428468 -9.2104540002619615 3282.5002065925628 -1084.9360273668863 -655.08243079046372 470.06358130366061 -1362.7480401128037 99.568226983322532 -112.22967923531979 61.945918859972153 -103.87448631949337 -151.73364477959839 -37.07150051740755 27.734342184496199 27.364860527688872 320.46992653629786 -11.186766472490127 -134.15286155323267 -7656.9710303689562 1152.5706645122409 2108.1328344240987
leaf_weight=31 37 28 38 22 29 41 23 23 29 27 20 115 21 37 28 29 28 31 161 34 21 36 32 20 22 1870 21 28 30 113
leaf_count=31 37 28 38 22 29 41 23 23 29 27 20 115 21 37 28 29 28 31 161 34 21 36 32 20 22 1870 21 28 30 113
internal_value=-0.00103306 -0.00838192 -0.00689103 -0.0128378 -0.00360697 -0.00559211 -0.00970588 -9.3214e-05 -0.000373134 -0.00663265 0.00255102 0.00013834 -0.00394737 -0.00586957 -0.0025641 0.000438596 -5.17598e-05 0.0025 0.00383598 -0.0177419 -0.00454545 -0.000307517 -0.000391344 -0.000257491 0.00648148 -0.000432277 -0.00670732 -0.000306222 -0.00517241 -0.000163893
internal_weight=3025 343 312 111 201 152 85 2682 67 49 49 2530 152 115 78 57 2415 220 189 62 44 2195 2172 2136 54 2082 41 2041 58 1983
internal_count=3025 343 312 111 201 152 85 2682 67 49 49 2530 152 115 78 57 2415 220 189 62 44 2195 2172 2136 54 2082 41 2041 58 1983
is_linear=0
shrinkage=0.05


Tree=95
num_leaves=31
num_cat=0
split_feature=4 2 10 4 2 2 10 6 3 5 0 10 10 6 0 4 2 3 4 6 4 4 0 4 5 2 3 5 3 3
split_gain=6.84594 4.93656 1.625 1.49732 1.56523 1.48747 1.13806 0.95054 1.88654 1.04895 0.891632 1.54778 0.762176 1.15346 0.724638 1.09716 0.699974 3.32873 2.48168 1.7396 1.46098 2.10027 1.98635 1.3215 3.35873 1.29894 1.26134 0.949163 0.810874 1.18091
threshold=115910.37714285716 88960.73000000001 193.50000000000003 117809.06250000001 115167.00500000002 77807.390000000014 201.50000000000003 42210.887596326334 146037.66285714289 45751.739366519068 98820.410000000018 152.50000000000003 68.500000000000014 7590.0356905730996 90460.950000000026 91719.473214285725 139946.47000000003 157203.80785714291 152628.5092857143 40486.246300593797 148951.39517857143 136017.59642857147 133152.15500000003 134558.59517857144 35552.16044183739 133277.28500000003 148912.87142857147 9035.634615971554 151041.34142857147 168574.70428571431
decision_type=2 2 2 2 2 2 2 2 2 2 2 2 2 2 2 2 2 2 2 2 2 2 2 2 2 2 2 2 2 2
left_child=1 5 10 -2 6 -1 7 -5 9 -9 11 12 13 -3 15 -7 17 20 19 23 21 22 25 24 -18 -6 -21 -25 -20 -30
right_child=3 2 -4 4 16 14 -8 8 -10 -11 -12 -13 -14 -15 -16 -17 18 -19 28 26 -22 -23 -24 27 -26 -27 -28 -29 29 -31
leaf_value=-847.23838666411507 240.94361931935092 24.42228153678516 -57.803726754161836 -7.4029179698256486 19.500110907654019 -33.670546243316494 21.673338369593331 -337.56152556368511 -14.155903146797938 -104.50604798433342 85.499144540834834 114.50686586043122 -82.578200881950039 -79.139998056771589 -49.92015774639804 -135.94820689680856 597.90138227782006 -755.14007845956371 256.31365778448088 11.166312599615049 301.49600322031404 -70.729595194882137 75.873891411978548 -106.77533863608551 -925.28564610414401 -276.05225156469243 -616.20871786459611 -212.00199604455338 -421.72216695001703 4.0105803767350157
leaf_weight=38 26 20 42 61 66 20 58 32 40 49 26 22 39 22 23 26 21 44 37 82 27 41 62 33 24 20 25 24 42 1969
leaf_count=38 26 20 42 61 66 20 58 32 40 49 26 22 39 22 23 26 21 44 37 82 27 41 62 33 24 20 25 24 42 1969
internal_value=-0.00115158 -0.00863309 -0.00336257 -0.00040424 -0.000516866 -0.0170561 -0.004375 -0.00631868 -0.0088843 -0.0132716 -0.000581395 -0.0026699 -0.0058642 -0.00119048 -0.0126812 -0.0163043 -0.000148987 0.00230769 -0.000431989 -0.00562201 0.00486111 0.00330688 0.00608108 -0.0102941 -0.00388889 0.00116279 -0.00116822 -0.0153509 9.76563e-05 -3.72949e-05
internal_weight=3061 278 171 2783 2757 107 240 182 121 81 129 103 81 42 69 46 2517 260 2257 209 216 189 148 102 45 86 107 57 2048 2011
internal_count=3061 278 171 2783 2757 107 240 182 121 81 129 103 81 42 69 46 2517 260 2257 209 216 189 148 102 45 86 107 57 2048 2011
is_linear=0
shrinkage=0.05


Tree=96
num_leaves=31
num_cat=0
split_feature=1 10 5 0 3 3 3 6 0 0 3 2 1 6 5 0 1 1 5 3 0 5 10 1 2 3 3 0 6 0
split_gain=6.29092 5.19483 2.90394 1.61269 1.6051 1.25581 1.24185 1.13778 0.978776 1.89964 1.28586 1.33632 1.11358 0.870592 0.728455 0.556147 1.05994 3.13568 1.46768 1.05834 0.927428 0.82739 0.55594 0.542838 2.98052 1.31688 0.639672 1.09153 0.834846 0.757677
threshold=88895.295000000013 35.500000000000007 52209.070545177608 103849.62000000001 92763.675000000003 90550.175714285724 115961.09571428572 7340.9079019532028 90460.950000000026 86269.435000000012 140919.02571428573 90508.205000000016 102141.07500000001 40486.246300593797 34194.460926803331 111428.32500000001 124960.78500000002 132170.73000000004 42995.228707665905 155094.74571428573 133152.15500000003 13491.805258870227 145.50000000000003 142422.09000000003 143330.095 135208.22785714289 121438.68285714288 136326.89500000002 44578.192004132761 140564.71500000003
decision_type=2 2 2 2 2 2 2 2 2 2 2 2 2 2 2 2 2 2 2 2 2 2 2 2 2 2 2 2 2 2
left_child=1 -1 4 5 -3 7 -5 -2 9 -7 11 -10 22 14 -6 -8 18 21 20 -20 -17 -18 -13 24 -19 -26 -25 28 -28 -29
right_child=3 2 -4 6 13 8 15 -9 10 -11 -12 12 -14 -15 -16 16 17 23 19 -21 -22 -23 -24 26 25 -27 27 29 -30 -31
leaf_value=-633.57221411189539 48.213257992888977 -83.645612209985856 170.04382418881141 203.72330766684755 -88.036884257385111 -68.043500394262807 174.35175440956229 -69.966791015366837 0.78701670186565031 96.772302336877331 77.453649401461007 -39.457213731639058 -237.26969242384951 -222.52501583576924 22.590620431757998 -74.535614458587233 98.710128421999983 13.443777800403769 -643.60654684495103 -407.07356149521951 86.096083151230417 146.72585473309738 -118.19332729952221 252.99109823128165 -417.27820019603752 -385.68851550543553 -138.70917239934352 72.132000751511086 -43.419337589318459 -4.2642580726533197
leaf_weight=56 25 49 25 40 20 85 23 20 23 31 21 43 31 50 21 46 27 77 21 22 21 37 28 26 22 20 37 27 35 2052
leaf_count=56 25 49 25 40 20 85 23 20 23 31 21 43 31 50 21 46 27 77 21 22 21 37 28 26 22 20 37 27 35 2052
internal_value=-0.00103724 -0.0091629 -0.00469697 -0.00040493 -0.0075 -0.00382736 9.86972e-06 0.00388889 -0.00515267 -0.00172414 -0.00787671 -0.0098 -0.0122549 -0.00357143 0.00182927 -0.000130365 -0.000202429 2.11864e-05 -0.005 -0.0122093 -0.000373134 0.0109375 -0.00880282 -0.000283101 -0.00357143 -0.0142857 -0.000103353 -0.000197583 -0.00625 1.2025e-05
internal_weight=3061 221 165 2840 140 307 2533 45 262 116 146 125 102 91 41 2493 2470 2360 110 43 67 64 71 2296 119 42 2177 2151 72 2079
internal_count=3061 221 165 2840 140 307 2533 45 262 116 146 125 102 91 41 2493 2470 2360 110 43 67 64 71 2296 119 42 2177 2151 72 2079
is_linear=0
shrinkage=0.05


Tree=97
num_leaves=31
num_cat=1
split_feature=3 2 1 3 5 3 6 4 5 4 6 6 2 3 1 2 1 2 10 2 5 6 3 2 1 1 5 10 11 2
split_gain=6.12361 3.1636 2.25028 2.13776 2.28747 1.02529 1.38656 0.8978 0.838399 0.779221 0.647259 1.71383 0.685222 1.40564 1.10455 0.705546 0.891629 0.811594 0.615339 0.435881 1.2044 0.741804 0.952391 0.818068 0.793309 1.4164 0.7741 0.528258 0.630352 1.83812
threshold=89805.989285714299 110073.395 87705.310000000012 90550.175714285724 52209.070545177608 141820.02428571432 45507.843043542198 118687.7460714286 47685.674120121177 116940.82678571431 40486.246300593797 38154.647580068216 88960.73000000001 94025.472857142871 103456.69000000002 93593.61500000002 93625.795000000027 91868.070000000022 261.50000000000006 1349801.5700000001 324285.28731276351 424678.58466219017 1157977.4778571432 873514.70000000007 1121804.6600000001 924534.84500000009 355492.42104653973 17.500000000000004 0 454398.42500000005
decision_type=2 2 2 2 2 2 2 2 2 2 2 2 2 2 2 2 2 2 2 2 2 2 2 2 2 2 2 2 1 2
left_child=2 3 -1 -2 5 6 8 9 10 -3 11 12 13 -5 15 17 -17 -14 19 21 -21 22 23 26 25 -25 27 -9 -29 -30
right_child=1 7 -4 4 -6 -7 -8 18 -10 -11 -12 -13 14 -15 -16 16 -18 -19 -20 20 -22 -23 -24 24 -26 -27 -28 28 29 -31
leaf_value=-516.87747713717658 12.834783473643256 -2.8729298021371505 -4.2477293655021642 -79.721203492340649 105.05572362357198 102.23801995402829 -243.36335527608099 -180.93660417247884 30.072132557401346 259.53590225657825 -211.39876504398092 5.1241423594256048 -18.279396958613507 -95.203503108793669 -120.73208954396978 -107.96959810510162 -30.380005588896168 59.351636263074766 311.75140492192736 7082.149655067391 -1611.6571407000301 -2622.319907581073 4968.0686760356184 -364.02378055512531 992.66280461222641 -8025.4139682488167 9599.5615012314465 9.0148685802851105 -63.349808998097437 448.36447766271016
leaf_weight=44 36 20 20 38 35 23 29 35 26 22 52 26 25 37 22 21 43 21 28 24 31 20 35 61 29 25 22 1107 981 123
leaf_count=44 36 20 20 38 35 23 29 35 26 22 52 26 25 37 22 21 43 21 28 24 31 20 35 61 29 25 22 1107 981 123
internal_value=-0.00110258 -0.000775776 -0.0164063 -0.0047235 -0.00577889 -0.00695592 -0.00764706 -0.000107296 -0.00667203 0.00714286 -0.00745614 -0.00633047 -0.00785024 -0.0116667 -0.00568182 -0.00363636 -0.00703125 0.00108696 -0.000228084 -0.00031087 0.00409091 -0.000410172 -0.000330852 -0.000451112 -0.00456522 -0.00697674 -0.000242504 -0.000333927 -0.000237449 -0.0010772
internal_weight=3061 2997 64 434 398 363 340 2563 311 42 285 233 207 75 132 110 64 46 2521 2493 55 2438 2418 2383 115 86 2268 2246 2211 1104
internal_count=3061 2997 64 434 398 363 340 2563 311 42 285 233 207 75 132 110 64 46 2521 2493 55 2438 2418 2383 115 86 2268 2246 2211 1104
cat_boundaries=0 1
cat_threshold=12
is_linear=0
shrinkage=0.05


Tree=98
num_leaves=31
num_cat=1
split_feature=3 2 1 3 7 0 0 4 1 4 2 2 10 1 1 3 2 10 10 0 0 0 10 10 10 0 11 2 3 2
split_gain=6.17601 2.7324 2.25028 2.01298 1.35724 1.9098 1.18259 0.892975 0.848485 0.779221 0.723508 0.648998 0.612032 0.610509 0.907693 0.893429 1.14688 0.795752 1.00833 0.547945 0.620166 0.571566 1.37824 1.04639 0.652747 0.645774 0.58233 1.64923 2.45889 1.64621
threshold=89805.989285714299 110073.395 87705.310000000012 90550.175714285724 1.5000000000000002 155484.37000000002 116945.16000000002 118687.7460714286 82858.37000000001 116940.82678571431 84004.390000000014 101976.58000000002 261.50000000000006 106673.93000000001 98692.750000000015 123419.90785714287 88960.73000000001 68.500000000000014 119.50000000000001 84908.630000000019 93625.795000000027 133152.15500000003 137.50000000000003 95.500000000000014 42.500000000000007 127261.66000000002 0 140536.59500000003 140919.02571428573 141486.30000000002
decision_type=2 2 2 2 2 2 2 2 2 2 2 2 2 2 2 2 2 2 2 2 2 2 2 2 2 2 1 2 2 2
left_child=2 3 -1 -2 8 6 11 9 -5 -3 -10 13 19 14 15 16 -6 -18 -19 -9 -21 22 23 24 -22 -24 27 -23 -29 -28
right_child=1 7 -4 4 5 -7 -8 12 10 -11 -12 -13 -14 -15 -16 -17 17 18 -20 20 21 26 25 -25 -26 -27 29 28 -30 -31
leaf_value=-491.03360328031744 12.193044299960821 -2.7292833120303843 -4.035342897227383 -75.993015210577866 -95.761556490983281 117.54885639691094 -333.28671720644928 -144.72244404203522 -194.56996124253055 246.55910714374915 -39.643395847238573 -230.7243747759174 296.16383467583074 -88.358368407048701 18.678185929737811 96.693862375472975 9.3380198565471808 -125.94191151669148 -1.9751668530694588 178.13715100095942 -118.8435139932175 62.246286557232089 55.463635664634062 -399.1901704112592 -3.0381714778279276 -63.91707814122347 -444.22112157282572 -140.59040486142621 13.113033241493396 -9.4563656466445547
leaf_weight=44 36 20 20 33 34 40 36 21 21 22 23 29 28 35 29 27 31 20 40 21 21 78 83 33 44 39 62 31 1164 896
leaf_count=44 36 20 20 33 34 40 36 21 21 22 23 29 28 35 29 27 31 20 40 21 21 78 83 33 44 39 62 31 1164 896
internal_value=-0.00103724 -0.000709042 -0.0164063 -0.00437788 -0.00540201 -0.00397196 -0.00542705 -8.77877e-05 -0.0113636 0.00714286 -0.0159091 -0.00418367 -0.000208251 -0.00324074 -0.00207182 -0.00361842 -0.0054 -0.00247253 -0.00583333 -0.000290814 -0.000222492 -0.000295798 -0.00272727 -0.00714286 -0.00346154 0.000819672 -5.60287e-05 0.000643024 0.000188285 -0.000981405
internal_weight=3061 2997 64 434 398 321 281 2563 77 42 44 245 2521 216 181 152 125 91 60 2493 2472 2451 220 98 65 122 2231 1273 1195 958
internal_count=3061 2997 64 434 398 321 281 2563 77 42 44 245 2521 216 181 152 125 91 60 2493 2472 2451 220 98 65 122 2231 1273 1195 958
cat_boundaries=0 1
cat_threshold=12
is_linear=0
shrinkage=0.05


Tree=99
num_leaves=31
num_cat=2
split_feature=3 2 1 3 5 7 0 2 5 2 6 3 2 6 0 6 2 10 3 6 7 11 11 7 1 1 10 0 3 0
split_gain=5.58903 2.58762 2.00455 1.97223 1.62101 1.29199 1.27639 1.09427 1.3241 0.670173 0.628415 1.20215 1.13795 1.05882 1.49123 1.00021 0.625 0.592029 0.58645 0.537778 0.441887 2.51046 1.96285 1.96491 1.64716 1.97832 1.95926 1.50295 1.37814 1.09591
threshold=89805.989285714299 110073.395 87705.310000000012 90550.175714285724 52209.070545177608 1.5000000000000002 155484.37000000002 82743.585000000006 6979.6512325721978 101976.58000000002 7340.9079019532028 95266.858571428587 91868.070000000022 42210.887596326334 99666.920000000013 44578.192004132761 87837.290000000023 261.50000000000006 115961.09571428572 6342.1610494499646 1.0000000180025095e-35 0 1 1.5000000000000002 164631.90500000003 180396.57500000004 155.50000000000003 175875.62500000003 125456.43500000003 135054.09000000005
decision_type=2 2 2 2 2 2 2 2 2 2 2 2 2 2 2 2 2 2 2 2 2 1 1 2 2 2 2 2 2 2
left_child=2 3 -1 -2 5 7 9 -5 -9 10 12 -12 -7 14 -13 -15 -17 18 -3 -14 21 27 -22 -24 26 -26 -23 -20 -25 -30
right_child=1 17 -4 4 -6 6 -8 8 -10 -11 11 13 19 15 -16 16 -18 -19 20 -21 22 24 23 28 25 -27 -28 -29 29 -31
leaf_value=-466.48192311630157 11.583392084962908 57.9690127949114 -3.8335757523658689 -184.84146318040439 104.89090148290707 -70.689193600320138 46.372449975383645 -80.161448067634055 14.597792274975291 -316.18866988029333 -85.272257670707774 38.610397045973151 58.911666982346652 -93.595543495598761 -127.91996016960876 208.86431902545556 -110.84150222782847 281.35564294203942 16.013799482422474 -0.84267902755091206 -192.34604172187102 76.607311866635072 -135.05250445722194 223.83157394769626 -487.75026502788097 -39.083506859653426 -10.009978831133049 1545.7370354685074 -72.80310185789422 31.980701079871508
leaf_weight=44 36 37 20 33 35 23 22 21 20 32 31 30 20 28 38 20 20 28 49 25 549 30 251 38 21 202 24 60 75 1199
leaf_count=44 36 37 20 33 35 23 22 21 20 32 31 30 20 28 38 20 20 28 49 25 549 30 251 38 21 202 24 60 75 1199
internal_value=-0.00100457 -0.000692359 -0.015625 -0.00426267 -0.00527638 -0.00626722 -0.00475779 -0.0121622 -0.00670732 -0.00571161 -0.00478723 -0.00643713 -0.000735294 -0.00441176 0 -0.00882353 -0.00375 -8.77877e-05 -0.000167653 0.00388889 -0.000260208 0.00129534 -0.000544508 0.000365544 -0.00130662 -0.00325112 0.00648148 0.00735294 0.00114329 0.000863422
internal_weight=3061 2997 64 434 398 363 289 74 41 267 235 167 68 136 68 68 40 2563 2535 45 2498 386 2112 1563 277 223 54 109 1312 1274
internal_count=3061 2997 64 434 398 363 289 74 41 267 235 167 68 136 68 68 40 2563 2535 45 2498 386 2112 1563 277 223 54 109 1312 1274
cat_boundaries=0 1 2
cat_threshold=1 1
is_linear=0
shrinkage=0.05


Tree=100
num_leaves=31
num_cat=0
split_feature=3 2 3 2 2 1 1 10 10 6 5 5 1 1 2 5 1 10 10 1 3 6 6 3 0 10 4 10 1 3
split_gain=6.56785 3.35145 2.32335 1.05074 1.14274 1.0112 0.933333 0.639199 0.894988 0.627279 0.978512 1.45749 2.03567 1.02434 1.18193 0.902741 1.53338 0.961589 0.798186 0.702581 1.12325 0.574896 0.603467 1.26025 0.519697 1.11243 0.479865 1.35426 1.64672 1.48148
threshold=94025.472857142871 77807.390000000014 90550.175714285724 91868.070000000022 94883.685000000012 79923.230000000025 75388.630000000019 262.50000000000006 259.50000000000006 405212.51346880774 261838.50722672034 324285.28731276351 604275.45000000007 924534.84500000009 950324.20000000007 237310.62769588534 1005808.2800000001 17.500000000000004 22.500000000000004 801519.06500000006 1009431.5150000001 281981.5255516576 238024.81766408481 572687.07071428583 1253947.2600000002 113.50000000000001 464517.94517857145 182.50000000000003 568239.64000000001 483066.75000000006
decision_type=2 2 2 2 2 2 2 2 2 2 2 2 2 2 2 2 2 2 2 2 2 2 2 2 2 2 2 2 2 2
left_child=1 -1 -3 -4 -5 6 -2 8 9 10 15 19 -13 -14 -15 16 17 -7 -19 -12 -21 22 23 26 25 -11 -20 -28 29 -29
right_child=5 2 3 4 -6 7 -8 -9 -10 24 11 12 13 14 -16 -17 -18 18 21 20 -22 -23 -24 -25 -26 -27 27 28 -30 -31
leaf_value=-694.27314182883788 -76.616377501648827 -0.42575198696431471 -75.962956698477498 3.1286329362032124 -81.203712515618108 -406.43788763469712 -289.11752630485063 240.39883319473739 -349.59395562220311 -1862.8965615483235 915.43649646707934 12539.663503494839 -4437.1630403635963 5047.4597470585686 -1971.514498386864 -2536.3176937542871 4413.0840359641243 139.97302865848761 -7.9793374952198066 8960.0912076757431 4518.3015266356879 -1249.9292696098878 1628.5806377090485 -3828.5163614345074 -4950.4672871540188 2370.6262236799289 2720.7764153695493 51.615772841473522 3005.1657463370884 -1993.7538984484681
leaf_weight=30 35 77 50 25 37 34 21 21 31 21 31 24 27 24 39 36 21 43 2083 22 28 38 30 31 22 27 89 30 24 24
leaf_count=30 35 77 50 25 37 34 21 21 31 21 31 24 27 24 39 36 21 43 2083 22 28 38 30 31 22 27 89 30 24 24
internal_value=-0.00113008 -0.00947489 -0.00701058 -0.0116071 -0.00725806 -0.000490196 -0.00714286 -0.000357143 -0.000422814 -0.000327511 -0.000205377 0.00320513 -0.000438596 -0.00388889 -0.000396825 -0.000473218 -0.000357581 -0.000474031 -0.000355351 0.00833333 0.012 -0.000478927 -0.000378624 -0.000471285 -0.005 -0.00208333 -0.000333333 0.00224551 -0.0025641 -0.00740741
internal_weight=3075 219 189 112 62 2856 56 2800 2779 2748 2678 195 114 90 63 2483 2447 2426 2392 81 50 2349 2311 2281 70 48 2250 167 78 54
internal_count=3075 219 189 112 62 2856 56 2800 2779 2748 2678 195 114 90 63 2483 2447 2426 2392 81 50 2349 2311 2281 70 48 2250 167 78 54
is_linear=0
shrinkage=0.05


Tree=101
num_leaves=31
num_cat=0
split_feature=4 2 0 0 3 1 6 1 1 4 2 6 10 0 0 6 6 8 10 4 1 3 3 3 2 4 0 4 6 1
split_gain=5.88932 4.02322 1.91059 1.98382 1.49286 1.2683 0.973635 0.840751 0.922004 0.641832 1.16279 0.972566 0.858265 0.776537 0.968214 1.04878 0.986775 1.18684 0.920325 0.742259 1.29668 1.11608 0.923113 1.91408 0.983213 0.753463 0.71784 1.07482 1.51309 0.671869
threshold=92576.328392857162 77807.390000000014 82858.37000000001 93625.795000000027 90550.175714285724 94325.000000000015 424678.58466219017 79923.230000000025 75388.630000000019 1069953.8230357144 1170112.9500000002 382296.36668734596 262.50000000000006 1170112.9500000002 742958.30500000005 388326.90521691699 361361.47975868621 1.0000000180025095e-35 17.500000000000004 120901.90928571431 160427.07000000004 116413.51428571429 119409.1792857143 121972.1142857143 95836.580000000016 117809.06250000001 698421.95500000007 669903.92625000014 286953.74001711066 166583.71000000002
decision_type=2 2 2 2 2 2 2 2 2 2 2 2 2 2 2 2 2 2 2 2 2 2 2 2 2 2 2 2 2 2
left_child=1 -1 -3 4 -4 -5 7 8 -2 12 -11 -12 13 14 15 18 17 -16 -9 20 22 -21 24 -24 -20 -26 27 29 -29 -23
right_child=6 2 3 5 -6 -7 -8 9 -10 10 11 -13 -14 -15 16 -17 -18 -19 19 21 -22 26 23 -25 25 -27 -28 28 -30 -31
leaf_value=-664.76454935718323 -63.646748298005335 12.361829519461754 -4.1163107427368235 8.9032839266990784 -91.921419991290179 -53.88421423900909 -2323.1245027005239 -326.14474922691011 -269.28198391054468 8566.377696229134 4192.4298341659132 -6986.7327415295676 233.72575106246441 -1973.6489389772353 -152.23970290821745 -1966.7861909759058 8804.9904097577473 7570.1364995022195 -58.099488266904523 -191.01087365558342 440.49678059316358 6.3565114909350093 -297.52892836279136 25.684213908652602 10.325328701113177 207.86725631752344 -1930.7698459237117 8009.476027586632 -3965.2633650028761 -34.777407681549086
leaf_weight=32 34 25 36 41 67 44 24 36 20 43 21 22 20 49 79 22 22 23 25 25 23 614 21 25 20 22 32 23 20 1565
leaf_count=32 34 25 36 41 67 44 24 36 20 43 21 22 20 49 79 22 22 23 25 25 23 614 21 25 20 22 32 23 20 1565
internal_value=-0.00103252 -0.00846939 -0.00598592 -0.00771277 -0.0123786 -0.00205882 -0.000388693 -0.000302922 -0.00648148 -0.000181686 0.00406977 -0.00174419 -0.00031883 -0.000396825 -0.000279168 -0.00049535 0.00403226 0.00196078 -0.000397797 -0.000279503 0.00330882 -0.000493638 0.00110619 -0.00434783 0.00485075 0.00952381 -0.000377107 -0.000270027 0.00755814 -0.000424507
internal_weight=3075 245 213 188 103 85 2830 2806 54 2752 86 43 2666 2646 2597 2473 124 102 2451 2415 136 2279 113 46 67 42 2254 2222 43 2179
internal_count=3075 245 213 188 103 85 2830 2806 54 2752 86 43 2666 2646 2597 2473 124 102 2451 2415 136 2279 113 46 67 42 2254 2222 43 2179
is_linear=0
shrinkage=0.05


Tree=102
num_leaves=31
num_cat=0
split_feature=1 10 5 6 3 5 3 7 5 6 0 10 10 9 0 5 5 2 6 2 1 5 6 5 5 6 0 1 3 10
split_gain=5.17607 5.18297 1.26946 1.17094 1.20071 1.79826 0.904976 1.73597 2.1243 0.775254 0.772224 1.07239 0.642222 0.663325 2.30288 3.12142 2.54809 1.56785 1.24836 1.42075 0.817638 1.34416 0.918547 1.2167 0.789263 0.749321 0.870941 1.42678 0.93335 2.17391
threshold=84908.630000000019 35.500000000000007 34194.460926803331 8249.7679279859785 115961.09571428572 31441.735362379535 90550.175714285724 5.5000000000000009 5869.527124083922 42210.887596326334 106896.07000000002 96.500000000000014 262.50000000000006 1.0000000180025095e-35 116945.16000000002 69911.154821609802 103256.24612878035 181105.11500000002 123793.04869707425 570289.31000000017 97422.390000000014 49896.830284152144 388326.90521691699 391598.77079542173 344057.21568908996 371329.70067227964 1170112.9500000002 1213230.8100000003 856184.22142857162 50.500000000000007
decision_type=2 2 2 2 2 2 2 2 2 2 2 2 2 2 2 2 2 2 2 2 2 2 2 2 2 2 2 2 2 2
left_child=1 -1 -3 6 5 -5 -2 8 -8 -4 11 -10 13 20 -15 17 -17 -16 -18 -20 21 -6 23 25 -24 26 27 28 -22 -30
right_child=3 2 9 4 12 -7 7 -9 10 -11 -12 -13 -14 14 15 16 18 -19 19 -21 22 -23 24 -25 -26 -27 -28 -29 29 -31
leaf_value=-580.83307318599873 3.8042421847429071 -83.160624974765966 25.820617737056455 306.59301477694828 -195.97533092472224 -10.181353985252281 -94.901260098404236 -118.9894622624459 6.8944016898472915 -122.53098412200126 120.92288416812299 -62.377921408899425 216.69260398187618 277.24482510403249 -27.10312232821525 787.50925685566551 -701.84064772187128 -243.86986984040561 1803.9630858021674 -1256.4371729618288 -6.7003604012792497 67.559052704782516 226.051027995543 5950.5552670960815 -4561.2648849909838 9504.5894379159345 -2378.3291562868458 5837.5509681490721 877.27665678913479 -9304.4707391259853
leaf_weight=46 49 42 21 28 51 46 28 20 27 46 23 39 21 21 50 36 20 38 46 37 2082 20 33 22 59 24 31 23 23 23
leaf_count=46 49 42 21 28 51 46 28 20 27 46 23 39 21 21 50 36 20 38 46 37 2082 20 33 22 59 24 31 23 23 23
internal_value=-0.000934959 -0.00983871 -0.00389908 -0.000462329 -0.00020117 0.00608108 -0.00430108 -0.00638686 -0.00405983 0.000373134 -0.000280899 -0.0030303 -0.00037594 -0.000445244 0.00201613 0.000550661 0.00521583 -0.00681818 0.00121359 0.00391566 -0.000700544 -0.00598592 -0.000538793 -0.000336625 -0.00543478 -0.000453309 -0.000549954 -0.000430033 -0.00056391 -0.0076087
internal_weight=3075 155 109 2920 2734 74 186 137 117 67 89 66 2660 2639 248 227 139 88 103 83 2391 71 2320 2228 92 2206 2182 2151 2128 46
internal_count=3075 155 109 2920 2734 74 186 137 117 67 89 66 2660 2639 248 227 139 88 103 83 2391 71 2320 2228 92 2206 2182 2151 2128 46
is_linear=0
shrinkage=0.05


Tree=103
num_leaves=31
num_cat=0
split_feature=4 2 4 7 7 1 1 10 4 5 0 4 5 2 1 10 4 2 5 4 6 10 1 0 0 5 4 5 5 1
split_gain=4.4286 3.76368 1.3634 0.893515 1.42398 3.18198 2.44745 0.823129 0.753062 0.651645 0.61631 0.565069 1.35383 1.19396 0.631748 0.501193 0.480034 1.47744 1.44421 0.78332 1.56596 1.36122 1.30825 1.23682 1.01001 0.992889 1.85106 0.990039 1.27906 1.32987
threshold=92576.328392857162 77807.390000000014 91271.17357142859 1.5000000000000002 3.5000000000000004 96519.655000000013 91147.715000000011 148.50000000000003 92051.925357142871 6448.5537910596022 1561492.3400000001 118687.7460714286 42715.319169421877 108071.99500000001 89777.440000000017 262.50000000000006 464517.94517857145 560115.69500000018 113855.66576723999 513273.52767857147 181076.79929150551 182.50000000000003 568239.64000000001 479004.31000000006 453330.6750000001 213030.78251489895 775175.06928571442 270830.12469758576 324285.28731276351 1078049.9500000002
decision_type=2 2 2 2 2 2 2 2 2 2 2 2 2 2 2 2 2 2 2 2 2 2 2 2 2 2 2 2 2 2
left_child=1 -1 -3 7 5 -5 -6 -4 -8 -2 11 12 13 -11 -13 16 17 -16 -19 21 -21 24 23 -23 -18 26 -22 -27 29 -29
right_child=9 2 3 4 6 -7 8 -9 -10 10 -12 14 -14 -15 15 -17 19 18 -20 20 25 22 -24 -25 -26 27 -28 28 -30 -31
leaf_value=-608.84546034392156 18.934718666246045 36.829314261598483 -42.984924638318631 32.272932577930625 4.7062723978502623 -40.897765287104995 -97.580411462326083 -92.420054312634605 -75.479029107041427 -147.80571776834768 -2162.5865918747268 -169.33219782623638 332.0867771884059 182.63776597239632 -10.279888449889768 211.20483331024661 1138.402480671424 154.80926433902934 -1567.0333008548159 -2268.5523115469782 -244.96195266777943 238.24915098718193 2741.8417064792102 -2108.5431538340476 4385.0849408044132 -1923.9697848873795 5976.8281988739154 8256.9752692320162 -391.83238657829355 -1506.592193333147
leaf_weight=32 21 43 21 22 24 24 26 28 25 24 29 113 20 23 1980 20 33 25 38 49 45 33 27 20 41 61 31 45 131 21
leaf_count=32 21 43 21 22 24 24 26 28 25 24 29 113 20 23 1980 20 33 25 38 49 45 33 27 20 41 61 31 45 131 21
internal_value=-0.001 -0.00744898 -0.00504695 -0.00705882 -0.00475207 0.00217391 -0.009 -0.0127551 -0.0151961 -0.000441696 -0.000507298 -0.000431655 0.00410448 -0.000531915 -0.000543679 -0.000384615 -0.000445736 -0.000795399 -0.00833333 0.000884544 -0.000326371 0.0038961 -0.000625 -0.00518868 0.00878378 0.000898204 0.00592105 -0.000581395 0.00114213 0.00681818
internal_weight=3075 245 213 170 121 46 75 49 51 2830 2809 2780 67 47 2713 2600 2580 2043 63 537 383 154 80 53 74 334 76 258 197 66
internal_count=3075 245 213 170 121 46 75 49 51 2830 2809 2780 67 47 2713 2600 2580 2043 63 537 383 154 80 53 74 334 76 258 197 66
is_linear=0
shrinkage=0.05


Tree=104
num_leaves=31
num_cat=0
split_feature=3 4 3 4 5 0 5 6 4 0 0 10 10 1 1 0 6 0 4 6 5 0 10 4 3 1 0 4 5 10
split_gain=4.0323 1.78105 1.97448 1.18197 1.15238 0.751111 0.643797 0.601157 0.563672 0.680556 0.524984 1.2895 2.19793 1.86366 1.2937 1.07058 0.979519 1.28601 0.82728 1.15444 0.94478 0.768002 0.615478 0.597652 1.29588 1.11364 1.4732 1.11215 1.24631 1.03052
threshold=87278.422857142883 92576.328392857162 90550.175714285724 91964.882142857168 5869.527124083922 90460.950000000026 6448.5537910596022 424678.58466219017 92294.763571428586 94270.685000000012 742958.30500000005 165.50000000000003 137.50000000000003 584401.12000000011 816783.13500000013 698421.95500000007 382296.36668734596 1027470.9200000002 760962.83553571452 284870.39884652669 315812.98684371059 1208396.8800000001 17.500000000000004 464517.94517857145 397755.18857142859 568239.64000000001 456941.59500000003 399269.9537500001 147182.69537654278 90.500000000000014
decision_type=2 2 2 2 2 2 2 2 2 2 2 2 2 2 2 2 2 2 2 2 2 2 2 2 2 2 2 2 2 2
left_child=-1 2 3 5 -4 -2 -3 10 9 -6 15 12 13 -12 -13 18 17 -15 19 22 -20 -18 -8 24 27 29 -27 -24 -29 -25
right_child=1 6 4 -5 8 -7 7 -9 -10 -11 11 14 -14 16 -16 -17 21 -19 20 -21 -22 -23 23 25 -26 26 -28 28 -30 -31
leaf_value=-464.96314352391641 -66.433063968950236 17.987982732933599 -85.584711074559891 7.1718307106566499 -62.181015130177911 6.654260992229684 -312.17908043724094 -1984.5005330402726 -33.586288273957329 2.3695554607424127 9828.9065457855522 -2677.0121345235852 8819.5814040504247 185.69161946759561 1251.7307439971366 -1577.7944980513655 8512.265624912794 -2163.2142092281315 6253.8787845255374 -1755.3359473648279 -1104.4874713553872 -7083.4472588298268 -5.6391087012001666 3578.2841914225924 -447.78866517724094 -292.95386394904637 2875.6077371330466 1535.6330188642214 -1201.8747222308216 -270.32262036543108
leaf_weight=38 20 21 35 22 36 25 36 24 33 36 32 20 26 61 39 35 20 31 22 43 21 21 1857 27 252 29 37 46 25 105
leaf_count=38 20 21 35 22 36 25 36 24 33 36 32 20 26 61 39 35 20 31 22 43 21 21 1857 27 252 29 37 46 25 105
internal_value=-0.000918699 -0.000716167 -0.00519324 0.00186567 -0.00857143 -0.00277778 -0.000388693 -0.000453898 -0.00595238 -0.00347222 -0.000385996 0.0018 0.00379581 0.00166667 -0.00466102 -0.000601578 -0.00093985 -0.00380435 -0.00048 -0.000600326 0.00639535 0.0054878 -0.000455675 -0.000357443 -0.00059633 0.00227273 0.00757576 -0.000155602 0.00598592 -0.000378788
internal_weight=3075 3037 207 67 140 45 2830 2809 105 72 2785 250 191 165 59 2535 133 92 2500 2457 43 41 2414 2378 2180 198 66 1928 71 132
internal_count=3075 3037 207 67 140 45 2830 2809 105 72 2785 250 191 165 59 2535 133 92 2500 2457 43 41 2414 2378 2180 198 66 1928 71 132
is_linear=0
shrinkage=0.05


Tree=105
num_leaves=31
num_cat=0
split_feature=2 5 5 3 0 3 10 0 2 3 4 1 2 4 1 2 10 0 5 10 1 10 0 1 3 2 1 4 4 0
split_gain=3.89705 2.43221 0.887263 0.954142 0.696222 0.785066 1.3241 0.651977 1.60254 1.38929 1.84163 1.13368 2.19268 1.58642 1.30884 1.08115 1.04052 0.955979 1.52111 1.0068 1.31642 1.85615 1.57613 1.30483 2.24533 2.48382 1.22601 1.24876 1.80191 1.11111
threshold=82743.585000000006 45327.026397994567 9198.2233382541726 118964.325 1561492.3400000001 1157977.4778571432 143.50000000000003 140047.98500000002 142422.09000000003 209372.7328571429 134558.59517857144 165720.92000000001 162563.47000000003 250432.3978571429 150548.70500000005 184225.86500000002 168.50000000000003 155484.37000000002 49641.373843985166 204.50000000000003 315261.07500000001 229.50000000000003 966850.47500000021 712211.72500000021 498526.83071428578 318555.50500000006 500514.67500000005 464517.94517857145 412390.29964285716 282461.83500000002
decision_type=2 2 2 2 2 2 2 2 2 2 2 2 2 2 2 2 2 2 2 2 2 2 2 2 2 2 2 2 2 2
left_child=1 2 -1 -4 5 7 -7 8 -2 10 -10 14 13 -13 -9 -16 -12 18 -14 26 21 29 23 24 25 -22 -19 28 -28 -21
right_child=4 -3 3 -5 -6 6 -8 11 9 -11 16 12 17 -15 15 -17 -18 19 -20 20 22 -23 -24 -25 -26 -27 27 -29 -30 -31
leaf_value=-172.7072804863823 -1.4840463217871731 31.997213957020723 -234.81864728932052 -485.78476086838856 -1366.8973623557774 -1525.090256133763 8309.720219201281 7.4690480321456567 -222.17702570951951 219.81026085436463 -542.30677935794813 -601.67844233109793 169.97512265456464 390.5280342662125 60.239598485178433 -244.49005635271897 -94.81985275164844 45.227782569093691 -58.191971993676276 -46.577203212337196 1035.0048559085642 -55.332596804622156 -2826.6623995166156 7839.5524804694469 -1361.330817582761 -43.835507198554119 -235.5217072457861 -185.05656936632005 -2169.6409931564094 -394.39925387299081
leaf_weight=26 561 35 41 27 22 20 21 217 53 34 45 44 20 25 84 31 26 971 25 40 38 92 21 21 21 143 52 261 21 32
leaf_count=26 561 35 41 27 22 20 21 217 53 34 45 44 20 25 84 31 26 971 25 40 38 92 21 21 21 143 52 261 21 32
internal_value=-0.000602606 -0.00910853 -0.0132979 -0.0102941 -0.000229514 -0.000162727 0.00670732 -0.000260598 -0.00156467 -0.00601266 -0.00846774 0.000173692 -0.000314724 -0.00905797 0.00286145 0.00717391 -0.0137324 2.84414e-05 0.00722222 -0.000160537 -0.00232843 -0.00579268 0 0.00123318 0 0.00179558 0.000517241 -0.00209581 -0.00787671 -0.0118056
internal_weight=3070 129 94 68 2941 2919 41 2878 719 158 124 2159 1827 69 332 115 71 1758 45 1713 408 164 244 223 202 181 1305 334 73 72
internal_count=3070 129 94 68 2941 2919 41 2878 719 158 124 2159 1827 69 332 115 71 1758 45 1713 408 164 244 223 202 181 1305 334 73 72
is_linear=0
shrinkage=0.05


Tree=106
num_leaves=31
num_cat=0
split_feature=2 3 4 0 6 7 2 6 1 1 1 0 2 6 1 2 2 4 6 4 4 4 3 4 2 0 2 7 1 3
split_gain=3.24628 1.56074 1.15009 0.696222 1.05414 1.46715 1.05338 0.802623 0.70902 1.21113 0.682506 0.635112 1.42956 2.1026 1.31208 0.949979 1.84287 1.47588 3.03376 1.40375 1.39141 1.22619 1.03374 2.25797 1.07347 1.73737 1.41098 1.55109 1.15183 1.42043
threshold=82743.585000000006 104367.94928571432 122373.84316964286 1561492.3400000001 371329.70067227964 1.5000000000000002 1270417.1000000003 388326.90521691699 1213230.8100000003 974722.88500000013 801519.06500000006 140047.98500000002 142422.09000000003 11778.350834494229 130257.54500000001 182107.81500000003 179619.46500000003 220050.96892857147 75939.08489602503 217614.23589285716 250432.3978571429 135068.69160714289 369276.96000000002 399269.9537500001 298085.09000000003 232009.21000000002 288753.74000000005 4.5000000000000009 238943.76000000004 239054.94642857145
decision_type=2 2 2 2 2 2 2 2 2 2 2 2 2 2 2 2 2 2 2 2 2 2 2 2 2 2 2 2 2 2
left_child=1 -1 -3 4 6 -6 8 -7 9 11 -9 12 -2 -14 -15 16 17 18 21 -17 -19 -13 23 24 26 -26 27 28 29 -21
right_child=3 2 -4 -5 5 7 -8 10 -10 -11 -12 15 13 14 -16 19 -18 20 -20 22 -22 -23 -24 -25 25 -27 -28 -29 -30 -31
leaf_value=-248.37434936485153 -1.40984400569796 28.406370019719908 -211.27386606006186 -1298.5524942379911 13242.582821486298 8758.6875649205322 -4169.0698997604777 -898.263717997144 5629.7422411066191 -1437.126616589082 413.55637510671517 20.191343952016908 -103.03003575299809 -744.37681005251909 -36.033377506225953 -49.468609236125488 101.68100440855488 -648.34460380430107 651.24071779494557 -781.52713378637714 77.539642970111899 -1.663032596823905 -210.23962987245469 1491.0852300569968 -354.96299807297038 140.34419956595522 -95.629916034895004 191.69662494552614 54.6635347344316 -97.612454547205573
leaf_weight=54 561 36 39 22 34 22 27 22 31 38 39 75 25 20 113 161 37 38 29 20 46 290 699 24 32 259 47 62 90 78
leaf_count=54 561 36 39 22 34 22 27 22 31 38 39 75 25 20 113 161 37 38 29 20 46 290 699 24 32 259 47 62 90 78
internal_value=-0.000570033 -0.00833333 -0.00366667 -0.000229514 -0.000162727 0.00448718 -0.000356888 0.000903614 -0.000261261 -0.00034621 -0.00204918 -0.000221729 -0.00149513 -0.0056962 -0.00319549 0.000239054 0.00208738 0.00125523 0.00253807 -0.000407609 -0.0047619 0.00130137 0.000133486 0.00163399 0.00102041 0.00317869 -0.00109428 0.0004 -0.0018617 -0.00561224
internal_weight=3070 129 75 2941 2919 117 2802 83 2775 2744 61 2706 719 158 133 1987 515 478 394 1472 84 365 1311 612 588 291 297 250 188 98
internal_count=3070 129 75 2941 2919 117 2802 83 2775 2744 61 2706 719 158 133 1987 515 478 394 1472 84 365 1311 612 588 291 297 250 188 98
is_linear=0
shrinkage=0.05


Tree=107
num_leaves=31
num_cat=0
split_feature=3 3 3 6 0 10 5 5 1 1 6 0 1 10 5 6 6 4 10 4 4 0 10 1 5 3 1 1 4 3
split_gain=3.00313 1.37949 2.57736 1.05495 0.965151 0.871177 0.743888 1.47746 1.06416 0.923562 0.811707 1.21595 0.705626 1.16373 0.60882 0.78679 1.40639 1.15516 1.73649 2.14286 1.38833 1.51111 1.6022 1.35813 0.890711 0.745428 1.36723 0.826243 2.11411 1.56715
threshold=89394.410000000018 90550.175714285724 94025.472857142871 7060.4013388903259 68316.825000000026 196.50000000000003 355492.42104653973 328924.07039972878 629150.43500000017 1461176.6550000003 371329.70067227964 1170112.9500000002 89777.440000000017 70.500000000000014 301338.93343541614 125262.425585351 122962.54071743919 464517.94517857145 187.50000000000003 387813.85142857145 414646.92553571431 318444.77500000008 99.500000000000014 432365.23500000004 139335.16524784229 413517.83500000002 383950.27000000008 315261.07500000001 262126.74732142859 299948.86500000005
decision_type=2 2 2 2 2 2 2 2 2 2 2 2 2 2 2 2 2 2 2 2 2 2 2 2 2 2 2 2 2 2
left_child=4 3 5 -2 -1 12 7 10 -8 -10 11 14 -3 -14 15 16 25 18 20 -20 21 22 -17 -21 -23 27 -27 -4 -29 -30
right_child=1 2 6 -5 -6 -7 8 -9 9 -11 -12 -13 13 -15 -16 17 -18 -19 19 23 -22 24 -24 -25 -26 26 -28 28 29 -31
leaf_value=-171.48655905385459 42.96514909938378 -48.109844861611421 -3.0284312370633417 -4.781428974421579 -356.57967622018589 -128.60299538543333 13457.019680780993 7031.3973175927676 -2873.3060661151248 5348.2551290512902 2679.6019785803555 -2035.2886888047797 18.767235115789301 -52.056204925513157 3227.9528744009485 -2704.5302496909094 2173.509158014343 101.18003752917139 1593.1431378289271 276.69955712452503 -2287.1276071862681 -382.13693826334639 -356.32333948757008 -1439.0848713921325 1483.7761199871109 549.42382192471712 -1381.6075440560555 -139.00332958591463 265.36390008365998 80.025076395331425
leaf_weight=22 28 30 1611 24 30 27 21 34 63 29 48 33 22 35 28 28 39 308 21 48 30 52 52 36 38 27 32 47 60 167
leaf_count=22 28 30 1611 24 30 27 21 34 63 29 48 33 22 35 28 28 39 308 21 48 30 52 52 36 38 27 32 47 60 167
internal_value=-0.000586319 -0.000381047 -0.000522589 0.00769231 -0.0125 -0.00789474 -0.00022791 -6.38919e-05 -0.00420354 -0.00652174 -0.000194085 -0.000310501 -0.00545977 -0.00219298 -0.000190549 -0.000269646 0.000214322 -0.00183524 -0.00401639 0.00119048 -0.00675 -0.005 -0.01 -0.00238095 -0.000555556 2.57202e-05 -0.00550847 0.000198939 0.00273723 0.00473568
internal_weight=3070 3018 2966 52 52 114 2852 2739 113 92 2705 2657 87 57 2624 2596 1983 613 305 105 200 170 80 84 90 1944 59 1885 274 227
internal_count=3070 3018 2966 52 52 114 2852 2739 113 92 2705 2657 87 57 2624 2596 1983 613 305 105 200 170 80 84 90 1944 59 1885 274 227
is_linear=0
shrinkage=0.05


Tree=108
num_leaves=31
num_cat=1
split_feature=4 2 4 6 7 5 0 6 0 4 4 2 0 2 5 6 5 7 6 2 0 0 0 4 11 7 7 2 5 2
split_gain=3.04433 1.08333 0.838518 1.79293 0.996817 1.3354 0.712127 0.665437 1.46581 1.22305 1.53521 1.08366 0.599659 0.61617 1.01671 1.325 0.781417 0.692221 1.29821 1.45209 1.4144 1.37143 1.4881 1.28136 1.22048 1.63277 2.99496 1.6525 1.56815 1.90414
threshold=88703.470250000013 73314.755000000019 92051.925357142871 7537.0338937629231 3.5000000000000004 5869.527124083922 1561492.3400000001 371329.70067227964 479004.31000000006 1031562.4142857144 1061388.8887500002 1270417.1000000003 1170112.9500000002 85593.180000000008 6448.5537910596022 7163.1150196360077 6055.1362497380405 1.0000000180025095e-35 149035.15484648271 162563.47000000003 318444.77500000008 203691.06500000003 180691.23000000001 517126.32982142863 0 1.5000000000000002 2.5000000000000004 126048.51000000002 53701.463740075189 152143.40500000003
decision_type=2 2 2 2 2 2 2 2 2 2 2 2 2 2 2 2 2 2 2 2 2 2 2 2 1 2 2 2 2 2
left_child=1 -1 3 4 5 -2 7 11 -9 -10 -11 12 13 -4 16 -16 -15 18 19 -17 21 22 -21 -20 25 -19 -27 -28 29 -29
right_child=2 -3 6 -5 -6 -7 -8 8 9 10 -12 -13 -14 14 15 17 -18 24 23 20 -22 -23 -24 -25 -26 26 27 28 -30 -31
leaf_value=-539.57653173988001 -15.548456750202604 -111.39018309871027 -49.299633689613621 -69.631666015580421 -36.4152401324056 54.724989766933142 -1089.9595662203326 -1096.9931289967442 12784.168696741946 -3325.9019666352251 6345.5213682633075 -3816.9511014666991 -1291.3344056092087 0.57627243048045784 -69.730652065070899 56.274582591693616 65.149723658071522 162.70602843578965 2345.3027058700859 -189.51968192861241 238.96498529739475 -250.92083649564739 201.63997339255513 -100.308411550225 7.7999119275089477 -634.48031578044038 32.709794411291661 -558.50818449150324 -126.78297733409563 -1226.7475106716506
leaf_weight=27 34 25 106 27 37 21 22 21 23 23 50 27 33 21 23 70 20 109 35 56 100 60 24 24 1536 103 113 42 233 25
leaf_count=27 34 25 106 27 37 21 22 21 23 23 50 27 33 21 23 70 20 109 35 56 100 60 24 24 1536 103 113 42 233 25
internal_value=-0.000504886 -0.0125 -0.000298211 -0.00441176 -0.00108696 0.00318182 -0.000129355 -6.08273e-05 0.00363248 0.00625 0.00308219 -0.000217391 -0.000118917 -3.7037e-05 0.000115652 -9.7924e-06 0.00792683 9.88142e-05 0.00210027 0.000806452 -0.00104167 -0.00428571 0 0.00889831 -0.000242943 -0.00208661 -0.00329457 -0.00139225 -0.00333333 -0.0100746
internal_weight=3070 52 3018 119 92 55 2899 2877 117 96 73 2760 2733 2700 2594 2553 41 2530 369 310 240 140 80 59 2161 625 516 413 300 67
internal_count=3070 52 3018 119 92 55 2899 2877 117 96 73 2760 2733 2700 2594 2553 41 2530 369 310 240 140 80 59 2161 625 516 413 300 67
cat_boundaries=0 1
cat_threshold=1
is_linear=0
shrinkage=0.05


Tree=109
num_leaves=31
num_cat=1
split_feature=3 3 5 0 6 5 5 1 1 7 0 1 6 5 0 5 6 5 3 10 6 7 3 3 1 5 5 7 5 11
split_gain=3.01135 1.06548 2.52249 0.965151 0.807692 0.710469 1.11101 1.06416 0.923562 0.859976 1.23826 2.41783 2.09275 1.58478 1.70252 1.37027 1.35834 1.00616 0.86277 1.2761 1.11362 2.071 1.23379 1.85124 1.65541 0.945502 1.45123 1.11978 1.23751 0.97855
threshold=89394.410000000018 90550.175714285724 5869.527124083922 68316.825000000026 7060.4013388903259 355492.42104653973 328924.07039972878 629150.43500000017 1461176.6550000003 1.0000000180025095e-35 318444.77500000008 164631.90500000003 23339.215177672169 38817.407993640089 213621.71500000003 83996.429739810948 13477.038953115489 50134.18121885624 94025.472857142871 53.500000000000007 23339.215177672169 5.5000000000000009 295109.18428571435 299181.59500000003 196164.30500000002 25191.250864867772 19703.031618189645 4.5000000000000009 30721.231188236601 0
decision_type=2 2 2 2 2 2 2 2 2 2 2 2 2 2 2 2 2 2 2 2 2 2 2 2 2 2 2 2 2 1
left_child=3 4 -3 -1 -2 6 9 -7 -9 10 11 16 -13 -14 17 -12 -4 -15 19 -11 21 22 24 -24 -20 26 -22 28 -27 -30
right_child=1 2 5 -5 -6 7 -8 8 -10 18 15 12 13 14 -16 -17 -18 -19 20 -21 25 -23 23 -25 -26 27 -28 -29 29 -31
leaf_value=-135.93340451416807 41.191196252407465 -52.877164510685546 1.8084811631917548 -320.03856074585531 -2.7215955190797105 12144.960261904851 6711.9158140551735 -2730.0307584057446 5080.4523770023488 1.2088190420508909 1352.5036603642061 -278.82886010065266 232.18887367762801 -43.324864234673441 -682.65689465209732 430.72311284376775 284.85867819222329 138.46876728285133 21.660295235695958 -70.255319639386286 53.112057765535432 -80.124280730073593 499.43011651553974 47.163617039209932 -221.15085582364264 95.02846299501617 -133.71573048636492 34.612576817773515 -92.826475165324524 70.941704139127978
leaf_weight=22 28 41 57 30 24 21 34 63 29 21 20 23 23 31 35 142 43 26 309 41 30 78 27 40 22 30 41 587 764 388
leaf_count=22 28 41 57 30 24 21 34 63 29 21 20 23 23 31 35 142 43 26 309 41 30 78 27 40 22 30 41 587 764 388
internal_value=-0.000570033 -0.00036448 -0.000488874 -0.0125 0.00673077 -0.000316239 -0.000160028 -0.00420354 -0.00652174 -0.000269978 0.001875 -0.000420168 -0.00471014 -0.00195652 -0.0048913 0.00524691 0.0055 0.000438596 -0.000630782 -0.00645161 -0.000474957 0.00168067 0.0031407 0.00932836 0.00188822 -0.00103261 -0.00669014 -0.00080554 -0.00169205 -0.00195312
internal_weight=3070 3018 2966 52 52 2925 2812 113 92 2778 400 238 138 115 92 162 100 57 2378 62 2316 476 398 67 331 1840 71 1769 1182 1152
internal_count=3070 3018 2966 52 52 2925 2812 113 92 2778 400 238 138 115 92 162 100 57 2378 62 2316 476 398 67 331 1840 71 1769 1182 1152
cat_boundaries=0 1
cat_threshold=3
is_linear=0
shrinkage=0.05


Tree=110
num_leaves=31
num_cat=2
split_feature=5 1 6 1 1 4 6 3 7 11 0 5 1 4 4 6 6 5 1 6 5 0 5 3 0 4 6 7 1 11
split_gain=2.57908 1.93891 2.1014 0.969599 0.849606 0.816553 0.643244 1.08779 0.803632 1.2248 1.68497 1.59174 0.980888 2.98106 1.6491 1.1494 0.783171 1.13866 2.00267 0.844613 0.984043 0.783032 0.666125 2.82741 1.2532 1.69626 1.40703 1.32048 3.11938 1.90418
threshold=4874.8839069713058 79923.230000000025 34958.101065373776 75388.630000000019 1391885.1650000003 1069953.8230357144 420523.54045574507 1157977.4778571432 1.0000000180025095e-35 0 369617.96500000003 36772.388162109717 424970.04000000004 506212.04999999999 791081.76035714301 131447.28535472744 107906.13446047829 12916.928695511595 128088.22000000002 21653.030173840481 88530.763104210273 92939.950000000026 49896.830284152144 150239.20714285717 162742.00000000003 202838.42660714287 68069.032986903228 2.5000000000000004 179673.77000000002 1
decision_type=2 2 2 2 2 2 2 2 2 1 2 2 2 2 2 2 2 2 2 2 2 2 2 2 2 2 2 2 2 1
left_child=-1 2 -2 -4 6 -6 7 8 9 10 11 -3 15 -14 -15 16 17 18 21 -19 -21 -11 -10 -24 25 -25 -26 29 -29 -28
right_child=1 4 3 -5 5 -7 -8 -9 22 12 -12 -13 13 14 -16 -17 -18 19 -20 20 -22 -23 23 24 26 -27 27 28 -30 -31
leaf_value=-90.072169058702286 -550.33907806281866 756.1551357986566 45.392513136273195 -184.75947547476645 -6841.8797817839404 -245.96336116575404 -5256.8064870360604 5854.9154598179803 -12.126939766644501 -1.5621502063258959 2018.4445115182782 -92.373201093956595 -2373.4849522554809 2321.0979439536954 -1417.2648445010652 3814.7417559934929 -1265.0417918593594 39.925037922883348 -198.7113685013901 -1.1835221757988621 938.38319870740088 40.951969652512346 169.22407248324237 -744.4745087563665 315.68892152813061 -37.56011428316706 777.7386786795222 565.03783920005662 32.881947976886295 -298.57703546275008
leaf_weight=41 30 20 29 20 22 29 26 32 1034 21 37 63 33 22 21 21 21 25 27 74 20 23 53 36 24 92 192 43 759 199
leaf_count=41 30 20 29 20 22 29 26 32 1034 21 37 63 33 22 21 21 21 25 27 74 20 23 53 36 24 92 192 43 759 199
internal_value=-0.000348009 -0.000180446 -0.00791139 -0.00153061 2.5261e-05 -0.00637255 0.00013708 0.000207469 0.000104895 0.0021028 0.00615385 0.00271084 0.000314465 -0.00460526 0.00406977 0.00193966 0.000829384 0.00184211 -0.00316901 0.00483193 0.00265957 0.00340909 -0.000246711 0.00046495 1.85874e-05 -0.0046875 0.000513558 0.000272422 0.00143392 -0.00210997
internal_weight=3089 3048 79 49 2969 51 2918 2892 2860 428 120 83 308 76 43 232 211 190 71 119 94 44 2432 1398 1345 128 1217 1193 802 391
internal_count=3089 3048 79 49 2969 51 2918 2892 2860 428 120 83 308 76 43 232 211 190 71 119 94 44 2432 1398 1345 128 1217 1193 802 391
cat_boundaries=0 1 2
cat_threshold=1 4
is_linear=0
shrinkage=0.05


Tree=111
num_leaves=31
num_cat=1
split_feature=2 5 5 1 3 2 2 6 6 3 3 0 1 1 1 5 1 0 0 6 2 6 5 7 7 11 0 1 0 2
split_gain=2.12427 1.57356 0.745175 1.49361 0.838932 1.07692 0.976335 0.982793 0.895398 0.830822 0.967503 1.73461 0.75 0.731655 0.694444 0.691558 1.07515 1.55096 1.38935 1.07002 0.991387 2.26808 0.968701 1.59934 0.938995 1.09889 1.32338 1.30996 1.6469 1.03274
threshold=86338.800000000003 5634.4964057764419 324285.28731276351 537380.32500000007 671601.76142857154 687025.37000000011 974722.88500000013 314635.54880529764 281981.5255516576 1043417.1457142859 1137244.5357142859 1208396.8800000001 974722.88500000013 69474.885000000009 1078049.9500000002 9834.2204413155941 88895.295000000013 91147.715000000011 95836.580000000016 10172.673165672535 142422.09000000003 11235.215696525898 8173.6081815914886 3.5000000000000004 1.0000000180025095e-35 0 412361.76000000007 424970.04000000004 463300.02500000008 153983.22500000003
decision_type=2 2 2 2 2 2 2 2 2 2 2 2 2 2 2 2 2 2 2 2 2 2 2 2 2 1 2 2 2 2
left_child=1 -1 4 -4 8 -6 12 -8 15 -5 -11 -12 -7 -3 -9 16 -2 -18 -19 -17 22 -22 -20 -24 25 27 29 -21 -29 -27
right_child=2 13 3 9 5 6 7 14 -10 10 11 -13 -14 -15 -16 19 17 18 20 24 21 -23 23 -25 -26 26 -28 28 -30 -31
leaf_value=-116.100212838858 -38.26528226402079 -523.73006828342659 9878.5242624780585 -1748.0538065855683 6337.2330141544171 803.63640142797385 -1246.0682077696024 8319.792326316563 -1027.6808375855639 3348.3896580014293 3675.5452048310544 -10044.218395363605 -6554.10542943567 -20.10001910583378 695.72837369741762 57.039109102649675 26.539657762998104 -70.068514764334395 22.346982127549929 54.979154412246139 -125.18046338157875 15.12099480566394 25.565884668198851 -100.25929442639899 -5.18146111414244 413.29383618693794 2995.2209120851508 -1670.7434621896755 738.40093060450897 8.3388765596711902
leaf_weight=29 21 20 26 62 39 24 23 25 40 34 21 23 24 125 20 49 36 48 92 117 29 28 34 23 1861 22 27 24 22 121
leaf_count=29 21 20 26 62 39 24 23 25 40 34 21 23 24 125 20 49 36 48 92 117 29 28 34 23 1861 22 27 24 22 121
internal_value=-0.000380382 -0.00574713 -6.00343e-05 -0.00331325 0.000136413 0.00370968 0.0012931 0.00514706 -7.7101e-05 -0.00535714 -0.00192308 -0.00681818 -0.00416667 -0.00362069 0.00944444 3.91543e-05 -0.00217042 -0.00137931 -0.00275591 0.000345519 -0.000970874 -0.00657895 0.0011745 -0.00394737 0.000182315 0.00262763 0.00527778 -0.000433526 -0.0076087 0.00367133
internal_weight=3089 174 2915 166 2749 155 116 68 2594 140 78 44 48 145 45 2554 311 290 254 2243 206 57 149 57 2194 333 170 163 46 143
internal_count=3089 174 2915 166 2749 155 116 68 2594 140 78 44 48 145 45 2554 311 290 254 2243 206 57 149 57 2194 333 170 163 46 143
cat_boundaries=0 1
cat_threshold=6
is_linear=0
shrinkage=0.05


Tree=112
num_leaves=31
num_cat=1
split_feature=5 1 4 0 10 1 4 4 3 3 6 10 5 10 5 5 0 4 5 1 4 1 3 10 10 4 1 11 7 1
split_gain=2.08674 1.39313 0.690877 1.12267 1.56839 1.01673 0.930118 1.41458 2.47339 1.56818 1.19536 1.07189 0.917675 2.12985 1.35277 0.896359 0.889031 0.787267 0.904493 0.775458 0.751111 0.697168 0.638455 1.91975 1.54561 1.26654 1.16211 1.15619 1.61683 1.71667
threshold=4874.8839069713058 69474.885000000009 1162410.4671428574 1121804.6600000001 194.50000000000003 1005808.2800000001 476945.73303571431 513273.52767857147 508943.45071428578 498526.83071428578 170736.09711433004 214.50000000000003 324285.28731276351 121.50000000000001 285611.02608859289 193358.77887970794 902965.40000000014 440513.60017857148 105817.25042322236 816783.13500000013 501511.33589285723 836376.76500000013 411163.68000000011 249.50000000000003 202.50000000000003 412390.29964285716 508344.71500000008 0 5.5000000000000009 319151.15000000008
decision_type=2 2 2 2 2 2 2 2 2 2 2 2 2 2 2 2 2 2 2 2 2 2 2 2 2 2 2 1 2 2
left_child=-1 -2 3 6 5 -5 10 8 -8 -9 22 12 13 14 15 -11 21 18 -12 -15 -10 -14 27 24 25 26 -24 28 29 -3
right_child=1 2 -4 4 -6 -7 7 9 20 11 17 -13 16 19 -16 -17 -18 -19 -20 -21 -22 -23 23 -25 -26 -27 -28 -29 -30 -31
leaf_value=-83.655296492565697 -497.54356486925502 3085.3422708552534 5421.5004295894705 3844.2099151805305 -9588.0317552971192 -1724.7302190412884 1919.2724029252088 -585.82365681105 -2127.4026091076639 2948.9938504421038 -783.11106193513558 7903.8027100007403 2325.3370562909754 -3317.6422703430844 14761.168055440672 -410.46618773976371 3555.520094059274 469.19763848020233 -2504.9965228769756 1272.0793620248733 1939.4825357898314 -4069.0316366269167 -355.73044184580652 1286.1921686658361 -1305.7263585646813 -1984.282165058481 2678.2881367035111 -2.5775938163707908 -1001.9255034459129 1139.4563085988034
leaf_weight=41 34 57 24 30 24 32 80 38 20 42 23 23 20 29 21 60 26 21 25 23 25 34 52 28 40 34 24 2029 26 104
leaf_count=41 34 57 24 30 24 32 80 38 20 42 23 23 20 29 21 60 26 21 25 23 25 34 52 28 40 34 24 2029 26 104
internal_value=-0.000380382 -0.000229659 -0.000116125 -0.000183946 -0.00581395 -0.0016129 -1.72176e-05 0.00209751 0.0066 0.000316456 -0.000395859 0.00161871 0.000686275 0.00271429 0.00630081 0.00392157 -0.00375 -0.00688406 -0.0104167 -0.00576923 -0.00277778 -0.00740741 -0.000208855 -0.00308989 -0.00533333 -0.00227273 0.00131579 2.25632e-05 0.0036802 0.00574534
internal_weight=3089 3048 3014 2990 86 62 2904 441 125 316 2463 278 255 175 123 102 80 69 48 52 45 54 2394 178 150 110 76 2216 187 161
internal_count=3089 3048 3014 2990 86 62 2904 441 125 316 2463 278 255 175 123 102 80 69 48 52 45 54 2394 178 150 110 76 2216 187 161
cat_boundaries=0 1
cat_threshold=4
is_linear=0
shrinkage=0.05


Tree=113
num_leaves=31
num_cat=0
split_feature=5 2 2 1 0 10 10 4 2 6 2 5 5 4 10 10 2 0 6 1 10 6 10 7 1 1 1 5 0 10
split_gain=2.09278 1.31762 1.28926 0.656053 0.706744 2.21344 1.37755 1.14784 1.16508 1.14974 1.19417 1.24229 1.03624 0.975485 1.89664 1.61894 0.971645 0.955857 0.948513 1.03601 0.923108 0.919796 1.0933 0.881661 1.07288 0.869092 0.838401 0.813832 0.971445 0.721154
threshold=4874.8839069713058 69621.24500000001 89783.920000000013 1565539.9750000003 1121804.6600000001 190.50000000000003 152.50000000000003 476945.73303571431 553620.76000000013 164136.70395113775 458903.97500000003 104116.03570179307 151344.0809054276 513273.52767857147 214.50000000000003 90.500000000000014 196971.24000000002 405023.70000000007 176048.9093020412 489230.06000000006 37.500000000000007 275537.99546421139 75.500000000000014 1.0000000180025095e-35 479155.55500000005 383950.27000000008 1005808.2800000001 344057.21568908996 479004.31000000006 109.50000000000001
decision_type=2 2 2 2 2 2 2 2 2 2 2 2 2 2 2 2 2 2 2 2 2 2 2 2 2 2 2 2 2 2
left_child=2 -2 -1 4 7 6 26 8 9 10 -3 -12 17 18 15 20 -11 -13 -9 -20 -15 22 -22 -10 -25 -17 -6 28 -27 -30
right_child=1 3 -4 -5 5 -7 -8 13 23 16 11 12 -14 14 -16 25 -18 -19 19 -21 21 -23 -24 24 -26 27 -28 -29 29 -31
leaf_value=-119.94656383410039 -472.66638662579248 -1.7754434977759956 -21.272682751271351 -4675.2069080902902 525.51539546629363 -9349.5543581853999 7507.8908733693188 1786.7630419499387 448.22067089731138 106.20560133877808 1096.5909452361593 831.58847594046676 3030.8433949565078 -2079.8572919311587 7962.7358072852485 -2553.2780619977625 -1173.4676791660611 -779.6877722405975 1398.4468173491362 -362.32899700573762 -1200.2605549929083 5883.5981394374166 5355.0093377951707 -734.11901598147381 -1876.1294782376035 -566.86836115515905 -3157.7484779391671 -4418.4867576249917 2277.839426263678 100.11568824922142
leaf_weight=21 36 2198 20 24 24 22 21 65 22 22 42 22 23 32 21 29 48 26 32 28 34 37 22 36 22 31 25 26 24 54
leaf_count=21 36 2198 20 24 24 22 21 65 22 22 42 22 23 32 21 29 48 26 32 28 34 37 22 36 22 31 25 26 24 54
internal_value=-0.000364196 -0.000213255 -0.0115854 -9.96016e-05 -3.34672e-05 -0.00434783 0 0.000103591 -0.000314913 -0.000115498 7.57248e-05 0.0050885 0.00105634 0.00247126 0.000967742 -8.65052e-05 -0.00642857 -0.003125 0.0062 0.00166667 0.0042 0.00672043 0.00267857 -0.00625 -0.00948276 -0.00335366 -0.00459184 -0.00166667 0.000229358 0.00320513
internal_weight=3089 3048 41 3012 2988 92 70 2896 2461 2381 2311 113 71 435 310 289 70 48 125 60 125 93 56 80 58 164 49 135 109 78
internal_count=3089 3048 41 3012 2988 92 70 2896 2461 2381 2311 113 71 435 310 289 70 48 125 60 125 93 56 80 58 164 49 135 109 78
is_linear=0
shrinkage=0.05


Tree=114
num_leaves=31
num_cat=0
split_feature=2 5 1 4 4 3 2 3 0 7 1 4 2 3 0 10 10 10 10 3 0 3 1 0 1 1 10 10 10 0
split_gain=1.76373 0.912108 0.656053 0.543802 1.35796 2.45994 1.15319 0.900901 1.1674 0.881661 1.07288 0.858634 0.783979 0.8413 0.766048 1.58732 1.47108 1.36851 0.913043 0.841492 0.79509 0.708967 1.02097 0.942308 0.674058 0.67155 0.6457 1.98632 1.37886 1.53268
threshold=69621.24500000001 4874.8839069713058 1565539.9750000003 476945.73303571431 513273.52767857147 508943.45071428578 553620.76000000013 498526.83071428578 357901.85000000003 1.0000000180025095e-35 479155.55500000005 501511.33589285723 509633.48000000004 483066.75000000006 1121804.6600000001 214.50000000000003 190.50000000000003 109.50000000000001 152.50000000000003 1109623.6864285718 566263.16500000015 798706.82857142866 869690.97500000021 902965.40000000014 772552.72500000009 375168.83000000002 120.50000000000001 128.50000000000003 95.500000000000014 181454.00000000003
decision_type=2 2 2 2 2 2 2 2 2 2 2 2 2 2 2 2 2 2 2 2 2 2 2 2 2 2 2 2 2 2
left_child=-1 -2 3 6 5 25 12 -6 -9 -8 -11 -7 13 26 15 17 18 20 19 -16 -10 -22 -23 -24 -19 -5 28 -28 -3 -30
right_child=1 2 -4 4 7 11 9 8 14 10 -12 -13 -14 -15 16 -17 -18 24 -20 -21 21 22 23 -25 -26 -27 27 -29 29 -31
leaf_value=-465.66803214039248 -67.470403387409903 -2.359941950663051 -4441.4465626857773 345.4418081172451 -496.93004534046634 -2644.9223391356009 425.80963735244586 7729.817714378727 -1459.3376637775975 -697.41306518239878 -1782.3230043257238 1772.5860681328807 756.95770817822779 -1931.183804592371 -2888.3672837207882 7337.5374005287194 -8687.1767293246812 -2968.672459730547 7132.4963297008544 71.65420354765665 6575.2278205662533 -2308.7669151524055 -76.82074936925784 4150.758987218951 473.22220995086832 2554.7773924790617 104.2069741417814 1.3934609191834171 -88.82969418943685 43.231135453941533
leaf_weight=39 38 769 24 21 37 21 22 20 27 36 22 25 41 23 22 20 21 44 21 26 38 34 26 26 38 59 73 1264 123 89
leaf_count=39 38 769 24 21 37 21 22 20 27 36 22 25 41 23 22 20 21 44 21 26 38 34 26 26 38 59 73 1264 123 89
internal_value=-0.000331823 -0.000196721 -9.96016e-05 -3.34672e-05 0.00142586 0.00595238 -0.000345248 0 0.000757576 -0.00625 -0.00948276 -0.00326087 -0.000146935 -0.00026698 7.28863e-05 0.00148221 -0.00388889 0.000321888 -0.000362319 -0.00416667 0.0031457 0.00483871 0.00232558 0.00673077 -0.00487805 0.01125 -0.000172563 0.000542259 -0.00114679 -0.00471698
internal_weight=3089 3050 3012 2988 526 126 2462 400 363 80 58 46 2382 2341 343 253 90 233 69 48 151 124 86 52 82 80 2318 1337 981 212
internal_count=3089 3050 3012 2988 526 126 2462 400 363 80 58 46 2382 2341 343 253 90 233 69 48 151 124 86 52 82 80 2318 1337 981 212
is_linear=0
shrinkage=0.05


Tree=115
num_leaves=31
num_cat=0
split_feature=2 5 1 2 0 2 3 1 4 0 2 2 1 1 2 4 0 2 2 3 5 2 4 0 0 2 2 5 0 1
split_gain=2.18014 1.25051 0.944532 0.709113 1.41286 0.996365 0.932489 1.00045 0.727867 0.607115 0.585048 1.17371 0.974252 1.85443 1.14286 0.857892 0.63124 0.612951 1.16667 0.565477 0.478139 0.418762 1.5773 1.17588 1.26533 1.1629 1.61254 1.47943 2.07491 1.4278
threshold=82743.585000000006 48556.320582300948 97422.390000000014 90508.205000000016 87111.185000000012 95495.160000000018 91599.966428571453 87041.410000000018 91964.882142857168 92939.950000000026 97422.390000000014 103297.645 97422.390000000014 117803.21000000001 129389.77 121805.80410714286 95836.580000000016 116554.55500000001 141486.30000000002 115961.09571428572 39881.807417089971 560115.69500000018 440513.60017857148 310110.58500000002 473850.27500000008 516985.39500000008 501588.40000000008 228399.33823534072 661823.4800000001 424970.04000000004
decision_type=2 2 2 2 2 2 2 2 2 2 2 2 2 2 2 2 2 2 2 2 2 2 2 2 2 2 2 2 2 2
left_child=1 2 -1 4 -2 8 -6 -8 -5 -10 16 15 17 14 20 -12 -7 -13 -19 -15 -14 25 -23 -24 -25 26 27 28 -21 -27
right_child=3 -3 -4 5 6 10 7 -9 9 -11 11 12 13 19 -16 -17 -18 18 -20 21 -22 22 23 24 -26 29 -28 -29 -30 -31
leaf_value=-165.69660419351823 -51.434942160748328 26.494402134443956 -78.3646687724613 -71.460077995572291 6.4758920154614321 37.372093510325065 34.232352597416686 -8.6986489161408826 27.828828425139729 -33.977236695184914 -13.056765015637211 -151.53183827168178 82.46168741615584 144.07348676482363 -100.45096039817655 -371.57643431801773 -29.753223868885108 159.73432908524993 -1039.1690494182135 -4.3102289831847882 146.83117317517608 -1049.9428282771144 2320.8376906311373 -1181.1077895950657 -101.3257293223258 -736.65182268363424 -1176.9684150764865 1344.9804978446396 -3047.3777362860365 2118.554458577582
leaf_weight=78 33 23 20 36 25 27 20 38 20 46 41 27 20 32 21 21 23 21 21 1849 22 48 21 52 286 24 25 53 33 52
leaf_count=78 33 23 20 36 25 27 20 38 20 46 41 27 20 32 21 21 23 21 21 1849 22 48 21 52 286 24 25 53 33 52
internal_value=-0.000654022 -0.0072314 -0.00969388 -0.000383044 0.00344828 -0.000540588 0.00692771 0.00344828 -0.00539216 -0.00227273 -0.000358588 -0.000458973 -0.000297277 -0.000137904 0.00833333 -0.00725806 0.005 -0.00615942 -0.00238095 -0.000353535 0.0130952 -0.000440033 -0.00190418 -0.000766017 -0.00147929 -0.000147348 -0.000382653 -0.000219638 -0.000451647 0.00592105
internal_weight=3058 121 98 2937 116 2821 83 58 102 66 2719 2669 2607 2538 63 62 50 69 42 2475 42 2443 407 359 338 2036 1960 1935 1882 76
internal_count=3058 121 98 2937 116 2821 83 58 102 66 2719 2669 2607 2538 63 62 50 69 42 2475 42 2443 407 359 338 2036 1960 1935 1882 76
is_linear=0
shrinkage=0.05


Tree=116
num_leaves=31
num_cat=0
split_feature=10 1 6 10 3 4 7 10 10 0 0 0 1 0 0 7 0 10 0 10 4 0 4 4 1 3 1 3 3 10
split_gain=1.36168 1.17633 1.35206 0.789186 0.728602 0.777044 1.08433 0.6232 1.34185 0.685352 1.66896 1.03261 1.26261 0.551325 0.667456 0.87236 0.844096 0.882353 0.503023 0.442041 0.429055 0.483348 1.21305 1.26503 1.09734 0.651853 1.5396 1.754 1.44665 1.19396
threshold=262.50000000000006 78050.005000000019 35613.574765394944 256.50000000000006 90151.568571428594 115910.37714285716 1.0000000180025095e-35 242.50000000000003 240.50000000000003 174095.48500000002 246158.66500000001 386153.45500000002 489230.06000000006 82858.37000000001 98820.410000000018 1.5000000000000002 91147.715000000011 69.500000000000014 89761.785000000018 249.50000000000003 117809.06250000001 182422.28000000003 174474.69571428574 152628.5092857143 313503.2950000001 396004.79571428575 428246.89500000008 369276.96000000002 303409.37785714294 151.50000000000003
decision_type=2 2 2 2 2 2 2 2 2 2 2 2 2 2 2 2 2 2 2 2 2 2 2 2 2 2 2 2 2 2
left_child=1 2 -1 4 18 6 -6 8 20 19 -11 -12 -13 -8 15 -15 -17 -18 -3 -9 -7 24 23 -23 -22 26 -24 28 -28 -29
right_child=-2 3 -4 -5 5 7 13 9 -10 10 11 12 -14 14 -16 16 17 -19 -20 -21 21 22 25 -25 -26 -27 27 29 -30 -31
leaf_value=-346.41868321956792 206.60815576943423 -8.082136563194581 -37.626539939686339 -181.33979296749641 2.3995641970028374 132.79980899310431 34.447747616008932 79.510335576989746 -497.50699544354575 -309.67975920815735 330.41294184937726 -824.18959469730623 2792.8511472479586 -98.661626295249519 16.479234275520138 6.1908910203088459 -3.5777147869801413 -62.004995791789774 37.23295822783475 16.510078146739399 -10.188380958016205 -5.1392057215489331 -1.6954286344654976 214.58207700911882 -1303.6213748233961 -212.50586272236689 978.32296331167458 765.15803448717929 1342.4825467591029 -859.05062735750403
leaf_weight=36 25 22 41 68 26 24 20 24 21 20 34 27 23 20 25 24 20 48 27 25 835 45 674 50 26 728 27 23 26 24
leaf_count=36 25 22 41 68 26 24 20 24 21 20 34 27 23 20 25 24 20 48 27 25 835 45 674 50 26 728 27 23 26 24
internal_value=-0.000621321 -0.000717112 -0.00681818 -0.000558187 -0.000432825 -0.000537161 -0.00368852 -0.00032003 -0.000509389 0.00277778 0.000480769 0.00357143 -0.001 -0.00525478 -0.00638686 -0.00803571 -0.00597826 -0.00882353 0.00561224 0.00765306 -0.000402901 -0.00046786 4.69631e-05 0.00552632 -0.00142276 -0.000299601 0.000710594 0.0065 0.0127358 -0.000531915
internal_weight=3058 3033 77 2956 2888 2839 183 2656 2503 153 104 84 50 157 137 112 92 68 49 49 2482 2458 1597 95 861 1502 774 100 53 47
internal_count=3058 3033 77 2956 2888 2839 183 2656 2503 153 104 84 50 157 137 112 92 68 49 49 2482 2458 1597 95 861 1502 774 100 53 47
is_linear=0
shrinkage=0.05


Tree=117
num_leaves=31
num_cat=0
split_feature=2 10 7 2 10 10 2 10 10 6 3 4 0 2 2 4 10 3 4 10 0 2 10 0 6 4 2 2 3 2
split_gain=1.69525 1.31801 0.977821 0.884754 0.900077 0.826934 0.6 0.508267 0.788676 0.628371 0.721264 0.914286 1.66667 0.612999 0.910495 1.02201 0.65749 0.619797 0.872103 1.63482 0.6 0.552166 0.541143 0.51695 0.985632 1.00033 0.869596 1.85011 1.74382 1.44746
threshold=82743.585000000006 73.500000000000014 1.5000000000000002 84936.565000000017 262.50000000000006 256.50000000000006 73314.755000000019 242.50000000000003 240.50000000000003 142629.21340348822 123419.90785714287 173068.33892857147 246158.66500000001 1349801.5700000001 1083362.1950000001 1039200.7830357144 17.500000000000004 90151.568571428594 92102.088898809539 95.500000000000014 386153.45500000002 87837.290000000023 137.50000000000003 191853.80500000002 20961.702775947928 298233.88178571436 185465.33000000005 178656.47000000003 223240.32214285719 181105.11500000002
decision_type=2 2 2 2 2 2 2 2 2 2 2 2 2 2 2 2 2 2 2 2 2 2 2 2 2 2 2 2 2 2
left_child=1 6 -3 -2 5 7 -1 8 13 10 -9 -12 -13 14 16 -16 -5 -18 19 -19 -14 -20 -21 26 25 -25 27 28 -23 -29
right_child=3 2 -4 4 -6 -7 -8 9 -10 -11 11 12 20 -15 15 -17 17 18 21 22 -22 23 -24 24 -26 -27 -28 29 -30 -31
leaf_value=-362.15608225364849 9.7821735729099615 -105.2142082924962 60.468486721387677 -165.90356921048954 196.27774798096218 -223.90752741622418 -73.376492050327215 -196.74774511050893 -426.29829779057332 -412.78266648393475 113.48096564703556 -235.541883691978 313.89229475690809 2199.5369445200718 -215.49355735004212 -6479.7238599490902 21.433660837625212 16.548040586271963 91.152085473969791 -65.357305085858385 282.50761242525334 -5.7458497027968409 -34.078222860160899 1008.7852240239067 0.17906470441739658 6.7451569500408368 -198.22610285488338 139.87073323926307 -739.5712678276949 36.2221916186827
leaf_weight=30 25 27 34 48 25 66 30 22 23 27 32 20 30 50 26 27 37 21 32 23 30 679 29 21 1344 27 184 31 21 37
leaf_count=30 25 27 34 48 25 66 30 22 23 27 32 20 30 50 26 27 37 21 32 23 30 679 29 21 1344 27 184 31 21 37
internal_value=-0.000604971 -0.00640496 -0.00122951 -0.00036602 -0.000446429 -0.00052823 -0.0116667 -0.000398795 -0.00056391 0.00232919 0.00373134 0.00535714 0.0025 -0.000483504 -0.000589486 -0.00707547 -0.000453828 -0.000341915 -0.000438955 -0.00582192 0.00666667 -0.000273569 -0.0105769 -0.000362628 0.000251437 0.00729167 -0.0012605 -0.000520833 -0.00128571 0.00735294
internal_weight=3058 121 61 2937 2912 2887 60 2821 2660 161 134 112 80 2637 2587 53 2534 2486 2449 73 60 2376 52 2344 1392 48 952 768 700 68
internal_count=3058 121 61 2937 2912 2887 60 2821 2660 161 134 112 80 2637 2587 53 2534 2486 2449 73 60 2376 52 2344 1392 48 952 768 700 68
is_linear=0
shrinkage=0.05


Tree=118
num_leaves=31
num_cat=0
split_feature=2 5 0 2 10 10 4 3 5 5 0 0 2 0 7 5 7 1 5 4 5 0 2 2 2 4 0 7 5 2
split_gain=1.99694 1.50648 0.883554 0.865561 0.880552 0.85829 0.818182 0.794118 0.496501 0.577266 1.18938 0.508719 0.82312 0.695138 1.42833 0.785464 0.859187 0.958943 2.25958 1.13933 1.00036 0.877635 0.842144 1.37019 0.783984 1.13079 0.873247 0.660044 2.17722 1.64653
threshold=82743.585000000006 47685.674120121177 88854.420000000013 84936.565000000017 262.50000000000006 256.50000000000006 120901.90928571431 90806.161428571446 501283.22153365356 391598.77079542173 945493.09500000009 1170112.9500000002 974722.88500000013 945493.09500000009 2.5000000000000004 324285.28731276351 1.0000000180025095e-35 128088.22000000002 12681.974210476614 122945.75500000002 39282.105838163297 128401.895 342665.44500000001 292926.15500000009 560115.69500000018 345289.2882142858 425021.14500000008 4.5000000000000009 25191.250864867772 479878.03000000009
decision_type=2 2 2 2 2 2 2 2 2 2 2 2 2 2 2 2 2 2 2 2 2 2 2 2 2 2 2 2 2 2
left_child=1 2 7 -2 5 8 -4 -1 9 11 -11 13 -13 15 -15 16 17 21 -19 -20 -21 -5 23 -22 25 -24 -27 -18 -29 -30
right_child=3 -3 6 4 -6 -7 -8 -9 -10 10 -12 12 -14 14 -16 -17 27 18 19 20 22 -23 24 -25 -26 26 -28 28 29 -31
leaf_value=-209.93634622810498 9.2930648942645355 16.59088294232388 80.319736127505166 2.636891632966945 186.46386058191422 -212.71215104541261 -170.65476292776913 -114.75575019207936 -1450.9859215016886 -2663.4230063013329 3057.8148625419012 -4495.9681844375591 925.61291668883644 -494.12838372306726 6110.1882717791368 -2307.4880844792583 -23.750462307405542 -183.86049025922694 -18.757924238685519 107.08736457313353 57.129471319322334 91.063451751126934 49.644890775080427 -650.77452306590283 -28.657138598938765 2144.994216012019 729.34034046205352 -39.330512235985957 133.57711442557121 -331.45359484211372
leaf_weight=27 25 26 22 24 25 66 22 24 23 22 37 26 27 24 34 49 1422 23 35 54 70 22 39 31 44 28 22 218 469 78
leaf_count=27 25 26 22 24 25 66 22 24 23 22 37 26 27 24 34 49 1422 23 35 54 70 22 39 31 44 28 22 218 469 78
internal_value=-0.000523218 -0.00681818 -0.00973684 -0.000263875 -0.000343407 -0.000424316 -0.00454545 -0.0142157 -0.000292449 -0.000232309 0.00466102 -0.000337714 -0.00518868 -0.000241996 0.00517241 -0.000361492 -0.000242342 0.00191327 0.00101156 0.00208978 0.003125 0.00869565 0.0017094 -0.00173267 0.00432331 0.00702247 0.012 -0.000628715 0.000555556 0.00223949
internal_weight=3058 121 95 2937 2912 2887 44 51 2821 2798 59 2739 53 2686 58 2628 2579 392 346 323 288 46 234 101 133 89 50 2187 765 547
internal_count=3058 121 95 2937 2912 2887 44 51 2821 2798 59 2739 53 2686 58 2628 2579 392 346 323 288 46 234 101 133 89 50 2187 765 547
is_linear=0
shrinkage=0.05


Tree=119
num_leaves=31
num_cat=0
split_feature=2 6 4 10 4 7 0 10 10 7 6 2 2 0 4 0 7 6 1 10 6 6 10 0 2 10 2 1 0 0
split_gain=1.95186 1.20172 1.12471 0.893663 0.873098 0.664032 0.877635 0.459988 0.418484 0.457152 1.82198 2.05148 1.4533 1.33042 1.37796 1.1954 1.08482 1.04922 1.37661 1.1838 1.01585 1.53653 1.4373 1.00316 2.18781 0.964817 0.96477 1.15053 0.896378 1.48267
threshold=82078.155000000013 8249.7679279859785 91271.17357142859 262.50000000000006 91603.312500000015 2.5000000000000004 163833.70500000005 35.500000000000007 256.50000000000006 4.5000000000000009 25400.329045009636 128401.895 136949.85500000001 100913.70000000001 389411.87053571432 170810.44500000004 5.5000000000000009 24710.563569740498 315261.07500000001 243.50000000000003 135100.44332905117 120478.11991451381 34.500000000000007 133152.15500000003 93593.61500000002 37.500000000000007 155175.46000000002 189859.16500000001 332528.43500000006 742958.30500000005
decision_type=2 2 2 2 2 2 2 2 2 2 2 2 2 2 2 2 2 2 2 2 2 2 2 2 2 2 2 2 2 2
left_child=1 -1 7 4 -4 6 -3 -2 9 17 12 -12 23 -13 20 -14 -17 18 19 -6 21 22 -15 24 -11 26 -19 -28 -16 -30
right_child=2 5 3 -5 8 -7 -8 -9 -10 10 11 13 15 14 28 16 -18 25 -20 -21 -22 -23 -24 -25 -26 -27 27 -29 29 -31
leaf_value=-112.37021838136934 7.5695586731464575 -363.75269822381961 -61.940625165125681 177.1406675528182 0.4132571606372949 -32.542067306003808 -81.83385513115573 47.588148573537914 -227.81599944946066 10.089770456813859 219.52810356187658 -281.86351295001805 -120.58743721338834 681.52684667772564 297.78204395371722 -2.9090874769186486 -197.86407598202496 -449.30916353963187 210.70513653608941 51.874632473940437 1644.6398329606543 -2044.1586896971421 126.19834085602197 31.876346401691265 -70.875035035553452 -36.174267774965124 252.19889313538735 -247.89399245126697 -660.21396739113266 1771.3277334396757
leaf_weight=21 20 22 26 25 433 42 24 21 61 37 60 24 21 23 48 54 42 27 30 20 20 20 201 33 21 1364 20 86 140 72
leaf_count=21 20 22 26 25 433 42 24 21 61 37 60 24 21 23 48 54 42 27 30 20 20 20 201 33 21 1364 20 86 140 72
internal_value=-0.000539568 -0.00711009 -0.000296711 -0.000412655 -0.000494277 -0.00454545 -0.00869565 0.00792683 -0.000411271 -0.000321888 0.00067402 0.00205592 -0.00336538 0.00109489 0.00162214 -0.00705128 -0.0046875 -0.000732323 0.001294 0.000607064 0.00416667 0.00327869 0.00446429 0.00137363 -0.00258621 -0.00138611 -0.00545113 -0.00330189 -0.000961538 -0.00235849
internal_weight=3058 109 2949 2908 2883 88 46 41 2857 2796 816 608 208 548 524 117 96 1980 483 453 264 244 224 91 58 1497 133 106 260 212
internal_count=3058 109 2949 2908 2883 88 46 41 2857 2796 816 608 208 548 524 117 96 1980 483 453 264 244 224 91 58 1497 133 106 260 212
is_linear=0
shrinkage=0.05


Tree=120
num_leaves=31
num_cat=0
split_feature=2 5 0 4 5 5 6 5 2 2 8 5 10 0 5 2 2 6 5 2 6 6 8 1 10 1 1 10 0 0
split_gain=1.89753 0.732375 0.625 0.510255 0.59796 1.80307 1.63074 2.33899 0.911724 1.23736 1.79394 1.16206 1.00132 0.938064 2.18781 0.846217 0.944575 0.70028 0.696557 1.94441 1.08657 1.04952 0.940917 0.744919 1.43335 1.29929 1.03127 1.12008 0.715505 0.665879
threshold=69621.24500000001 4874.8839069713058 99666.920000000013 1130176.5851785715 110182.05823445389 108516.60207817449 102807.90043296338 119512.71187824332 214222.48500000002 311015.33000000002 1.0000000180025095e-35 139335.16524784229 25.500000000000004 542636.96000000008 155147.0633617999 352487.06500000006 204398.89000000004 128585.338348404 149492.29939356982 635191.79000000015 144669.74872500729 112715.55988619714 1.0000000180025095e-35 494655.77000000008 165.50000000000003 340694.82000000007 869690.97500000021 147.50000000000003 473850.27500000008 1027470.9200000002
decision_type=2 2 2 2 2 2 2 2 2 2 2 2 2 2 2 2 2 2 2 2 2 2 2 2 2 2 2 2 2 2
left_child=2 -2 -1 4 5 -3 -6 15 11 10 13 -9 -11 14 -10 16 -8 -17 19 21 22 -14 -20 24 25 -22 -25 -28 -26 -29
right_child=1 3 -4 -5 6 -7 7 8 9 12 -12 -13 18 -15 -16 17 -18 -19 20 -21 23 -23 -24 26 28 -27 27 29 -30 -31
leaf_value=-417.41353509729311 -47.020965027150673 0.42423845893754336 -353.55009521684917 4128.0397273892513 791.02690668481819 954.1838487914124 -1032.4676402793848 -1430.9216402821257 229.26959669260543 -4973.1250556597488 1606.84971422682 -175.97465642530443 579.12440042624519 6633.8126523131477 -2089.1132736447066 -799.15922046809874 -7.5697193705083921 -1076.9209913326486 2105.0830787986138 1925.15680826428 -17.963731917261612 -689.41671324558854 -1117.8885654753947 -762.24936655490319 -930.32288213942377 3197.4598316351071 -478.51888075407481 6235.5859762769896 187.02430911552221 103.21727260068583
leaf_weight=20 32 1990 20 34 35 23 21 22 37 25 27 24 22 25 21 21 40 30 61 21 23 127 23 124 21 33 106 27 20 20
leaf_count=20 32 1990 20 34 35 23 21 22 37 25 27 24 22 25 21 21 40 30 61 21 23 127 23 124 21 33 106 27 20 20
internal_value=-0.000430894 -0.000288303 -0.01125 -0.000208125 -0.000277871 0.000211128 -0.00130753 -0.0017101 -0.000772559 -0.000360419 0.00454545 -0.0076087 -0.00118683 0.000903614 -0.00258621 -0.00848214 -0.0045082 -0.0132353 -0.000796178 -0.00352941 0.000218341 -0.00553691 0.00535714 -0.000935829 0.00283505 0.00803571 -0.00225632 0.000490196 -0.00426829 0.00691489
internal_weight=3075 3035 40 3003 2969 2013 956 921 809 763 110 46 653 83 58 112 61 51 628 170 458 149 84 374 97 56 277 153 41 47
internal_count=3075 3035 40 3003 2969 2013 956 921 809 763 110 46 653 83 58 112 61 51 628 170 458 149 84 374 97 56 277 153 41 47
is_linear=0
shrinkage=0.05


Tree=121
num_leaves=31
num_cat=0
split_feature=2 10 1 7 3 5 3 2 2 0 0 3 0 1 7 10 1 1 5 1 5 2 5 10 5 2 3 5 6 10
split_gain=1.62374 2.77598 1.78683 0.676751 0.599268 0.934297 0.855657 2.24901 2.55955 1.25795 0.752172 1.225 1.18408 0.821809 2.49271 1.47544 1.03338 1.77025 1.26257 0.94392 1.3745 1.41084 1.20739 0.991353 1.30655 1.25641 1.47863 0.966376 0.944478 0.749831
threshold=86338.800000000003 38.500000000000007 82858.37000000001 2.5000000000000004 396004.79571428575 160148.23591941161 429899.63785714289 560115.69500000018 449917.94000000006 494389.05500000005 306470.57000000001 508943.45071428578 347663.93000000005 474212.97000000003 2.5000000000000004 143.50000000000003 325563.81000000006 428246.89500000008 149492.29939356982 801519.06500000006 193358.77887970794 619845.31000000017 139335.16524784229 150.50000000000003 324285.28731276351 463800.83000000007 1082063.2450000001 112993.80064450284 265376.84609726974 17.500000000000004
decision_type=2 2 2 2 2 2 2 2 2 2 2 2 2 2 2 2 2 2 2 2 2 2 2 2 2 2 2 2 2 2
left_child=1 3 -3 -1 5 29 7 8 9 -6 11 -8 -12 14 15 -14 -16 18 -18 20 21 22 27 25 -25 -21 28 -15 -27 -2
right_child=4 2 -4 -5 6 -7 10 -9 -10 -11 12 -13 13 19 16 -17 17 -19 -20 23 -22 -23 -24 24 -26 26 -28 -29 -30 -31
leaf_value=-363.08575465750658 -62.351167598060421 42.834947656261285 -79.00589895426711 -213.72758503751612 -813.39631985580058 1977.9862573432474 -816.61134376061386 -984.80994817012697 933.47795970479638 824.14162672901296 -201.97033623594035 6035.8947756966263 1730.1668258878753 -697.51342988169347 1510.3176470631647 -2378.161822264633 -1259.1430828040263 1206.88564081503 1102.2606212517305 8159.2578236885256 -3583.0604471538682 2070.2709273101063 1807.2687688477454 6569.5255526759784 -245.97129258132773 -2510.7337658034699 -3492.4468800110044 -2720.4764045360471 795.47845993558883 3.2808658756584919
leaf_weight=24 36 34 84 29 88 36 20 27 36 30 23 20 27 20 27 30 21 28 26 20 79 37 39 43 31 26 43 21 61 2009
leaf_count=24 36 34 84 29 88 36 20 27 36 30 23 20 27 20 27 30 21 28 26 20 79 37 39 43 31 26 43 21 61 2009
internal_value=-0.000382114 -0.00511696 -0.000847458 -0.0146226 -0.000103306 0.00034839 -0.00124544 -0.00428177 -0.00194805 -0.00550847 -0.000389408 0.00625 -0.000830565 -0.000388601 0.00267296 -0.00570175 0.00735294 0.00433333 -0.00159574 -0.00154762 -0.00408163 -0.000641026 -0.004375 0.000669643 0.00540541 -0.00166667 -0.00346154 -0.0103659 0.000287356 0.000207824
internal_weight=3075 171 118 53 2904 2081 823 181 154 118 642 40 602 579 159 57 102 75 47 420 196 117 80 224 74 150 130 41 87 2045
internal_count=3075 171 118 53 2904 2081 823 181 154 118 642 40 602 579 159 57 102 75 47 420 196 117 80 224 74 150 130 41 87 2045
is_linear=0
shrinkage=0.05


Tree=122
num_leaves=31
num_cat=1
split_feature=2 5 0 5 3 5 5 0 4 3 7 0 11 4 6 2 3 2 0 6 5 5 5 5 2 3 2 6 5 2
split_gain=1.61866 1.32576 0.727273 0.92803 0.501261 0.86015 0.495737 0.493355 0.434397 0.409505 0.406346 1.83654 1.7058 1.24087 0.98699 1.18469 1.60152 0.978964 1.35959 1.20974 0.871111 0.724293 2.22959 1.22708 1.17524 1.22595 1.09893 0.912703 1.65825 0.687764
threshold=82078.155000000013 47208.176563028122 87731.375000000015 39881.807417089971 90151.568571428594 5869.527124083922 6448.5537910596022 95475.250000000015 91832.317678571446 89394.410000000018 4.5000000000000009 91147.715000000011 0 123252.52321428573 7816.898001939544 129389.77 133861.51714285716 383049.25000000006 234668.66000000003 75076.72303092682 35552.16044183739 12123.681795991719 12681.974210476614 10959.642039079643 142422.09000000003 136097.68714285718 134026.89500000005 11947.207803772782 13994.508672103524 146454.20500000005
decision_type=2 2 2 2 2 2 2 2 2 2 2 2 1 2 2 2 2 2 2 2 2 2 2 2 2 2 2 2 2 2
left_child=1 2 -1 -4 9 8 7 -7 -6 -2 21 -12 13 -13 -14 20 -17 18 19 -15 -16 23 -23 24 26 -26 -8 -24 -29 -18
right_child=4 -3 3 -5 5 6 10 -9 -10 -11 11 12 14 17 15 16 29 -19 -20 -21 -22 22 27 -25 25 -27 -28 28 -30 -31
leaf_value=-225.59665163345053 -4.6105388705022055 22.56511592754687 69.51671070016674 -331.11353687684169 -27.278368435047014 -5.4202895232367156 0.31510112473442864 46.486099717045732 -66.637423848722761 32.233926229293139 163.12580416740093 412.0537410352303 -61.774866077406479 -2.9329083275486485 149.34734766282637 -189.8031507357635 41.218540223661698 938.10577088938589 -168.61957200260076 435.27766517149939 150.26920348285057 -237.11220075766906 -74.847263233822019 117.79555603679474 -252.51454697596057 -0.14163077953853645 89.346309559467784 158.18635876299231 -15.088702719791764 -34.204542184679305
leaf_weight=44 20 24 24 20 27 22 84 21 20 23 32 22 22 49 20 23 52 32 34 34 25 20 34 35 20 53 33 24 1700 482
leaf_count=44 20 24 24 20 27 22 84 21 20 23 32 22 22 49 20 23 52 32 34 34 25 20 34 35 20 53 33 24 1700 482
internal_value=-0.000349593 -0.00625 -0.00909091 -0.00454545 -0.000126561 -0.000205479 -9.57188e-05 0.00523256 -0.00691489 0.00523256 -0.000176678 0.000755744 0.000283019 0.00455801 -0.000946372 -0.000581395 -0.00121185 0.00318792 0.00106838 0.00451807 0.00722222 -0.000561658 -0.000899888 0.00211111 0.000526316 -0.00445205 0.00363248 -0.000711035 -0.000551044 -0.000655431
internal_weight=3075 112 88 44 2963 2920 2873 43 47 43 2830 827 795 171 624 602 557 149 117 83 45 2003 1778 225 190 73 117 1758 1724 534
internal_count=3075 112 88 44 2963 2920 2873 43 47 43 2830 827 795 171 624 602 557 149 117 83 45 2003 1778 225 190 73 117 1758 1724 534
cat_boundaries=0 1
cat_threshold=2
is_linear=0
shrinkage=0.05


Tree=123
num_leaves=31
num_cat=0
split_feature=2 3 4 4 3 5 10 2 2 5 5 7 1 2 1 2 3 4 10 3 10 1 1 2 3 6 1 10 5 1
split_gain=1.52503 0.411075 3.38752 1.17147 1.26234 1.76113 1.08151 1.19524 1.36849 1.34346 1.30451 1.77733 1.12154 1.01165 0.954545 0.918278 1.07391 0.854606 1.13426 0.821961 1.19514 2.06545 0.978067 0.802508 0.790249 1.0617 0.882005 0.781573 0.779279 1.54299
threshold=69621.24500000001 369276.96000000002 395916.43446428579 383706.95732142864 386413.44285714289 110182.05823445389 196.50000000000003 484419.0500000001 431588.42000000004 101932.19163966666 138146.13288717566 3.5000000000000004 489230.06000000006 261101.73000000001 443407.32000000007 458903.97500000003 299181.59500000003 1082648.0912500001 132.50000000000003 299948.86500000005 199.50000000000003 315261.07500000001 311341.90000000008 361419.82000000001 296702.07214285719 24710.563569740498 306049.81500000006 47.500000000000007 106658.83706061462 220791.11500000002
decision_type=2 2 2 2 2 2 2 2 2 2 2 2 2 2 2 2 2 2 2 2 2 2 2 2 2 2 2 2 2 2
left_child=-1 2 15 -3 5 -5 12 8 9 -8 -11 -12 13 -6 -9 19 -17 -14 -19 24 22 -22 -21 -7 28 26 -26 -15 -2 -30
right_child=1 3 -4 4 6 23 7 14 -10 10 11 -13 17 27 -16 16 -18 18 -20 20 21 -23 -24 -25 25 -27 -28 -29 29 -31
leaf_value=-349.67855168968276 -2.3019167858794392 920.85802851833876 2073.6247540884901 1161.5463296442192 -1072.5578806757608 -311.84163664925876 1653.3723764411116 -509.90064540349414 -1216.9724880719209 -1970.7107049348431 -1493.6033060752875 374.99218841269612 -462.44857647586326 -112.07456797936757 338.22150351492746 -67.676070383057237 1188.094107280823 -3167.2988220777479 7138.4787486593823 -29.495103660167661 -93.423842008213981 164.79968891426108 -322.59950878731615 -1169.9168124548728 36.851128015949506 -31.772214652574622 279.60262350349512 657.33550774868354 565.88311040847771 -178.72442935473956
leaf_weight=40 1632 75 42 22 20 22 26 27 29 28 32 27 286 22 99 27 29 27 45 70 31 23 57 36 31 31 20 169 22 28
leaf_count=40 1632 75 42 22 20 22 26 27 29 28 32 27 286 22 99 27 29 27 45 70 31 23 57 36 31 31 20 169 22 28
internal_value=-0.000300813 -0.000172982 0.000232501 -0.00100806 -0.00149945 -0.0075 -0.000925926 -0.00354478 -0.00669014 -0.00420354 -0.00718391 -0.0029661 0.000307557 0.00319905 0 -6.24688e-05 0.00625 -0.00139665 0.00347222 -0.000244216 -0.00345304 0.00277778 -0.00610236 -0.012069 8.5034e-05 0.00487805 0.00931373 0.00431937 -0.000148633 0.006
internal_weight=3075 3035 2043 992 917 80 837 268 142 113 87 59 569 211 126 2001 56 358 72 1945 181 54 127 58 1764 82 51 191 1682 50
internal_count=3075 3035 2043 992 917 80 837 268 142 113 87 59 569 211 126 2001 56 358 72 1945 181 54 127 58 1764 82 51 191 1682 50
is_linear=0
shrinkage=0.05


Tree=124
num_leaves=31
num_cat=1
split_feature=2 10 10 2 3 10 2 0 10 5 2 3 11 5 2 10 10 3 3 3 2 2 0 3 3 10 10 10 7 7
split_gain=1.53527 0.404796 1.59987 1.28646 1.54215 1.1592 1.10586 0.753349 0.741023 0.702414 0.876042 0.84703 1.10427 1.10293 1.05245 1.38289 1.02371 0.977724 1.26458 1.05526 1.10062 0.81829 1.01862 0.751725 0.751594 0.699157 0.92602 0.696683 1.26759 1.15201
threshold=69621.24500000001 196.50000000000003 191.50000000000003 131490.65000000002 126521.99000000001 221.50000000000003 91171.510000000009 314495.83500000008 236.50000000000003 12681.974210476614 159031.20500000002 392349.10428571439 0 25599.780967531329 484419.0500000001 250.50000000000003 216.50000000000003 148912.87142857147 182387.74071428576 209372.7328571429 189547.73500000002 431588.42000000004 527967.51000000013 423273.4285714287 369276.96000000002 211.50000000000003 233.50000000000003 229.50000000000003 3.5000000000000004 3.5000000000000004
decision_type=2 2 2 2 2 2 2 2 2 2 2 2 1 2 2 2 2 2 2 2 2 2 2 2 2 2 2 2 2 2
left_child=-1 2 -2 4 5 -3 -7 -4 -6 10 -5 12 13 16 15 21 -11 -14 -19 -20 -21 22 23 -13 -15 -16 -27 29 -29 -22
right_child=1 3 7 9 8 6 -8 -9 -10 11 -12 14 17 24 25 -17 -18 18 19 20 27 -23 -24 -25 -26 26 -28 28 -30 -31
leaf_value=-332.19462410519884 -0.047379592591096302 42.046242027780323 208.90323686470219 -18.833052097757538 10.605643068395876 27.009110202185912 -99.588944585036373 152.79689350652916 260.9996856490103 58.063659166985602 -198.7734923058255 -728.7286280056768 115.07765050616872 792.44862073273111 -470.17142885026118 86.829446140411903 -92.145391473056236 -684.16293891476244 525.59265331261417 -232.55530635468895 -424.76157364236497 -2597.2622742608455 -2376.3134483325398 10.21576797090238 901.11145458306419 797.32618044386913 -101.87349347448327 659.88038378349017 -328.04647226198358 819.14419832673593
leaf_weight=40 2144 36 34 40 33 32 44 21 20 30 24 28 52 35 26 31 41 21 25 23 26 22 26 25 24 42 56 24 30 20
leaf_count=40 2144 36 34 40 33 32 44 21 20 30 24 28 52 35 26 31 41 21 25 23 26 22 26 25 24 42 56 24 30 20
internal_value=-0.000268293 -0.000140033 0.000216007 -0.00107656 0.00287879 -0.000446429 -0.00394737 0.00863636 0.00990566 -0.00204918 -0.00703125 -0.00152389 7.12251e-05 0.00357143 -0.00371094 -0.00681818 -0.000352113 -0.00205628 -0.00399408 -0.00236486 -0.00426829 -0.00965347 -0.00727848 -0.00330189 0.00889831 -0.000403226 0.00153061 -0.002 0.00185185 -0.00652174
internal_weight=3075 3035 2199 836 165 112 76 55 53 671 64 607 351 130 256 132 71 221 169 148 123 101 79 53 59 124 98 100 54 46
internal_count=3075 3035 2199 836 165 112 76 55 53 671 64 607 351 130 256 132 71 221 169 148 123 101 79 53 59 124 98 100 54 46
cat_boundaries=0 1
cat_threshold=12
is_linear=0
shrinkage=0.05


Tree=125
num_leaves=31
num_cat=1
split_feature=2 2 0 5 10 6 10 1 5 10 0 5 10 0 10 0 10 5 0 0 10 1 10 5 1 6 10 10 10 11
split_gain=1.44103 0.794925 0.839902 0.760206 0.751928 0.885477 2.04342 1.54514 1.24885 1.01551 0.84348 0.944825 1.08737 0.991472 0.915034 0.797704 0.785736 1.03059 0.737886 1.21473 0.721733 1.42031 2.62988 2.31585 1.23363 1.40125 1.18128 1.27761 1.1299 1.68043
threshold=69621.24500000001 1466779.4400000002 1253947.2600000002 338217.79514391854 241.50000000000003 31973.474451421349 249.50000000000003 432365.23500000004 16695.964744711473 254.50000000000003 945493.09500000009 324285.28731276351 132.50000000000003 641841.67000000016 236.50000000000003 1027470.9200000002 251.50000000000003 91976.740660490977 77696.615000000005 72540.895000000004 91.500000000000014 189859.16500000001 79.500000000000014 114762.05410160978 340694.82000000007 101890.9396738996 67.500000000000014 62.500000000000007 149.50000000000003 0
decision_type=2 2 2 2 2 2 2 2 2 2 2 2 2 2 2 2 2 2 2 2 2 2 2 2 2 2 2 2 2 1
left_child=-1 2 4 -4 10 6 -6 16 -8 -9 11 14 13 -13 18 -12 -7 -18 19 -2 21 22 26 24 25 -23 27 -20 29 -22
right_child=1 -3 3 -5 5 7 8 9 -10 -11 15 12 -14 -15 -16 -17 17 -19 20 -21 28 23 -24 -25 -26 -27 -28 -29 -30 -31
leaf_value=-295.68282888385511 2.1579644241690406 3132.9468133326973 -1562.487046594295 -496.56482715111053 179.73698414227547 58.027667727657537 -6.4414114542025347 842.97107678238831 -244.41138751316467 -793.81209792405866 7118.2437915755618 -855.70169807281934 358.34709734464417 -3799.8622799889536 -138.68159519386026 123.5952116895438 260.97218989521792 1147.2336201007697 14.300194356231078 -175.74996082187499 -481.61600773697285 -65.359673066917466 83.362805436972124 577.50339565039326 -383.07580316248641 646.43638954820494 -90.7076815258457 440.9413395753931 3.0157740889109848 -11.043461366122211
leaf_weight=37 32 41 22 32 33 57 36 26 23 24 29 20 26 26 55 54 47 21 259 21 162 171 61 160 71 23 64 23 960 436
leaf_count=37 32 41 22 32 33 57 36 26 23 24 29 20 26 26 55 54 47 21 259 21 162 171 61 160 71 23 64 23 960 436
internal_value=-0.000327654 -0.000207297 -0.000302623 -0.00648148 -0.000188356 0.00234082 -0.00163043 0.00442857 -0.00720339 -0.003 -0.000442895 -0.000603113 -0.00625 -0.0108696 -0.000440352 0.00451807 0.0074 0.0110294 -0.000296766 -0.00613208 -0.000167364 0.00102163 0.00313268 -0.001 -0.00386792 -0.00180412 0.00144509 0.00283688 -0.000802311 -0.00250836
internal_weight=3052 3015 2974 54 2920 267 92 175 59 50 2653 2570 72 46 2498 83 125 68 2443 53 2390 832 407 425 265 194 346 282 1558 598
internal_count=3052 3015 2974 54 2920 267 92 175 59 50 2653 2570 72 46 2498 83 125 68 2443 53 2390 832 407 425 265 194 346 282 1558 598
cat_boundaries=0 1
cat_threshold=1
is_linear=0
shrinkage=0.05


Tree=126
num_leaves=31
num_cat=1
split_feature=2 10 2 5 1 5 4 11 4 2 10 5 7 2 7 5 5 5 7 4 1 2 4 5 4 1 4 5 10 0
split_gain=1.42663 0.864094 0.824524 0.734432 0.653961 1.30776 1.12001 1.25798 1.0751 1.05058 0.929515 0.970491 1.35331 1.65416 1.71688 0.893104 1.57819 3.51779 1.57837 1.55056 1.58778 1.16625 1.15327 1.09144 3.01096 2.29633 1.22966 1.22396 1.90021 1.12208
threshold=69621.24500000001 262.50000000000006 1466779.4400000002 4874.8839069713058 529638.04500000004 301338.93343541614 517126.32982142863 0 491220.28318783076 235267.88000000003 43.500000000000007 155147.0633617999 1.5000000000000002 365105.98000000004 3.5000000000000004 69911.154821609802 89646.028026548258 97608.568508544835 5.5000000000000009 473149.82553571434 457749.13000000006 290950.18000000005 385148.46392857149 48990.531681823901 123450.99839285715 194682.13500000004 176029.3492857143 35552.16044183739 195.50000000000003 180691.23000000001
decision_type=2 2 2 2 2 2 2 1 2 2 2 2 2 2 2 2 2 2 2 2 2 2 2 2 2 2 2 2 2 2
left_child=-1 2 3 -2 5 6 7 8 9 -5 -11 12 -12 -14 -15 23 21 -18 19 20 -19 -17 -20 27 -25 26 -26 -9 -29 -28
right_child=1 -3 -4 4 -6 -7 -8 15 -10 10 11 -13 13 14 -16 16 17 18 22 -21 -22 -23 -24 24 25 -27 29 28 -30 -31
leaf_value=-280.89868743966218 -59.062027086687891 83.168306000635496 2976.2994726660663 4139.0569286007731 -375.3126608789637 9304.9554534389754 -1980.9489597019974 2.5035226267507826 2838.6154066936087 -482.11309388160885 -395.06374368265682 -1291.2584245985956 2857.2912785666254 2611.1901712724184 -596.07772779528466 -47.982806198080652 300.69839111858022 -170.32579573488039 -29.629061872008606 -1108.1319899524096 394.74738128686442 -565.04350076703997 910.37730282507846 219.54374747299846 -220.48415114734962 174.86087714331663 349.25420554818561 -53.450634370644551 70.066732528236756 -411.70259554509539
leaf_weight=37 37 25 41 31 433 28 56 911 44 22 41 57 42 30 53 151 70 250 29 29 21 62 23 42 83 75 22 216 71 20
leaf_count=37 37 25 41 31 433 28 56 911 44 22 41 57 42 30 53 151 70 250 29 29 21 62 23 42 83 75 22 216 71 20
internal_value=-0.000376802 -0.000257048 -0.000334448 -0.00043235 -0.000343407 -3.02541e-05 -0.000152999 1.04384e-05 0.00287879 0.00181159 0.000714286 0.00168161 0.00361446 0.0062 0.00210843 -0.000443645 -0.00200787 -0.000236967 -0.00227273 -0.00366667 -0.00249077 -0.00551643 0.00576923 0.000243056 0.00330579 0.00075 -0.0034 -0.000375626 -0.003223 0.00357143
internal_weight=3052 3015 2990 2949 2912 2479 2451 2395 320 276 245 223 166 125 83 2075 635 422 352 300 271 213 52 1440 242 200 125 1198 287 42
internal_count=3052 3015 2990 2949 2912 2479 2451 2395 320 276 245 223 166 125 83 2075 635 422 352 300 271 213 52 1440 242 200 125 1198 287 42
cat_boundaries=0 1
cat_threshold=4
is_linear=0
shrinkage=0.05


Tree=127
num_leaves=31
num_cat=0
split_feature=2 2 3 0 0 2 3 3 3 6 3 4 2 2 2 6 3 6 2 5 0 1 1 4 2 6 2 5 0 6
split_gain=1.45551 0.783527 0.719708 0.602995 1.53651 0.64328 0.547531 2.02403 1.51491 2.47685 2.20654 1.77501 1.36322 1.26041 1.13991 1.32004 1.00201 0.981049 0.977349 1.34678 1.84122 0.98366 1.91672 2.90113 1.95132 2.25312 2.08687 2.01458 1.61845 1.55648
threshold=69621.24500000001 1466779.4400000002 1029794.1664285715 902965.40000000014 1027470.9200000002 974722.88500000013 303409.37785714294 377005.93500000011 290822.88857142866 23339.215177672169 285860.59500000009 301347.3733928572 290950.18000000005 263193.62500000006 294136.4150000001 121145.85760887423 295109.18428571435 116787.85359248157 209254.53500000003 89646.028026548258 265544.56500000006 175650.39500000005 165720.92000000001 174317.8291071429 140536.59500000003 11235.215696525898 117631.41500000002 36772.388162109717 163833.70500000005 43082.655796491301
decision_type=2 2 2 2 2 2 2 2 2 2 2 2 2 2 2 2 2 2 2 2 2 2 2 2 2 2 2 2 2 2
left_child=-1 2 6 -4 -5 -6 8 14 10 11 12 16 13 18 17 -16 -10 -8 19 20 21 22 23 24 26 -26 -2 -27 -25 -29
right_child=1 -3 3 4 5 -7 7 -9 9 -11 -12 -13 -14 -15 15 -17 -18 -19 -20 -21 -22 -23 -24 28 25 27 -28 29 -30 -31
leaf_value=-266.85375306767895 -9.2119006367007383 2827.4844990327606 -5298.4381386745081 7010.7576871292322 -9302.1087582745131 -457.42565934240122 -140.05209011535771 -39.65561294395593 -47.188612382455908 -168.66471299196712 526.23340096046456 -10.468459167901893 -171.47055659336621 404.92767341410217 499.87015065245799 144.02106015261526 183.01242728651852 2487.2644689394397 -65.810303545819622 278.01148469979381 -303.73813584543535 25.417709772157835 -232.26975278959435 45.318146599285683 -91.667001847764922 62.857802024083504 38.101247070184762 -910.03681839784076 202.80666694546599 -185.81559581635813
leaf_weight=37 479 41 25 20 32 38 56 790 20 147 38 25 100 20 83 66 43 29 104 41 31 223 93 46 42 68 227 24 34 30
leaf_count=37 479 41 25 20 32 38 56 790 20 147 38 25 100 20 83 66 43 29 104 41 31 223 93 46 42 68 227 24 34 30
internal_value=-0.000278506 -0.000157546 -0.000252186 -0.00413043 -0.00222222 -0.00571429 -9.61875e-05 0.000830078 -0.000613079 -0.0043617 -6.25e-05 0.00227273 -0.000352113 3.41997e-05 0.00491453 0.00755034 0.00674603 0.000294118 -0.000138696 0.000224215 -5.78258e-05 0.000236967 -0.000407478 0.000263158 -0.000574713 -0.0054878 0.000566572 -0.00204918 0.009375 -0.00925926
internal_weight=3052 3015 2974 115 90 70 2859 1024 1835 235 1600 88 1562 1462 234 149 63 85 1442 1338 1297 1266 1043 950 870 164 706 122 80 54
internal_count=3052 3015 2974 115 90 70 2859 1024 1835 235 1600 88 1562 1462 234 149 63 85 1442 1338 1297 1266 1043 950 870 164 706 122 80 54
is_linear=0
shrinkage=0.05


Tree=128
num_leaves=31
num_cat=2
split_feature=2 10 2 3 0 0 10 10 7 7 11 3 2 10 4 5 0 0 11 7 1 5 4 10 5 7 0 0 5 5
split_gain=1.44585 0.851755 0.808934 0.678846 0.602995 1.53651 0.825714 0.581706 1.51432 0.64202 1.33818 1.9701 1.2152 0.832371 0.946528 0.764935 1.09379 0.957032 0.76358 2.31151 1.89763 1.52089 1.48198 1.49564 1.37505 1.24724 1.94437 1.18185 1.75563 1.57053
threshold=69621.24500000001 262.50000000000006 1466779.4400000002 1029794.1664285715 902965.40000000014 1027470.9200000002 167.50000000000003 17.500000000000004 1.5000000000000002 1.0000000180025095e-35 0 400956.68571428576 161367.42000000004 106.50000000000001 174592.28821428577 301338.93343541614 922493.13000000012 922493.13000000012 1 4.5000000000000009 191105.64500000005 89646.028026548258 295977.06142857141 59.500000000000007 67453.735831204875 1.5000000000000002 278159.82000000007 317020.21500000003 67453.735831204875 49355.263571106691
decision_type=2 2 2 2 2 2 2 2 2 2 1 2 2 2 2 2 2 2 1 2 2 2 2 2 2 2 2 2 2 2
left_child=-1 2 3 7 -5 -6 -7 8 -2 10 13 12 -12 14 -9 16 18 -17 -11 20 21 -20 24 -24 -22 -25 -27 28 29 -21
right_child=1 -3 -4 4 5 6 -8 9 -10 15 11 -13 -14 -15 -16 17 -18 -19 19 27 22 -23 23 25 -26 26 -28 -29 -30 -31
leaf_value=-253.51106541429473 -329.91183645041059 86.012495206370659 2686.1102740811184 -5033.5162317407849 6660.2198027727663 -295.12916737807683 -5965.8148611212737 17.734875236626248 40.241249691616396 3.1444920046214975 694.48373499543595 3330.4284839588508 5.0531810273401794 -30.106637049297571 -41.028896942696157 79.213348937500271 -2797.1578173743678 5147.8573451528973 -28.410904023284093 7.0910380798799455 -97.186088056293386 144.71553842606082 319.31987446384449 295.48767276410217 -348.2452402419338 -18.527492684950268 -1132.1238530076632 654.71753603491243 -69.649426039599348 214.8055557752221
leaf_weight=37 24 25 41 25 20 45 25 25 25 1130 28 23 151 135 46 53 25 27 419 124 30 46 26 38 79 48 71 74 139 48
leaf_count=37 24 25 41 25 20 45 25 25 25 1130 28 23 151 135 46 53 25 27 419 124 30 46 26 38 79 48 71 74 139 48
internal_value=-0.000311271 -0.000190713 -0.000267559 -0.00036453 -0.00413043 -0.00222222 -0.00571429 -0.000211715 -0.00561224 -0.000116697 0.00171569 0.00448113 0.00293296 -0.00115741 0.00316901 -0.000431216 -0.000598607 0.004375 -0.000484155 -0.00138889 -0.00300528 -0.00102151 -0.00616438 -0.0034153 -0.0107798 -0.00525478 -0.00777311 0.00175325 0.000401929 0.00377907
internal_weight=3052 3015 2990 2949 115 90 70 2834 49 2785 408 202 179 206 71 2377 2297 80 2272 1142 757 465 292 183 109 157 119 385 311 172
internal_count=3052 3015 2990 2949 115 90 70 2834 49 2785 408 202 179 206 71 2377 2297 80 2272 1142 757 465 292 183 109 157 119 385 311 172
cat_boundaries=0 1 2
cat_threshold=12 12
is_linear=0
shrinkage=0.05


Tree=129
num_leaves=31
num_cat=1
split_feature=2 10 2 1 5 3 5 5 2 10 1 1 7 10 10 5 1 3 1 0 0 3 10 10 11 7 2 2 1 0
split_gain=1.46035 0.842558 0.797339 0.690805 0.697695 0.922081 0.900318 0.681953 1.00595 0.652986 2.15638 2.00794 1.2728 1.70793 1.15743 2.11345 2.86146 1.64497 1.49067 1.59794 2.01017 2.1483 1.16541 2.12231 1.46746 1.39912 2.41285 1.61897 1.18421 2.20455
threshold=69621.24500000001 262.50000000000006 1466779.4400000002 974722.88500000013 6233.2414089869762 90806.161428571446 6448.5537910596022 292071.28661657387 841203.67500000016 37.500000000000007 95868.110000000015 115232.09500000002 1.5000000000000002 19.500000000000004 88.500000000000014 114762.05410160978 340694.82000000007 378768.98714285722 106673.93000000001 126048.51000000002 172947.27000000005 305341.66285714292 152.50000000000003 154.50000000000003 0 1.5000000000000002 227828.70500000005 263193.62500000006 726605.24000000011 641841.67000000016
decision_type=2 2 2 2 2 2 2 2 2 2 2 2 2 2 2 2 2 2 2 2 2 2 2 2 1 2 2 2 2 2
left_child=-1 2 3 4 5 -2 -6 -5 -9 10 -8 -12 -13 -14 15 16 18 -17 -11 -20 -21 -22 24 -24 25 27 -27 -16 29 -25
right_child=1 -3 -4 7 6 -7 9 8 -10 14 11 12 13 -15 22 17 -18 -19 19 20 21 -23 23 28 -26 26 -28 -29 -30 -31
leaf_value=-240.83551214358013 2.8398160540855315 81.711870446051762 2551.8047603770628 740.46947208125209 30.233767880431333 -35.088516146037726 -165.20649867911925 -2785.9642913790685 -420.09498304323353 38.227824889918338 162.78299681484205 -219.06554374844347 315.15249320334556 -48.210884920231187 -509.8352814890066 4135.4306844338889 -585.18614448838787 883.29281113991749 -161.9033930689213 39.523601315409906 -118.98356879538333 501.42305606880109 828.01847857497569 4.4765271088723244 -9.1534306677494897 -56.16241955984006 -1272.6718986637993 715.41388560850612 1939.1895537978098 -1909.8548714245117
leaf_weight=37 57 25 41 44 28 55 33 28 56 60 22 72 34 107 23 29 52 111 33 104 134 21 22 1110 487 91 51 22 25 38
leaf_count=37 57 25 41 44 28 55 33 28 56 60 22 72 34 107 23 29 52 111 33 104 134 21 22 1110 487 91 51 22 25 38
internal_value=-0.000262123 -0.000140962 -0.000217391 -0.000313666 -0.000150656 -0.00401786 9.2285e-06 -0.00390625 -0.00654762 -8.39239e-05 -0.00242537 -0.000744681 -0.00223005 0.000531915 0.000176129 0.00220588 0.000371287 0.0075 0.00198864 0.000513699 0.00183398 -0.00177419 -0.00041466 0.000523013 -0.00207715 -0.00571066 -0.0084507 0.00166667 0.000234442 0
internal_weight=3052 3015 2990 2949 2821 112 2709 128 84 2681 268 235 213 141 2413 544 404 140 352 292 259 155 1869 1195 674 187 142 45 1173 1148
internal_count=3052 3015 2990 2949 2821 112 2709 128 84 2681 268 235 213 141 2413 544 404 140 352 292 259 155 1869 1195 674 187 142 45 1173 1148
cat_boundaries=0 1
cat_threshold=1
is_linear=0
shrinkage=0.05


Tree=130
num_leaves=31
num_cat=0
split_feature=1 3 3 2 3 3 7 5 10 4 6 2 6 10 2 1 4 1 5 6 3 10 5 4 1 6 10 10 3 3
split_gain=1.50676 0.816358 1.03209 1.18196 0.991262 0.871593 1.66469 0.920666 0.987426 1.25307 0.853104 1.11364 0.746623 0.80029 0.598859 0.533708 0.752018 1.4772 0.934615 0.788322 0.731459 1.38313 1.37651 1.2527 1.19053 1.18492 1.59438 1.72857 1.23871 1.42617
threshold=69474.885000000009 90550.175714285724 95266.858571428587 99396.960000000006 115961.09571428572 122582.9635714286 5.5000000000000009 48174.393479078251 151.50000000000003 122659.70982142859 37188.494001121588 94242.095000000016 6026.702314369385 138.50000000000003 1466779.4400000002 1270417.1000000003 669903.92625000014 537380.32500000007 221351.28441132806 275537.99546421139 503643.45642857143 213.50000000000003 140885.12103858995 476945.73303571431 494655.77000000008 125968.22431192714 98.500000000000014 91.500000000000014 464564.0450000001 411163.68000000011
decision_type=2 2 2 2 2 2 2 2 2 2 2 2 2 2 2 2 2 2 2 2 2 2 2 2 2 2 2 2 2 2
left_child=-1 -2 3 12 10 6 7 8 -6 -10 11 -4 -3 -14 15 16 20 -18 -19 -20 23 22 -22 25 -24 -7 27 -27 29 -28
right_child=1 2 4 -5 5 14 -8 -9 9 -11 -12 -13 13 -15 -16 -17 17 18 19 -21 21 -23 24 -25 -26 26 28 -29 -30 -31
leaf_value=-231.2681856129515 16.288027930203679 18.829918548170099 11.042969019804515 -83.269938377724614 -304.37338548635273 2.6656601051043256 175.90650010069913 57.508651431876935 -149.73571569592315 72.369686642744639 5.1910958266769747 183.53261690257932 -29.164276309697016 -7.9522824520739963 2424.2145223582047 -1326.1260348001263 9924.4822107804484 5523.9209858734284 -3075.583664546622 128.04016893616645 -1876.8463252118906 -2499.7419023933503 973.70032010956061 526.10901015228592 -1170.6919629820347 -285.70953123510992 6.9228691613447157 -3756.5861910817644 321.27752964298566 -723.34291902159464
leaf_weight=37 80 21 22 21 44 1711 24 21 41 23 38 22 29 45 33 59 27 39 29 127 21 21 38 127 56 36 139 20 32 70
leaf_count=37 80 21 22 21 44 1711 24 21 41 23 38 22 29 45 33 59 27 39 29 127 21 21 38 127 56 36 139 20 32 70
internal_value=-0.000106453 1.65782e-05 -0.00011921 -0.00474138 7.0922e-05 -9.13075e-05 -0.00375817 -0.00600775 -0.00787037 -0.00390625 0.0054878 0.0102273 -0.00236842 -0.00472973 0.000125725 3.9185e-05 0.000150421 0.00292793 0.00141026 -0.000320513 -0.000121092 -0.00367647 -0.00152174 0.000105386 0.00106383 -0.000199203 -0.00311448 -0.0107143 -0.00134855 -0.0027512
internal_weight=3053 3016 2936 116 2820 2738 153 129 108 64 82 44 95 74 2585 2552 2493 222 195 156 2271 136 115 2135 94 2008 297 56 241 209
internal_count=3053 3016 2936 116 2820 2738 153 129 108 64 82 44 95 74 2585 2552 2493 222 195 156 2271 136 115 2135 94 2008 297 56 241 209
is_linear=0
shrinkage=0.05


Tree=131
num_leaves=31
num_cat=0
split_feature=2 2 6 1 1 0 1 10 10 10 10 4 2 2 4 2 7 10 2 10 0 7 4 0 4 2 2 0 5 6
split_gain=1.27499 0.614404 0.593378 0.66869 1.15646 1.4292 1.28229 1.20914 1.12687 1.15038 1.02471 0.963697 1.76805 1.30984 1.12756 0.914514 2.01667 1.22727 0.871111 0.858013 1.17623 1.04423 1.71537 1.01001 0.946981 1.48813 1.14665 1.14708 0.924456 1.05219
threshold=69621.24500000001 1466779.4400000002 5860.0634045541501 142422.09000000003 165720.92000000001 136949.85500000001 175650.39500000005 190.50000000000003 145.50000000000003 69.500000000000014 134.50000000000003 172670.88410714292 192197.14500000005 156663.87500000003 150629.87678571432 145611.20000000004 3.5000000000000004 157.50000000000003 214222.48500000002 91.500000000000014 157985.75000000003 3.5000000000000004 91964.882142857168 106896.07000000002 135554.6035714286 97422.390000000014 82078.155000000013 92436.835000000006 47685.674120121177 36594.729929084751
decision_type=2 2 2 2 2 2 2 2 2 2 2 2 2 2 2 2 2 2 2 2 2 2 2 2 2 2 2 2 2 2
left_child=-1 2 -2 15 5 -5 7 10 9 -7 -6 12 14 -13 -8 19 17 -17 -14 20 24 -21 -23 28 25 26 -4 -28 29 -24
right_child=1 -3 3 4 6 8 11 -9 -10 -11 -12 13 18 -15 -16 16 -18 -19 -20 21 -22 22 23 -25 -26 -27 27 -29 -30 -31
leaf_value=-216.96920483859503 56.87837972383641 2303.0037962402916 -140.62065172805742 -7.5107138343872073 -192.07462368102935 7.6037646296856112 111.19698095842833 -456.50498337378667 17.077771829800621 171.53097348502561 140.8088681312307 -550.33719878452393 -415.87305692158117 3.7831635561167789 677.96828907715974 -235.69405401634722 -823.97891128868878 622.61106419325733 49.105876921427992 -37.489587166384446 359.53520086188291 -36.194068608798993 58.215092495029239 -3.7246744526750266 31.798269269680169 -94.059320835617115 42.848253610491888 -2.6527725944295528 199.31954568602453 -26.035769358979088
leaf_weight=33 21 33 24 74 58 41 44 25 71 44 24 38 25 1720 20 32 36 22 20 258 21 35 27 92 40 66 36 29 22 22
leaf_count=33 21 33 24 74 58 41 44 25 71 44 24 38 25 1720 20 32 36 22 20 258 21 35 27 92 40 66 36 29 22 22
internal_value=-7.3698e-05 3.31126e-05 -4.1848e-05 -0.000101146 0.00034029 0.00369565 -5.06586e-05 -0.00537383 0.00641026 0.0102941 -0.00243902 0.000254419 0.00481651 -2.84414e-05 0.0101563 -0.00137795 -0.00611111 0 -0.00277778 -0.000744048 0.00185185 -0.00197368 0.000757576 0.00291411 0.000641026 -0.00112903 0.00308989 0.00653846 0.00739437 0.00357143
internal_weight=3053 3020 2987 2966 2204 230 1974 107 156 85 82 1867 109 1758 64 762 90 54 45 672 216 456 198 163 195 155 89 65 71 49
internal_count=3053 3020 2987 2966 2204 230 1974 107 156 85 82 1867 109 1758 64 762 90 54 45 672 216 456 198 163 195 155 89 65 71 49
is_linear=0
shrinkage=0.05


Tree=132
num_leaves=31
num_cat=0
split_feature=2 3 1 1 4 1 7 2 7 3 0 5 0 0 5 3 2 5 3 0 5 5 4 5 2 0 3 0 7 4
split_gain=1.25796 0.707115 1.14476 1.05732 1.61842 1.58151 1.06557 0.971112 1.97576 1.05175 1.38705 1.11536 1.63586 0.969641 0.923233 0.914286 0.857566 1.63979 0.980186 0.844826 0.842182 1.14163 0.830601 2.20604 1.134 0.964286 0.828408 0.81542 0.802662 1.14329
threshold=69621.24500000001 90550.175714285724 142422.09000000003 166583.71000000002 159507.21398809526 174612.23000000001 2.5000000000000004 142422.09000000003 2.5000000000000004 121972.1142857143 126048.51000000002 8173.6081815914886 135054.09000000005 172947.27000000005 52209.070545177608 155094.74571428573 139946.47000000003 33832.991519492149 127962.98357142859 113336.08000000002 32234.866698631249 46228.655527808231 92576.328392857162 43410.926953742339 98692.750000000015 91147.715000000011 134149.84642857147 152310.35000000003 4.5000000000000009 135884.91250000001
decision_type=2 2 2 2 2 2 2 2 2 2 2 2 2 2 2 2 2 2 2 2 2 2 2 2 2 2 2 2 2 2
left_child=-1 -2 7 4 16 -5 13 9 15 19 20 26 -13 -6 -10 -9 17 -4 -18 22 -11 -22 24 25 -3 -24 -12 -21 29 -14
right_child=1 2 3 5 6 -7 -8 8 14 10 11 12 28 -15 -16 -17 18 -19 -20 27 21 -23 23 -25 -26 -27 -28 -29 -30 -31
leaf_value=-206.12074459666547 16.011991914744431 -3.9670473449252315 130.18326926797599 -197.29442920637521 44.76357072904139 6.0708960215240957 419.25434372280074 367.2126052174317 -522.698429627069 99.751309621840491 49.258866589069299 -96.721939591739286 15.486639205006941 -12.567816074493749 -107.5861395135813 -291.21572257483206 43.530037046074 -77.405982846842392 -132.56138586286107 -243.0949165125916 -93.880717013363395 80.46928434190778 8.6490700895879851 -83.883451032343515 -93.636279752938577 156.05413272099688 -0.42562579382283733 -90.754065982491014 85.872820873151795 -242.24612842332573
leaf_weight=33 83 108 25 80 58 1913 44 24 41 22 20 32 43 28 21 21 27 21 39 23 42 69 36 32 21 27 27 20 33 40
leaf_count=33 83 108 25 80 58 1913 44 24 41 22 20 32 43 28 21 21 27 21 39 23 42 69 36 32 21 27 27 20 33 40
internal_value=-0.000139207 -3.31126e-05 -0.00016173 0.000391499 0.0035124 1.25439e-05 0.00730769 -0.00192308 -0.00630841 -0.00113445 0.000762195 -0.00192308 -0.00405405 0.00406977 -0.0120968 0.00166667 -0.000892857 0.00434783 -0.00454545 -0.00346442 0.00469925 0.00292793 -0.00223214 0.00131579 -0.00484496 0.00674603 0.00478723 -0.00988372 -0.0012931 -0.00391566
internal_weight=3053 3020 2937 2235 242 1993 130 702 107 595 328 195 148 86 62 45 112 46 66 267 133 111 224 95 129 63 47 43 116 83
internal_count=3053 3020 2937 2235 242 1993 130 702 107 595 328 195 148 86 62 45 112 46 66 267 133 111 224 95 129 63 47 43 116 83
is_linear=0
shrinkage=0.05


Tree=133
num_leaves=31
num_cat=0
split_feature=1 3 4 6 8 2 6 6 0 0 3 2 2 1 2 10 4 0 5 10 1 10 6 1 1 2 0 1 0 0
split_gain=1.50185 0.821798 1.17817 0.913204 0.877815 1.39291 1.19096 1.67658 1.28199 1.00169 1.00119 0.955281 1.46406 1.302 1.29092 1.64375 1.0768 1.76529 1.21047 1.11958 0.963333 0.89011 0.865343 0.857143 0.847768 0.825302 1.24692 1.14286 0.697575 1.08022
threshold=69474.885000000009 90550.175714285724 92576.328392857162 6212.6344031628169 1.0000000180025095e-35 128401.895 38761.893008739375 23339.215177672169 295188.25000000006 125164.31500000002 117069.04785714288 321865.21000000002 390857.35000000003 146398.57500000004 409340.1650000001 70.500000000000014 434226.56035714288 350831.96500000008 112993.80064450284 118.50000000000001 537380.32500000007 147.50000000000003 314635.54880529764 132170.73000000004 96519.655000000013 135223.47000000003 166863.00000000003 176879.07000000004 86269.435000000012 99666.920000000013
decision_type=2 2 2 2 2 2 2 2 2 2 2 2 2 2 2 2 2 2 2 2 2 2 2 2 2 2 2 2 2 2
left_child=-1 -2 3 -3 28 9 7 8 25 10 -6 13 21 23 -14 20 18 -18 -17 -19 -16 -13 -21 -8 -5 -7 -27 -28 -4 -30
right_child=1 2 4 24 5 6 11 -9 -10 -11 -12 12 14 -15 15 16 17 19 -20 22 -22 -23 -24 -25 -26 26 27 -29 29 -31
leaf_value=-216.93393035761838 16.60966798623631 13.916941349348782 -75.617679374877113 -15.759346551633644 148.25142608494644 6.2741441240417775 104.81754100725011 -188.37008171248601 311.57594918993419 658.74460072809313 -1.833516118003172 -556.77371919262521 1145.7420707313649 269.78827867425571 1477.6486174824067 4.4305957615099034 1315.4622800993502 -1726.0174343640858 -587.52526430129944 -652.81242021749642 359.05643621110357 11.677937835807098 3096.4874889438215 -450.04105470422655 -79.173438844201158 -107.52435815188001 24.153102503828269 -91.725831216794916 89.379320592928707 -6.3195591969073579
leaf_weight=37 80 35 78 74 21 38 21 41 24 20 35 42 22 191 20 33 23 29 36 34 30 36 28 21 22 24 42 21 59 1836
leaf_count=37 80 35 78 74 21 38 21 41 24 20 35 42 22 191 20 33 23 29 36 34 30 36 28 21 22 24 42 21 59 1836
internal_value=-0.00012283 0 -0.00013624 -0.00477099 8.02139e-05 0.00144231 0.000793651 -0.00263158 -0.000167785 0.00789474 0.00446429 0.00194346 0.000225225 0.00439914 0.00205882 0.000965665 -0.00122951 0.00175439 -0.00615942 -0.00137363 0.009 -0.00576923 0.00241935 -0.00357143 -0.00729167 -0.0022 -0.00488506 -0.00119048 -0.000494171 -0.00030343
internal_weight=3053 3016 2936 131 2805 832 756 190 149 76 56 566 333 233 255 233 183 114 69 91 50 78 62 42 96 125 87 63 1973 1895
internal_count=3053 3016 2936 131 2805 832 756 190 149 76 56 566 333 233 255 233 183 114 69 91 50 78 62 42 96 125 87 63 1973 1895
is_linear=0
shrinkage=0.05


Tree=134
num_leaves=31
num_cat=0
split_feature=1 10 2 3 3 2 6 10 10 8 2 0 3 10 1 3 2 5 0 1 4 0 0 1 6 3 10 10 1 4
split_gain=1.30121 0.622195 0.634634 0.596843 1.07522 1.12786 0.80221 0.985008 0.662879 0.600383 1.71536 1.26478 1.11111 1.09523 0.941508 1.68037 1.2195 0.74899 0.978053 0.882062 2.29806 2.04135 1.13747 0.90773 1.45261 0.928514 1.13769 2.02616 0.967934 0.946376
threshold=79923.230000000025 262.50000000000006 1466779.4400000002 90550.175714285724 95266.858571428587 99396.960000000006 6026.702314369385 138.50000000000003 84.500000000000014 1.0000000180025095e-35 129389.77 130407.67500000002 117069.04785714288 27.500000000000004 145473.21000000002 130190.23142857144 149373.40000000005 380985.83631915052 742958.30500000005 489230.06000000006 405819.34464285715 412361.76000000007 154313.99500000002 293250.66000000009 75076.72303092682 222386.66500000001 139.50000000000003 203.50000000000003 375168.83000000002 302755.76558035723
decision_type=2 2 2 2 2 2 2 2 2 2 2 2 2 2 2 2 2 2 2 2 2 2 2 2 2 2 2 2 2 2
left_child=-1 2 3 8 5 6 -5 -8 -2 -6 11 12 -11 -12 16 -16 -15 18 19 20 22 -22 -17 24 -24 -25 28 29 -27 -28
right_child=1 -3 -4 4 9 -7 7 -9 -10 10 13 -13 -14 14 15 17 -18 -19 -20 -21 21 -23 23 25 -26 26 27 -29 -30 -31
leaf_value=-135.45971761795263 -79.05134452013445 83.447646980259748 2087.3805574754838 15.727467902288481 -6.0035812370617352 -65.762989487200684 -22.161258037333756 -4.7586452042021845 22.163358507244268 152.7329855086904 211.45949119181898 345.75006895296178 -8.1884900157325315 -25.370206821794273 165.2932666935958 -503.77497386303077 -683.90909894383367 -1266.864014748513 2563.5056306068727 -672.74379049556455 1412.4274084043734 4.2838087262731284 -0.32946083840215579 643.29714122216978 815.28337217580122 -361.6907913498377 444.08159196410855 -116.73251673797205 -13.639569122996182 9.6271538298606174
leaf_weight=90 24 26 33 21 1902 21 28 45 42 24 44 22 36 71 28 28 21 22 43 76 34 37 107 20 49 43 20 42 25 29
leaf_count=90 24 26 33 21 1902 21 28 45 42 24 44 22 36 71 28 28 21 22 43 76 34 37 107 20 49 43 20 42 25 29
internal_value=-0.000188339 -8.43739e-06 -7.66088e-05 -0.000154959 -0.000264271 -0.005 -0.00265957 -0.00513699 0.00454545 -6.42674e-05 0.00106577 0.00792683 0.00416667 0.000304465 -0.000179856 0.000538972 -0.0048913 -4.34783e-05 0.000316456 -0.000294118 0.000576037 0.00880282 -0.00103306 -0.000223881 0.0025641 -0.00265363 -0.00393082 -0.000274725 -0.00882353 0.00663265
internal_weight=3053 2963 2937 2904 2838 115 94 73 66 2723 821 82 60 739 695 603 92 575 553 510 434 71 363 335 156 179 159 91 68 49
internal_count=3053 2963 2937 2904 2838 115 94 73 66 2723 821 82 60 739 695 603 92 575 553 510 434 71 363 335 156 179 159 91 68 49
is_linear=0
shrinkage=0.05


Tree=135
num_leaves=31
num_cat=1
split_feature=2 2 2 5 10 0 3 2 4 5 0 10 11 8 10 2 2 5 2 1 0 3 5 0 2 5 1 3 5 0
split_gain=1.31883 0.953219 0.921748 2.40835 1.35604 1.29002 2.27069 1.72749 1.52625 1.47539 1.23072 1.90932 1.09855 1.70425 1.05891 1.60976 1.05453 1.01443 0.955815 1.71474 1.2044 0.943116 0.925952 1.43484 0.909138 0.85038 0.860368 0.830407 1.61483 0.872826
threshold=69621.24500000001 1466779.4400000002 185465.33000000005 13491.805258870227 19.500000000000004 102404.03500000002 116413.51428571429 99396.960000000006 92576.328392857162 42995.228707665905 234668.66000000003 91.500000000000014 0 1.0000000180025095e-35 49.500000000000007 1083362.1950000001 179619.46500000003 46739.233436995681 400207.65500000009 291138.22500000003 181454.00000000003 297238.75642857148 103256.24612878035 318444.77500000008 361419.82000000001 270830.12469758576 1340411.5150000004 572687.07071428583 167700.546880907 224927.81500000003
decision_type=2 2 2 2 2 2 2 2 2 2 2 2 1 2 2 2 2 2 2 2 2 2 2 2 2 2 2 2 2 2
left_child=-1 2 5 -4 24 7 -7 17 -9 -10 16 -12 13 21 -14 25 -8 -2 19 20 -15 22 23 -6 -5 27 -27 29 -29 -16
right_child=1 -3 3 4 12 6 10 8 9 -11 11 -13 14 18 15 -17 -18 -19 -20 -21 -22 -23 -24 -25 -26 26 -28 28 -30 -31
leaf_value=-187.90860921548301 -2.4025187760078555 2646.1073767779512 -207.34289287083084 308.08928529748084 -404.41910085713175 299.36704750275459 7.5315274843029334 -140.94774803730544 51.364968537914685 -122.28192069624784 177.34435965851299 -398.03813885093371 -128.60650616765051 -34.195336366437552 -110.08117505128612 -1560.0133792404376 117.84009335918455 95.837291364261915 807.59463104421593 -80.488483761486719 451.30872324803278 -408.09745395268988 15.101702114794898 9.5964899484271893 8.8768976324499818 2333.1056402528311 -892.30646760751267 2430.0624557071105 -3762.4337206046653 33.814966853332592
leaf_weight=41 242 33 30 21 53 48 642 26 38 53 31 56 167 31 129 70 60 29 28 39 24 49 46 31 23 112 26 24 33 788
leaf_count=41 242 33 30 21 53 48 642 26 38 53 31 56 167 31 129 70 60 29 28 39 24 49 46 31 23 112 26 24 33 788
internal_value=-0.000239828 -0.000117371 -0.000211936 -0.000957077 -0.000708383 0.000836735 0.00194146 -0.00154639 -0.00662393 -0.00357143 0.00129911 -0.00431034 -0.000939394 -0.00361736 -0.00031273 0.000211506 0.0019943 0.000645756 0.000819672 -0.00159574 0.00409091 -0.00684358 -0.00461538 -0.0077381 0.00795455 0.00067446 0.00434783 0.000154004 -0.00570175 0.000517993
internal_weight=3023 2982 2949 1724 1694 1225 837 388 117 91 789 87 1650 301 1349 1182 702 271 122 94 55 179 130 84 44 1112 138 974 57 917
internal_count=3023 2982 2949 1724 1694 1225 837 388 117 91 789 87 1650 301 1349 1182 702 271 122 94 55 179 130 84 44 1112 138 974 57 917
cat_boundaries=0 1
cat_threshold=2
is_linear=0
shrinkage=0.05


Tree=136
num_leaves=31
num_cat=0
split_feature=1 7 1 10 7 4 4 1 5 10 1 6 4 0 1 3 1 5 6 4 1 5 1 0 4 0 1 1 6 0
split_gain=0.807944 1.63831 0.734396 0.710927 0.701584 1.37393 1.26039 0.850207 0.917667 0.678788 0.625587 1.33599 1.17992 0.941949 1.58053 0.558143 1.37619 0.696001 1.09242 0.843966 0.935555 0.664394 0.482019 1.32299 1.25223 1.61978 1.35447 1.18694 1.07224 1.04124
threshold=69474.885000000009 2.5000000000000004 75388.630000000019 262.50000000000006 1.0000000180025095e-35 1119888.7521428575 791081.76035714301 1340411.5150000004 439966.3942250454 165.50000000000003 177623.85000000001 34958.101065373776 215190.63803571431 90460.950000000026 128088.22000000002 444401.80285714293 524288.31500000006 106658.83706061462 107272.37584940426 300563.96125000011 327504.38500000007 171267.9743014519 203052.28000000003 443056.65500000009 217614.23589285716 200374.95000000004 256593.80000000002 262282.68500000006 111103.17560738053 98820.410000000018
decision_type=2 2 2 2 2 2 2 2 2 2 2 2 2 2 2 2 2 2 2 2 2 2 2 2 2 2 2 2 2 2
left_child=1 -1 -2 4 6 7 10 8 22 -7 11 13 -12 -4 -15 16 17 18 19 20 -14 -17 23 29 -24 28 -27 -28 -26 -6
right_child=2 -3 3 -5 5 9 -8 -9 -10 -11 12 -13 15 14 -16 21 -18 -19 -20 -21 -22 -23 24 -25 25 26 27 -29 -30 -31
leaf_value=-335.07021315258498 55.940499284385446 72.531893041236984 -29.01132908087493 91.979836434760372 -20.285631679534347 9726.8237569065186 -1149.7314914125425 -2129.0918057916688 3714.0516553967086 2016.1932806677796 -90.520331670770247 550.81834073908828 144.66429493182076 41.600162734755216 -19.807289986448453 2648.1155957610522 -307.59938833770866 -207.72659565288197 2588.2183851018813 -2.1913637684803691 -113.04629426595056 871.20641335985283 -157.45790879052512 783.89107272914998 292.68482103260612 -344.71039783000452 777.51390373308391 -33.056571707333205 -56.325668083354685 6.1462499393222974
leaf_weight=20 29 22 20 24 306 20 39 41 20 22 52 35 38 38 36 25 28 36 21 21 24 28 53 28 53 108 21 960 34 821
leaf_count=20 29 22 20 24 306 20 39 41 20 22 52 35 38 38 36 25 28 36 21 21 24 28 53 28 53 108 21 960 34 821
internal_value=-0.000256368 -0.00714286 -0.000159343 -0.000237127 -0.000307377 -0.000633293 0.00153061 -0.000787321 -0.000665557 0.00833333 0.00236318 0.00523256 0.00100733 0.00212766 0.00472973 0.00260181 0.00119048 0.00321429 0.00528846 0.00271084 0.00564516 0.00707547 -0.000755034 -2.1645e-05 -0.00144426 -0.00110544 -0.00162994 -0.00104485 0.00545977 -0.000288376
internal_weight=3023 42 2981 2952 2928 2487 441 2445 2404 42 402 129 273 94 74 221 168 140 104 83 62 53 2384 1155 1229 1176 1089 981 87 1127
internal_count=3023 42 2981 2952 2928 2487 441 2445 2404 42 402 129 273 94 74 221 168 140 104 83 62 53 2384 1155 1229 1176 1089 981 87 1127
is_linear=0
shrinkage=0.05


Tree=137
num_leaves=31
num_cat=1
split_feature=2 7 2 2 2 0 0 7 2 6 10 6 1 6 10 0 11 3 6 2 1 0 5 3 2 7 5 10 6 10
split_gain=1.33357 1.30662 0.632771 0.76724 1.68613 1.8703 1.10864 1.00237 1.26244 1.20161 1.31507 1.11615 0.877046 0.857143 0.915751 0.818619 0.745626 1.95102 1.57622 1.23098 1.55204 1.26711 1.20652 1.02967 0.891378 1.18667 1.44097 1.06435 1.75819 1.13727
threshold=69621.24500000001 2.5000000000000004 1466779.4400000002 560115.69500000018 509633.48000000004 868810.3400000002 678984.24500000023 1.0000000180025095e-35 159031.20500000002 138723.34230673066 204.50000000000003 11947.207803772782 420491.74500000005 125968.22431192714 126.50000000000001 318444.77500000008 0 299678.88571428577 125262.425585351 369476.97500000003 411838.23500000004 412361.76000000007 173007.1862001144 298209.21500000008 305767.98500000004 5.5000000000000009 119512.71187824332 91.500000000000014 102342.11368464198 235.50000000000003
decision_type=2 2 2 2 2 2 2 2 2 2 2 2 2 2 2 2 1 2 2 2 2 2 2 2 2 2 2 2 2 2
left_child=1 -1 3 4 5 6 7 8 11 10 12 -2 15 -6 -15 -10 19 18 23 22 -21 -22 -9 -18 27 -26 -27 28 -19 -29
right_child=2 -3 -4 -5 13 -7 -8 16 9 -11 -12 -13 -14 14 -16 -17 17 24 -20 20 21 -23 -24 -25 25 26 -28 29 -30 -31
leaf_value=-182.71629480481425 4.8972672903619241 21.796204155662053 2328.0994251692086 -253.00551864033332 -248.33679762394169 10437.319995717007 -2057.1286347380606 2227.2542560187371 5.9312311526737176 2568.2669353365145 -172.78631680163235 494.55325636497219 -838.42581757571315 14.663868753003772 3647.3242475208554 303.60104496227143 -0.67042908322982842 -209.73433735482396 -909.7947824597228 380.15467956095819 1.1566922463374796 -1947.143838344206 -1535.8990549024747 234.48810312476709 -129.38125665994593 -86.88871197449626 1247.7860922809168 -340.36355711504876 365.08718885950077 -85.297002306493241
leaf_weight=21 55 20 33 403 28 23 37 125 109 25 47 34 23 26 30 38 1402 21 27 61 40 37 21 29 143 22 25 73 20 25
leaf_count=21 55 20 33 403 28 23 37 125 109 25 47 34 23 26 30 38 1402 21 27 61 40 37 21 29 143 22 25 73 20 25
internal_value=-0.000190208 -0.00914634 -6.70691e-05 -0.000144117 0.000176748 -6.09261e-05 -0.000194752 -6.2448e-05 0.00249245 0.000619835 -0.000576037 0.00758427 0.00147059 0.00714286 0.0107143 0.00289116 -0.000470787 -0.000848637 -6.85871e-05 0.00187075 -0.00144928 -0.00616883 0.00513699 0.000157233 -0.00433131 -0.00210526 0.00478723 -0.0073741 -0.000609756 -0.0102041
internal_weight=3023 41 2982 2949 2546 2462 2439 2402 331 242 217 89 170 84 56 147 2071 1787 1458 284 138 77 146 1431 329 190 47 139 41 98
internal_count=3023 41 2982 2949 2546 2462 2439 2402 331 242 217 89 170 84 56 147 2071 1787 1458 284 138 77 146 1431 329 190 47 139 41 98
cat_boundaries=0 1
cat_threshold=4
is_linear=0
shrinkage=0.05


Tree=138
num_leaves=31
num_cat=1
split_feature=2 7 2 0 2 6 10 0 4 2 4 4 11 2 2 4 10 0 1 2 5 10 10 5 5 10 2 2 10 1
split_gain=1.29931 1.30662 0.654528 0.69125 1.58481 2.29418 1.3724 1.03099 1.63954 1.46017 1.67385 1.24287 1.00184 2.05576 1.17679 1.70546 1.87934 1.47514 1.3724 1.48056 1.5121 1.2059 1.27615 1.22157 1.12275 1.09627 1.03214 0.967872 0.968575 0.902868
threshold=69621.24500000001 2.5000000000000004 1466779.4400000002 222265.33500000005 484419.0500000001 125262.425585351 104.50000000000001 102404.03500000002 118687.7460714286 99396.960000000006 92576.328392857162 125017.97535714287 0 338602.64000000007 560115.69500000018 473149.82553571434 186.50000000000003 868810.3400000002 682681.61500000011 509633.48000000004 119512.71187824332 217.50000000000003 237.50000000000003 102828.78558203026 111688.74158179871 156.50000000000003 301824.55000000005 116554.55500000001 258.50000000000006 217492.16500000004
decision_type=2 2 2 2 2 2 2 2 2 2 2 2 1 2 2 2 2 2 2 2 2 2 2 2 2 2 2 2 2 2
left_child=1 -1 3 4 5 7 -7 9 -9 -2 -11 -12 13 24 17 16 -16 18 19 21 -21 29 23 -23 26 -17 -5 -10 -29 -14
right_child=2 -3 -4 12 -6 6 -8 8 27 10 11 -13 14 -15 15 25 -18 -19 -20 20 -22 22 -24 -25 -26 -27 -28 28 -30 -31
leaf_value=-173.58048006457321 2.5287679746146754 20.706393947879043 2211.6944539107499 -138.89169165039348 1872.5238987593127 -1433.6714726551672 -9.3033837429800776 311.69447173661104 -52.766250686140488 -132.85255759730208 5.7175858461319882 -281.62140574408807 373.55971301928952 73.477671940387523 -754.13015127516701 -529.93108834381565 -922.47286962393264 8544.7466211771007 -1435.4928091602808 -26.343126679869602 1813.9921758015655 -1.9965721790940734 2.5424204704977456 -1367.777174269085 -323.34537925929618 685.2934189657783 -157.38526981260222 7.741244922055194 114.67781626107754 10.805815578400507
leaf_weight=21 270 20 33 84 25 24 29 51 94 26 61 32 63 68 34 226 25 27 45 30 32 32 98 39 29 104 36 808 20 537
leaf_count=21 270 20 33 84 25 24 29 51 94 26 61 32 63 68 34 226 25 27 45 30 32 32 98 39 29 104 36 808 20 537
internal_value=-0.000305987 -0.00914634 -0.00018444 -0.000262801 0.000520833 0.000300353 -0.00990566 0.000697504 0.00156732 -0.00147815 -0.00609244 -0.00295699 -0.0010106 -0.00407489 -0.000460829 -0.0027635 -0.0105932 0.000526024 0.000171233 0.000631769 0.00806452 3.25098e-05 -0.00369822 -0.00880282 -0.00755034 -0.00136364 -0.00541667 0.0010846 0.00163043 0.00108333
internal_weight=3023 41 2982 2949 1440 1415 53 1362 973 389 119 93 1509 217 1292 389 59 903 876 831 62 769 169 71 149 330 120 922 828 600
internal_count=3023 41 2982 2949 1440 1415 53 1362 973 389 119 93 1509 217 1292 389 59 903 876 831 62 769 169 71 149 330 120 922 828 600
cat_boundaries=0 1
cat_threshold=2
is_linear=0
shrinkage=0.05


Tree=139
num_leaves=31
num_cat=0
split_feature=2 7 2 2 4 4 4 4 5 4 1 0 7 5 5 1 4 0 1 5 1 0 10 6 0 5 4 10 6 7
split_gain=1.27512 1.30662 0.670294 0.715107 1.91288 1.58476 0.934497 1.33855 0.991966 1.43069 1.58451 1.35976 0.898314 1.42477 1.85579 1.31113 1.4836 1.43631 1.26152 1.32307 1.15201 1.12347 1.61792 1.30017 1.22921 1.81603 1.14683 1.07417 1.05911 1.04794
threshold=69621.24500000001 2.5000000000000004 1466779.4400000002 288753.74000000005 222408.70160714287 508332.40803571435 418029.89910714288 396645.29946428578 116729.40733952666 293537.9621428572 375168.83000000002 232009.21000000002 3.5000000000000004 77047.152409744202 102828.78558203026 355233.51000000007 473149.82553571434 1253947.2600000002 217492.16500000004 108516.60207817449 288947.88000000006 273357.30500000005 147.50000000000003 128037.85784872471 742958.30500000005 407298.74586677196 506212.04999999999 189.50000000000003 24710.563569740498 2.5000000000000004
decision_type=2 2 2 2 2 2 2 2 2 2 2 2 2 2 2 2 2 2 2 2 2 2 2 2 2 2 2 2 2 2
left_child=1 -1 3 5 -5 6 7 8 -2 -10 11 -11 15 28 -15 20 29 -18 -16 -20 -6 22 -21 -23 26 -26 27 -25 -14 -17
right_child=2 -3 -4 4 12 -7 -8 -9 9 10 -12 -13 13 14 18 16 17 -19 19 21 -22 23 -24 24 25 -27 -28 -29 -30 -31
leaf_value=-164.90145606134467 2.6771881139597102 19.671074250484892 2101.1097312152156 -529.11285886800033 -77.959206811596232 2783.2334127309182 -837.1088712244208 6092.0718255262509 238.22196488923947 -311.05892492511634 190.64178526816977 -536.74400446857908 -17.629359693283913 1406.3864737573285 1206.9583592958036 -91.601997073349779 590.48221388607635 -3894.0505594576043 -915.54883368161393 -140.16132394898742 431.7033420308901 181.14533957959503 1227.5472533434615 240.37141012240318 578.50530347125311 -4841.6663697057984 -2086.929838666259 -639.52707166433402 -169.27409698240808 -3193.4086821508567
leaf_weight=21 1573 20 33 47 78 22 28 26 27 20 20 23 50 63 22 163 223 26 24 25 105 55 28 33 72 22 58 37 44 35
leaf_count=21 1573 20 33 47 78 22 28 26 27 20 20 23 50 63 22 163 223 26 24 25 105 55 28 33 72 22 58 37 44 35
internal_value=-0.000388687 -0.00914634 -0.000268276 -0.000347575 -0.00128099 0.000301898 0.000131043 0.000281231 0.000105232 -0.005 -0.00912698 -0.0145349 -0.000881341 -0.00239212 -0.0011959 0.000396825 -0.00106264 0.00150602 -0.0025266 -0.00324859 0.00396175 -0.00242424 0.00424528 -0.00370036 -0.00540541 -0.00106383 -0.00859375 -0.00428571 -0.00797872 -0.00429293
internal_weight=3023 41 2982 2949 1210 1739 1717 1689 1663 90 63 43 1163 533 439 630 447 249 376 354 183 330 53 277 222 94 128 70 94 198
internal_count=3023 41 2982 2949 1210 1739 1717 1689 1663 90 63 43 1163 533 439 630 447 249 376 354 183 330 53 277 222 94 128 70 94 198
is_linear=0
shrinkage=0.05


Tree=140
num_leaves=31
num_cat=0
split_feature=2 6 6 4 3 4 4 0 2 1 2 0 7 1 3 3 10 3 1 7 10 3 4 10 2 2 0 4 7 2
split_gain=1.38533 0.727846 1.65384 1.07232 2.94935 1.31792 2.23686 1.48504 1.38622 1.50749 1.3686 1.40083 1.34151 1.22727 1.11654 1.51769 1.04701 2.05302 0.915719 0.887795 0.951346 1.12869 1.23186 1.00807 1.07488 1.00521 1.09487 1.24102 0.941015 0.903783
threshold=69621.24500000001 125262.425585351 147844.39382622534 149838.82875000002 148912.87142857147 155272.47421583853 173068.33892857147 150857.66000000003 219832.47500000003 164631.90500000003 166697.78500000003 260574.74500000002 1.5000000000000002 150548.70500000005 90550.175714285724 89805.989285714299 187.50000000000003 411163.68000000011 185828.83500000002 5.5000000000000009 69.500000000000014 352271.63285714295 389411.87053571432 215.50000000000003 501588.40000000008 1170112.9500000002 945493.09500000009 1031562.4142857144 4.5000000000000009 305767.98500000004
decision_type=2 2 2 2 2 2 2 2 2 2 2 2 2 2 2 2 2 2 2 2 2 2 2 2 2 2 2 2 2 2
left_child=-1 3 16 14 -5 13 -7 -8 9 10 11 -9 18 -6 15 -2 -3 -18 -11 20 -4 -22 -23 25 -25 26 28 -28 29 -24
right_child=1 2 19 4 5 6 7 8 -10 12 -12 -13 -14 -15 -16 -17 17 -19 -20 -21 21 22 23 24 -26 -27 27 -29 -30 -31
leaf_value=-156.65638325827751 -9.3278553089876368 -996.93792886222082 -1247.0331385232626 272.11434151535144 -459.68809262589787 182.69966807633318 161.18573645623184 131.55314126821904 21.869074966972406 -423.77579276639955 -208.30492161959558 -206.23737254165317 -22.894794992577228 0.52166990027253635 -6.5314211544464342 35.90080194217699 2498.2335398038736 -760.79034406576977 -313.30900102016022 269.10975616165672 -790.38140071481985 1479.8939716184047 -1799.9030484341843 -1486.5800867071755 -35.419219805279866 -2796.2522098423624 12167.547359586091 2295.4400366092973 -816.10512763090082 245.96954035278179
leaf_weight=39 47 139 101 42 33 67 60 48 720 20 23 27 223 33 768 38 36 46 26 86 36 31 22 31 55 50 22 34 35 141
leaf_count=39 47 139 101 42 33 67 60 48 720 20 23 27 223 33 768 38 36 46 26 86 36 31 22 31 55 50 22 34 35 141
internal_value=-0.000251705 -0.000131579 -0.00135838 0.000356322 0.00124811 0.000820313 0.0011944 0.000675676 0.00025299 -0.00224796 0.00306122 0.00633333 -0.00418216 -0.00606061 -0.00102579 0.00441176 -0.0050905 -0.000609756 -0.0119565 -7.76398e-05 -0.000806452 0.000164114 0.000890736 0.000128205 -0.00465116 0.00148026 0.00275591 0.00892857 0.0010101 0.00260736
internal_weight=3079 3040 865 2175 1322 1280 1214 1147 1087 367 98 75 269 66 853 85 221 82 46 644 558 457 421 390 86 304 254 56 198 163
internal_count=3079 3040 865 2175 1322 1280 1214 1147 1087 367 98 75 269 66 853 85 221 82 46 644 558 457 421 390 86 304 254 56 198 163
is_linear=0
shrinkage=0.05


Tree=141
num_leaves=31
num_cat=0
split_feature=2 3 3 3 6 6 10 4 0 2 4 5 2 3 2 2 2 8 0 5 3 4 4 6 0 5 6 6 3 5
split_gain=1.42891 0.675734 1.51769 1.41176 0.913916 2.01532 1.0719 1.41379 1.21221 0.841699 0.937662 0.80548 1.50211 1.34987 1.2736 1.22001 0.791292 0.94408 0.942947 1.74048 1.22076 0.762905 0.970768 0.645378 0.625 0.607997 0.827797 0.93841 0.783017 1.92944
threshold=69621.24500000001 90550.175714285724 89805.989285714299 121972.1142857143 125968.22431192714 147844.39382622534 187.50000000000003 395916.43446428579 347663.93000000005 373014.69000000006 487485.96125000005 39282.105838163297 99396.960000000006 118964.325 108071.99500000001 162563.47000000003 1083362.1950000001 1.0000000180025095e-35 945493.09500000009 301338.93343541614 1060734.0692857143 91465.769285714297 91832.317678571446 42700.58050265893 103849.62000000001 129659.87757843696 110373.15389610942 114019.63656086488 409974.92000000004 105817.25042322236
decision_type=2 2 2 2 2 2 2 2 2 2 2 2 2 2 2 2 2 2 2 2 2 2 2 2 2 2 2 2 2 2
left_child=-1 2 -2 11 25 6 7 -6 -8 -9 -11 12 21 23 -14 24 18 -18 -7 -20 -21 -3 -23 -13 -16 28 -27 -28 -5 -30
right_child=1 3 -4 4 5 16 8 9 -10 10 -12 13 14 -15 15 -17 17 -19 19 20 -22 22 -24 -25 -26 26 27 -29 29 -31
leaf_value=-148.82356409536371 -8.8614625435380727 124.51021620325702 34.105761845068265 6.5940457939366759 -2023.9907072408869 9.210959525720682 984.85225530463799 187.21875022930618 -300.9080619179062 -1788.6118097005267 274.98354960615251 22.333590826300135 -170.21817481235485 -92.825424591227787 -115.19017524622869 -717.48238311132559 -2329.4232937867232 860.94143579448576 -686.43711193972274 6633.8521014938051 3266.3168661696723 -52.934730522134487 -3.9188406353961911 156.66192766238964 120.16721622611441 1004.9887095529717 -154.16184453193421 604.45995624002535 587.15219658806166 -2322.5955561393857
leaf_weight=39 47 22 38 1610 36 435 22 32 59 35 20 30 22 57 20 22 85 33 36 26 29 21 110 21 20 30 22 49 31 20
leaf_count=39 47 22 38 1610 36 435 22 32 59 35 20 30 22 57 20 22 85 33 36 26 29 21 110 21 20 30 22 49 31 20
internal_value=-0.000105554 1.64474e-05 0.00441176 -0.000109983 0.000287356 -0.00106132 -0.00539216 -0.00833333 -0.000925926 -0.00488506 -0.00863636 -0.00311594 -0.00474684 0.000462963 -0.010119 -0.00645161 0.000310559 -0.00338983 0.00114068 0.00576923 0.0113636 -0.00179739 -0.00324427 0.00637255 -0.00125 0.000936436 0.00470297 0.00176056 0.000707405 -0.00539216
internal_weight=3079 3040 85 2955 2610 848 204 123 81 87 55 345 237 108 84 62 644 118 526 91 55 153 131 51 40 1762 101 71 1661 51
internal_count=3079 3040 85 2955 2610 848 204 123 81 87 55 345 237 108 84 62 644 118 526 91 55 153 131 51 40 1762 101 71 1661 51
is_linear=0
shrinkage=0.05


Tree=142
num_leaves=31
num_cat=0
split_feature=2 6 5 5 2 3 1 2 2 1 4 3 10 10 4 4 1 0 0 0 3 5 0 10 2 2 1 3 10 1
split_gain=1.42891 0.541622 2.06054 1.80215 1.14553 1.76109 1.2225 1.10599 1.16667 1.01644 0.969276 3.67338 1.33121 2.35685 1.40264 1.85979 1.27225 1.26316 1.0276 1.35755 1.61713 0.891877 1.09477 1.93393 1.42857 0.944664 1.36048 1.2774 1.14858 1.34515
threshold=69621.24500000001 102342.11368464198 74429.597521369942 109219.79393550634 214222.48500000002 472807.17642857152 241666.32000000004 216459.97500000001 390857.35000000003 217492.16500000004 149838.82875000002 148912.87142857147 249.50000000000003 242.50000000000003 155272.47421583853 173329.87660714288 150548.70500000005 213621.71500000003 150857.66000000003 165035.91500000001 173234.00714285718 100306.84126849746 489052.80000000005 217.50000000000003 454398.42500000005 230193.30500000002 256593.80000000002 306437.45071428578 47.500000000000007 325563.81000000006
decision_type=2 2 2 2 2 2 2 2 2 2 2 2 2 2 2 2 2 2 2 2 2 2 2 2 2 2 2 2 2 2
left_child=-1 3 7 10 5 6 -4 -3 -9 -6 -2 -12 13 14 16 -16 -13 -14 -17 20 -20 22 23 24 -11 -23 -27 -28 -29 -30
right_child=1 2 4 -5 9 -7 -8 8 -10 21 11 12 17 -15 15 18 -18 -19 19 -21 -22 25 -24 -25 -26 26 27 28 29 -31
leaf_value=-141.38238589059549 -3.5626343764055495 18.807487080451391 -87.755348276496818 951.19430066644281 513.60763793879892 290.87139057623426 -1399.3727690419983 -930.45478685183343 -178.25973869888696 -472.11133520057484 295.99444777939937 -563.30262884727892 13.536872009239596 234.79760146524643 251.65679530525597 126.39142696513009 0.16588411556149368 -224.94684591740952 19.224874774018101 9.5528068327330402 -236.11848799396978 834.55466425401391 -862.05570299957765 2051.2505978365502 340.74215933759842 -442.90224494038415 -412.28563096549334 -1148.7678480383008 445.99329120747575 -14.479508573529893
leaf_weight=39 850 20 39 37 64 20 34 21 21 36 37 28 32 21 52 54 27 25 20 589 43 20 21 24 20 50 36 85 70 644
leaf_count=39 850 20 39 37 64 20 34 21 21 36 37 28 32 21 52 54 27 25 20 589 43 20 21 24 20 50 36 85 70 644
internal_value=-0.000105554 1.64474e-05 -0.000795918 0.000564738 -0.000322442 -0.00564516 -0.00924658 -0.00967742 -0.0142857 0.000140187 0.000337458 0.00145474 0.000813692 0.00131894 0.000891759 0.00145119 -0.00681818 -0.00657895 0.000779037 0.000230061 -0.00674603 -0.000248509 0.00420792 0.006875 0.00178571 -0.000745856 -0.000988701 -0.000508982 -9.38673e-05 0.000560224
internal_weight=3079 3040 1225 1815 1163 93 73 62 42 1070 1778 928 891 834 813 758 55 57 706 652 63 1006 101 80 56 905 885 835 799 714
internal_count=3079 3040 1225 1815 1163 93 73 62 42 1070 1778 928 891 834 813 758 55 57 706 652 63 1006 101 80 56 905 885 835 799 714
is_linear=0
shrinkage=0.05


Tree=143
num_leaves=31
num_cat=0
split_feature=2 5 2 10 10 2 4 2 3 5 3 10 0 6 10 3 6 6 2 7 4 4 2 3 5 0 3 7 6 7
split_gain=1.11596 1.45771 0.758161 1.38659 1.87685 1.05243 0.931701 0.707342 1.55813 1.13844 1.00595 1.14158 1.34517 0.660333 1.43106 0.9 0.9 0.644113 1.9532 0.63174 0.620194 1.24609 1.42981 0.86445 1.1887 1.76036 1.0998 0.953041 1.21795 1.06567
threshold=82743.585000000006 47208.176563028122 90508.205000000016 71.500000000000014 201.50000000000003 92382.135000000024 92051.925357142871 99396.960000000006 104367.94928571432 6055.1362497380405 125456.43500000003 74.500000000000014 96546.97500000002 25400.329045009636 73.500000000000014 120994.95428571431 7060.4013388903259 9769.7466563638827 142422.09000000003 1.5000000000000002 152628.5092857143 172670.88410714292 131490.65000000002 152232.45571428575 47685.674120121177 113336.08000000002 128882.97285714287 5.5000000000000009 38761.893008739375 1.0000000180025095e-35
decision_type=2 2 2 2 2 2 2 2 2 2 2 2 2 2 2 2 2 2 2 2 2 2 2 2 2 2 2 2 2 2
left_child=1 13 3 -2 6 -4 -5 9 -9 -7 11 -11 -13 16 -15 -16 -1 18 19 -10 23 22 -22 24 27 -26 -27 29 -29 -19
right_child=2 -3 5 4 -6 7 -8 8 17 10 -12 12 -14 14 15 -17 -18 20 -20 -21 21 -23 -24 -25 25 26 -28 28 -30 -31
leaf_value=-55.773474921890376 55.63162043329794 90.184804369860657 -47.040288428445642 2.357798546864069 73.956333571257716 32.578605471634731 -97.724308567714615 -95.899964199874375 13.288136313301585 24.767477101174883 159.77601979540052 -105.30631056994753 26.321652303585143 -293.9712668572036 97.976307080594424 -339.74828055709258 33.961433442363521 21.185474989245268 -44.708000248753528 91.004407513811032 -544.08033520759057 -3.8885498382558583 275.32831682231773 -561.09932638941689 123.28481105789834 104.77144478537085 -430.32523140006816 -26.429074675765516 499.88012977201146 -87.619594218216662
leaf_weight=20 27 30 39 23 29 28 33 35 24 23 21 29 23 23 20 20 20 64 28 43 21 2013 77 25 33 29 21 34 23 201
leaf_count=20 27 30 39 23 29 28 33 35 24 23 21 29 23 23 20 20 20 64 28 43 21 2013 77 25 33 29 21 34 23 201
internal_value=-0.000219227 -0.00469925 -1.69722e-05 0.00401786 0.000882353 -0.000176429 -0.00446429 -6.26118e-05 -0.000233995 0.00362903 0.00104167 -0.00166667 -0.00576923 -0.00752427 -0.0107143 -0.005 -0.0025 -9.48407e-05 0.00394737 0.00858209 -0.000245966 0.000106585 0.00561224 -0.00197674 -0.00141975 0.00391566 -0.002 -0.00279503 0.00307018 -0.0040566
internal_weight=3079 133 2946 112 85 2834 56 2795 2671 124 96 75 52 103 63 40 40 2636 95 67 2541 2111 98 430 405 83 50 322 57 265
internal_count=3079 133 2946 112 85 2834 56 2795 2671 124 96 75 52 103 63 40 40 2636 95 67 2541 2111 98 430 405 83 50 322 57 265
is_linear=0
shrinkage=0.05


Tree=144
num_leaves=31
num_cat=0
split_feature=1 6 6 3 3 5 6 5 5 7 5 6 4 0 4 0 3 4 3 0 7 6 0 5 5 5 4 0 5 6
split_gain=0.910418 0.802646 0.915781 0.846008 1.1001 0.955828 0.66938 2.08782 1.36396 1.20619 0.914607 1.20257 1.34313 1.0897 1.04649 0.897779 0.848462 1.06906 0.842907 0.99103 1.05526 1.04528 1.34056 1.02724 0.989949 1.52972 0.815474 0.960102 2.22041 1.16024
threshold=69474.885000000009 5860.0634045541501 6212.6344031628169 90550.175714285724 89805.989285714299 5365.9861635209363 102342.11368464198 74429.597521369942 109219.79393550634 2.5000000000000004 100306.84126849746 150392.42913183375 389411.87053571432 416304.46500000003 414646.92553571431 251152.76500000004 413517.83500000002 398491.41375000007 305341.66285714292 566263.16500000015 3.5000000000000004 128037.85784872471 425021.14500000008 122700.24752052366 117345.10548469776 139335.16524784229 133147.27821428576 192849.65000000002 47685.674120121177 45507.843043542198
decision_type=2 2 2 2 2 2 2 2 2 2 2 2 2 2 2 2 2 2 2 2 2 2 2 2 2 2 2 2 2 2
left_child=-1 -2 -3 4 -4 -5 8 9 26 -8 13 16 -13 -9 -14 -16 18 -18 -12 20 21 22 -20 -24 -22 -26 27 28 -7 -30
right_child=1 2 3 5 -6 6 7 10 -10 -11 11 12 14 -15 15 -17 17 -19 19 -21 24 -23 23 -25 25 -27 -28 -29 29 -31
leaf_value=-103.58995338851528 6.6975806632461179 -27.923596280276982 -0.25332991524592219 -34.060271371515412 34.07492408380422 -36.09687716133049 -124.18813847710771 689.19831859350097 903.82901312503384 -748.43910008847024 -89.780022711929632 1394.3567666334843 -1875.3431405758108 -169.47924152435155 2164.5401493766522 1.8812165586132323 -1600.2160210445684 -547.56951312272577 1353.1547643983301 -1754.6160080954317 -448.3063120333216 -339.09006524082361 -172.10142602189009 3332.9268599721518 616.21101244386671 -1206.0312896767834 5.2934941517480185 -27.838468447513879 117.12057050500371 -7.8556001169956291
leaf_weight=33 20 33 38 21 29 349 28 83 37 37 83 34 31 39 21 485 35 107 46 23 23 44 20 21 44 26 1175 30 51 33
leaf_count=33 20 33 38 21 29 349 28 83 37 37 83 34 31 39 21 485 35 107 46 23 23 44 20 21 44 26 1175 30 51 33
internal_value=-7.30757e-05 1.6415e-05 -4.95704e-05 4.17641e-05 0.00559701 -8.54409e-05 -8.60585e-06 -0.000894309 0.000641791 -0.00961538 -0.000407725 -0.000886865 0.000656743 0.00368852 4.65549e-05 0.000592885 -0.00275424 -0.00598592 -0.00136364 0.000101215 0.00111607 0.00400763 0.00718391 0.000609756 -0.00295699 0 0.00042735 -0.00134989 -0.000750577 0.00654762
internal_weight=3079 3046 3026 2993 67 2926 2905 1230 1675 65 1165 1043 571 122 537 506 472 142 330 247 224 131 87 41 93 70 1638 463 433 84
internal_count=3079 3046 3026 2993 67 2926 2905 1230 1675 65 1165 1043 571 122 537 506 472 142 330 247 224 131 87 41 93 70 1638 463 433 84
is_linear=0
shrinkage=0.05


Tree=145
num_leaves=31
num_cat=0
split_feature=3 3 6 5 3 6 1 6 7 6 6 10 4 4 0 0 5 6 6 1 4 1 6 1 0 5 10 6 4 0
split_gain=0.810753 2.78792 0.689093 0.911965 0.694929 0.984758 0.738939 0.877198 0.665296 1.17227 1.67238 1.66375 1.52174 1.58408 2.75298 1.48583 1.34564 1.94093 1.84157 1.26342 1.1507 1.14454 1.11772 1.1144 1.26689 1.35161 1.18842 1.09009 1.2624 1.80179
threshold=144306.32428571431 148912.87142857147 49149.38181282374 52209.070545177608 140179.84571428577 45901.726176719465 69474.885000000009 5860.0634045541501 4.5000000000000009 25400.329045009636 13065.475100524882 167.50000000000003 387813.85142857145 423144.68464285723 326744.49500000005 268668.97500000003 70882.235317453786 72657.237655223566 50603.374305268706 277549.11500000005 297747.56482142868 416123.95000000001 128037.85784872471 124051.74000000001 115802.54500000001 111688.74158179871 19.500000000000004 102807.90043296338 491220.28318783076 678984.24500000023
decision_type=2 2 2 2 2 2 2 2 2 2 2 2 2 2 2 2 2 2 2 2 2 2 2 2 2 2 2 2 2 2
left_child=2 -2 3 4 5 6 -1 -8 23 10 -10 -12 15 21 -15 16 18 -18 -11 -19 -17 22 -14 -3 -25 26 -26 -27 -29 -30
right_child=1 8 -4 -5 -6 -7 7 -9 9 12 11 -13 13 14 -16 20 17 19 -20 -21 -22 -23 -24 24 25 27 -28 28 29 -31
leaf_value=-62.213253533520039 539.03810985534074 -401.22942143077455 -409.14580493264953 145.52586985157069 -77.80023817086331 -126.3189628357508 3.6456655223988492 -3.2646878879691941 93.798672965449811 -121.09014744298038 -19.31633552252606 -142.2545197191881 607.45136261255254 2750.7580048479376 5.951938736773446 2602.2105774681113 -99.6569610379549 547.5885868833517 226.74004329216842 -109.29952484058741 341.37820409471465 -1420.5503340563621 -731.64267052451476 -801.11187097946936 254.12991698771293 687.13351769485962 22.309750885610995 -234.72847793131805 653.28587857845423 -693.74887748234914
leaf_weight=30 37 37 28 22 33 22 20 734 20 27 59 28 31 27 158 31 25 29 31 40 57 38 22 20 24 20 788 316 121 211
leaf_count=30 37 37 28 22 33 22 20 734 20 27 59 28 31 27 158 31 25 29 31 40 57 38 22 20 24 20 788 316 121 211
internal_value=6.48088e-05 0.000580337 -0.00120922 -0.000958188 -0.00122169 -0.000930521 -0.000637755 -0.000331565 0.000347222 0.00172552 -0.00303738 -0.00603448 0.00271318 0.000181159 0.00283784 0.005625 0.00263158 -0.00106383 0.00862069 0.00326087 0.0107955 -0.00521978 -0.000471698 -0.000211451 0 0.000168919 0.00153941 -0.00149701 -0.00185185 0.000301205
internal_weight=3086 2197 889 861 839 806 784 754 2160 623 107 87 516 276 185 240 152 94 58 69 88 91 53 1537 1500 1480 812 668 648 332
internal_count=3086 2197 889 861 839 806 784 754 2160 623 107 87 516 276 185 240 152 94 58 69 88 91 53 1537 1500 1480 812 668 648 332
is_linear=0
shrinkage=0.05


Tree=146
num_leaves=31
num_cat=0
split_feature=3 3 0 0 2 2 1 1 2 0 6 6 10 4 3 2 2 4 1 0 2 0 0 2 1 8 10 1 3 1
split_gain=0.664006 2.30392 0.908669 0.980641 0.993353 1.30221 0.913211 1.01842 0.892653 0.825343 2.13567 1.1501 1.41314 1.66113 1.05599 1.42678 1.75294 1.89454 1.17399 1.66309 0.98 0.973096 1.11111 0.985912 1.27499 1.50227 1.11468 0.752415 0.842928 0.650057
threshold=144306.32428571431 148912.87142857147 192849.65000000002 149575.01500000004 69621.24500000001 80961.35000000002 86154.595000000016 136164.27500000005 174612.23000000001 126048.51000000002 10172.673165672535 46900.147219338738 126.50000000000001 126630.18160714286 125456.43500000003 95836.580000000016 99396.960000000006 121805.80410714286 96982.175000000003 89761.785000000018 91171.510000000009 100913.70000000001 120687.06000000001 90508.205000000016 93625.795000000027 1.0000000180025095e-35 58.500000000000007 154096.62000000002 135208.22785714289 494655.77000000008
decision_type=2 2 2 2 2 2 2 2 2 2 2 2 2 2 2 2 2 2 2 2 2 2 2 2 2 2 2 2 2 2
left_child=2 -2 3 4 -1 -6 -5 -8 -9 11 -11 12 21 14 15 18 -17 -18 19 -14 -21 23 -23 26 -25 -26 -7 28 -12 -3
right_child=1 29 -4 6 5 9 7 8 -10 10 27 -13 13 -15 -16 16 17 -19 -20 20 -22 22 -24 24 25 -27 -28 -29 -30 -31
leaf_value=-117.02467496758182 512.08620436257331 12.867720051902143 -27.818504975401449 194.39754619761879 90.028712381136586 -0.44253166774869901 -187.24695101420949 314.08227961117956 -289.77850009598336 0.371080736166914 -94.116614810869223 -232.18344531988842 -48.830567708049784 88.178451375861556 -359.3217468503874 111.22138471476211 -58.561166021682588 316.68540603543954 -113.5975893573017 22.336970600767383 -32.777385215630055 164.94266106649812 -4.6649014278886174 -62.34697225457785 25.115132026992796 -98.580744103477997 13.630803324358931 -43.805645208576607 -93.814721881254457 -138.74991243748809
leaf_weight=28 37 1615 27 21 38 21 27 24 25 99 49 25 41 28 26 20 48 21 20 25 25 36 24 40 57 24 24 24 22 545
leaf_count=28 37 1615 27 21 38 21 27 24 25 99 49 25 41 28 26 20 48 21 20 25 25 36 24 40 57 24 24 24 22 545
internal_value=0 0.000466545 -0.00115298 -0.00087007 -0.00147059 -0.0011194 0.00386598 0.00131579 0.00561224 -0.00160944 -0.00438144 -0.000544554 0 -0.00255906 -0.0039823 -0.00275 0.00196629 -0.00181159 -0.00653153 -0.00412088 0.002 0.00287611 0.00833333 0.000903614 -0.00144628 0.00216049 0.00722222 -0.00973684 -0.0123239 0.00025463
internal_weight=3086 2197 889 862 765 737 97 76 49 699 194 505 480 254 226 200 89 69 111 91 50 226 60 166 121 81 45 95 71 2160
internal_count=3086 2197 889 862 765 737 97 76 49 699 194 505 480 254 226 200 89 69 111 91 50 226 60 166 121 81 45 95 71 2160
is_linear=0
shrinkage=0.05


Tree=147
num_leaves=31
num_cat=0
split_feature=0 5 6 10 1 10 4 2 10 9 5 10 10 4 4 4 10 2 2 1 0 5 4 4 6 1 5 5 2 5
split_gain=0.644736 1.59302 1.88123 1.82874 1.58147 1.18217 1.37664 2.11363 2.12947 1.39641 1.61553 1.23529 0.920524 1.39123 1.18576 1.04679 1.03923 1.99062 1.27575 1.1562 1.42265 1.00008 0.942104 0.742749 0.720006 0.795157 1.81863 1.046 1.26007 0.717949
threshold=262709.99500000005 196761.01495935125 111647.54902496944 99.500000000000014 515226.29500000004 232.50000000000003 213538.04071428571 222890.37000000002 158.50000000000003 1.0000000180025095e-35 70882.235317453786 238.50000000000003 148.50000000000003 529028.35928571445 1031562.4142857144 903807.27875000006 165.50000000000003 383049.25000000006 475497.74000000005 578635.78500000015 1253947.2600000002 324285.28731276351 394689.6166071429 506212.04999999999 21382.929823183124 432365.23500000004 102828.78558203026 119512.71187824332 570289.31000000017 46228.655527808231
decision_type=2 2 2 2 2 2 2 2 2 2 2 2 2 2 2 2 2 2 2 2 2 2 2 2 2 2 2 2 2 2
left_child=1 2 -1 -4 5 6 -2 8 -8 24 -11 -7 13 22 15 21 -14 -18 -19 -20 -21 -15 -6 -24 -9 -26 -27 -28 -29 -13
right_child=4 -3 3 -5 12 11 7 9 -10 10 -12 29 16 14 -16 -17 17 18 19 20 -22 -23 23 -25 25 26 27 28 -30 -31
leaf_value=-0.94977804026275414 3578.4409866725155 5941.1965145291069 -1837.6585441491598 -141.33026099430137 19.486425949045227 -464.06346517497735 -2.308919072124263 157.17417974118291 -1370.1871063599319 -221.27585569971126 30.554728942224756 -132.72427910596306 2338.6481258645977 173.5989042211848 -2288.7755570566601 5438.6530046353646 -1864.1481108990674 2308.4278670414001 -666.75163608812147 1368.5711413902754 -5457.7014007026301 -2703.4537771826031 -3267.2725691093833 -874.63324653351447 61.265435813156365 2768.1526171678011 -636.56455229349672 1673.0181105241588 -192.04618192340715 155.10457445647336
leaf_weight=1543 21 21 28 102 20 24 70 36 25 23 40 21 32 85 68 32 23 21 26 81 22 21 25 28 440 33 25 37 22 91
leaf_count=1543 21 21 28 102 20 24 70 36 25 23 40 21 32 85 68 32 23 21 26 81 22 21 25 28 440 33 25 37 22 91
internal_value=6.48088e-05 -0.000590319 -0.000762104 -0.00653846 0.000862069 0.00209251 0.00284974 0.00249667 -0.00447368 0.0035061 -0.00357143 -0.00220588 -0.00144628 -0.00331541 -0.00121359 0.00144928 0.00109756 -0.000433526 0.00166667 -0.000193798 0.00218447 -0.000943396 -0.00924658 -0.0127358 0.00425801 0.00381508 0.00747863 0.00357143 0.00720339 0
internal_weight=3086 1694 1673 130 1392 908 772 751 95 656 63 136 484 279 206 138 205 173 150 129 103 106 73 53 593 557 117 84 59 112
internal_count=3086 1694 1673 130 1392 908 772 751 95 656 63 136 484 279 206 138 205 173 150 129 103 106 73 53 593 557 117 84 59 112
is_linear=0
shrinkage=0.05


Tree=148
num_leaves=31
num_cat=0
split_feature=4 0 0 3 4 10 1 10 6 1 10 3 10 0 1 1 0 0 7 4 6 1 4 4 3 9 0 10 10 1
split_gain=0.585645 0.89891 2.19156 0.896015 1.83492 0.785714 0.834325 0.7832 0.851877 0.826277 0.780001 0.705864 0.849335 0.795852 1.70174 1.85256 1.05637 1.01835 0.954545 0.860819 1.45326 0.750023 1.00001 1.31598 3.06179 1.00726 0.990578 1.00171 1.00446 0.979443
threshold=116940.82678571431 82858.37000000001 77696.615000000005 115961.09571428572 120614.08482142859 186.50000000000003 103456.69000000002 22.500000000000004 142629.21340348822 75388.630000000019 152.50000000000003 121972.1142857143 160.50000000000003 124164.94500000002 150548.70500000005 194682.13500000004 94883.685000000012 135054.09000000005 3.5000000000000004 136195.94571428574 9452.1154460247708 494655.77000000008 385148.46392857149 473149.82553571434 433234.90571428579 1.0000000180025095e-35 262709.99500000005 232.50000000000003 239.50000000000003 479155.55500000005
decision_type=2 2 2 2 2 2 2 2 2 2 2 2 2 2 2 2 2 2 2 2 2 2 2 2 2 2 2 2 2 2
left_child=1 2 -1 4 -2 6 10 8 -5 -9 -3 12 -11 14 16 -16 18 19 -13 20 -15 26 -23 24 -24 -25 -19 29 -29 -28
right_child=3 5 -4 7 -6 -7 -8 9 -10 11 -12 13 -14 17 15 -17 -18 21 -20 -21 -22 22 23 25 -26 -27 27 28 -30 -31
leaf_value=-87.676804692277074 664.82154303007019 -1.6372217350442952 66.057000594643981 160.1377194290726 -21.08693262894376 -32.660784226378745 -192.86251254933813 87.930047845539235 -840.13690573999486 -235.37595563644865 51.279446430681134 -54.13114966856083 0.61946432586992162 1.9847930493058812 -220.52678415188132 105.23422623164079 92.455661248921388 -2.409277252390166 249.43523754341587 0.64228087540177514 -75.944779468582425 2368.7946461202228 -63.729340979002885 34.092679361790942 -2124.0951681155248 -981.42494016375861 37.815540726004109 -654.96139403839481 -2.8620967637485593 1378.658869730303
leaf_weight=42 24 116 22 64 21 63 24 25 27 71 28 33 54 22 27 25 101 813 21 45 47 24 75 344 38 39 702 28 100 21
leaf_count=42 24 116 22 64 21 63 24 25 27 71 28 33 54 22 27 25 101 813 21 45 47 24 75 344 38 39 702 28 100 21
internal_value=0 -0.00211864 0.003125 0.000223934 0.00722222 -0.00357143 -0.00178571 0.00010925 0.00467033 -4.7081e-05 -0.000347222 -0.00013308 -0.0038 4.99002e-05 0.00301932 -0.00480769 0.00564516 -0.000217581 0 -0.00482456 -0.00833333 2.28938e-05 -0.00163462 -0.00211694 -0.00685841 -0.000718016 0.000540865 0.00173325 -0.00234375 0.00245505
internal_weight=3086 295 64 2791 45 231 168 2746 91 2655 144 2630 125 2505 207 52 155 2298 54 114 69 2184 520 496 113 383 1664 851 128 723
internal_count=3086 295 64 2791 45 231 168 2746 91 2655 144 2630 125 2505 207 52 155 2298 54 114 69 2184 520 496 113 383 1664 851 128 723
is_linear=0
shrinkage=0.05


Tree=149
num_leaves=31
num_cat=0
split_feature=6 7 7 1 5 1 6 1 2 3 6 7 10 10 3 6 6 10 6 10 7 10 2 5 5 6 6 5 2 3
split_gain=0.577493 1.98732 2.23867 1.93751 1.08047 1.34137 0.897265 1.60586 1.1494 0.862051 0.817448 1.96473 1.15723 1.02374 1.17863 1.01464 0.902239 1.47074 0.897838 0.813346 0.701836 1.18392 0.774605 0.702876 1.73696 1.58781 1.79338 1.55769 0.971767 0.969627
threshold=14282.094253043097 1.5000000000000002 2.5000000000000004 145473.21000000002 5634.4964057764419 128088.22000000002 12743.038189134628 154096.62000000002 142422.09000000003 92763.675000000003 24710.563569740498 5.5000000000000009 216.50000000000003 183.50000000000003 172786.60500000004 22287.367060107397 31973.474451421349 236.50000000000003 26256.308644036351 162.50000000000003 4.5000000000000009 245.50000000000003 77807.390000000014 49355.263571106691 68912.420012181989 75939.08489602503 102342.11368464198 54507.39339857109 321865.21000000002 409974.92000000004
decision_type=2 2 2 2 2 2 2 2 2 2 2 2 2 2 2 2 2 2 2 2 2 2 2 2 2 2 2 2 2 2
left_child=1 4 3 9 -1 -6 7 8 -4 -3 11 12 13 14 -2 -16 17 18 -12 -7 22 23 -18 -22 27 -26 -27 -25 29 -28
right_child=10 2 6 -5 5 19 -8 -9 -10 -11 16 -13 -14 -15 15 -17 20 -19 -20 -21 21 -23 -24 24 25 26 28 -29 -30 -31
leaf_value=-61.184569370159082 107.34956044227147 46.930835243994444 -2.0329489929943523 -10.310899703215547 -0.29105509559594794 -185.21359423121177 -62.998673985587089 89.283846047476985 -139.26265570070683 141.70571651034408 -90.756714398824272 -45.334693359388623 -31.377235187176851 215.29889247486426 -2.3211058726359624 110.61459596902424 168.61599575975816 -261.63810472082918 50.23357235986623 -111.20447365763394 -32.168802980655165 223.45831524274618 -9.3342128238473379 28.121121802532436 -86.291331599445414 1092.5291973460278 326.89553898211165 276.58971794957688 -75.713442623874286 1342.2150430705676
leaf_weight=26 28 26 211 34 93 22 37 33 21 24 42 35 29 23 83 44 36 28 37 25 113 40 1523 26 42 57 35 26 261 26
leaf_count=26 28 26 211 34 93 22 37 33 21 24 42 35 29 23 83 44 36 28 37 25 113 40 1523 26 42 57 35 26 261 26
internal_value=1.62022e-05 -0.00144928 0.000518135 0.0077381 -0.0060241 -0.00428571 -0.00149007 -0.000471698 -0.00193966 0.014 0.000335438 0.00309917 0.00495169 0.00646067 0.005 0.00295276 4.363e-05 -0.00443925 -0.000949367 -0.0111702 0.000263158 0.00167732 -0.000304682 0.00110922 0.0019556 0.000890736 0.00191293 0.0105769 0.000465839 0.00614754
internal_weight=3086 552 386 84 166 140 302 265 232 50 2534 242 207 178 155 127 2292 107 79 47 2185 626 1559 586 473 421 379 52 322 61
internal_count=3086 552 386 84 166 140 302 265 232 50 2534 242 207 178 155 127 2292 107 79 47 2185 626 1559 586 473 421 379 52 322 61
is_linear=0
shrinkage=0.05


Tree=150
num_leaves=31
num_cat=0
split_feature=2 6 6 4 5 7 7 2 3 7 5 2 5 5 10 5 6 2 3 4 5 4 2 4 3 3 2 7 6 7
split_gain=1.33413 0.631638 0.849165 0.941189 1.61086 1.18259 0.963948 0.963333 0.712384 0.864773 1.71361 0.632859 0.799566 1.13657 1.17961 0.784516 0.703508 0.778383 1.39518 0.678048 0.602724 1.27349 0.625 0.581668 1.93031 2.00548 1.63612 1.65258 1.05347 0.955535
threshold=69621.24500000001 5860.0634045541501 7816.898001939544 120462.88339285714 39881.807417089971 1.5000000000000002 5.5000000000000009 136326.89500000002 90151.568571428594 2.5000000000000004 5869.527124083922 1349801.5700000001 456290.21455313457 338217.79514391854 123.50000000000001 324285.28731276351 10936.394521872739 143330.095 141820.02428571432 1031562.4142857144 7832.736497676392 135693.77267857146 134026.89500000005 148951.39517857143 148912.87142857147 140919.02571428573 95836.580000000016 2.5000000000000004 44793.695837729763 5.5000000000000009
decision_type=2 2 2 2 2 2 2 2 2 2 2 2 2 2 2 2 2 2 2 2 2 2 2 2 2 2 2 2 2 2
left_child=-1 -2 8 4 5 -4 -7 -6 -3 10 -10 12 13 16 19 -13 17 20 -19 -15 -5 22 -22 26 25 -25 27 -18 29 -28
right_child=1 2 3 11 7 6 -8 -9 9 -11 -12 15 -14 14 -16 -17 23 18 -20 -21 21 -23 -24 24 -26 -27 28 -29 -30 -31
leaf_value=-165.94207070162739 7.1883594928294769 11.686152865933037 166.73212889109564 16.827750855746853 200.81369961027522 -59.837124629298344 122.31054615030153 102.36808428825826 -53.997235220768204 -42.061164915580598 34.524209034795057 3407.1791863986177 -1766.1597088751269 2522.2201847459964 13487.508305937168 -119.39659746295948 -95.265642263993513 -86.099739712277369 83.518573808579831 -2128.4700754792661 22.706018874645451 -30.35749395726198 36.583924778446821 -368.97992069663235 -16.800687588340953 487.11655755027027 -69.168079930129906 106.1563958473169 -335.69483975887925 30.902448686530263
leaf_weight=39 21 26 35 29 30 57 21 20 25 82 39 23 23 36 27 34 53 20 21 23 20 34 20 23 1942 37 166 34 48 36
leaf_count=39 21 26 35 29 30 57 21 20 25 82 39 23 23 36 27 34 53 20 21 23 20 34 20 23 1942 37 166 34 48 36
internal_value=-0.00042707 -0.00030782 -0.000368633 -0.000160028 0.00352761 0.000221239 -0.00320513 0.011 -0.00377907 -0.00513699 -0.00078125 -0.000386938 -0.000501543 -0.000418451 0.00523256 0.00482456 -0.000614176 0.00277778 -0.00304878 0.00127119 0.00509709 0.0027027 0.00875 -0.000823001 -0.0004995 0.00833333 -0.00274481 0.00316092 -0.0048 -0.00321782
internal_weight=3044 3005 2984 2812 163 113 78 50 172 146 64 2649 2592 2569 86 57 2483 144 41 59 103 74 40 2339 2002 60 337 87 250 202
internal_count=3044 3005 2984 2812 163 113 78 50 172 146 64 2649 2592 2569 86 57 2483 144 41 59 103 74 40 2339 2002 60 337 87 250 202
is_linear=0
shrinkage=0.05


Tree=151
num_leaves=31
num_cat=0
split_feature=1 3 4 3 6 10 10 7 6 0 1 10 3 0 1 6 1 7 10 0 9 0 0 7 7 3 4 10 3 6
split_gain=1.17862 0.877744 0.647859 0.549067 0.546104 0.419888 0.815707 0.77297 0.859524 1.47894 0.670639 0.584441 0.780349 1.24884 0.64484 1.97412 1.50052 1.35052 1.23741 1.015 1.01921 0.948551 0.851212 0.762288 1.49838 1.16587 1.15923 1.05652 0.966964 0.624531
threshold=69474.885000000009 90151.568571428594 91603.312500000015 90806.161428571446 7060.4013388903259 243.50000000000003 201.50000000000003 2.5000000000000004 144669.74872500729 275240.94500000007 132170.73000000004 195.50000000000003 397755.18857142859 200374.95000000004 489230.06000000006 122962.54071743919 432365.23500000004 4.5000000000000009 117.50000000000001 420963.16000000009 1.0000000180025095e-35 625018.81500000006 251152.76500000004 3.5000000000000004 1.5000000000000002 920924.44071428583 1069953.8230357144 86.500000000000014 703693.51000000013 178093.84371244119
decision_type=2 2 2 2 2 2 2 2 2 2 2 2 2 2 2 2 2 2 2 2 2 2 2 2 2 2 2 2 2 2
left_child=-1 4 -3 -4 -2 6 11 8 9 -7 -9 14 13 -13 16 -16 21 18 -18 22 23 -5 -17 24 27 -26 -25 -21 -29 -24
right_child=1 2 3 5 -6 7 -8 10 -10 -11 -12 12 -14 -15 15 19 17 -19 -20 20 -22 -23 29 26 25 -27 -28 28 -30 -31
leaf_value=-137.37781458535028 45.902703293649033 -44.998666143509041 13.648840811601259 -3.3096638327668191 5.0813641413158628 -11.167117307987793 -45.389359651711132 239.90063084197755 -1336.7687019423931 911.76317585750223 20.032423822557032 -15.703353914117542 -101.35210046500434 606.45721917589549 -797.53632795578017 217.09507996333852 -178.44363760902053 1521.2057101875398 2863.661410999588 2320.8049417041216 -2643.4571615683849 3293.3295305181819 -83.161434955638839 -1537.8566592670775 4153.387853226217 390.37430420053425 1229.4014250223292 193.52364875244677 -2441.6987189103093 -3127.103311737384
leaf_weight=38 20 41 25 1555 35 46 484 20 21 38 116 24 23 23 32 20 34 33 24 32 35 35 23 70 47 31 27 28 32 32
leaf_count=38 20 41 25 1555 35 46 484 20 21 38 116 24 23 23 32 20 34 33 24 32 35 35 23 70 47 31 27 28 32 32
internal_value=-0.000459921 -0.000349301 -0.000465944 -0.000378007 0.00590909 -0.000441941 -0.000624054 0.00155602 -0.00166667 0.000595238 0.00404412 -0.000208333 0.00428571 0.00797872 -0.000358852 -0.00213936 7.43605e-05 0.00631868 0.00172414 -0.00112732 0.000165563 -0.000283019 -0.00633333 0.00121723 0.00323529 0.00833333 -0.00231959 -0.00108696 -0.005 -0.00954545
internal_weight=3044 3006 2951 2910 55 2885 2644 241 105 84 136 2160 70 47 2090 409 1681 91 58 377 302 1590 75 267 170 78 97 92 60 55
internal_count=3044 3006 2951 2910 55 2885 2644 241 105 84 136 2160 70 47 2090 409 1681 91 58 377 302 1590 75 267 170 78 97 92 60 55
is_linear=0
shrinkage=0.05


Tree=152
num_leaves=31
num_cat=0
split_feature=1 10 1 4 2 1 2 5 0 5 1 1 5 0 0 5 6 2 4 3 2 10 2 5 10 5 2 2 10 10
split_gain=0.766815 0.550459 1.02325 0.977279 1.39646 0.795292 0.686462 0.789651 0.760146 1.71657 0.736167 1.0722 1.84516 1.20894 0.869508 0.961943 1.44421 1.02261 0.895475 2.12665 1.37429 0.828408 0.76761 0.8099 0.700585 0.686821 0.679071 0.827047 1.27815 0.678788
threshold=64361.385000000002 241.50000000000003 75388.630000000019 122659.70982142859 140536.59500000003 79923.230000000025 1349801.5700000001 456290.21455313457 945493.09500000009 315812.98684371059 489230.06000000006 432365.23500000004 102828.78558203026 443056.65500000009 456941.59500000003 180203.9220039123 155481.2509383517 553620.76000000013 473149.82553571434 503643.45642857143 475497.74000000005 141.50000000000003 530975.41000000015 246339.76032281623 102.50000000000001 324285.28731276351 501588.40000000008 373014.69000000006 248.50000000000003 195.50000000000003
decision_type=2 2 2 2 2 2 2 2 2 2 2 2 2 2 2 2 2 2 2 2 2 2 2 2 2 2 2 2 2 2
left_child=-1 2 -2 -3 -5 -4 7 8 10 -10 11 -7 -13 21 15 16 29 -17 20 -20 -16 -14 -21 -24 -25 -8 27 28 -6 -12
right_child=1 3 5 4 26 6 25 -9 9 -11 14 12 13 -15 18 17 -18 -19 19 22 -22 -23 23 24 -26 -27 -28 -29 -30 -31
leaf_value=-256.81359900728711 26.812749931154396 -85.55751594746107 -112.6693246408846 96.453066769917498 274.31083486182251 -4.440150370101037 4333.8434287132322 -1739.3217946824852 -539.1168361993798 8579.5090379985577 -390.9948087056182 2631.4304222763053 0.44862858115520798 281.0314345216961 30.611197850474856 220.18508394776146 -3023.30462595374 -2918.1916663472921 2065.6496791176264 -2511.2843034899652 -1229.0747643349314 -346.99294218021532 1131.7767163859594 602.31541623498197 -2122.8104419140845 181.1238807935035 -395.89522573708092 747.2500150607143 -25.512036198255373 271.11114564873424
leaf_weight=25 33 32 23 38 34 2056 20 23 51 46 48 33 27 32 27 25 25 23 27 35 22 20 40 36 23 33 37 43 85 22
leaf_count=25 33 32 23 38 34 2056 20 23 51 46 48 33 27 32 27 25 25 23 27 35 22 20 40 36 23 33 37 43 85 22
internal_value=-0.000279238 -0.000207022 -0.000418182 0.00195167 0.00305907 -0.000524476 -0.000445434 -0.000558501 -0.000477464 0.00386598 -0.000644585 -0.000299815 0.00446429 0.000316456 -0.00276204 -0.00576923 -0.00868421 0 -0.000714286 0.00108696 -0.00663265 -0.00478723 -0.00149254 0.000757576 -0.0029661 0.00518868 0.00138191 0.00277778 0.000630252 -0.005
internal_weight=3044 3019 2750 269 237 2717 2694 2641 2618 97 2521 2168 112 79 353 143 95 48 210 161 49 47 134 99 59 53 199 162 119 70
internal_count=3044 3019 2750 269 237 2717 2694 2641 2618 97 2521 2168 112 79 353 143 95 48 210 161 49 47 134 99 59 53 199 162 119 70
is_linear=0
shrinkage=0.05


Tree=153
num_leaves=31
num_cat=1
split_feature=1 3 10 3 0 0 1 1 11 1 6 1 10 9 10 2 2 10 3 3 3 6 3 2 3 2 6 6 3 2
split_gain=0.74388 0.555025 0.907422 0.407533 1.70083 1.01801 0.493486 1.2475 1.056 1.29286 0.944493 0.943458 0.914459 0.761055 0.898865 0.982918 2.19156 0.977778 0.929644 0.73083 0.677583 0.610684 1.20502 1.17482 0.803955 0.579922 0.569852 1.75828 1.18558 0.820137
threshold=64361.385000000002 90151.568571428594 29.500000000000004 1060734.0692857143 1002513.7500000001 1326924.3800000001 469258.57000000007 479155.55500000005 0 508344.71500000008 118969.01629422152 500514.67500000005 184.50000000000003 1.0000000180025095e-35 135.50000000000003 369476.97500000003 491074.49500000005 195.50000000000003 779153.05857142864 476012.27071428573 464564.0450000001 211869.44353650193 508943.45071428578 378362.99000000005 476012.27071428573 755449.18500000017 118969.01629422152 114825.00221141933 305341.66285714292 546466.46000000008
decision_type=2 2 2 2 2 2 2 2 1 2 2 2 2 2 2 2 2 2 2 2 2 2 2 2 2 2 2 2 2 2
left_child=-1 2 -2 6 -5 -6 21 -8 9 -9 -10 -12 -11 14 15 -13 -17 20 -18 -19 -16 22 24 -23 26 -25 27 -3 -28 -30
right_child=1 3 -4 4 5 -7 7 8 10 12 11 13 -14 -15 17 16 18 19 -20 -21 -22 23 -24 25 -26 -27 28 -29 29 -31
leaf_value=-243.97291905692256 -71.177320634835638 -1.4648010182136204 27.538369260835317 8124.1933896885785 -2465.0194832547918 457.82167872463469 -958.71428902800255 -105.65695311542659 -2217.808563913562 29.080637957950241 384.3682110789116 578.64057282496947 1222.6335357272126 -951.47332370182266 -3238.4403478481458 -1624.9068567999129 2570.5112926698293 2252.4561414042983 -374.77608917485924 -407.83085438026319 -285.07081005526123 -837.20728708033857 -2518.7078782321205 4703.6846856562715 131.42623999546049 417.97294616781585 -644.55679847302963 816.60927288555251 -34.914095145984902 -1074.0662877309355
leaf_weight=25 27 1887 38 39 31 35 22 25 21 41 23 23 43 36 21 22 40 23 92 32 23 25 28 23 34 33 33 33 230 36
leaf_count=25 27 1887 38 39 31 35 22 25 21 41 23 23 43 36 21 22 40 23 92 32 23 25 28 23 34 33 33 33 230 36
internal_value=-0.000410644 -0.000339516 0.00423077 -0.000440081 0.00261905 -0.00227273 -0.000552826 -0.00200205 -0.00145161 0.00273109 -0.00273224 -0.00216418 0.00595238 -0.00288462 -0.00199275 0.000141243 -0.0012987 -0.00580808 0.00113636 -0.00136364 -0.0113636 -0.000254022 -0.000405524 0.00401235 -0.000277408 0.00803571 -0.000394322 -7.8125e-05 -0.00242475 -0.00131579
internal_weight=3044 3019 65 2954 105 66 2849 487 465 109 356 335 84 312 276 177 154 99 132 55 44 2362 2281 81 2253 56 2219 1920 299 266
internal_count=3044 3019 65 2954 105 66 2849 487 465 109 356 335 84 312 276 177 154 99 132 55 44 2362 2281 81 2253 56 2219 1920 299 266
cat_boundaries=0 1
cat_threshold=3
is_linear=0
shrinkage=0.05


Tree=154
num_leaves=31
num_cat=0
split_feature=2 6 3 0 0 4 4 6 6 6 3 5 3 0 2 2 5 5 6 0 3 4 2 0 5 0 3 0 2 4
split_gain=0.473441 0.619534 0.367088 1.70083 1.01801 0.444372 0.437437 0.580927 0.622222 0.520243 1.46507 0.659495 0.892446 0.841558 0.601437 1.29162 1.24353 1.01942 0.994431 0.915719 0.554012 2.46767 0.442645 0.470801 1.26699 0.785641 1.20401 0.930888 1.7262 1.51436
threshold=69621.24500000001 5860.0634045541501 1060734.0692857143 1002513.7500000001 1326924.3800000001 1069953.8230357144 903807.27875000006 286953.74001711066 354878.31159492291 216769.50933962673 572687.07071428583 157860.22606546877 703693.51000000013 678984.24500000023 651454.24500000023 560115.69500000018 113855.66576723999 221351.28441132806 157393.97457162139 468425.10000000003 503643.45642857143 510112.9064285715 538185.72500000009 577566.06000000017 154024.64881952255 456941.59500000003 377005.93500000011 335049.23500000004 463800.83000000007 407998.79946428578
decision_type=2 2 2 2 2 2 2 2 2 2 2 2 2 2 2 2 2 2 2 2 2 2 2 2 2 2 2 2 2 2
left_child=-1 -2 5 -4 -5 6 7 9 -9 10 14 -11 -13 -14 15 17 -17 20 -16 -18 22 -22 23 25 -25 27 -27 28 -3 -29
right_child=1 2 3 4 -6 -7 -8 8 -10 11 -12 12 13 -15 18 16 19 -19 -20 -21 21 -23 -24 24 -26 26 -28 29 -30 -31
leaf_value=-148.55784790209438 4.93809618978994 -0.9042854385334067 7717.9837202041472 -2341.768509092054 434.93059478840445 -1366.8895207520925 851.97536186006039 -2114.3249914932853 -34.899049758829641 1004.3172341918224 -3274.6705287517079 3145.3958212142115 1557.968948516113 -2309.6075660010042 1649.592790459664 724.55394016419814 -2988.6629890595782 696.22359931562096 -155.51898932122859 -579.43430937201049 -1490.1348090615502 195.80818454160035 1760.3367098286064 -3115.4699339217218 495.53305456170642 1491.056617888238 17.726377016238985 -188.56656532078051 1083.6015737163632 103.86376164850954
leaf_weight=39 21 1887 39 31 35 32 55 28 35 29 27 36 20 35 24 24 20 21 35 26 27 22 22 25 23 39 98 203 25 61
leaf_count=39 21 1887 39 31 35 32 55 28 35 29 27 36 20 35 24 24 20 21 35 26 27 22 22 25 23 39 98 203 25 61
internal_value=-0.000295664 -0.000224626 -0.000284853 0.00261905 -0.00227273 -0.000390761 -0.000324903 -0.000411891 -0.00515873 -0.000302309 -0.000450364 0.00291667 0.000824176 -0.00318182 -0.000329202 -0.000445898 -0.00714286 -0.00025479 0.00466102 -0.0119565 -0.000349507 -0.00561224 -0.000241292 -0.000307073 -0.00520833 -0.000205361 0.00346715 -0.000436581 -5.23013e-05 -0.0032197
internal_weight=3044 3005 2984 105 66 2879 2847 2792 63 2729 2609 120 91 55 2582 2523 70 2453 59 46 2432 49 2383 2361 48 2313 137 2176 1912 264
internal_count=3044 3005 2984 105 66 2879 2847 2792 63 2729 2609 120 91 55 2582 2523 70 2453 59 46 2432 49 2383 2361 48 2313 137 2176 1912 264
is_linear=0
shrinkage=0.05


Tree=155
num_leaves=31
num_cat=0
split_feature=0 1 4 5 5 2 1 3 5 2 7 0 6 5 0 5 0 4 4 7 6 3 2 1 1 1 2 2 3 5
split_gain=0.761388 2.43963 1.67021 1.53209 1.59927 1.13038 1.79378 1.47617 1.3704 1.75017 1.99432 1.07345 1.01111 1.17679 1.14287 0.876355 1.05679 1.03298 1.13156 1.04253 0.871795 0.870951 1.22139 2.11363 0.936946 0.907722 2.50445 1.13873 1.47766 0.913924
threshold=297294.37000000005 159031.20500000002 506212.04999999999 110182.05823445389 105817.25042322236 219832.47500000003 319151.15000000008 444401.80285714293 78868.886002430081 288753.74000000005 3.5000000000000004 557495.57500000007 158938.06409719549 160148.23591941161 192849.65000000002 193358.77887970794 710436.27000000014 515721.64607142861 464517.94517857145 2.5000000000000004 95994.331784380498 313286.5400000001 206623.57500000004 211662.92000000001 196164.30500000002 141400.81000000003 144508.52500000005 186863.08000000005 160450.42428571431 47685.674120121177
decision_type=2 2 2 2 2 2 2 2 2 2 2 2 2 2 2 2 2 2 2 2 2 2 2 2 2 2 2 2 2 2
left_child=2 -2 3 4 21 7 11 -3 20 10 -10 -7 13 14 -5 16 17 18 -11 -20 -8 22 23 24 25 26 29 -27 -29 -1
right_child=1 5 -4 12 -6 6 8 -9 9 15 -12 -13 -14 -15 -16 -17 -18 -19 19 -21 -22 -23 -24 -25 -26 27 -28 28 -30 -31
leaf_value=-7.9847537072026178 314.61049771437541 -354.07014160032708 3389.9113959946176 -524.76146507452506 356.71018162317927 149.37845882330149 -41.647256547055441 271.99945722826527 -49.941906235228821 -18.428984507897987 1860.44470991508 -1021.7871016377729 -1345.4276787188021 2466.1596654714158 -148.41951272759835 -928.67342987980237 5906.3240759934242 -1213.1184263563862 2665.6396481382199 98.670573566082751 -1077.9821073100175 960.42219168641168 -45.802370022478136 185.15054973542865 -90.698090533309738 13.77171835305635 -303.28271000470994 254.39581748648345 -215.93821330991489 39.544641163237252
leaf_weight=610 38 61 21 22 21 209 26 25 26 259 22 37 31 20 104 313 25 44 28 53 25 22 280 37 34 408 64 29 44 116
leaf_count=610 38 61 21 22 21 209 26 25 26 259 22 37 31 20 104 313 25 44 28 53 25 22 280 37 34 408 64 29 44 116
internal_value=-0.000294695 0.000692695 -0.000925926 -0.00108578 -0.000615616 0.000281873 0.000726336 -0.00523256 -0.000395859 0.00012987 0.009375 0.00447154 -0.00550847 -0.00376712 -0.00555556 -0.000484765 0.00103912 0.000390625 0.00132353 0.00648148 -0.00833333 -0.000790754 -0.000924784 -0.000298063 -0.000632184 -0.000413061 -0.0014557 0.00129938 -0.00445205 -0.000619835
internal_weight=3054 1191 1863 1842 1665 1153 1067 86 821 770 48 246 177 146 126 722 409 384 340 81 51 1644 1622 1342 1305 1271 790 481 73 726
internal_count=3054 1191 1863 1842 1665 1153 1067 86 821 770 48 246 177 146 126 722 409 384 340 81 51 1644 1622 1342 1305 1271 790 481 73 726
is_linear=0
shrinkage=0.05


Tree=156
num_leaves=31
num_cat=0
split_feature=0 1 2 5 5 10 4 2 2 5 2 1 2 1 10 10 5 7 5 0 2 6 0 2 0 1 10 1 2 5
split_gain=0.642672 2.54259 1.35189 1.1769 1.63649 1.3669 1.10903 1.489 0.951452 0.819325 0.910647 1.59252 1.15098 1.37711 0.871379 1.6012 1.64091 1.81894 0.808841 1.21342 0.910434 0.817323 0.754576 1.35941 0.786566 0.701098 0.921818 0.861394 1.60794 1.02528
threshold=287155.59500000003 159031.20500000002 156663.87500000003 110182.05823445389 196761.01495935125 99.500000000000014 291125.76803571434 290950.18000000005 159031.20500000002 105817.25042322236 206623.57500000004 211662.92000000001 383049.25000000006 194682.13500000004 38.500000000000007 157.50000000000003 68912.420012181989 1.5000000000000002 355492.42104653973 922493.13000000012 950324.20000000007 388326.90521691699 240016.58500000005 373014.69000000006 213621.71500000003 191105.64500000005 131.50000000000003 141400.81000000003 144508.52500000005 35552.16044183739
decision_type=2 2 2 2 2 2 2 2 2 2 2 2 2 2 2 2 2 2 2 2 2 2 2 2 2 2 2 2 2 2
left_child=3 8 -3 9 5 -5 7 -4 -2 10 11 25 13 -12 -15 16 17 -16 21 -20 -21 -8 24 -24 -7 27 -27 28 -1 -30
right_child=1 2 6 4 -6 22 18 -9 -10 -11 12 -13 -14 14 15 -17 -18 -19 19 20 -22 -23 23 -25 -26 26 -28 -29 29 -31
leaf_value=-3.1266115602906215 367.64838286224551 -352.3705193713111 1390.970768942324 -1087.4906234095949 4968.0867382180822 -63.578185324005609 4.2733335796714531 9.6408435611199828 348.22908465737055 333.94880030534841 -315.94728616914801 175.89302224865679 570.27956897077536 44.008944257275289 -285.60930022963441 14.896000700418519 -594.27358537307589 72.637529937522785 -2731.7005494446203 7300.9071585932752 -2638.8459587449906 986.13851784480801 1260.3839138732176 -590.8773454745359 -869.8994664411556 -398.70632932632145 -2.2892058379569789 9.8629361571365735 -43.2760335483581 -606.5517470132429
leaf_weight=726 21 28 24 45 21 39 968 37 20 22 35 37 27 28 24 76 55 20 47 26 41 40 21 20 32 25 30 457 28 34
leaf_count=726 21 28 24 45 21 39 968 37 20 22 35 37 27 28 24 76 55 20 47 26 41 40 21 20 32 25 30 457 28 34
internal_value=-0.000311067 0.000559105 0.000144509 -0.000915649 -0.00477528 -0.00652866 0.000401522 0.00696721 0.0128049 -0.000492611 -0.00062422 -9.34929e-05 -0.00330189 -0.00441176 -0.00283251 -0.00414286 -0.00833333 -0.00113636 4.45633e-05 -0.00394737 0.000373134 0.000496032 -0.00357143 0.00182927 -0.00669014 -0.000384615 -0.00590909 -0.000140562 -0.00114213 -0.00887097
internal_weight=3054 1252 1211 1802 178 157 1183 61 41 1624 1602 1337 265 238 203 175 99 44 1122 114 67 1008 112 41 71 1300 55 1245 788 62
internal_count=3054 1252 1211 1802 178 157 1183 61 41 1624 1602 1337 265 238 203 175 99 44 1122 114 67 1008 112 41 71 1300 55 1245 788 62
is_linear=0
shrinkage=0.05


Tree=157
num_leaves=31
num_cat=0
split_feature=10 3 1 1 10 6 10 6 5 1 1 10 1 6 10 0 1 10 0 1 1 5 10 0 5 5 1 5 5 5
split_gain=0.520171 1.08861 1.53128 1.30266 1.13205 1.0741 0.980094 1.06167 0.891398 0.608969 1.42583 1.0414 0.921765 1.87329 0.887954 1.45886 1.63314 1.20361 2.08581 1.24393 1.19711 2.09503 1.10176 1.10038 1.00347 1.03128 1.08899 0.825159 1.19942 0.81981
threshold=49.500000000000007 91388.61500000002 94325.000000000015 125838.80000000002 45.500000000000007 39407.664274207134 53.500000000000007 83349.271378533755 27055.113574326959 121612.50000000001 117803.21000000001 237.50000000000003 166583.71000000002 69296.256444369094 120.50000000000001 260574.74500000002 183060.98000000001 135.50000000000003 198731.98000000001 173938.28500000003 351953.66000000009 95124.444919640286 69.500000000000014 132294.65000000005 81537.84758301494 110988.71730441235 584401.12000000011 193358.77887970794 142335.75914286054 46228.655527808231
decision_type=2 2 2 2 2 2 2 2 2 2 2 2 2 2 2 2 2 2 2 2 2 2 2 2 2 2 2 2 2 2
left_child=1 8 -3 5 -5 -4 7 -2 -1 10 11 29 13 -11 15 16 -14 18 -16 -19 -17 -22 -18 -21 -20 -26 -27 28 -23 -8
right_child=6 2 3 4 -6 -7 9 -9 -10 12 -12 -13 14 -15 17 20 22 19 24 23 21 27 -24 -25 25 26 -28 -29 -30 -31
leaf_value=33.505759389488233 -2.3314028682663777 -75.896649692126815 -17.846673866813216 -17.603154279978479 -566.67817305351787 457.72875846565296 -9.8505890607397308 1006.5939624286453 -118.76882892938085 3.9635472692683837 -248.82420226435863 -44.095541768968545 16.246255279229082 186.80841615840146 231.50721914885071 190.70252899747868 15.603186917112907 -204.34293555924671 329.57192471564343 398.11658192556354 -875.48016852749424 -68.197575168336343 -341.35902392908832 1.2830951731484674 -864.38434365706348 2508.6627270443628 -3650.1485986681832 -1231.5885163895728 2979.02769119803 33.364820617751683
leaf_weight=38 26 36 21 303 36 20 266 24 23 348 31 47 54 72 30 111 25 35 24 22 20 58 108 950 21 26 25 118 39 97
leaf_count=38 26 36 21 303 36 20 266 24 23 348 31 47 54 72 30 111 25 35 24 22 20 58 108 950 21 26 25 118 39 97
internal_value=-0.000212836 -0.00172956 -0.00264423 -0.00171053 -0.00272861 0.00670732 6.79084e-05 0.007 0.0045082 -6.92521e-05 -0.00175737 -0.00097561 0.000287632 0.00238095 -0.000240096 -0.00192308 -0.00548128 0.000551633 0.00515873 -2.48262e-05 0 -0.00202128 -0.00845865 0.000308642 0.0015625 -0.00138889 0.00245098 -0.000581395 0.00283505 -6.88705e-05
internal_weight=3054 477 416 380 339 41 2577 50 61 2527 441 410 2086 420 1666 533 187 1133 126 1007 346 235 133 972 96 72 51 215 97 363
internal_count=3054 477 416 380 339 41 2577 50 61 2527 441 410 2086 420 1666 533 187 1133 126 1007 346 235 133 972 96 72 51 215 97 363
is_linear=0
shrinkage=0.05


Tree=158
num_leaves=31
num_cat=0
split_feature=10 10 0 6 10 10 0 1 1 5 5 5 10 3 1 0 3 9 3 1 10 10 1 3 0 10 3 7 6 7
split_gain=0.488245 1.30492 1.48271 1.00956 1.60362 1.23899 0.962599 2.0561 1.307 2.30672 1.7533 1.59409 1.30678 1.39148 1.08905 1.73123 1.533 1.02252 0.95907 0.953654 1.54151 1.5244 0.956837 1.00161 0.909091 0.969697 0.822223 0.761269 0.723771 0.709973
threshold=121.50000000000001 127.50000000000001 219196.43500000003 25836.227883290372 114.50000000000001 19.500000000000004 439999.90000000008 335816.46500000003 187290.01500000004 53701.463740075189 89646.028026548258 68912.420012181989 90.500000000000014 281161.68142857146 145473.21000000002 113336.08000000002 214445.65142857147 1.0000000180025095e-35 1137244.5357142859 123051.55500000001 143.50000000000003 237.50000000000003 82858.37000000001 90806.161428571446 100913.70000000001 77.500000000000014 120994.95428571431 2.5000000000000004 49855.360544897623 1.5000000000000002
decision_type=2 2 2 2 2 2 2 2 2 2 2 2 2 2 2 2 2 2 2 2 2 2 2 2 2 2 2 2 2 2
left_child=3 2 -2 4 5 -1 8 27 10 -10 14 -11 17 -14 15 24 28 -13 -9 20 -3 22 -22 -24 25 -5 -21 -8 -16 -7
right_child=1 19 -4 6 -6 29 7 18 9 11 -12 12 13 -15 16 -17 -18 -19 -20 26 21 -23 23 -25 -26 -27 -28 -29 -30 -31
leaf_value=-19.023107113946025 155.52301017878054 -73.157110653193385 -66.180225031758894 -80.851692755228953 -39.715548183108695 -1.1606461781164399 573.22041032613197 -123.21685340580153 -335.49201108225753 201.72636655891111 310.65724702252191 -83.898351934872338 -1238.0648909232741 -194.70964423325205 11.067877908123775 -296.66554846673245 -490.6539761113396 315.03144242998678 -4044.4459313326984 377.43893474119977 50.743289157448821 -55.727240830817394 43.462634105472901 -18.090636480626927 69.643012027392984 406.37060262674498 4.1107328421538112 6319.2162216624365 188.01011276504289 16.99571658892528
leaf_weight=20 39 41 35 66 20 95 27 228 40 31 29 173 30 69 41 73 30 23 27 33 38 50 22 150 22 22 1314 20 23 223
leaf_count=20 39 41 35 66 20 95 27 228 40 31 29 173 30 69 41 73 30 23 27 33 38 50 22 150 22 22 1314 20 23 223
internal_value=-0.000294695 0.000261324 0.00675676 -0.00101351 0.00125698 0.00207101 -0.00184805 0.000496689 -0.00290179 -0.00491803 -0.000490196 -0.00352761 -0.00466102 -0.00934343 -0.0017148 -0.00396175 0.00265957 -0.00229592 -0.00127451 -3.03398e-05 -0.00257475 -0.00115385 0.000714286 -0.000872093 0 -0.00227273 0.000538233 0.0101064 0.00703125 0.00283019
internal_weight=3054 1722 74 1332 358 338 974 302 672 366 306 326 295 99 277 183 94 196 255 1648 301 260 210 172 110 88 1347 47 64 318
internal_count=3054 1722 74 1332 358 338 974 302 672 366 306 326 295 99 277 183 94 196 255 1648 301 260 210 172 110 88 1347 47 64 318
is_linear=0
shrinkage=0.05


Tree=159
num_leaves=31
num_cat=0
split_feature=1 1 1 2 0 1 5 2 5 4 6 4 7 6 6 7 4 2 2 1 2 2 4 1 7 5 2 4 0 0
split_gain=0.472206 1.02042 0.776797 1.41243 1.62397 1.26621 1.21707 1.11407 1.4632 0.837313 1.59746 1.31062 1.4327 1.22727 2.05497 1.13116 1.25708 0.897934 0.93006 0.865801 0.60726 1.22495 1.38913 1.13552 1.17292 1.07288 1.58747 1.00962 0.991797 1.0537
threshold=121612.50000000001 117803.21000000001 166583.71000000002 108071.99500000001 99666.920000000013 161367.42000000004 38299.814693230583 156663.87500000003 87869.833572332165 136017.59642857147 14282.094253043097 135768.00089285718 5.5000000000000009 42898.718367399662 49855.360544897623 2.5000000000000004 219480.8835714286 128401.895 160427.07000000004 138408.285 144508.52500000005 116554.55500000001 123614.00625000002 103456.69000000002 1.5000000000000002 5634.4964057764419 82078.155000000013 120462.88339285714 99666.920000000013 95836.580000000016
decision_type=2 2 2 2 2 2 2 2 2 2 2 2 2 2 2 2 2 2 2 2 2 2 2 2 2 2 2 2 2 2
left_child=1 20 3 -2 -5 9 -7 8 -4 11 -11 12 17 -12 -15 16 -16 -6 19 -19 21 23 -23 24 25 -1 -27 -25 29 -26
right_child=2 -3 7 4 5 6 -8 -9 -10 10 13 -13 -14 14 15 -17 -18 18 -20 -21 -22 22 -24 27 28 26 -28 -29 -30 -31
leaf_value=-52.940878789276397 119.80513423219091 -184.07893149820995 -51.959860761746683 -148.0201273617393 -126.61185590853421 4.0174081601202491 99.802467726463519 -3.1901685167715188 -955.89816601174687 -61.620108701257415 161.52049751856248 25.962544366222573 -81.233990796089358 -566.52040691404989 120.92419786133979 271.20118560081102 -255.37295500817856 72.952499641729091 -148.87007307198365 20.186190335921129 -386.41397016984121 -12.507167278534325 258.03213019257021 -73.332893620109829 2.279195831400648 -82.16978216888748 8.7424679737421691 -11.328973301653242 -32.878453310104305 35.318395517917089
leaf_weight=24 31 36 42 35 29 29 22 1902 24 84 24 35 21 22 31 32 23 42 21 33 27 21 33 23 206 34 39 26 66 37
leaf_count=24 31 36 42 35 29 29 22 1902 24 84 24 35 21 22 31 32 23 42 21 33 27 21 33 23 206 34 39 26 66 37
internal_value=-0.000278324 -0.00157343 2.0145e-05 0.00175097 0.00108696 0.00189732 0.00931373 -0.000431911 -0.00681818 0.000944584 -0.00115741 0.00345304 0.00136986 0.00227273 0 0.00348837 -0.000925926 0.0034 0.00572917 0.00833333 -0.00102612 -0.000638507 0.00648148 -0.00148352 -0.000615764 -0.00541237 -0.00239726 -0.00867347 0.000889968 0.00236626
internal_weight=3054 572 2482 514 483 448 51 1968 66 397 216 181 146 132 108 86 54 125 96 75 536 509 54 455 406 97 73 49 309 243
internal_count=3054 572 2482 514 483 448 51 1968 66 397 216 181 146 132 108 86 54 125 96 75 536 509 54 455 406 97 73 49 309 243
is_linear=0
shrinkage=0.05


Tree=160
num_leaves=31
num_cat=0
split_feature=7 6 6 10 2 6 6 7 7 4 1 3 0 0 6 3 1 10 2 2 4 0 10 4 6 1 10 1 0 10
split_gain=1.99904 1.58633 1.67886 1.17861 1.43708 1.22727 1.13547 1.1176 1.24498 1.63229 1.53946 1.37382 1.11914 1.71609 1.17243 1.46361 1.08702 0.991472 0.97767 0.968436 1.7438 1.61333 0.958623 0.9 0.899246 1.38322 1.5569 1.05981 2.00725 1.59649
threshold=4.5000000000000009 25400.329045009636 31973.474451421349 239.50000000000003 263193.62500000006 108598.62113886322 22564.928065616288 1.5000000000000002 2.5000000000000004 135554.6035714286 145473.21000000002 91740.601428571434 90460.950000000026 125164.31500000002 14282.094253043097 297585.0921428572 128088.22000000002 143.50000000000003 177520.34500000003 90508.205000000016 92051.925357142871 92939.950000000026 255.50000000000003 135693.77267857146 27377.126534717117 166583.71000000002 160.50000000000003 215002.05500000002 180691.23000000001 139.50000000000003
decision_type=2 2 2 2 2 2 2 2 2 2 2 2 2 2 2 2 2 2 2 2 2 2 2 2 2 2 2 2 2 2
left_child=1 6 -3 -4 18 -6 7 12 10 11 17 -10 -1 -14 16 -16 23 -9 22 21 -21 -2 -5 -15 25 -22 -27 28 29 -26
right_child=19 2 3 4 5 -7 -8 8 9 -11 -12 -13 13 14 15 -17 -18 -19 -20 20 24 -23 -24 -25 27 26 -28 -29 -30 -31
leaf_value=-27.213429273719523 43.0766752940388 -206.56778852283026 -53.182798925458343 143.953895856706 -1338.4074320257046 101.19577978367161 124.59347926923074 85.379184934338994 2.4412691407793319 24.664417147911447 11.760935596915079 -23.179286319811219 35.174980070870518 33.685692702742749 77.450458907215221 -93.324950708112738 -165.68515812585974 126.18221196975793 274.12459610977749 -67.912050700601327 19.880287255386065 57.236899357683072 -100.75206594504708 -61.214494196242235 -2.3468966164778977 5.9495101137770696 -124.66991580216563 59.157325769243471 2090.9507289971839 170.72800470372749
leaf_weight=51 20 51 1444 22 22 66 62 26 44 125 56 38 24 20 38 20 41 20 24 30 81 30 21 20 82 54 45 436 26 77
leaf_count=51 20 51 1444 22 22 66 62 26 44 125 56 38 24 20 38 20 41 20 24 30 81 30 21 20 82 54 45 436 26 77
internal_value=0.000224647 -0.00057047 -0.00136364 -0.0010788 0.00306452 -0.00113636 0.00166667 0.000908222 0.00283172 0.000603865 0.00735294 -0.00487805 -0.00186916 0.000153374 -0.00197842 0.00344828 -0.0058642 0.0141304 0.00858209 0.00224177 0.00183514 0.009 0.00406977 0 0.0022784 -0.000833333 -0.00479798 0.00318035 0.00635135 0.00424528
internal_weight=3116 2235 1650 1599 155 88 585 523 309 207 102 82 214 163 139 58 81 46 67 881 831 50 43 40 801 180 99 621 185 159
internal_count=3116 2235 1650 1599 155 88 585 523 309 207 102 82 214 163 139 58 81 46 67 881 831 50 43 40 801 180 99 621 185 159
is_linear=0
shrinkage=0.05


Tree=161
num_leaves=31
num_cat=1
split_feature=7 11 1 3 2 2 4 0 0 2 10 10 10 0 9 0 4 3 2 0 1 3 0 7 2 4 0 3 10 4
split_gain=1.38107 1.01752 1.21898 1.28755 0.852051 0.86039 1.62909 1.19049 1.19031 1.09098 1.2449 1.80023 1.1855 1.22905 1.2102 1.04567 0.916732 1.54789 1.69294 1.04593 1.13445 0.809415 1.79268 0.790013 0.717358 1.82366 1.23884 1.20192 1.19614 0.954314
threshold=4.5000000000000009 0 123051.55500000001 95266.858571428587 1170112.9500000002 90508.205000000016 92051.925357142871 99666.920000000013 113336.08000000002 128401.895 69.500000000000014 49.500000000000007 133.50000000000003 742958.30500000005 1.0000000180025095e-35 91147.715000000011 136017.59642857147 306437.45071428578 458903.97500000003 297294.37000000005 236415.55000000002 172786.60500000004 213621.71500000003 5.5000000000000009 106673.93000000001 120462.88339285714 156764.76500000004 124524.91428571429 199.50000000000003 122373.84316964286
decision_type=2 1 2 2 2 2 2 2 2 2 2 2 2 2 2 2 2 2 2 2 2 2 2 2 2 2 2 2 2 2
left_child=1 2 3 -1 5 6 -2 15 -9 -10 11 -11 13 21 16 -7 -14 19 23 20 -18 -12 -23 -19 26 -26 28 -28 -3 -27
right_child=4 24 -4 -5 -6 7 -8 8 9 10 12 -13 14 -15 -16 -17 17 18 -20 -21 -22 22 -24 -25 25 29 27 -29 -30 -31
leaf_value=1.4311262549148525 70.107765566452869 -100.44795704263015 12.118611797687482 -63.552744600361621 1569.598728947225 25.829239610085644 4.7529350548036744 217.28250653410578 192.00668216179184 6.5199793683415921 -170.31420229869619 615.69271965664086 163.60682898051456 911.03201582831105 -270.10464829309933 -68.677151685721043 -9.225638149912994 1337.8523246594473 -138.79554972077457 124.87376924541023 -268.30421410643032 90.85228153513745 -154.72969494980791 399.63491375258747 160.92459742368521 -242.19029234029514 177.53766086824072 -81.40677682279275 2.3950938031201079 -39.405114915419837
leaf_weight=139 22 123 413 40 25 39 28 30 26 100 34 44 29 25 36 50 60 49 50 25 42 27 96 44 54 22 20 32 35 1357
leaf_count=139 22 123 413 40 25 39 28 30 26 100 34 44 29 25 36 50 60 49 50 25 42 27 96 44 54 22 20 32 35 1357
internal_value=0.000224647 -0.000436242 0.0013289 -0.00209497 0.00190125 0.00163551 0.008 0.00124069 0.00191771 0.00149199 0.00109682 0.00520833 -4.83559e-05 -0.0032967 0.00171642 -0.00421348 0.0027592 0.00185185 0.00541958 -0.00216535 -0.00441176 -0.00493631 -0.00304878 0.0094086 -0.00107381 -0.000680391 -0.00380952 0.00288462 -0.00601266 -0.00103336
internal_weight=3116 2235 592 179 881 856 50 806 717 687 661 144 517 182 335 89 299 270 143 127 102 157 123 93 1643 1433 210 52 158 1379
internal_count=3116 2235 592 179 881 856 50 806 717 687 661 144 517 182 335 89 299 270 143 127 102 157 123 93 1643 1433 210 52 158 1379
cat_boundaries=0 1
cat_threshold=8
is_linear=0
shrinkage=0.05


Tree=162
num_leaves=31
num_cat=1
split_feature=7 5 2 2 11 7 3 9 2 3 3 4 2 4 3 1 5 10 5 10 5 4 4 1 2 5 10 2 5 3
split_gain=0.802627 1.18401 1.62364 0.950401 0.833364 1.67684 1.14077 1.17167 1.07135 1.02911 1.06127 1.00478 2.78049 0.993606 0.991465 1.04045 1.0842 0.824871 0.802222 0.692271 1.2533 1.32852 2.07617 1.18563 1.32287 0.708046 0.958064 0.703247 0.678757 1.1029
threshold=4.5000000000000009 20431.333941662022 171969.70000000004 1170112.9500000002 0 5.5000000000000009 92084.120714285731 1.0000000180025095e-35 100444.90000000001 448650.97928571433 396004.79571428575 738330.17464285728 415228.49000000005 135884.91250000001 291639.24071428576 668406.84500000009 163323.57170830676 250.50000000000003 13994.508672103524 59.500000000000007 45327.026397994567 494266.58017857152 345289.2882142858 123051.55500000001 165776.74000000002 36772.388162109717 33.500000000000007 383049.25000000006 121332.18348206226 293411.12142857147
decision_type=2 2 2 2 1 2 2 2 2 2 2 2 2 2 2 2 2 2 2 2 2 2 2 2 2 2 2 2 2 2
left_child=1 2 17 4 8 6 -6 13 -2 10 28 12 -7 -8 -15 16 -16 18 -1 20 25 22 23 -22 -25 26 -3 -24 29 -10
right_child=3 19 -4 -5 5 11 7 -9 9 -11 -12 -13 -14 14 15 -17 -18 -19 -20 -21 21 -23 27 24 -26 -27 -28 -29 -30 -31
leaf_value=3.4380867682626559 227.48968467933594 4.9204834219708573 41.4277139120939 1491.118792499858 -27.829133451807138 -20.453073437275453 104.29513096162918 -76.36610659677099 66.368627911427026 633.40172463696661 -218.72097812826252 665.51572293541687 -1066.7084273222486 -45.12760811968765 188.2251521915052 -4044.0347293094501 4065.7795052111078 -22.684489025741641 -105.44047559231694 -13.704643633966771 82.383521023680814 -1751.0744024421992 242.17332999799984 -524.16920750108693 -28.114069154424215 -315.73327771766492 -174.59493662845745 2235.1366003290577 1125.3389214589422 -180.03603513672425
leaf_weight=300 33 31 153 25 21 160 21 20 264 34 20 30 31 33 69 25 22 20 24 1401 26 70 22 21 94 29 24 20 26 47
leaf_count=300 33 31 153 25 21 160 21 20 264 34 20 30 31 33 69 25 22 20 24 1401 26 70 22 21 94 29 24 20 26 47
internal_value=0.000112323 -0.000391499 0.00176056 0.00139047 0.00110981 -0.000452489 0.00272512 0.00394737 0.00264977 0.0019821 0.00119048 -0.00350679 -0.00484293 0.00529412 0.00385906 0.00603448 0.00851648 -0.000145349 0.000462963 -0.0010069 -0.00304154 -0.00128458 0.000956284 -0.00195035 -0.00413043 -0.00833333 -0.005 0.0107143 0.0018546 0.00120579
internal_weight=3116 2235 497 881 856 432 211 190 424 391 357 221 191 170 149 116 91 344 324 1738 337 253 183 141 115 84 55 42 337 311
internal_count=3116 2235 497 881 856 432 211 190 424 391 357 221 191 170 149 116 91 344 324 1738 337 253 183 141 115 84 55 42 337 311
cat_boundaries=0 1
cat_threshold=3
is_linear=0
shrinkage=0.05


Tree=163
num_leaves=31
num_cat=1
split_feature=1 1 6 3 2 3 3 4 1 2 1 7 11 3 10 6 6 0 6 6 7 7 3 0 1 10 10 4 0 2
split_gain=0.644318 1.96384 1.38495 1.21094 0.91451 1.29256 1.14208 1.06202 0.841298 1.16691 0.882392 0.819493 0.811842 1.34017 1.04793 0.844652 0.789196 1.34155 1.26425 0.821803 0.958805 0.9447 0.9 0.73125 0.723777 0.770788 1.88155 1.47907 1.89111 0.963912
threshold=325563.81000000006 383950.27000000008 98684.841549004734 423273.4285714287 463800.83000000007 396004.79571428575 308121.18285714294 389411.87053571432 411838.23500000004 491074.49500000005 440523.68500000006 3.5000000000000004 0 389106.43214285723 226.50000000000003 168585.86737647827 275537.99546421139 868810.3400000002 296503.68648045248 216769.50933962673 5.5000000000000009 4.5000000000000009 703693.51000000013 449186.14500000008 315261.07500000001 224.50000000000003 221.50000000000003 122945.75500000002 284772.27500000008 150388.00000000003
decision_type=2 2 2 2 2 2 2 2 2 2 2 2 1 2 2 2 2 2 2 2 2 2 2 2 2 2 2 2 2 2
left_child=24 3 -3 4 5 6 -2 -8 9 11 -10 -4 13 -12 15 23 17 19 -18 20 21 -14 -21 -15 25 26 -1 -27 29 -29
right_child=1 2 8 -5 -6 -7 7 -9 10 -11 12 -13 16 14 -16 -17 18 -19 -20 22 -22 -23 -24 -25 -26 27 -28 28 -30 -31
leaf_value=1.5335949922271539 -181.57753071191109 1917.9046944197166 422.40529782800149 248.13345482240402 618.46984579781429 -1275.5692823880411 349.77348319374727 -506.13193867685624 -349.1470018595632 -670.3790165608284 -303.71356481620461 3178.9138746641302 -274.89909864424266 2120.1298040744036 -170.33178969691508 144.50513872097946 1306.6540168989916 -2208.289248873823 -14.039961080247304 2961.9966048724164 -515.33117736787824 759.03716740170205 -823.53344200537401 612.5040405021108 239.335471770796 -18.602443136501098 -83.132742147674435 108.47950475663093 -24.495975792658285 62.657113781171212
leaf_weight=1678 64 26 22 40 22 25 32 20 80 20 25 26 160 20 27 33 26 29 223 20 37 28 20 32 56 68 23 63 61 110
leaf_count=1678 64 26 22 40 22 25 32 20 80 20 25 26 160 20 27 33 26 29 223 20 37 28 20 32 56 68 23 63 61 110
internal_value=0.00012837 -0.000875118 0.000175644 -0.00529557 -0.00720859 -0.00868794 -0.00646552 -0.000961538 -0.000181159 0.00514706 -0.000657895 0.009375 -7.35294e-05 0.00323129 0.00580357 0.00852941 -0.000949367 -0.00272109 0.00110442 -0.00160377 -0.00277778 -0.00132979 0.005 0.0125 0.000643516 0.00048677 7.34862e-05 0.00281457 0.00470085 0.00736994
internal_weight=3116 1057 854 203 163 141 116 52 828 68 760 48 680 137 112 85 543 294 249 265 225 188 40 52 2059 2003 1701 302 234 173
internal_count=3116 1057 854 203 163 141 116 52 828 68 760 48 680 137 112 85 543 294 249 265 225 188 40 52 2059 2003 1701 302 234 173
cat_boundaries=0 1
cat_threshold=1
is_linear=0
shrinkage=0.05


Tree=164
num_leaves=31
num_cat=0
split_feature=6 4 0 10 10 10 0 6 7 1 3 10 7 4 1 0 6 0 0 4 10 10 1 6 6 4 4 10 1 0
split_gain=0.621351 1.05576 1.25728 0.990834 0.963202 1.08174 0.807692 0.755051 0.934584 1.23539 0.956036 0.784253 0.782414 0.690809 0.68742 1.40015 0.939178 0.615659 1.01671 0.597551 0.57728 0.872942 0.66448 0.540634 1.7218 0.615633 1.38139 1.19055 1.15646 0.875904
threshold=70050.344100335016 302112.58732142864 103849.62000000001 19.500000000000004 46.500000000000007 59.500000000000007 174095.48500000002 72657.237655223566 4.5000000000000009 217492.16500000004 1120377.0121428573 260.50000000000006 2.5000000000000004 120614.08482142859 294526.96000000008 275240.94500000007 23339.215177672169 219196.43500000003 176555.30000000002 135410.90026785716 19.500000000000004 32.500000000000007 393562.90000000008 102342.11368464198 105784.53289528572 386921.28892857151 407998.79946428578 147.50000000000003 411838.23500000004 407826.83000000007
decision_type=2 2 2 2 2 2 2 2 2 2 2 2 2 2 2 2 2 2 2 2 2 2 2 2 2 2 2 2 2 2
left_child=1 2 3 -1 13 6 -6 12 11 -10 23 20 -2 -4 -7 -16 -17 18 19 -15 -9 22 -22 -11 -25 27 28 -26 -27 -28
right_child=7 -3 4 -5 5 14 -8 8 9 10 -12 -13 -14 17 15 16 -18 -19 -20 -21 21 -23 -24 24 25 26 29 -29 -30 -31
leaf_value=-244.07542140837978 5.704910874072084 -62.900664532050726 157.50906496467942 -2.2092257178544972 2.999574585103983 6.7862455515802145 -188.82622767997165 287.54269728537912 833.92369790362795 485.37058550601728 5425.0164690320125 78.602221431033115 -409.0105022659904 -11.159006676432909 336.99587552124433 228.86352752764071 -41.485948146312154 113.38954608794157 -93.487150343476969 79.179237184159874 -715.91100045398343 -54.424703277516528 -201.30231931417075 -349.62006595839051 -130.29525478026335 -148.20510623767041 731.22689178060102 2000.9330010006379 -955.68007892421747 -32.681887250894214
leaf_weight=25 28 35 34 404 28 724 24 24 32 78 24 21 33 25 20 35 29 30 29 43 29 1030 26 20 32 37 52 25 23 117
leaf_count=25 28 35 34 404 28 724 24 24 32 78 24 21 33 25 20 35 29 30 29 43 29 1030 26 20 32 37 52 25 23 117
internal_value=-1.60462e-05 0.000723906 0.000931034 -0.00134033 0.00188541 0.00122093 -0.00576923 -0.000689761 -0.000477707 0.00147727 0.000735294 -0.00123894 -0.00614754 0.00543478 0.00167079 0.00595238 0.00234375 0.00374016 0.00180412 0.00514706 -0.0014202 -0.00158986 -0.00772727 0.000130208 -0.000816993 0.000174825 -0.000982533 0.00482456 -0.0075 0.00133136
internal_weight=3116 1485 1450 429 1021 860 52 1631 1570 440 408 1130 61 161 808 84 64 127 97 68 1109 1085 55 384 306 286 229 57 60 169
internal_count=3116 1485 1450 429 1021 860 52 1631 1570 440 408 1130 61 161 808 84 64 127 97 68 1109 1085 55 384 306 286 229 57 60 169
is_linear=0
shrinkage=0.05


Tree=165
num_leaves=31
num_cat=0
split_feature=5 5 10 5 3 10 0 4 0 1 5 3 5 1 5 4 5 3 3 10 0 3 3 3 7 5 3 10 3 0
split_gain=0.763686 1.30451 0.945312 0.93685 1.69597 1.3555 1.07579 1.0684 1.03792 1.6749 0.928256 0.976801 0.885551 0.855684 0.73985 0.936229 0.727513 0.75 0.725073 0.724259 0.719575 1.6542 2.06085 1.4981 1.59724 1.57826 0.951763 1.73164 0.75645 0.778851
threshold=19703.031618189645 21394.682203222128 228.50000000000003 16695.964744711473 174251.78214285718 165.50000000000003 155484.37000000002 136017.59642857147 135054.09000000005 137707.87000000002 6979.6512325721978 169933.02428571432 20431.333941662022 139177.33000000005 8012.2248265750259 91603.312500000015 8877.8221596653002 132812.61642857143 90806.161428571446 261.50000000000006 147310.62000000002 200219.99071428573 157203.80785714291 126039.56857142858 3.5000000000000004 48990.531681823901 112785.08571428571 87.500000000000014 123419.90785714287 85521.315000000017
decision_type=2 2 2 2 2 2 2 2 2 2 2 2 2 2 2 2 2 2 2 2 2 2 2 2 2 2 2 2 2 2
left_child=2 12 3 4 6 -6 7 8 14 -10 -4 -12 -2 -9 15 -1 -16 -18 -17 20 21 22 23 24 26 -26 -3 -28 29 -29
right_child=1 19 10 -5 5 -7 -8 13 9 -11 11 -13 -14 -15 16 18 17 -19 -20 -21 -22 -23 -24 -25 25 -27 27 28 -30 -31
leaf_value=-29.829651771028878 -20.933235168426474 11.302262449290902 -20.848595465737162 30.252590211943609 -34.942001897748561 -187.75311407910269 70.83900604087394 -84.18512926249241 82.057694163114505 -0.43592404246301159 15.102678827295314 -50.910354933888449 -32.745797672390474 0.91665952608891532 -46.120965147846441 13.005897313337483 -20.522677404062051 89.017245919110067 2.8281587912890247 239.11270663161415 -39.719175356718189 285.7294642512017 -1131.7161334831937 47.369114342260588 -4.6205810685351025 126.61009671823122 -332.0823919023187 -90.756112665010733 -175.70199056669736 95.843977206433195
leaf_weight=41 22 36 29 65 43 20 91 27 29 27 39 24 23 23 27 40 30 20 91 28 1872 63 24 123 115 23 22 21 23 29
leaf_count=41 22 36 29 65 43 20 91 27 29 27 39 24 23 23 27 40 30 20 91 28 1872 63 24 123 115 23 22 21 23 29
internal_value=-0.000598706 -0.00101073 0.000900901 0.00165505 0.000933202 -0.00674603 0.00201794 0.000774648 0.00188525 0.00803571 -0.00380435 -0.000396825 -0.00944444 -0.006 0.000502008 0.00232558 -0.00357143 0 0.00438931 -0.000851198 -0.000946406 0.000782881 -0.000360577 0.000510204 -0.00157993 0.00217391 -0.00553435 -0.00815789 -0.00445205 -0.001
internal_weight=3090 2424 666 574 509 63 446 355 305 56 92 63 45 50 249 172 77 50 131 2379 2351 479 416 392 269 138 131 95 73 50
internal_count=3090 2424 666 574 509 63 446 355 305 56 92 63 45 50 249 172 77 50 131 2379 2351 479 416 392 269 138 131 95 73 50
is_linear=0
shrinkage=0.05


Tree=166
num_leaves=31
num_cat=0
split_feature=2 5 2 5 7 7 5 4 0 0 7 5 2 0 2 0 0 0 1 10 5 1 5 1 5 3 2 10 0 0
split_gain=0.811057 1.68828 1.34302 1.20009 1.25792 1.54744 1.49089 1.45477 1.25112 1.12628 1.02259 1.34516 1.32894 0.99623 1.34474 1.76523 1.17552 1.36809 1.00425 1.02857 0.993069 1.49548 0.984376 1.93939 1.03368 1.13476 1.50767 0.929293 0.916711 0.90445
threshold=288753.74000000005 217629.27568927195 300053.88000000006 157860.22606546877 1.0000000180025095e-35 1.5000000000000002 77047.152409744202 125534.11964285716 390224.83000000002 246158.66500000001 3.5000000000000004 88530.763104210273 427250.85500000004 1253947.2600000002 819491.67500000016 868810.3400000002 262709.99500000005 222265.33500000005 1213230.8100000003 116.50000000000001 34741.368890882528 177623.85000000001 12681.974210476614 128088.22000000002 35552.16044183739 134752.64571428575 174612.23000000001 140.50000000000003 268668.97500000003 386153.45500000002
decision_type=2 2 2 2 2 2 2 2 2 2 2 2 2 2 2 2 2 2 2 2 2 2 2 2 2 2 2 2 2 2
left_child=1 3 27 4 22 6 7 -6 9 -7 13 12 -12 14 15 16 17 -4 19 -16 -9 -22 23 -1 -24 26 -26 -2 -11 -18
right_child=2 -3 10 -5 5 8 -8 20 -10 28 11 -13 -14 -15 18 -17 29 -19 -20 -21 21 -23 24 -25 25 -27 -28 -29 -30 -31
leaf_value=11.907079324526785 -305.19324540605447 6492.3414425854753 49.183542314384255 -452.04691330453647 -65.458363773148449 1.7439242717926391 -242.6650521345 -6.319664950721199 2398.0136129720486 -621.45303695251823 -33.87325976967113 -163.97383705278335 -891.94490020406374 -1773.2603001399666 2596.0002383446467 -3555.0771968547488 203.80648382302607 -1499.9840533525742 13276.682228813543 -1478.8657478185341 -71.107300144145853 321.00681317609127 117.35580830342734 -138.22605641226801 16.725980522859029 60.813333909196082 -358.7133320592315 -19.433765931607923 -45.364468925543775 -49.362655748860561
leaf_weight=44 36 25 35 30 91 1128 57 89 43 20 82 435 23 40 48 20 158 31 21 42 21 31 63 22 23 49 21 33 58 271
leaf_count=44 36 25 35 30 91 1128 57 89 43 20 82 435 23 40 48 20 158 31 21 42 21 31 63 22 23 49 21 33 58 271
internal_value=-0.000582524 9.64187e-05 -0.00154902 -8.37989e-05 8.52273e-05 -0.000422627 -0.00371972 -0.00193966 0.000340272 4.14594e-05 -0.00116086 -0.00277778 -0.00785714 0.00015015 0.000638978 -0.000436893 0.000151515 -0.00606061 0.00563063 0.00333333 0.00124113 0.00673077 0.0036036 -0.00151515 0.00576923 0.00241935 -0.00340909 -0.00833333 -0.00576923 0.00110723
internal_weight=3090 1815 1275 1790 1760 1538 289 232 1249 1206 1206 540 105 666 626 515 495 66 111 90 141 52 222 66 156 93 44 69 78 429
internal_count=3090 1815 1275 1790 1760 1538 289 232 1249 1206 1206 540 105 666 626 515 495 66 111 90 141 52 222 66 156 93 44 69 78 429
is_linear=0
shrinkage=0.05


Tree=167
num_leaves=31
num_cat=0
split_feature=5 5 5 7 0 0 2 5 0 2 1 1 5 2 6 4 6 6 6 5 5 1 1 7 1 2 1 4 1 5
split_gain=0.62944 1.13228 0.76636 1.10402 1.00198 0.73634 0.672222 0.813477 0.61637 1.01077 0.990425 0.94359 0.91746 0.797802 0.709473 1.35526 0.869483 0.912013 0.908894 0.565045 0.531948 0.512519 1.13952 0.486978 1.34797 1.17141 1.20333 0.962051 1.08601 0.988327
threshold=20431.333941662022 21394.682203222128 4874.8839069713058 5.5000000000000009 90460.950000000026 293712.02500000008 167756.79000000001 9198.2233382541726 169247.40000000002 141486.30000000002 132170.73000000004 138408.285 9994.8153390886564 177520.34500000003 6719.8449871417515 91719.473214285725 7163.1150196360077 7537.0338937629231 7816.898001939544 8173.6081815914886 9834.2204413155941 1213230.8100000003 1391885.1650000003 5.5000000000000009 115232.09500000002 524753.90000000014 748649.40000000014 501511.33589285723 457749.13000000006 79901.07296397032
decision_type=2 2 2 2 2 2 2 2 2 2 2 2 2 2 2 2 2 2 2 2 2 2 2 2 2 2 2 2 2 2
left_child=2 -2 4 5 -1 8 7 -5 9 10 14 -12 -11 -14 15 -4 -16 -18 -19 -20 -21 23 -23 -3 -25 27 -27 28 29 -26
right_child=1 21 3 6 -6 -7 -8 -9 -10 12 11 -13 13 -15 16 -17 17 18 19 20 -22 22 -24 24 25 26 -28 -29 -30 -31
leaf_value=-51.36751935545508 -36.976298203942136 -27.098442297563452 -3.3749486395288844 -24.539926218012262 1.4398511136798335 -24.413479952045602 -189.86141214341626 78.314802051562594 20.281090028364272 7.4625980327327852 57.05014649457808 17.353872481554571 -89.278671917422628 30.137172006684708 -16.572650236792107 20.273959714709783 14.655891034106753 -21.665667208609378 28.219813405649987 -25.435045730801722 14.97830659690444 3610.4759399039322 -1254.9689314446762 533.37356455086342 -3.0089380696299486 -829.36442493450022 518.80996882641341 1490.9682023523856 -431.59596393279793 424.03538818839957
leaf_weight=24 23 1972 32 38 22 37 30 22 131 45 30 39 39 21 25 33 21 25 24 22 28 36 44 21 115 30 20 22 37 82
leaf_count=24 23 1972 32 38 22 37 30 22 131 45 30 39 39 21 25 33 21 25 24 22 28 36 44 21 115 30 20 22 37 82
internal_value=-0.000533981 -0.000915903 0.000799419 0.00124611 -0.00543478 0.00208333 -0.00388889 -0.000833333 0.00257282 0.0015625 0.0031362 0.00833333 -0.00261905 -0.00666667 0.00142857 0.00576923 -0.000517241 0.00125 -0.000757576 0.00202703 -0.001 -0.000809164 0.003125 -0.000946064 0.000840979 0 -0.007 0.00136719 0.00042735 0.00190355
internal_weight=3090 2402 688 642 46 552 90 60 515 384 279 69 105 60 210 65 145 120 99 74 50 2379 80 2299 327 306 50 256 234 197
internal_count=3090 2402 688 642 46 552 90 60 515 384 279 69 105 60 210 65 145 120 99 74 50 2379 80 2299 327 306 50 256 234 197
is_linear=0
shrinkage=0.05


Tree=168
num_leaves=31
num_cat=0
split_feature=5 5 2 5 2 3 6 5 10 10 10 4 4 10 6 3 2 1 4 10 10 6 3 10 1 1 1 7 7 2
split_gain=0.784915 1.14104 0.886432 3.3227 1.13785 0.846899 1.09391 1.21212 0.706681 0.690596 0.774138 0.7783 1.92772 0.607422 0.551261 0.549964 1.30138 1.01439 0.918613 0.982987 0.575432 0.858918 1.07714 0.958623 0.522692 1.13952 0.603983 0.98372 1.70331 1.93165
threshold=19703.031618189645 20726.6165526 188404.78000000003 13491.805258870227 177520.34500000003 174948.72214285718 13756.523436610418 10959.642039079643 261.50000000000006 21.500000000000004 51.500000000000007 91271.17357142859 91603.312500000015 116.50000000000001 22287.367060107397 90806.161428571446 119288.73000000003 94954.195000000022 135293.88071428574 146.50000000000003 101.50000000000001 9769.7466563638827 169933.02428571432 199.50000000000003 1213230.8100000003 1391885.1650000003 325563.81000000006 3.5000000000000004 1.0000000180025095e-35 378362.99000000005
decision_type=2 2 2 2 2 2 2 2 2 2 2 2 2 2 2 2 2 2 2 2 2 2 2 2 2 2 2 2 2 2
left_child=2 -2 4 -4 5 6 9 -8 24 -1 -11 -12 -13 -6 -5 -14 17 -17 19 -18 -20 23 -23 -22 26 -26 27 28 -3 -30
right_child=1 8 3 14 13 -7 7 -9 -10 10 11 12 15 -15 -16 16 18 -19 20 -21 21 22 -24 -25 25 -27 -28 -29 29 -31
leaf_value=-28.023805493146938 -39.665984683641732 18.010547577329273 -194.28218921190057 -12.881440019077855 134.19829567889974 -123.61867476279878 -0.012928414937050547 245.8763604088752 248.43966670259326 11.235907258234148 62.664683956375306 -42.734587648900202 8.2895291576976895 20.526176205555387 77.804862701141985 -0.13107107204814383 16.806217700897832 -76.800111805181231 7.044962319170736 233.34977743740421 -19.469642867025687 -72.395204731628482 53.531490754475094 14.008921341179667 3429.9521429087372 -1192.2204848724418 -109.85390235234664 7.8334114724697432 -55.277833578185167 1332.246347939034
leaf_weight=23 36 158 22 34 21 26 20 24 28 62 20 23 47 29 39 40 28 37 34 22 21 52 20 22 36 44 948 563 568 43
leaf_count=23 36 158 22 34 21 26 20 24 28 62 20 23 47 29 39 40 28 37 34 22 21 52 20 22 36 44 948 563 568 43
internal_value=-0.000469256 -0.000886964 0.00105105 -0.00342105 0.0017951 0.00110365 0.00156566 0.00909091 -0.000753769 0.000831486 0.00128505 0.000409836 -0.000144509 0.009 0.00171233 0.000851393 0 -0.00551948 0.00213568 0.008 0.000167785 -0.00152174 -0.00486111 0.00406977 -0.000847458 0.003125 -0.000986842 -0.0003003 -0.00146294 -0.00265957
internal_weight=3090 2424 666 95 571 521 495 44 2388 451 428 366 346 50 73 323 276 77 199 50 149 115 72 43 2360 80 2280 1332 769 611
internal_count=3090 2424 666 95 571 521 495 44 2388 451 428 366 346 50 73 323 276 77 199 50 149 115 72 43 2360 80 2280 1332 769 611
is_linear=0
shrinkage=0.05


Tree=169
num_leaves=31
num_cat=0
split_feature=5 4 5 6 6 5 4 2 3 2 5 7 7 2 2 5 3 4 7 2 3 1 1 4 10 6 6 5 3 1
split_gain=0.772919 0.644593 0.87112 1.32348 1.70207 0.858461 0.762471 0.690595 0.777184 0.564763 2.09973 0.848703 2.38875 1.82778 1.87085 1.63847 1.11395 0.923364 0.675145 0.610369 0.755978 0.66108 0.840001 1.28863 0.552247 0.5855 2.14491 1.48702 1.17065 1.32666
threshold=19703.031618189645 85187.377914285724 25599.780967531329 21653.030173840481 17496.426208720415 29338.074089170084 115910.37714285716 272157.78500000009 296264.86571428581 188404.78000000003 13491.805258870227 1.5000000000000002 2.5000000000000004 90508.205000000016 95836.580000000016 5634.4964057764419 91740.601428571434 92051.925357142871 5.5000000000000009 133277.28500000003 134752.64571428575 177623.85000000001 170546.69000000003 136017.59642857147 261.50000000000006 41611.540959174228 40046.088382577611 42350.848692379157 121438.68285714288 132170.73000000004
decision_type=2 2 2 2 2 2 2 2 2 2 2 2 2 2 2 2 2 2 2 2 2 2 2 2 2 2 2 2 2 2
left_child=9 -2 3 4 -3 -4 -7 -5 -9 11 -11 15 -13 -14 16 -1 17 -15 19 -16 -21 22 23 -22 25 26 27 -8 -27 -30
right_child=1 2 5 7 -6 6 24 8 -10 10 -12 12 13 14 18 -17 -18 -19 -20 20 21 -23 -24 -25 -26 28 -28 -29 29 -31
leaf_value=-40.892978853042592 40.178226092920887 -88.966651587549862 71.051219355141811 -80.834637499803648 130.37333007180425 -184.79001477423228 -50.468438472017446 -68.154096774067156 -132.7993304826785 -184.56807975130579 13.645338873719448 103.59856162596698 13.975462073459131 -40.597858266455297 27.784917514256815 4.8744453866485857 -66.859948689769226 21.416942381862466 -84.871362980282726 -7.9905846188070431 40.643793903267948 -5.503054885284655 115.08522875881172 -36.795206278389379 88.231842194352069 -84.49608937770536 101.51536113371185 183.17753349292107 49.763160180477286 -34.598019032151207
leaf_weight=25 23 34 52 22 20 28 125 21 25 22 73 78 32 23 38 143 23 22 52 34 22 34 24 21 27 73 42 38 157 1737
leaf_count=25 23 34 52 22 20 28 125 21 25 22 73 78 32 23 38 143 23 22 52 34 22 34 24 21 27 73 42 38 157 1737
internal_value=-0.000307443 -0.000721947 -0.000801749 -0.00491803 0.000925926 -0.000581395 -0.000729681 -0.00955882 -0.0130435 0.0012012 -0.00236842 0.0017951 0.0030397 0.00115385 -8.53242e-05 -0.00119048 -0.00735294 -0.00277778 0.00211111 0.00361272 0.00203704 0.00420792 0.00708955 0.00290698 -0.000625284 -0.000713628 0.00182927 -0.000766871 -0.000978648 -0.000739176
internal_weight=3090 2424 2401 122 54 2279 2227 68 46 666 95 571 403 325 293 168 68 45 225 173 135 101 67 43 2199 2172 205 163 1967 1894
internal_count=3090 2424 2401 122 54 2279 2227 68 46 666 95 571 403 325 293 168 68 45 225 173 135 101 67 43 2199 2172 205 163 1967 1894
is_linear=0
shrinkage=0.05


Tree=170
num_leaves=31
num_cat=0
split_feature=10 6 4 4 0 0 3 10 6 0 1 6 10 3 1 4 0 0 0 10 7 10 2 10 0 2 2 1 10 10
split_gain=0.768677 0.781537 2.28129 1.3576 1.0455 1.17929 1.05636 1.02796 1.11218 0.938386 0.90994 0.69579 0.731438 0.692967 0.773998 0.696973 0.683131 0.66571 0.664548 1.22727 1.73461 0.855615 0.935078 0.65639 0.830781 0.647311 1.56386 0.941243 1.6956 1.17907
threshold=262.50000000000006 97309.154102245768 213538.04071428571 262126.74732142859 945493.09500000009 1027470.9200000002 1029794.1664285715 194.50000000000003 371329.70067227964 317020.21500000003 349418.68500000006 25836.227883290372 78.500000000000014 104367.94928571432 73314.755000000019 302112.58732142864 106896.07000000002 1208396.8800000001 91147.715000000011 150.50000000000003 1.5000000000000002 93.500000000000014 82078.155000000013 186.50000000000003 94883.685000000012 176406.37500000003 195687.98500000002 256593.80000000002 226.50000000000003 198.50000000000003
decision_type=2 2 2 2 2 2 2 2 2 2 2 2 2 2 2 2 2 2 2 2 2 2 2 2 2 2 2 2 2 2
left_child=1 9 -3 -4 25 -6 17 8 -8 10 13 -11 -13 16 -15 -16 18 -7 19 21 -21 22 -1 24 -20 -5 -27 28 29 -28
right_child=-2 2 3 4 5 6 7 -9 -10 11 -12 12 -14 14 15 -17 -18 -19 23 20 -22 -23 -24 -25 -26 26 27 -29 -30 -31
leaf_value=-68.452812647750406 49.705954485374974 -587.26416093644582 228.39812214157064 -663.68002628580871 6054.3211767538542 6210.8369145076258 -4352.0424599006656 -2422.6162232895763 1280.1470107628675 155.99018634656824 -113.52564841910498 -170.54633845488135 142.89841473603738 85.924519251663156 7.0141332914819943 -43.631951735442271 11.971680242168441 185.04448973415421 -51.726394023855391 -8.7150572422819099 115.64772442869945 -31.298242060411578 9.2976891708502087 -42.380881451673488 12.662528015816498 291.81821522659885 -84.441600739248685 -32.072077586429081 295.37207594647629 -901.14379235749516
leaf_weight=35 25 26 20 35 28 22 25 22 38 36 20 30 39 21 1291 32 22 21 39 21 23 20 33 27 43 28 105 899 21 28
leaf_count=35 25 26 20 35 28 22 25 22 38 36 20 30 39 21 1291 32 22 21 39 21 23 20 33 27 43 28 105 899 21 28
internal_value=0.000268293 0.000196721 -0.000720789 -0.000425697 -0.000628931 0.00320513 0.00117188 -0.00205882 0.00119048 0.000894919 0.000599262 0.00547619 0.00253623 0.000731176 0.00119048 0.0010393 -0.00161597 0.00755814 -0.00238589 0 0.00681818 -0.00340909 -0.000735294 -0.00527523 -0.00304878 -0.00116487 -0.000948196 -0.00125831 -0.00487013 -0.00695489
internal_weight=3075 3050 1318 1292 1272 156 128 85 63 1732 1627 105 69 1607 1344 1323 263 43 241 132 44 88 68 109 82 1116 1081 1053 154 133
internal_count=3075 3050 1318 1292 1272 156 128 85 63 1732 1627 105 69 1607 1344 1323 263 43 241 132 44 88 68 109 82 1116 1081 1053 154 133
is_linear=0
shrinkage=0.05


Tree=171
num_leaves=31
num_cat=0
split_feature=10 6 4 3 6 4 4 10 1 6 1 0 1 6 4 0 0 0 10 0 10 0 6 3 0 1 3 1 7 1
split_gain=0.777289 0.730141 0.859328 0.915538 0.890591 2.28129 0.981555 1.22249 0.951681 0.799729 0.976715 0.683185 0.913707 0.762367 0.64336 0.633988 1.34756 1.21337 1.22582 1.14859 1.02367 0.820513 0.714108 1.19631 0.68428 0.707399 0.92803 0.672728 0.828846 0.755885
threshold=262.50000000000006 5860.0634045541501 91832.317678571446 91388.61500000002 97309.154102245768 213538.04071428571 289760.17017857148 116.50000000000001 73314.755000000019 102342.11368464198 304223.69000000006 317020.21500000003 349418.68500000006 23953.404157472276 302112.58732142864 945493.09500000009 1027470.9200000002 412361.76000000007 239.50000000000003 436138.15500000009 215.50000000000003 395669.96500000003 114019.63656086488 369276.96000000002 449186.14500000008 304223.69000000006 464564.0450000001 508344.71500000008 1.5000000000000002 457749.13000000006
decision_type=2 2 2 2 2 2 2 2 2 2 2 2 2 2 2 2 2 2 2 2 2 2 2 2 2 2 2 2 2 2
left_child=1 -1 3 -3 8 -6 7 -7 -4 10 -8 12 14 -13 -10 17 -17 18 21 -19 -18 27 -21 -24 -25 26 -26 29 -29 -11
right_child=-2 2 4 -5 5 6 9 -9 11 15 -12 13 -14 -15 -16 16 20 19 -20 22 -22 -23 23 24 25 -27 -28 28 -30 -31
leaf_value=5.3481856012396749 47.220656761105062 -4.5075139514701732 81.140602431774468 -40.790796195617446 -557.900952889623 -10.786441938886128 -157.23660039849057 955.88614433080954 5.5372898089201046 -12.673912334133639 -89.183750392083311 157.72507960361546 -107.84936599814974 19.301090318684874 -41.450354148671614 5751.6051179161623 500.63368200075348 -548.37679147989263 885.54713792600967 -144.45875142948935 -1078.5180769886531 785.53809481670623 1805.2729184311088 1674.930674776761 -801.40630258371391 -231.64303184337334 -1238.0380270194946 1394.5987487314881 36.086795039285789 -373.14201021235203
leaf_weight=27 25 75 22 38 26 27 29 24 1414 277 37 27 20 77 32 28 108 67 51 53 20 32 21 20 24 347 20 20 51 36
leaf_count=27 25 75 22 38 26 27 29 24 1414 277 37 27 20 77 32 28 108 67 51 53 20 32 21 20 24 347 20 20 51 36
internal_value=0.000219512 0.000147541 7.44294e-05 -0.00420354 0.00024055 -0.000720789 -0.000425697 0.00637255 0.00103643 -0.000705077 -0.00606061 0.00089172 0.000613915 0.00480769 0.000760719 -0.000404255 0.0025641 -0.000858685 0.00101713 -0.00244565 0.000390625 0.000120192 -0.00159794 -0.000925926 -0.00152068 -0.0019821 -0.00795455 -0.000520833 0.00387324 -0.00151757
internal_weight=3075 3050 3023 113 2910 1318 1292 51 1592 1241 66 1570 1466 104 1446 1175 156 1019 467 552 128 416 485 432 411 391 44 384 71 313
internal_count=3075 3050 3023 113 2910 1318 1292 51 1592 1241 66 1570 1466 104 1446 1175 156 1019 467 552 128 416 485 432 411 391 44 384 71 313
is_linear=0
shrinkage=0.05


Tree=172
num_leaves=31
num_cat=0
split_feature=5 6 4 5 5 2 0 0 0 0 10 0 10 6 3 10 2 10 2 4 10 0 2 5 4 6 3 0 10 3
split_gain=1.67787 1.02682 1.70716 1.26915 1.10144 1.22303 0.746247 1.30725 0.878384 1.2574 0.853133 0.828798 0.821447 0.816524 1.39911 1.32474 1.12169 0.924526 2.42874 1.53293 1.07982 0.918413 0.850432 1.48478 1.12002 0.789505 0.911774 0.901539 0.677476 0.921014
threshold=4874.8839069713058 100178.02530066804 213538.04071428571 106658.83706061462 97608.568508544835 365105.98000000004 945493.09500000009 1027470.9200000002 407826.83000000007 420963.16000000009 239.50000000000003 395669.96500000003 194.50000000000003 114019.63656086488 362402.9671428572 253.50000000000003 400207.65500000009 197.50000000000003 538185.72500000009 515721.64607142861 140.50000000000003 678984.24500000023 491074.49500000005 128357.81606349666 418029.89910714288 216769.50933962673 856184.22142857162 742958.30500000005 75.500000000000014 1137244.5357142859
decision_type=2 2 2 2 2 2 2 2 2 2 2 2 2 2 2 2 2 2 2 2 2 2 2 2 2 2 2 2 2 2
left_child=-1 3 -3 4 5 -2 8 -8 10 -10 11 -4 28 16 -15 17 -11 19 -19 21 25 22 23 -16 -25 -21 -27 -28 -9 -30
right_child=1 2 6 -5 -6 -7 7 12 9 13 -12 -13 -14 14 15 -17 -18 18 -20 20 -22 -23 -24 24 -26 26 27 -29 29 -31
leaf_value=-51.739153657786666 4.3981075094896367 -530.00590524514121 -16.634484817381601 1325.2500789275853 -104.50564499693283 1838.2328311854742 5464.0248620203556 -3615.5935992293762 -762.68843099075605 -328.15921549740307 804.35515387761995 1106.8987742920785 -1024.5921731392214 2913.0775874474657 2069.4622920442985 3112.7020519387038 2.933463784743799 -1302.0406387854791 229.2524355134112 -2239.7031160864485 -5627.4193437938347 -660.74347469666827 -92.1610080487837 -471.78332452359319 2029.0898412611105 525.37404235476868 -1206.4156454885438 200.25892002849724 5191.4794237274655 -30.314385780715384
leaf_weight=35 1678 26 430 24 35 21 28 34 31 45 54 27 30 22 26 21 38 58 39 40 20 24 46 34 25 55 29 35 36 29
leaf_count=35 1678 26 430 24 35 21 28 34 31 45 54 27 30 22 26 21 38 58 39 40 20 24 46 34 25 55 29 35 36 29
internal_value=0.000170732 0.000296053 -0.000780031 0.00108077 0.000922722 0.00110359 -0.000517516 0.00270701 -0.000978162 -0.00229592 0.00053816 -0.000164114 0.000581395 -0.00175045 -0.000949367 -0.00154867 -0.0063253 -0.00214617 -0.0064433 -0.000898204 -0.00405028 0.00274194 0.00438931 0.00735294 0.0029661 -0.00267296 -0.000630252 -0.0046875 0.00277778 0.00576923
internal_weight=3075 3040 1282 1758 1734 1699 1256 157 1099 588 511 457 129 557 474 452 83 431 97 334 179 155 131 85 59 159 119 64 99 65
internal_count=3075 3040 1282 1758 1734 1699 1256 157 1099 588 511 457 129 557 474 452 83 431 97 334 179 155 131 85 59 159 119 64 99 65
is_linear=0
shrinkage=0.05


Tree=173
num_leaves=31
num_cat=0
split_feature=6 4 2 2 6 6 7 2 3 3 0 6 1 1 4 2 1 1 2 7 1 6 4 6 3 6 0 6 6 1
split_gain=0.778713 1.69667 0.900837 0.658052 0.645051 0.911716 1.51573 0.649746 0.584586 0.559938 0.535421 1.17017 0.682846 0.849217 0.772046 0.540441 1.41123 1.87363 1.23521 1.13778 0.838409 0.787064 1.30479 0.742561 0.685724 0.771353 0.728542 1.29644 0.945002 0.884113
threshold=100178.02530066804 213538.04071428571 390857.35000000003 1349801.5700000001 5860.0634045541501 6342.1610494499646 3.5000000000000004 352487.06500000006 1157977.4778571432 1157977.4778571432 317020.21500000003 81664.153204817194 340694.82000000007 317754.87000000005 302112.58732142864 106673.93000000001 129341.85500000001 108071.99500000001 101976.58000000002 1.5000000000000002 117803.21000000001 7663.6078342185829 122373.84316964286 43283.204674816698 127215.62214285716 42700.58050265893 118455.59500000002 34958.101065373776 7340.9079019532028 94325.000000000015
decision_type=2 2 2 2 2 2 2 2 2 2 2 2 2 2 2 2 2 2 2 2 2 2 2 2 2 2 2 2 2 2
left_child=2 -2 4 9 -1 6 -6 10 -5 -3 12 -12 13 14 15 16 17 18 19 21 23 -7 -23 -17 25 26 27 28 29 -21
right_child=1 3 -4 8 5 7 -8 -9 -10 -11 11 -13 -14 -15 -16 20 -18 -19 -20 24 -22 22 -24 -25 -26 -27 -28 -29 -30 -31
leaf_value=4.8608709457032093 -503.50560998288421 -43.758825359810729 2271.4594904788332 1529.401759419276 9.064319237803284 -21.731828322346338 -49.365081438952984 -106.74090947872901 -3883.1969845260642 3674.0159601815135 96.349673542490933 -378.85567590721189 -112.40348869003356 116.31362643112371 -67.346989980404032 14.20817068409815 161.36779850096684 -170.6580118246624 -144.73515693265546 60.183499235827917 6.05386576273595 16.476631547832948 -125.96221766367962 232.59647914373855 97.285573500677856 -28.251301758490445 -58.563266918929735 76.375976077406094 -9.181901528552407 -0.42692184015104434
leaf_weight=27 26 1155 24 41 26 32 22 23 20 40 77 27 21 36 24 65 22 36 20 31 1012 21 22 31 21 40 21 27 64 21
leaf_count=27 26 1155 24 41 26 32 22 23 20 40 77 27 21 36 24 65 22 36 20 31 1012 21 22 31 21 40 21 27 64 21
internal_value=0.000121951 -0.000819033 0.000794757 -0.000557325 0.000664217 0.00054535 -0.00625 0.000737898 0.0045082 -0.0008159 0.000852783 0.00432692 0.000622208 0.000743855 0.000562914 0.000706595 -0.000925926 -0.00168539 -0.00046875 0.000333333 0.00126354 -0.005 -0.000581395 0.00572917 0.00211111 0.00122549 0.0027439 0.00402098 0.00172414 0.00673077
internal_weight=3075 1282 1793 1256 1769 1742 48 1694 61 1195 1671 104 1567 1546 1510 1486 378 356 320 300 1108 75 43 96 225 204 164 143 116 52
internal_count=3075 1282 1793 1256 1769 1742 48 1694 61 1195 1671 104 1567 1546 1510 1486 378 356 320 300 1108 75 43 96 225 204 164 143 116 52
is_linear=0
shrinkage=0.05


Tree=174
num_leaves=31
num_cat=0
split_feature=6 4 2 2 2 6 3 0 1 3 1 0 0 0 0 3 4 0 7 3 4 3 2 2 7 2 3 3 3 4
split_gain=0.960433 1.68622 0.874918 0.668435 0.659934 0.603453 0.668755 1.48823 0.763315 1.07037 0.623736 1.33292 0.893665 1.5312 1.24657 0.842433 0.801955 0.62474 0.772655 1.03917 2.23539 1.19048 0.699735 0.597425 1.46186 1.52276 1.35568 1.44847 1.39149 1.49873
threshold=100178.02530066804 213538.04071428571 390857.35000000003 1349801.5700000001 352487.06500000006 5860.0634045541501 127215.62214285716 91936.055000000008 156580.00000000003 119815.00357142858 103456.69000000002 103849.62000000001 116945.16000000002 95836.580000000016 165035.91500000001 114128.79285714288 118207.87701298704 92436.835000000006 1.5000000000000002 117725.64714285715 91964.882142857168 122582.9635714286 93593.61500000002 365105.98000000004 2.5000000000000004 175638.30000000002 498526.83071428578 420395.72500000009 396004.79571428575 380747.99178571434
decision_type=2 2 2 2 2 2 2 2 2 2 2 2 2 2 2 2 2 2 2 2 2 2 2 2 2 2 2 2 2 2
left_child=2 -2 4 23 5 -1 8 -8 10 -10 12 15 13 17 -14 -12 -15 18 -7 20 -20 -21 -19 24 25 -3 27 28 29 -26
right_child=1 3 -4 -5 -6 6 7 -9 9 -11 11 -13 14 16 -16 -17 -18 22 19 21 -22 -23 -24 -25 26 -27 -28 -29 -30 -31
leaf_value=4.6178273984180125 -478.33032948374023 -810.20852277382949 2157.8865159548909 967.17178018847483 -101.40386400479184 -12.227043907209737 129.37191463389172 7.0745530422005691 163.14990809389275 -2.9634200054773832 -109.59053139684002 76.29777457065866 -181.29207380166119 10.553624552617112 15.652799970441265 -21.064511443953236 98.878284113639538 -14.804770861850557 -7.8876602371645284 -164.02107319644131 69.213738407070196 4.2934111045782632 -85.00237039782661 -71.595475810002242 -0.89341898802449582 -45.545470305893105 -252.37222837723823 1257.1813047901408 -410.50875731325073 1372.7764328383259
leaf_weight=27 26 21 24 61 23 44 20 1147 27 45 20 44 27 47 31 51 21 27 56 21 43 27 21 770 84 155 26 44 31 64
leaf_count=27 26 21 24 61 23 44 20 1147 27 45 20 44 27 47 31 51 21 27 56 21 43 27 21 770 84 155 26 44 31 64
internal_value=0.000186992 -0.000858034 0.000934189 -0.000597134 0.00080554 0.00091638 0.000799884 0.00147815 -0.000634058 0.00416667 -0.00135417 -0.00456522 -0.000342466 0.000732899 -0.00603448 -0.00880282 0.00735294 -0.00115063 0.00013089 0.00187075 0.00479798 -0.00416667 -0.00625 -0.000857741 0.000647059 -0.00284091 0.00311245 0.0043722 0.0023743 0.00439189
internal_weight=3075 1282 1793 1256 1769 1746 1719 1167 552 72 480 115 365 307 58 71 68 239 191 147 99 48 48 1195 425 176 249 223 179 148
internal_count=3075 1282 1793 1256 1769 1746 1719 1167 552 72 480 115 365 307 58 71 68 239 191 147 99 48 48 1195 425 176 249 223 179 148
is_linear=0
shrinkage=0.05


Tree=175
num_leaves=31
num_cat=0
split_feature=6 4 7 6 6 0 4 3 3 0 3 4 1 0 0 7 0 3 6 4 1 10 10 6 6 10 3 6 6 7
split_gain=1.66048 1.11077 1.18464 0.978016 1.11221 0.870588 0.791938 0.796348 1.2144 0.99476 1.3913 1.13734 0.956435 0.947184 0.914426 1.87115 0.798246 0.767396 1.37317 1.04728 0.772046 1.03297 1.55925 0.755531 0.746464 1.44507 2.29959 1.09573 0.888899 1.34622
threshold=7537.0338937629231 91891.661854395628 3.5000000000000004 7663.6078342185829 125262.425585351 94270.685000000012 405819.34464285715 299948.86500000005 301368.32500000001 366146.72000000003 285860.59500000009 295542.02053571434 293250.66000000009 244100.54000000004 449186.14500000008 2.5000000000000004 289671.17500000005 223240.32214285719 47884.309205675083 175375.88928571434 321270.94000000006 225.50000000000003 200.50000000000003 22564.928065616288 42700.58050265893 194.50000000000003 123801.83785714289 43283.204674816698 39684.161699439072 2.5000000000000004
decision_type=2 2 2 2 2 2 2 2 2 2 2 2 2 2 2 2 2 2 2 2 2 2 2 2 2 2 2 2 2 2
left_child=1 2 -1 -2 6 -3 7 9 -9 11 -11 17 -13 -10 -15 -16 -14 18 19 24 21 22 -20 -18 28 27 -27 -26 -5 -30
right_child=3 5 -4 4 -6 -7 -8 8 13 10 -12 12 16 14 15 -17 23 -19 20 -21 -22 -23 -24 -25 25 26 -28 -29 29 -31
leaf_value=31.403576530710417 -33.555347797403378 -15.763361596457617 0.87909870912517363 -2.1833159497065937 -156.80177264222877 18.493510547886036 970.97336286501672 -190.19666388616898 -373.21386229227937 688.97189630727371 -3.6735194547480208 144.69033835484007 128.70312186910888 21.464782843878496 -308.84818540609126 1188.1881771040105 7.9482327803270891 -89.595557202579229 54.60284705250379 -160.64077013256758 -492.49209949824728 255.46505944426755 -279.7136085077247 -111.00547362953367 -254.49646380085687 182.22878525126799 -237.96492637275588 -59.41800299528186 -4.6031893192521238 54.226964420602968
leaf_weight=51 27 40 36 610 901 34 46 22 35 23 23 89 21 223 52 22 29 161 195 35 21 26 27 28 32 25 43 112 35 46
leaf_count=51 27 40 36 610 901 34 46 22 35 23 23 89 21 223 52 22 29 161 195 35 21 26 27 28 32 25 43 112 35 46
internal_value=-0.000439739 0.00450311 0.00833333 -0.000713304 -0.000624566 0 3.78597e-05 -0.000116279 -0.00225989 0.000363694 0.0076087 0.00014658 0.00404192 -0.00150602 -0.000589226 -0.00540541 0 -0.000328947 0.000103563 -0.000799574 0.00325279 0.00403226 0.00292793 -0.00307018 -0.000470653 -0.00306604 0.00294118 -0.00590278 0.000325615 0.00524691
internal_weight=3070 161 87 2909 2882 74 1981 1935 354 1581 46 1535 167 332 297 74 78 1368 1207 938 269 248 222 57 903 212 68 144 691 81
internal_count=3070 161 87 2909 2882 74 1981 1935 354 1581 46 1535 167 332 297 74 78 1368 1207 938 269 248 222 57 903 212 68 144 691 81
is_linear=0
shrinkage=0.05


Tree=176
num_leaves=31
num_cat=0
split_feature=5 2 1 2 8 1 0 3 5 2 2 5 3 4 3 6 5 6 6 2 10 10 10 5 4 3 1 4 6 6
split_gain=1.29391 0.92075 1.36112 1.1246 0.906968 1.15915 1.23504 1.65344 1.3 1.29423 0.965683 1.02896 0.95491 0.943704 0.81638 0.82672 0.808337 0.798639 1.01322 0.993734 0.797543 1.17769 0.828919 0.769073 1.89047 1.94444 1.81334 1.39866 1.30998 1.1567
threshold=35552.16044183739 90508.205000000016 89777.440000000017 88960.73000000001 1.0000000180025095e-35 319151.15000000008 155484.37000000002 127962.98357142859 48556.320582300948 160427.07000000004 409340.1650000001 130881.20134415502 1120377.0121428573 122373.84316964286 231203.28857142859 75076.72303092682 38299.814693230583 26256.308644036351 24710.563569740498 121612.50000000001 63.500000000000007 104.50000000000001 84.500000000000014 55704.832022349023 144211.53589285715 152232.45571428575 165720.92000000001 123994.50482142858 44578.192004132761 50603.374305268706
decision_type=2 2 2 2 2 2 2 2 2 2 2 2 2 2 2 2 2 2 2 2 2 2 2 2 2 2 2 2 2 2
left_child=1 3 -3 -1 16 6 7 8 13 -9 11 14 20 -6 15 -8 -2 18 -4 -19 -7 22 -22 24 27 -26 -27 28 -18 -25
right_child=4 2 17 -5 5 12 10 9 -10 -11 -12 -13 -14 -15 -16 -17 23 19 -20 -21 21 -23 -24 29 25 26 -28 -29 -30 -31
leaf_value=3.5657552083066548 -330.32351610974257 -180.69696810897005 2.9106935273503041 56.344383990593634 197.38361371701251 601.75458018500944 94.008854701259409 -119.79222999388513 173.72301955055809 -614.66250298779346 -246.90447024903551 3834.4756370453747 2657.8425103781515 -242.36513266163021 85.424045156821379 391.62976346926592 -28.190840184320408 -40.504154342303082 -216.75262947375597 206.50261688335013 -119.9467908583465 -49.335745555657198 -1063.8993535290531 -510.99825583347047 140.40478071477119 -1095.2243750069417 91.033203938818772 -116.23820250580758 147.25256210488479 -73.755672894728193
leaf_weight=113 30 20 678 21 27 61 27 34 20 20 25 21 26 25 53 21 97 39 26 76 23 207 28 22 42 24 39 49 36 1140
leaf_count=113 30 20 678 21 27 61 27 34 20 20 25 21 26 25 53 21 97 39 26 76 23 207 28 22 42 24 39 49 36 1140
internal_value=-0.000504886 0.00100206 0.000387366 0.00485075 -0.0012041 0.000404531 0.00283883 -0.000793651 0.00416667 -0.00740741 0.00595238 0.00778689 -0.00152174 0 0.00569307 0.0104167 -0.00187627 0.000702076 7.10227e-05 0.00456522 -0.00227273 -0.00348837 -0.0102941 -0.00170807 0.000609756 0.00595238 0.000396825 -0.00247253 0.00018797 -0.00228055
internal_weight=3070 973 839 134 2097 618 273 126 72 54 147 122 345 52 101 48 1479 819 704 115 319 258 51 1449 287 105 63 182 133 1162
internal_count=3070 973 839 134 2097 618 273 126 72 54 147 122 345 52 101 48 1479 819 704 115 319 258 51 1449 287 105 63 182 133 1162
is_linear=0
shrinkage=0.05


Tree=177
num_leaves=31
num_cat=0
split_feature=6 6 6 4 7 0 4 3 10 3 4 3 3 0 6 1 10 10 10 1 10 10 0 1 3 0 0 7 6 0
split_gain=1.04688 0.713774 1.09165 0.848846 1.07302 0.651192 0.648863 0.912753 0.880546 0.878823 0.820126 2.29154 1.9563 1.37634 1.05304 0.884431 1.16796 0.815304 1.92598 1.11243 0.81506 0.805071 0.894089 1.01587 0.676129 0.982029 1.18737 1.19418 0.819263 0.802529
threshold=125262.425585351 7537.0338937629231 7663.6078342185829 91891.661854395628 3.5000000000000004 94270.685000000012 491220.28318783076 492905.00214285724 132.50000000000003 1082063.2450000001 669903.92625000014 572687.07071428583 779153.05857142864 542636.96000000008 198991.00324744967 1078049.9500000002 86.500000000000014 98.500000000000014 87.500000000000014 398065.95000000007 165.50000000000003 177.50000000000003 1121804.6600000001 568239.64000000001 390804.81071428576 184942.17500000002 289671.17500000005 3.5000000000000004 144669.74872500729 405023.70000000007
decision_type=2 2 2 2 2 2 2 2 2 2 2 2 2 2 2 2 2 2 2 2 2 2 2 2 2 2 2 2 2 2
left_child=1 3 -3 4 -1 -5 7 17 9 10 11 13 -12 14 -8 16 -14 18 19 -2 -10 -22 23 -23 25 -19 -27 -28 29 -26
right_child=6 2 -4 5 -6 -7 8 -9 20 -11 12 -13 15 -15 -16 -17 -18 24 -20 -21 21 22 -24 -25 28 26 27 -29 -30 -31
leaf_value=29.655109943759456 -796.5686053512851 -22.842732002084816 -0.66263242695640656 -15.120728193001924 -0.66260970630355587 17.423300344124801 -5.6360955763550011 -422.65546405982315 664.63224187176536 -3551.2611700930229 8008.983419357206 -3719.9606061967047 46.096795071009552 2433.009328622994 -449.1486450163444 883.50575604550545 -1997.2948642876581 -293.10944664925375 -2298.0992336898958 78.768412574991828 -7108.9230986879911 -146.89516595326276 -1440.5820525134275 3431.5389630021182 -1971.7728905971949 1190.6849919341009 1777.3742905682143 -533.66046367944216 -92.724235201923875 -280.45353025152002
leaf_weight=51 21 27 1981 40 36 34 39 36 80 44 26 20 56 31 23 33 31 30 21 27 20 36 32 48 31 33 32 29 81 41
leaf_count=51 21 27 1981 40 36 34 39 36 80 44 26 20 56 31 23 33 31 30 21 27 20 36 32 48 31 33 32 29 81 41
internal_value=-0.000537459 5.76302e-05 -0.000199203 0.00326087 0.0066092 -0.000675676 -0.00197003 -0.00353403 -0.000818882 -0.00255776 -0.00144788 -0.00464602 0.0010274 -0.00134409 -0.00564516 -0.00166667 -0.00431034 -0.00274566 -0.0076087 -0.00208333 0.00162037 -0.000735294 0.000862069 0.00357143 -0.0015343 0.00120968 0.0037234 -0.000409836 -0.00375817 -0.00763889
internal_weight=3070 2169 2008 161 87 74 901 382 519 303 259 113 146 93 62 120 87 346 69 48 216 136 116 84 277 124 94 61 153 72
internal_count=3070 2169 2008 161 87 74 901 382 519 303 259 113 146 93 62 120 87 346 69 48 216 136 116 84 277 124 94 61 153 72
is_linear=0
shrinkage=0.05


Tree=178
num_leaves=31
num_cat=0
split_feature=5 5 4 6 5 10 10 6 0 3 5 3 5 10 3 6 6 5 3 0 10 5 3 7 3 6 6 0 0 5
split_gain=0.758328 2.37112 0.9558 1.11364 0.806826 0.776794 1.76146 1.19683 0.970289 0.987774 0.727464 0.94336 0.75 0.702671 0.659612 1.75158 1.38589 0.961574 1.0891 1.64221 0.677352 0.635972 1.75583 0.942058 1.12572 1.48037 1.46826 1.45497 0.62088 0.95784
threshold=112993.80064450284 119512.71187824332 382512.13750000007 137435.86740872913 110988.71730441235 87.500000000000014 95.500000000000014 125968.22431192714 436138.15500000009 1082063.2450000001 285611.02608859289 572687.07071428583 213030.78251489895 55.500000000000007 403279.36928571435 136501.98635866327 150392.42913183375 164836.42297550617 392349.10428571439 260574.74500000002 187.50000000000003 155147.0633617999 483066.75000000006 2.5000000000000004 514419.54785714293 388326.90521691699 364628.79054146173 868810.3400000002 416304.46500000003 105817.25042322236
decision_type=2 2 2 2 2 2 2 2 2 2 2 2 2 2 2 2 2 2 2 2 2 2 2 2 2 2 2 2 2 2
left_child=4 2 -2 -4 28 7 -7 -3 13 10 11 -10 -13 -9 17 -16 -17 18 19 20 -8 22 -18 -23 -25 26 27 -26 29 -1
right_child=1 5 3 -5 -6 6 14 8 9 -11 -12 12 -14 -15 15 16 21 -19 -20 -21 -22 23 -24 24 25 -27 -28 -29 -30 -31
leaf_value=0.044963033787644241 -43.2493151314724 1261.6291849411582 -1724.8211126553463 -1034.3878854238617 709.98514837830737 -3978.2321543086059 -403.76183318713157 -616.43493703678257 2628.0430463001076 -3439.9292862087605 5684.8136099289586 212.23563462907916 -4356.8011271463565 10.85869006659923 779.00758569071479 -725.21481015515315 756.35182198104019 1492.7544545896701 -1099.3564263991968 5.6531982481305025 -129.41638331268334 -942.70961605819764 -221.89368618139997 -286.1033413863799 321.16728663021934 -813.01995504915249 4672.7168567668123 -1578.1175351954532 -289.41146940884647 415.39020752565557
leaf_weight=1929 38 34 22 22 25 36 21 21 41 23 41 21 28 20 70 38 36 33 22 67 20 108 22 36 37 40 28 27 121 43
leaf_count=1929 38 34 22 22 25 36 21 21 41 23 41 21 28 20 70 38 36 33 22 67 20 108 22 36 37 40 28 27 121 43
internal_value=-0.000456026 -0.00162815 -0.0097561 -0.0147727 7.08215e-05 -0.000862069 -0.00175507 0.00163755 0.000128205 0.00194805 0.00362595 0.00111111 -0.00357143 -0.00670732 -0.0011157 -0.000113122 -0.00147849 -0.00383436 -0.00576923 -0.0037037 -0.0115854 -0.000449102 0.00431034 -0.00144928 0.000892857 0.0030303 0.00652174 0.00234375 -3.58337e-05 0.000177485
internal_weight=3070 952 82 44 2118 870 641 229 195 154 131 90 49 41 605 442 372 163 130 108 41 334 58 276 168 132 92 64 2093 1972
internal_count=3070 952 82 44 2118 870 641 229 195 154 131 90 49 41 605 442 372 163 130 108 41 334 58 276 168 132 92 64 2093 1972
is_linear=0
shrinkage=0.05


Tree=179
num_leaves=31
num_cat=0
split_feature=5 5 10 10 2 2 10 4 5 3 2 1 10 2 2 2 2 2 2 10 10 10 5 2 2 4 1 1 3 1
split_gain=0.758328 1.42394 1.04493 2.35478 1.35038 1.24707 1.36097 0.911296 0.806826 0.676407 0.801515 0.676334 0.965886 0.710227 0.832345 0.583559 0.718249 0.834696 0.907723 0.925641 1.45587 1.12328 0.887681 0.854114 1.22199 0.98 0.775514 0.75008 0.741005 0.901536
threshold=112993.80064450284 119512.71187824332 90.500000000000014 95.500000000000014 219832.47500000003 463800.83000000007 72.500000000000014 387813.85142857145 110988.71730441235 1082063.2450000001 1122558.9650000001 604275.45000000007 46.500000000000007 586239.86000000022 841203.67500000016 1083362.1950000001 672052.88000000012 593943.68000000005 524753.90000000014 130.50000000000003 111.50000000000001 204.50000000000003 196761.01495935125 346562.19000000006 405998.49000000005 395916.43446428579 537380.32500000007 264311.82000000007 464564.0450000001 479155.55500000005
decision_type=2 2 2 2 2 2 2 2 2 2 2 2 2 2 2 2 2 2 2 2 2 2 2 2 2 2 2 2 2 2
left_child=8 7 5 -4 -5 6 -3 -2 -1 10 11 12 -7 -13 -15 16 17 18 19 20 -6 22 23 25 -25 -21 -18 -23 29 -29
right_child=1 2 3 4 15 9 -8 -9 -10 -11 -12 13 -14 14 -16 -17 26 -19 -20 21 -22 27 -24 24 -26 -27 -28 28 -30 -31
leaf_value=-0.28979725509561832 -30.977328110995586 27.679087618831545 -7407.5445805101917 -353.96850873552324 -140.84060021167389 -536.11745034443015 5355.8302290468191 -1370.7076066692011 674.48589095939246 -3693.2157528523589 3243.1080342676405 -1616.6866487254738 1703.6294633930245 1057.1705246005499 -1329.1989044549177 -943.28472783504992 1445.8793477407251 -628.89924071345888 941.38535554631972 -23.396365711535328 -1526.3391418522544 -666.41854062357459 365.86769468967105 -792.83031177697126 676.01717678643627 2992.2143807334273 216.18074562419207 -386.86178605002061 -440.56361683256983 661.13908939121757
leaf_weight=2093 43 50 22 33 31 20 39 39 25 22 22 20 26 23 21 73 25 34 47 25 21 23 20 23 42 25 81 38 35 29
leaf_count=2093 43 50 22 33 31 20 39 39 25 22 22 20 26 23 21 73 25 34 47 25 21 23 20 23 42 25 81 38 35 29
internal_value=-0.000456026 -0.00162815 -0.00103448 -0.00211324 -0.00152893 0.00174897 0.00646067 -0.00792683 7.08215e-05 -0.000974026 0.000378788 -0.00136364 0.00326087 -0.0046875 -0.00113636 -0.000961538 -0.000350701 -0.00133588 -0.000626741 -0.00160256 -0.00769231 -0.000384615 0.00277778 0.00108696 -0.00269231 0.006 0.00330189 -0.0038 -0.00196078 0.0011194
internal_weight=3070 952 870 627 605 243 89 82 2118 154 132 110 46 64 44 572 499 393 359 312 52 260 135 115 65 50 106 125 102 67
internal_count=3070 952 870 627 605 243 89 82 2118 154 132 110 46 64 44 572 499 393 359 312 52 260 135 115 65 50 106 125 102 67
is_linear=0
shrinkage=0.05


Tree=180
num_leaves=31
num_cat=0
split_feature=2 2 3 5 10 3 2 2 2 10 7 9 5 5 1 0 2 10 3 0 3 0 0 2 3 1 0 10 7 0
split_gain=0.977464 2.57311 1.18074 1.45872 1.27592 1.07926 1.02572 1.57402 0.998515 0.944844 0.755168 2.16282 2.2037 2.30714 2.03175 1.34633 1.20465 1.15623 0.773066 1.36529 2.31999 1.03956 1.20536 1.01446 1.47035 1.03842 1.78421 1.46991 1.00709 1.94457
threshold=288753.74000000005 298085.09000000003 283542.07142857148 81537.84758301494 102.50000000000001 295731.55642857146 311015.33000000002 318555.50500000006 305767.98500000004 140.50000000000003 1.0000000180025095e-35 1.0000000180025095e-35 12681.974210476614 114762.05410160978 128088.22000000002 161539.70000000004 153983.22500000003 190.50000000000003 172034.97214285718 174095.48500000002 177124.10142857148 156764.76500000004 165035.91500000001 185465.33000000005 127962.98357142859 171624.54500000001 196679.58000000005 118.50000000000001 4.5000000000000009 183355.71000000005
decision_type=2 2 2 2 2 2 2 2 2 2 2 2 2 2 2 2 2 2 2 2 2 2 2 2 2 2 2 2 2 2
left_child=10 9 3 4 -3 -4 8 -8 -7 -2 11 12 14 15 -1 16 -14 -17 23 20 -20 -22 -23 25 -25 26 -12 -27 -21 -30
right_child=1 2 5 -5 -6 6 7 -9 -10 -11 18 -13 13 -15 -16 17 -18 -19 19 28 21 22 -24 24 -26 27 -28 -29 29 -31
leaf_value=9.0232739775259692 -424.77662148892415 266.90825195863363 309.70455888694272 -650.22470659630198 -282.00094844848502 5.2473656767921062 -148.66129457491044 -10.790852677114891 374.26711555810618 -45.259679464603693 0.12496514783269959 -173.44726714521022 117.58040440825681 -857.75236329779875 -130.83910711206263 197.85956004913388 -107.63298392351498 142.29401550798502 77.837308197797398 -19.676591906537944 65.158275035921548 -518.08644087451682 74.087624713694098 89.353785298609012 -244.5901425246295 165.62978419291758 -440.65855860473971 1.0212986914513749 -15.052344422259194 413.3895880685086
leaf_weight=42 31 24 53 41 33 37 33 966 26 32 778 22 22 20 21 56 32 23 37 344 70 20 28 23 37 20 23 37 42 95
leaf_count=42 31 24 53 41 33 37 33 966 26 32 778 22 22 20 21 56 32 23 37 344 70 20 28 23 37 20 23 37 42 95
internal_value=0.000195567 -0.000862069 -0.000350371 -0.00561224 -0.000438596 0.000112108 -0.000235405 -0.000625626 0.00595238 -0.0107143 0.000948661 0.00357143 0.00509259 0.00833333 -0.00277778 0.0107143 0.00462963 0.0148734 0.000546976 0.00188679 0.00596774 0.00254237 -0.003125 -0.000381264 -0.00666667 5.82751e-05 -0.000405743 0.00657895 0.000571726 0.00419708
internal_weight=3068 1276 1213 98 57 1115 1062 999 63 63 1792 238 216 153 63 133 54 79 1554 636 155 118 48 918 60 858 801 57 481 137
internal_count=3068 1276 1213 98 57 1115 1062 999 63 63 1792 238 216 153 63 133 54 79 1554 636 155 118 48 918 60 858 801 57 481 137
is_linear=0
shrinkage=0.05


Tree=181
num_leaves=31
num_cat=0
split_feature=2 2 3 2 2 2 1 2 3 3 2 7 5 0 3 2 3 10 10 5 0 0 10 5 6 6 1 2 0 10
split_gain=0.740685 1.90615 0.904186 0.759805 0.726542 1.63859 1.03075 0.896317 0.822424 1.00664 0.946376 0.892999 1.11746 0.877286 0.819287 0.749261 1.76635 1.70991 1.64976 0.972582 0.851421 1.11445 0.775257 0.767941 1.07136 0.645378 0.638249 0.622902 0.595238 0.575892
threshold=288753.74000000005 295734.82000000007 207412.97 283675.44500000007 311015.33000000002 307077.25000000006 302096.73000000004 318555.50500000006 250887.78285714288 293411.12142857147 352487.06500000006 3.5000000000000004 79901.07296397032 251152.76500000004 299948.86500000005 440523.68500000006 452915.53785714292 203.50000000000003 222.50000000000003 103256.24612878035 742958.30500000005 922493.13000000012 138.50000000000003 119512.71187824332 117836.1444139721 24934.738109092988 489230.06000000006 619845.31000000017 320408.80000000005 24.500000000000004
decision_type=2 2 2 2 2 2 2 2 2 2 2 2 2 2 2 2 2 2 2 2 2 2 2 2 2 2 2 2 2 2
left_child=3 25 -3 29 5 6 -4 -6 10 -10 -9 14 -13 -14 -11 19 17 -17 20 -15 26 -22 -23 -21 -25 -2 -18 -28 -8 -1
right_child=1 2 4 -5 7 -7 28 8 9 11 -12 12 13 15 -16 16 18 -19 -20 23 21 22 -24 24 -26 -27 27 -29 -30 -31
leaf_value=44.070129617345088 -11.787180678633741 -590.98841664016948 107.35204820813379 135.1793147325865 -116.84499534349889 379.51707163706891 -81.392842653204582 -67.284996180119933 1162.7856805062243 126.13985431283363 -637.01648779831157 -227.27832080775408 259.59307803442937 1071.9965627038198 50.060616436047717 -357.7628453879239 -3.0539363916672304 -594.86711699865123 1034.3674920536462 -763.94267615996512 1112.7678393849872 -3818.5296575913499 661.99932352530891 307.55085016355446 -237.75737783913064 -521.90183269567058 -2246.6367787579979 -697.75478984208314 22.770102374712589 2.0817210364584753
leaf_weight=97 21 21 31 23 48 22 21 29 31 21 20 24 28 26 540 40 25 21 27 20 25 31 21 21 68 30 20 23 21 1672
leaf_count=97 21 21 31 23 48 22 21 29 31 21 20 24 28 26 540 40 25 21 27 20 25 31 21 21 68 30 20 23 21 1672
internal_value=9.77836e-05 -0.000822884 -0.000428571 0.000753348 -0.000249169 0.00394737 0.000342466 -0.000608656 -0.000306315 0 -0.00663265 -0.000280326 -0.00202381 -0.00138889 0.00102496 -0.00203804 -0.00375536 -0.0110656 -0.00116279 0.000925926 -0.00327586 0.000324675 -0.00384615 -0.00114679 0.000842697 -0.0102941 -0.00735294 -0.0110465 -0.0047619 0.000635953
internal_weight=3068 1276 1225 1792 1204 95 73 1109 1061 1012 49 981 420 396 561 368 233 61 172 135 145 77 52 109 89 51 68 43 42 1769
internal_count=3068 1276 1225 1792 1204 95 73 1109 1061 1012 49 981 420 396 561 368 233 61 172 135 145 77 52 109 89 51 68 43 42 1769
is_linear=0
shrinkage=0.05


Tree=182
num_leaves=31
num_cat=0
split_feature=2 2 4 7 2 0 7 5 10 10 10 3 9 4 10 10 4 4 0 4 3 5 0 2 0 10 5 0 5 5
split_gain=0.689168 1.79788 1.05542 1.11364 0.911919 1.1001 0.808828 1.29677 0.98091 1.85467 1.72794 1.49372 1.05924 0.936805 0.767006 1.5848 0.651275 1.19875 0.925591 0.838609 0.730946 1.08734 0.694107 2.44306 0.857018 0.625848 0.733138 0.625 0.594792 1.3195
threshold=288753.74000000005 300053.88000000006 222408.70160714287 5.5000000000000009 311015.33000000002 312832.76500000007 3.5000000000000004 77047.152409744202 203.50000000000003 147.50000000000003 222.50000000000003 407787.44214285718 1.0000000180025095e-35 506212.04999999999 84.500000000000014 42.500000000000007 385792.8457142858 345289.2882142858 255614.00000000003 389411.87053571432 294656.28928571433 25599.780967531329 386153.45500000002 553620.76000000013 412361.76000000007 104.50000000000001 149492.29939356982 310110.58500000002 138146.13288717566 108516.60207817449
decision_type=2 2 2 2 2 2 2 2 2 2 2 2 2 2 2 2 2 2 2 2 2 2 2 2 2 2 2 2 2 2
left_child=-1 -2 3 -3 5 -4 16 -8 9 12 -10 -12 14 28 15 -9 17 20 -18 -20 27 -22 23 -21 -24 -16 -27 -6 29 -11
right_child=1 2 4 -5 6 -7 7 8 10 13 11 -13 -14 -15 25 -17 18 -19 19 22 21 -23 24 -25 -26 26 -28 -29 -30 -31
leaf_value=3.8078716006992184 -118.7413113209419 -1288.922236904463 26.360364609578394 -16.753158743777021 47.254215863383436 389.04037062711723 -238.02252843481983 -738.78350839851339 -474.0859500909894 403.10339033040509 -694.34109698927205 606.60791234167118 1542.750749249122 -1034.4896044646944 -1053.4053419956779 467.4821563874255 -1328.2279512566777 1554.0658482322151 -388.17899094535971 1234.9102866373564 -112.67967822284555 70.49791888249456 -735.30079818216473 -2936.4174152422902 52.406008078862214 -428.40945503703551 9.0285891334671771 380.56290341354907 309.19537728786673 1818.8530300235755
leaf_weight=1792 75 22 38 22 20 29 36 42 31 20 23 53 21 28 29 69 28 37 22 44 29 33 20 23 351 22 40 20 22 27
leaf_count=1792 75 22 38 22 20 29 36 42 31 20 23 53 21 28 29 69 28 37 22 44 29 33 20 23 351 22 40 20 22 27
internal_value=6.5189e-05 -0.000822884 -0.000353872 -0.00795455 -6.48228e-05 0.00559701 -0.000412844 -0.00199784 -0.00122951 0.00015625 -0.00537383 -0.00131579 -0.00235426 0.00592784 -0.00346535 -0.000675676 0.000757576 0.00377698 -0.000102459 0.000434783 0.000980392 -0.00241935 0.000913242 0.00559701 6.73854e-05 -0.00686813 -0.00403226 0.00625 0.00905797 0.012234
internal_weight=3068 1276 1201 44 1157 67 1090 463 427 320 107 76 223 97 202 111 627 139 488 460 102 62 438 67 371 91 62 40 69 47
internal_count=3068 1276 1201 44 1157 67 1090 463 427 320 107 76 223 97 202 111 627 139 488 460 102 62 438 67 371 91 62 40 69 47
is_linear=0
shrinkage=0.05


Tree=183
num_leaves=31
num_cat=0
split_feature=6 6 10 6 3 5 10 6 5 5 10 10 5 10 5 4 2 1 2 2 1 5 7 6 10 3 10 1 6 3
split_gain=0.784039 1.36241 2.07813 1.11119 1.30151 1.5156 1.38674 0.918035 1.52851 1.42921 1.02163 1.27797 1.33904 0.97585 1.00453 0.882973 1.78565 0.843937 0.924314 1.38859 1.32302 1.03959 0.900335 0.84 1.22754 0.842977 0.832035 0.821724 0.808865 0.881388
threshold=125968.22431192714 135100.44332905117 180.50000000000003 114019.63656086488 369276.96000000002 110182.05823445389 179.50000000000003 102807.90043296338 101117.95492778243 111688.74158179871 152.50000000000003 155.50000000000003 90564.208972458073 138.50000000000003 19029.594003647424 297287.50267857144 266317.76000000007 300308.26000000007 94242.095000000016 90508.205000000016 90460.950000000026 80664.657182888579 3.5000000000000004 111647.54902496944 203.50000000000003 392349.10428571439 223.50000000000003 196164.30500000002 69296.256444369094 120994.95428571431
decision_type=2 2 2 2 2 2 2 2 2 2 2 2 2 2 2 2 2 2 2 2 2 2 2 2 2 2 2 2 2 2
left_child=3 2 -2 7 -5 -6 -7 9 -9 10 13 -12 17 -1 -15 16 -10 18 19 20 -13 28 -19 24 25 -17 -4 -16 29 -20
right_child=1 -3 26 4 5 6 -8 8 15 -11 11 12 -14 14 27 23 -18 22 21 -21 -22 -23 -24 -25 -26 -27 -28 -29 -30 -31
leaf_value=-0.39102313861658333 -748.72640447257879 -22.804537421406714 326.5898523965414 1702.665643887382 906.43819488486633 1482.9189172752756 -519.55351718388556 -338.1408695440274 69.99692498100049 1187.89899156928 333.74314852837853 -9.5570047108794824 1160.7664410695202 0.119900733124814 -85.254397319539578 102.73432565811018 -486.27732586819332 37.54005584357801 55.870267024925489 -77.081946972314839 87.747451756826194 -28.918407985086379 -118.29123527902121 -312.27042684424669 -116.99004568403544 644.26046382697393 -291.88376160741757 -370.07564098572766 119.77755095120956 7.3694598880210833
leaf_weight=953 68 777 22 56 48 30 41 41 25 27 25 52 22 47 43 26 23 30 74 30 29 21 31 30 24 20 20 20 37 376
leaf_count=953 68 777 22 56 48 30 41 41 25 27 25 52 22 47 43 26 23 30 74 30 29 21 31 30 24 20 20 20 37 376
internal_value=9.77836e-05 -0.00115558 -0.00636364 0.000607519 0.00442857 0.00147059 -0.00316901 0.000274177 -0.00304233 0.000619152 0.000446927 0.00189133 0.00149573 -0.000540922 -0.005 -0.000675676 -0.00625 0.00110294 0.0016559 -0.00247748 0.000925926 0.00255906 -0.0045082 0.002 0.005 0.00978261 0.00238095 -0.00912698 0.00302875 0.00244444
internal_weight=3068 887 110 2181 175 119 71 2006 189 1817 1790 727 702 1063 110 148 48 680 619 111 81 508 61 100 70 46 42 63 487 450
internal_count=3068 887 110 2181 175 119 71 2006 189 1817 1790 727 702 1063 110 148 48 680 619 111 81 508 61 100 70 46 42 63 487 450
is_linear=0
shrinkage=0.05


Tree=184
num_leaves=31
num_cat=1
split_feature=2 2 3 4 3 5 4 1 4 4 2 8 1 5 3 10 0 0 10 11 10 3 2 2 0 0 5 0 3 5
split_gain=0.699435 1.51785 0.889891 0.613757 2.09153 0.915719 0.691052 1.01764 0.779744 0.68935 0.676836 1.38796 1.29076 1.25357 1.30374 0.888254 0.828674 1.03721 0.770239 1.07508 1.74675 1.40453 1.88972 1.29427 0.812758 0.801678 1.63289 0.735902 0.715918 1.10139
threshold=288753.74000000005 295734.82000000007 207412.97 148951.39517857143 148912.87142857147 43410.926953742339 136017.59642857147 146398.57500000004 135768.00089285718 135554.6035714286 164780.69500000004 1.0000000180025095e-35 168962.67000000001 33832.991519492149 200219.99071428573 25.500000000000004 140047.98500000002 149575.01500000004 229.50000000000003 0 188.50000000000003 172034.97214285718 186863.08000000005 172731.66000000003 213621.71500000003 176555.30000000002 12916.928695511595 260574.74500000002 479529.04714285722 149492.29939356982
decision_type=2 2 2 2 2 2 2 2 2 2 2 2 2 2 2 2 2 2 2 1 2 2 2 2 2 2 2 2 2 2
left_child=3 -2 -3 6 5 -5 8 -8 9 -1 11 12 13 -6 -15 -12 -17 -18 19 20 -19 22 -21 -23 -20 -25 -27 -16 29 -28
right_child=1 2 -4 4 10 -7 7 -9 -10 -11 15 -13 -14 14 27 16 17 18 24 21 -22 23 -24 25 -26 26 28 -29 -30 -31
leaf_value=0.40116884393792135 -111.76720034985047 -562.66147973025943 -12.350655075456599 647.24652998880163 16.03110803088639 44.003021245751739 -124.57208023138737 21.498423885548984 23.918039862385196 -4.5236103533476131 213.48226297745714 78.256132713931223 -435.46566394975525 -619.3780583580243 141.44744588450121 -343.0753906034501 211.82104076183461 -1.3160407145238424 170.55818740217512 14.721411162844744 -364.13628680577972 73.676752409836624 -444.98488594922605 128.14211798496473 30.090810939343648 -118.99763794106839 18.614624764400652 -111.97844463614747 -389.47000959221623 1146.8591689357024
leaf_weight=717 51 21 1204 20 47 26 59 20 39 29 33 46 45 37 25 21 26 120 34 27 28 24 20 38 40 27 165 36 23 20
leaf_count=717 51 21 1204 20 47 26 59 20 39 29 33 46 45 37 25 21 26 120 34 27 28 24 20 38 40 27 165 36 23 20
internal_value=3.25945e-05 -0.000862069 -0.000510204 0.000669643 0.0015625 0.0119565 -0.000289352 -0.00474684 0.000159236 -0.000201072 0.00102041 -0.00127119 -0.00315789 -0.000862069 -0.00408163 0.00185759 0.00142741 0.00177365 0.00132509 0.000609756 -0.0028481 0.00211864 -0.00585106 0.00345118 0.00608108 0.00247253 0.00138298 0.000409836 0.00288462 0.00391892
internal_weight=3068 1276 1225 1792 928 46 864 79 785 746 882 236 190 145 98 646 613 592 566 492 148 344 47 297 74 273 235 61 208 185
internal_count=3068 1276 1225 1792 928 46 864 79 785 746 882 236 190 145 98 646 613 592 566 492 148 344 47 297 74 273 235 61 208 185
cat_boundaries=0 1
cat_threshold=2
is_linear=0
shrinkage=0.05


Tree=185
num_leaves=31
num_cat=0
split_feature=10 10 10 5 3 6 4 6 0 10 0 6 5 9 0 7 5 10 10 6 5 0 6 5 4 6 7 3 4 3
split_gain=0.946379 1.15675 1.14042 1.02729 1.64795 0.997994 1.83392 1.49378 0.959558 1.03796 0.920353 0.909307 1.6426 0.863801 1.77778 1.33333 0.897378 0.854418 1.02931 0.922451 2.28167 0.782124 0.804776 1.27005 1.56686 1.1338 0.774946 0.83352 0.798481 1.12968
threshold=37.500000000000007 91.500000000000014 81.500000000000014 89646.028026548258 437656.4114285715 73005.27195932687 213538.04071428571 70537.735082849089 591652.38000000012 98.500000000000014 1027470.9200000002 275537.99546421139 193358.77887970794 1.0000000180025095e-35 293712.02500000008 2.5000000000000004 62203.770036301787 24.500000000000004 18.500000000000004 99544.252073323514 90564.208972458073 523564.02500000008 33782.093081110834 25191.250864867772 174656.1905357143 11355.406770350948 1.0000000180025095e-35 305341.66285714292 159507.21398809526 157203.80785714291
decision_type=2 2 2 2 2 2 2 2 2 2 2 2 2 2 2 2 2 2 2 2 2 2 2 2 2 2 2 2 2 2
left_child=17 2 11 -4 -5 7 -7 26 9 -8 -10 12 21 16 -15 -16 -11 18 -1 20 -19 22 23 24 25 -2 -3 28 29 -28
right_child=1 5 3 4 -6 6 8 -9 10 13 -12 -13 -14 14 15 -17 -18 19 -20 -21 -22 -23 -24 -25 -26 -27 27 -29 -30 -31
leaf_value=-58.079241832434491 3.0537274598431399 15.294132907665336 1.5463626398079215 4234.8693505039701 1715.9037120190435 -355.1455509474323 -1140.3383322410025 89.872558812724321 231.43206929795269 129.79347967589419 -515.56149698332888 1693.3964420631792 -2985.6898147169704 955.70772911274616 1512.2384679397671 -759.92126719736268 -84.644731256204253 -63.809496986347952 38.085067275328406 -785.89159780470072 669.16774151442451 2249.1116490731656 -18.95868403579334 101.152692652079 -88.395555911988779 46.92469258386118 -2.5092278682139297 -53.889927988329148 9.1405526180671597 -635.42966833079845
leaf_weight=69 62 140 45 24 44 28 40 45 149 25 83 46 24 24 24 24 640 100 86 50 20 33 278 20 45 27 528 28 252 31
leaf_count=69 62 140 45 24 44 28 40 45 149 25 83 46 24 24 24 24 640 100 86 50 20 33 278 20 45 27 528 28 252 31
internal_value=-0.000296638 9.2285e-06 0.00185185 0.00641593 0.0102941 -0.000570112 -0.00166345 0.000537109 -0.00131318 -0.00215573 0.00150862 0.00088785 0.000255624 -0.00172999 0.00347222 -0.00208333 -0.00229323 -0.00284615 -0.00016129 -0.00529412 -0.00291667 0.000913978 0.000347222 0.00324675 0.00149254 0.00533708 0.000127681 -0.000446961 -0.000154131 -0.00120751
internal_weight=3034 2709 648 113 68 2061 1037 1024 1009 777 232 535 489 737 72 48 665 325 155 170 120 465 432 154 134 89 979 839 811 559
internal_count=3034 2709 648 113 68 2061 1037 1024 1009 777 232 535 489 737 72 48 665 325 155 170 120 465 432 154 134 89 979 839 811 559
is_linear=0
shrinkage=0.05


Tree=186
num_leaves=31
num_cat=0
split_feature=10 2 5 10 10 10 1 1 6 5 2 5 1 5 1 5 1 3 5 6 5 6 5 5 10 5 1 5 2 4
split_gain=0.742531 1.14985 1.67828 0.968221 0.705866 0.941575 0.830828 1.95464 1.2254 1.083 1.5098 0.948888 0.834055 1.3246 0.740882 0.686977 1.07333 0.686299 1.02903 0.611755 1.24838 0.547405 1.2851 1.78163 1.02379 0.977219 0.887709 0.901627 1.14814 0.871841
threshold=37.500000000000007 530975.41000000015 278887.53271303652 46.500000000000007 262.50000000000006 232.50000000000003 294526.96000000008 379833.14000000007 31973.474451421349 41835.934761459641 176406.37500000003 85925.941363414211 432365.23500000004 151344.0809054276 75388.630000000019 90564.208972458073 463342.72500000003 90550.175714285724 5634.4964057764419 12743.038189134628 7318.200877185036 97309.154102245768 119512.71187824332 122700.24752052366 224.50000000000003 91341.761379179065 294526.96000000008 71742.172016100943 321865.21000000002 301093.1116071429
decision_type=2 2 2 2 2 2 2 2 2 2 2 2 2 2 2 2 2 2 2 2 2 2 2 2 2 2 2 2 2 2
left_child=1 -1 -3 15 5 14 8 11 19 -10 -11 -8 -9 -14 -5 -2 -17 -16 -19 20 -7 24 -23 -24 25 26 -20 28 29 -28
right_child=3 2 -4 4 -6 6 7 12 9 10 -12 -13 13 -15 17 16 -18 18 21 -21 -22 22 23 -25 -26 -27 27 -29 -30 -31
leaf_value=-18.073573124750691 46.041285179223273 -7136.3518044229422 1295.7920220610017 104.60174673120491 59.209787350646366 -10.582859630862004 -39.04083881066763 805.69556396059784 208.93144460464828 -60.439236899610847 181.41780543492644 -993.3865536229365 -933.84155623982087 940.84815135466351 21.311284431692911 -70.801619397386091 934.67765423099627 -37.574939784055459 -1.800131777081333 -148.08920413332382 10.51900859468442 -120.15337024385518 1322.7478291003122 -3.5461819044314327 75.445696828927609 297.17459390481525 169.03768110928942 -72.667554454463243 383.79086879220853 -33.265112536460222
leaf_weight=284 62 21 20 27 24 20 23 22 29 33 51 20 41 36 45 25 21 29 928 54 27 348 23 623 47 24 46 32 23 26
leaf_count=284 62 21 20 27 24 20 23 22 29 33 51 20 41 36 45 25 21 29 928 54 27 348 23 623 47 24 46 32 23 26
internal_value=-0.000280158 -0.00253846 -0.0103659 -9.2285e-06 -0.000201845 -0.000281335 -0.00266854 -0.0056338 -0.000700935 0.00287611 0 -0.0145349 -0.00176768 -0.00422078 0.000101306 0.00462963 0 0 -0.000127966 -0.00470297 -0.000531915 0 -0.000855131 0.000464396 0.000754885 0.000440222 0.00021327 0.00413386 0.00657895 0.00347222
internal_weight=3034 325 41 2709 2601 2577 356 142 214 113 84 43 99 77 2221 108 46 2194 2149 101 47 2120 994 646 1126 1079 1055 127 95 72
internal_count=3034 325 41 2709 2601 2577 356 142 214 113 84 43 99 77 2221 108 46 2194 2149 101 47 2120 994 646 1126 1079 1055 127 95 72
is_linear=0
shrinkage=0.05


Tree=187
num_leaves=31
num_cat=0
split_feature=2 7 0 0 2 5 4 10 0 6 0 1 6 0 0 7 6 4 0 6 1 2 0 0 4 1 1 6 6 6
split_gain=0.644817 1.41955 1.5284 1.93921 1.25451 1.21129 1.06516 1.05845 1.18703 1.27176 1.4259 1.08769 1.2139 1.05775 1.41806 1.69697 1.38586 1.18368 1.14545 1.08817 1.00941 0.985346 1.35989 0.906913 1.1314 1.01496 1.41376 0.975805 0.901499 0.888279
threshold=288753.74000000005 3.5000000000000004 255614.00000000003 222265.33500000005 273660.16500000004 163323.57170830676 300135.99500000005 41.500000000000007 412361.76000000007 405212.51346880774 582636.63500000013 682681.61500000011 364628.79054146173 566263.16500000015 244100.54000000004 2.5000000000000004 73005.27195932687 209106.30482142861 280013.45000000007 124518.64445812728 241666.32000000004 227828.70500000005 405023.70000000007 200374.95000000004 386921.28892857151 288947.88000000006 359202.95500000002 95994.331784380498 111647.54902496944 107906.13446047829
decision_type=2 2 2 2 2 2 2 2 2 2 2 2 2 2 2 2 2 2 2 2 2 2 2 2 2 2 2 2 2 2
left_child=4 2 3 -2 13 23 -6 -7 -9 10 -10 -12 -13 14 17 16 18 -1 -16 -17 -19 22 -18 -3 25 -25 27 -27 -26 -28
right_child=1 5 -4 -5 6 7 -8 8 9 -11 11 12 -14 -15 15 19 21 20 -20 -21 -22 -23 -24 24 28 26 29 -29 -30 -31
leaf_value=-1.516980873340799 -30.47986153405218 -522.8565364582231 45.497300168001679 -1530.1074916142375 2.2244103128861754 -3063.2651671341246 102.43687606141903 2467.758982216299 -579.37848190422233 -1187.4277981806954 4417.5138092428215 -3499.757723075239 520.51825904892758 5437.7820928221545 -219.14518960499299 1029.776203591656 -312.77633688279025 93.573304461720554 134.7132197058003 -75.480932412315454 -55.686675944167661 -461.02057070829323 48.964284126007989 44.059112711015047 -568.46886592997475 -22.611335192623667 -19.167755095168832 -540.46797249896917 -229.50708997086477 511.80164100314869
leaf_weight=1203 37 20 611 20 34 23 42 31 29 22 29 29 25 29 20 43 44 214 35 34 42 29 26 26 23 83 36 31 142 22
leaf_count=1203 37 20 611 20 34 23 42 31 29 22 29 29 25 29 20 43 44 214 35 34 42 29 26 26 23 83 36 31 142 22
internal_value=-0.000313118 -0.00119048 0.000374251 -0.00745614 0.000292479 -0.00302102 0.00657895 0.000265957 0.00166667 -0.000373134 0.00178571 0.00512048 0.000925926 1.45433e-05 -0.000147929 -0.00378788 -0.00681818 0.000428376 -0.000454545 0.00227273 0.00351563 -0.0103535 -0.00714286 -0.00463446 -0.00406336 -0.00151515 -0.00290698 -0.00614035 -0.00712121 0.00344828
internal_weight=3034 1239 668 57 1795 571 76 188 165 134 112 83 54 1719 1690 231 154 1459 55 77 256 99 70 383 363 198 172 114 165 58
internal_count=3034 1239 668 57 1795 571 76 188 165 134 112 83 54 1719 1690 231 154 1459 55 77 256 99 70 383 363 198 172 114 165 58
is_linear=0
shrinkage=0.05


Tree=188
num_leaves=31
num_cat=0
split_feature=3 6 3 4 0 4 2 8 10 10 3 3 10 6 0 3 4 10 0 4 3 6 0 5 4 5 5 10 3 3
split_gain=0.878172 1.18936 1.15582 1.76333 1.56301 0.843143 0.911616 1.22727 1.21414 2.31155 1.31139 0.888889 0.957367 0.830577 0.816807 0.814632 0.607279 0.787217 0.765022 0.857143 0.729171 1.91522 1.14266 0.999766 0.881304 1.21325 0.872529 1.86439 1.37619 0.86689
threshold=299678.88571428577 114825.00221141933 296264.86571428581 300836.95071428578 405023.70000000007 400155.21071428579 294136.4150000001 1.0000000180025095e-35 225.50000000000003 184.50000000000003 303409.37785714294 384851.28857142857 95.500000000000014 116787.85359248157 183355.71000000005 312087.94642857148 334480.92495879129 38.500000000000007 551425.88500000013 867306.46678571438 547789.94142857159 207719.14711148813 1002513.7500000001 217629.27568927195 669903.92625000014 213030.78251489895 315812.98684371059 143.50000000000003 1137244.5357142859 588183.77642857155
decision_type=2 2 2 2 2 2 2 2 2 2 2 2 2 2 2 2 2 2 2 2 2 2 2 2 2 2 2 2 2 2
left_child=2 5 4 -4 13 6 7 15 9 10 -8 12 -12 -1 -15 -2 -3 18 -18 -20 21 23 24 -19 29 -26 27 -24 -28 -22
right_child=1 16 3 -5 -6 -7 8 -9 -10 -11 11 -13 -14 14 -16 -17 17 20 19 -21 22 -23 26 -25 25 -27 28 -29 -30 -31
leaf_value=0.68979416324145859 -216.24327102466415 321.67427817373687 178.52245622449411 -39.078667112402037 1119.7690596072905 -404.35093202801659 -293.54613857766964 -119.57528650891037 -150.23426544840913 243.07527122759203 440.90940525149495 -93.297914392864925 -58.205987909220859 -629.12542691100464 13.724846892655478 9.1948370660742516 -1196.9916467175733 13.835528586662258 4902.3939441942994 -5007.5324240018035 222.59137595252542 -618.05409558688996 -3898.9749762789234 -940.8893612573811 4700.828067901597 1786.3253003110585 1466.3120091705759 1114.998063439582 -3007.1831248288509 -1673.5515213305932
leaf_weight=1641 50 32 50 30 27 25 21 21 30 22 26 27 28 30 21 27 33 453 21 21 26 52 25 24 23 130 40 28 30 20
leaf_count=1641 50 32 50 30 27 25 21 21 30 22 26 27 28 30 21 27 33 453 21 21 26 52 25 24 23 130 40 28 30 20
internal_value=-0.000329598 -0.00135628 0.000375208 0.00625 0.000101803 -0.00424188 -0.00337302 -0.00714286 -0.000974026 0.00120968 -0.00196078 0.000925926 0.00462963 -8.86525e-05 -0.00637255 -0.00422078 -0.000521921 -0.00075594 -0.00566667 -0.00119048 -0.000323149 -0.00146503 0.0015528 -0.000471698 0.00389447 0.00571895 -0.00223577 -0.00707547 0.00142857 -0.00217391
internal_weight=3034 1235 1799 80 1719 277 252 98 154 124 102 81 54 1692 51 77 958 926 75 42 851 529 322 477 199 153 123 53 70 46
internal_count=3034 1235 1799 80 1719 277 252 98 154 124 102 81 54 1692 51 77 958 926 75 42 851 529 322 477 199 153 123 53 70 46
is_linear=0
shrinkage=0.05


Tree=189
num_leaves=31
num_cat=0
split_feature=10 10 2 2 5 5 5 10 2 7 5 5 2 2 4 2 0 5 5 4 10 4 7 4 0 5 7 5 10 3
split_gain=0.553976 0.946201 0.991643 0.897563 1.30662 0.730397 1.44114 1.59847 1.29801 1.13165 0.893152 1.04266 1.11468 0.819252 1.53749 0.872738 1.21263 0.800128 0.797652 0.970861 1.01184 2.42327 1.50317 1.3221 1.60303 0.987654 0.926522 1.05091 1.30565 0.73892
threshold=37.500000000000007 91.500000000000014 87837.290000000023 530975.41000000015 278887.53271303652 100306.84126849746 105817.25042322236 117.50000000000001 219832.47500000003 1.0000000180025095e-35 111688.74158179871 380985.83631915052 1122558.9650000001 288753.74000000005 211612.96142857146 153983.22500000003 175875.62500000003 8689.2106798521982 116729.40733952666 386921.28892857151 202.50000000000003 418029.89910714288 1.0000000180025095e-35 506212.04999999999 625018.81500000006 138146.13288717566 1.5000000000000002 151344.0809054276 229.50000000000003 312087.94642857148
decision_type=2 2 2 2 2 2 2 2 2 2 2 2 2 2 2 2 2 2 2 2 2 2 2 2 2 2 2 2 2 2
left_child=3 2 -2 -1 -5 9 -7 -8 -9 13 -10 18 -13 14 15 17 -17 -3 -12 29 22 -22 -21 25 -25 -24 -23 -28 -29 -20
right_child=1 5 -4 4 -6 6 7 8 10 -11 11 12 -14 -15 -16 16 -18 -19 19 20 21 26 23 24 -26 -27 27 28 -30 -31
leaf_value=-21.883049399760786 35.321467524334729 8.6880312672677977 9.0838560106276418 -6531.4324580101065 1461.5597194000904 -481.32451868912108 -488.00992505613397 -166.5922853332595 434.65011143006564 -2.7197370019741358 -218.72351190165355 2099.6602535563261 -2170.2168181787479 -122.09290226455342 187.55842040108547 -288.65397704837744 17.073731098681311 339.02351331884205 -11.69272863170263 -872.0577551998781 -990.74104539812254 2977.9063485101128 1490.5176692955765 -3405.8085320323826 1133.3573760091153 78.475636637790018 -855.78468571736312 -519.50685302966747 1457.0652386557617 743.13859422457324
leaf_weight=284 41 26 607 21 20 50 119 45 38 1108 28 24 21 42 28 36 30 24 20 31 64 34 36 33 55 45 25 27 28 44
leaf_count=284 41 26 607 21 20 50 119 45 38 1108 28 24 21 42 28 36 30 24 20 31 64 34 36 33 55 45 25 27 28 44
internal_value=-0.000280158 -4.61425e-05 0.00162037 -0.00223077 -0.00914634 -0.000570112 -0.0017927 -0.00122036 -0.000167224 0.00015456 0.000497288 -4.85437e-05 0.00722222 0.00376344 0.00555556 0.00301724 -0.000757576 0.008 -0.000744681 -0.000226244 -0.00119048 -0.00393258 0.00125 0.00310651 -0.00113636 0.00771605 0.000438596 -0.0025 0.00136364 0.00546875
internal_weight=3034 2709 648 325 41 2061 767 717 598 1294 553 515 45 186 144 116 66 50 470 442 378 178 200 169 88 81 114 80 55 64
internal_count=3034 2709 648 325 41 2061 767 717 598 1294 553 515 45 186 144 116 66 50 470 442 378 178 200 169 88 81 114 80 55 64
is_linear=0
shrinkage=0.05


Tree=190
num_leaves=31
num_cat=0
split_feature=3 1 1 0 5 0 5 3 2 5 5 10 10 0 4 2 10 10 2 10 2 4 4 5 10 10 0 6 1 10
split_gain=1.49953 1.6268 1.92511 1.55464 1.46104 1.08487 1.05657 1.23259 1.19967 1.05259 0.941633 0.93006 0.898939 1.50546 1.05882 0.976375 1.04833 0.961812 0.889506 1.23439 1.16145 1.04053 1.03966 1.25315 0.879525 2.05752 2.80519 1.75206 1.89293 1.21118
threshold=369276.96000000002 393562.90000000008 367511.24500000005 473850.27500000008 99666.096979378126 295188.25000000006 95124.444919640286 399066.07000000001 189547.73500000002 111688.74158179871 4874.8839069713058 168.50000000000003 152.50000000000003 87731.375000000015 85187.377914285724 87837.290000000023 206.50000000000003 155.50000000000003 82078.155000000013 73.500000000000014 87837.290000000023 119907.76926948053 302112.58732142864 115916.17200422524 202.50000000000003 188.50000000000003 566263.16500000015 135100.44332905117 340694.82000000007 249.50000000000003
decision_type=2 2 2 2 2 2 2 2 2 2 2 2 2 2 2 2 2 2 2 2 2 2 2 2 2 2 2 2 2 2
left_child=1 2 3 10 -3 -6 7 -2 -8 -7 -1 -9 14 15 -12 -14 -17 -15 19 -16 21 -20 23 -22 25 27 -27 28 -10 -26
right_child=6 4 -4 -5 5 9 8 11 24 -11 12 -13 13 17 18 16 -18 -19 20 -21 22 -23 -24 -25 29 26 -28 -29 -30 -31
leaf_value=-12.444225805433963 1516.0542054078267 2388.9190887769178 -373.64766533932129 2646.7581857000769 501.7146612569079 -526.15781402424761 -645.79428494186368 -456.5395218307458 94.088161907614278 219.24796871241853 71.551304550704671 484.29478925489531 -0.83751932184022737 251.53972097355327 -140.28304594876246 139.13261009640192 22.366215247860239 4.4424191623693332 1.2408203967679583 31.017981475919807 -4.0473671618390652 210.88582375177359 -244.75899700131851 895.85923749122014 -508.46748342659851 958.02798490340649 -1355.4949106627378 -17.585450448270421 -934.94595828544118 51.482241328508827
leaf_weight=35 30 22 23 22 29 22 28 24 46 26 33 32 20 22 28 23 20 703 29 25 912 21 52 22 195 33 21 445 82 47
leaf_count=35 30 22 23 22 29 22 28 24 46 26 33 32 20 22 28 23 20 703 29 25 912 21 52 22 195 33 21 445 82 47
internal_value=-0.000195313 0.00056247 0.000251256 0.00041942 0.00681818 0.00357143 -0.0018057 0.00348837 -0.00231327 -0.00104167 0.000269923 -0.000892857 0.000418848 0.0017132 -0.000490196 0.00912698 0.0133721 0.00106897 -0.000757576 -0.00707547 -0.000434363 0.007 -0.000811359 -0.000428266 -0.00198504 -0.00099681 0.00833333 -0.00187609 -0.00703125 -0.00454545
internal_weight=3072 2089 1990 1967 99 77 983 86 897 48 1945 56 1910 788 1122 63 43 725 1089 53 1036 50 986 934 869 627 54 573 128 242
internal_count=3072 2089 1990 1967 99 77 983 86 897 48 1945 56 1910 788 1122 63 43 725 1089 53 1036 50 986 934 869 627 54 573 128 242
is_linear=0
shrinkage=0.05


Tree=191
num_leaves=31
num_cat=0
split_feature=3 3 5 3 4 1 2 1 4 3 3 4 10 2 4 4 1 5 10 2 10 10 3 4 4 7 3 1 10 2
split_gain=1.24719 1.09267 0.940572 0.888591 1.26384 1.64461 1.19631 1.00906 0.851595 1.19706 0.760138 1.12219 1.06933 0.750834 1.10584 1.24029 0.699712 0.663442 1.46765 1.42277 0.972342 1.21805 1.57453 1.24762 1.63912 1.14475 1.37269 1.2156 1.04843 0.937359
threshold=393750.56428571435 388157.50714285712 4874.8839069713058 369276.96000000002 378911.09035714291 270358.84000000003 365105.98000000004 411838.23500000004 85187.377914285724 89805.989285714299 119815.00357142858 119463.68892857144 134.50000000000003 152143.40500000003 115910.37714285716 91964.882142857168 379833.14000000007 102828.78558203026 81.500000000000014 431588.42000000004 202.50000000000003 188.50000000000003 503643.45642857143 440513.60017857148 498242.98232142866 3.5000000000000004 1120377.0121428573 836376.76500000013 81.500000000000014 378362.99000000005
decision_type=2 2 2 2 2 2 2 2 2 2 2 2 2 2 2 2 2 2 2 2 2 2 2 2 2 2 2 2 2 2
left_child=1 2 -1 4 8 -6 -5 -7 -4 -10 12 -12 13 14 15 -11 -3 18 -2 -20 21 23 -23 -19 -25 27 -27 28 -26 -22
right_child=17 16 3 6 5 7 -8 -9 9 10 11 -13 -14 -15 -16 -17 -18 20 19 -21 29 22 -24 24 25 26 -28 -29 -30 -31
leaf_value=-11.822014515162302 -170.35527039602312 1075.2745366517586 67.973739323169141 173.77807540081849 -73.896317911619562 1541.7005646085818 -409.22569149137126 400.71881880304431 -37.043086017075986 3.4284452548134143 -83.605136412297 0.58617171209334629 37.598072859856622 -470.65947184672115 58.800868085912228 -7.1030611653870439 26.176428804756142 -527.19949976267242 1781.0948260778532 -33.577117467249629 -1240.7287454649459 910.12658565823517 -116.02441098160926 2453.993555162147 -578.06636658651985 -1017.242322855632 3661.1697351664479 -948.92489432520233 1765.8732544638451 -196.78076037765715
leaf_weight=35 22 26 33 49 28 32 54 29 22 36 27 1566 150 24 46 61 21 121 31 39 48 25 21 26 39 131 22 98 69 141
leaf_count=35 22 26 33 49 28 32 54 29 22 36 27 1566 150 24 46 61 21 121 31 39 48 25 21 26 39 131 22 98 69 141
internal_value=-0.000179036 0.000435462 0.000273723 0.000405656 0.000632911 0.00646067 -0.00412621 0.0110656 0.000368957 0.000232919 0.000366492 -7.84683e-05 0.00260252 -0.000149701 0.00122378 -0.00180412 0.00797872 -0.00183073 0.00217391 0.00571429 -0.00232794 -0.00126812 0.00652174 -0.00197628 -0.000584416 -0.0014624 -0.00473856 0.000970874 0.00462963 -0.00542328
internal_weight=3072 2239 2192 2157 2054 89 103 61 1965 1932 1910 1593 317 167 143 97 47 833 92 70 741 552 46 506 385 359 153 206 108 189
internal_count=3072 2239 2192 2157 2054 89 103 61 1965 1932 1910 1593 317 167 143 97 47 833 92 70 741 552 46 506 385 359 153 206 108 189
is_linear=0
shrinkage=0.05


Tree=192
num_leaves=31
num_cat=0
split_feature=3 1 1 0 5 10 10 10 10 0 10 4 10 0 5 0 4 3 1 1 3 1 3 4 3 0 4 3 3 3
split_gain=1.41734 1.2181 1.89163 1.03793 0.946637 0.882883 0.949097 0.811046 1.00387 0.938931 0.913855 0.890915 1.09454 1.16429 0.707834 0.692268 0.903828 0.979633 0.673849 1.40952 0.924411 1.37911 1.48616 1.28023 0.77081 0.655626 0.631169 0.609135 1.54424 1.69869
threshold=369276.96000000002 393562.90000000008 367511.24500000005 420963.16000000009 4874.8839069713058 92.500000000000014 182.50000000000003 152.50000000000003 155.50000000000003 87731.375000000015 255.50000000000003 300836.95071428578 148.50000000000003 361639.60500000004 44728.476151970819 227601.43500000003 345289.2882142858 301883.79785714293 82858.37000000001 88895.295000000013 120660.18285714286 123051.55500000001 134516.40857142859 116940.82678571431 312087.94642857148 206522.35000000003 92458.67410714287 172034.97214285718 153293.91571428577 146037.66285714289
decision_type=2 2 2 2 2 2 2 2 2 2 2 2 2 2 2 2 2 2 2 2 2 2 2 2 2 2 2 2 2 2
left_child=1 2 4 5 -1 -3 -7 11 -9 14 18 12 13 27 26 -13 17 -17 -11 -20 23 22 -22 -21 -23 -12 -10 28 29 -6
right_child=-2 3 -4 -5 7 6 -8 8 9 10 25 15 -14 -15 -16 16 -18 -19 19 20 21 24 -24 -25 -26 -27 -28 -29 -30 -31
leaf_value=-11.23091378940444 -75.697157403593891 1160.4615679854207 -354.99459065795821 -66.031634017737815 -3.3388083448517136 -31.142455131339375 2565.3663788753533 295.53470907047159 59.105768130453725 221.6422970325759 -4.1135715334268754 -558.32452392488926 -178.09468740013983 484.80173025948318 245.31387301858123 -4.8799262213811749 232.68575167368692 -559.85612117330027 -168.74874358419839 -1.4274494375957147 66.06445226603465 4.7299856548757822 -450.67709607984801 265.01165549306387 1167.941686185857 -348.07942231589118 -12.233199618834261 11.266089600727719 -268.25974416758328 98.307105831199451
leaf_weight=35 983 24 23 25 485 29 21 23 20 23 38 21 34 30 20 31 21 20 22 36 22 448 26 38 39 20 22 400 56 37
leaf_count=35 983 24 23 25 485 29 21 23 20 23 38 21 34 30 20 31 21 20 22 36 22 448 26 38 39 20 22 400 56 37
internal_value=-0.000341797 0.000394926 0.000125628 0.00580808 0.000292323 0.00878378 0.005 0.000439959 0.00166248 0.00135659 0.000842697 -0.000418502 0 0.000297619 0.00725806 -0.00510753 -0.00277778 -0.00637255 0.00137615 0.00106973 0.00151888 0.000794393 -0.00729167 0.00675676 0.00159138 -0.00517241 0.00357143 0 -0.00103806 -0.000191571
internal_weight=3072 2089 1990 99 1967 74 50 1932 797 774 712 1135 1042 1008 62 93 72 51 654 631 609 535 48 74 487 58 42 978 578 522
internal_count=3072 2089 1990 99 1967 74 50 1932 797 774 712 1135 1042 1008 62 93 72 51 654 631 609 535 48 74 487 58 42 978 578 522
is_linear=0
shrinkage=0.05


Tree=193
num_leaves=31
num_cat=0
split_feature=3 5 2 3 5 6 3 6 2 4 0 5 5 3 3 5 1 1 2 2 3 3 0 2 7 1 3 0 0 5
split_gain=1.32318 1.13317 0.810275 1.03896 0.671778 1.1306 0.996712 0.954719 1.20333 0.973201 1.49447 1.15399 1.45697 1.14858 1.46323 1.56221 1.17294 1.90278 1.60781 1.3201 2.26009 1.52964 1.27055 1.36143 1.1677 1.06251 1.02759 1.77411 1.05182 2.42337
threshold=369276.96000000002 147182.69537654278 1349801.5700000001 1137244.5357142859 7644.1984385971373 7537.0338937629231 117725.64714285715 9452.1154460247708 139946.47000000003 148951.39517857143 118455.59500000002 34741.368890882528 47685.674120121177 153293.91571428577 164697.03357142859 47208.176563028122 166583.71000000002 161367.42000000004 170725.78500000003 186863.08000000005 175525.07428571428 210628.16285714289 183355.71000000005 176850.83500000005 2.5000000000000004 115232.09500000002 135569.16 136949.85500000001 192849.65000000002 47208.176563028122
decision_type=2 2 2 2 2 2 2 2 2 2 2 2 2 2 2 2 2 2 2 2 2 2 2 2 2 2 2 2 2 2
left_child=1 4 -2 -4 5 -1 -6 8 -8 10 11 -9 25 -11 15 -15 17 -16 24 22 -21 -22 23 -20 -18 -13 28 -28 29 -12
right_child=2 -3 3 -5 6 -7 7 9 -10 13 26 12 -14 14 16 -17 18 -19 19 20 21 -23 -24 -25 -26 -27 27 -29 -30 -31
leaf_value=3.1978740950260547 -80.414980434680189 2668.8861646111909 2003.018495470239 -3129.7297512918362 15.447013302209236 -15.165703464644322 96.52275672634569 198.23560708479783 -32.256709247340773 62.512036180265568 -37.228723047060342 -14.803405116790238 35.009498340010758 65.848614374510362 18.484009929402966 -731.70480400241149 -462.06915401732334 139.72272909617823 8.5253258139709942 -284.22946463774355 404.83185242944751 -2.6021147956489585 -13.991520251678594 148.95911274065367 -13.386238828129718 -273.44905477414108 -261.60301042252325 -38.289575718207928 -63.958929909285146 235.55021824049473
leaf_weight=125 928 25 35 20 195 83 30 33 20 97 138 50 67 27 119 44 32 32 29 22 27 617 46 48 52 26 24 37 24 20
leaf_count=125 928 25 35 20 195 83 30 33 20 97 138 50 67 27 119 44 32 32 29 22 27 617 46 48 52 26 24 37 24 20
internal_value=-0.000292969 0.000418861 -0.0018057 0.00409091 0.000290698 -0.00240385 0.000592672 0.000195665 0.007 -1.55183e-05 -0.00208831 0.00142045 -0.000524476 0.000713087 0.000251142 -0.00669014 0.000732422 0.00480132 2.86369e-05 0.000728771 -0.00015015 0.000388199 0.0054878 0.00941558 -0.00654762 -0.00526316 -0.00462963 -0.0102459 -0.00274725 -0.00126582
internal_weight=3072 2089 983 55 2064 208 1856 1661 50 1611 419 176 143 1192 1095 71 1024 151 873 789 666 644 123 77 84 76 243 61 182 158
internal_count=3072 2089 983 55 2064 208 1856 1661 50 1611 419 176 143 1192 1095 71 1024 151 873 789 666 644 123 77 84 76 243 61 182 158
is_linear=0
shrinkage=0.05


Tree=194
num_leaves=31
num_cat=0
split_feature=3 5 6 4 10 10 0 0 10 3 5 10 0 5 5 4 6 5 6 0 3 3 9 4 3 4 6 7 6 5
split_gain=1.17606 0.920946 0.786831 0.743192 0.785471 1.1048 1.02126 0.989278 0.928971 0.895723 1.19916 0.930782 0.787469 0.990388 0.707834 0.667867 0.64671 1.04477 0.966861 0.795347 1.08995 0.770094 0.638144 1.34539 0.640081 0.631169 0.629158 2.68034 0.9042 1.94854
threshold=393750.56428571435 4874.8839069713058 284870.39884652669 399269.9537500001 152.50000000000003 155.50000000000003 87731.375000000015 94270.685000000012 158.50000000000003 313286.5400000001 120328.82646153282 148.50000000000003 425021.14500000008 101117.95492778243 44728.476151970819 120614.08482142859 9452.1154460247708 7644.1984385971373 13065.475100524882 156764.76500000004 134516.40857142859 120103.61071428572 1.0000000180025095e-35 294935.11271428579 384851.28857142857 92458.67410714287 21382.929823183124 4.5000000000000009 37424.915427991036 41835.934761459641
decision_type=2 2 2 2 2 2 2 2 2 2 2 2 2 2 2 2 2 2 2 2 2 2 2 2 2 2 2 2 2 2
left_child=1 -1 3 4 9 -6 14 15 -9 10 11 -3 13 -11 25 -8 17 -10 19 20 -18 -20 24 -24 26 -7 27 -23 -28 -30
right_child=-2 2 -4 -5 5 6 7 8 16 12 -12 -13 -14 -15 -16 -17 18 -19 21 -21 -22 22 23 -25 -26 -27 28 -29 29 -31
leaf_value=-9.9110829267017841 -71.288594757101961 -0.27908332956867526 -409.94553738846594 782.64267920526618 277.13250811382022 55.684357539000125 -6.2167198072129395 -27.679187116045071 -17.373998528487572 596.46226182799728 682.24668768371339 -147.37358357735431 -276.59942024377233 -386.78223336313533 232.54302703707219 -142.21354219996792 -34.19696461926069 44.32234644059281 212.56246744018426 58.926182284823156 -121.6522767544775 76.195952229200344 18.079209961082963 -376.47236611472181 1279.5303307280208 -12.087661822823794 -67.310422893124638 -177.97420606542511 229.94864532897628 6.9854892431103508
leaf_weight=35 833 1085 22 67 26 20 25 22 22 27 22 36 22 38 20 21 21 37 39 28 20 52 35 22 23 22 86 20 39 285
leaf_count=35 833 1085 22 67 26 20 25 22 22 27 22 36 22 38 20 21 21 37 39 28 20 52 35 22 23 22 86 20 39 285
internal_value=-0.000406901 0.000189817 0.000317604 0.000412466 0.000248227 0.00138418 0.00107683 0.000595985 0.00103196 -0.000569106 -0.00019685 -0.000423729 -0.00545977 -0.00269231 0.00725806 -0.00652174 0.00133745 0.00635593 0.000895522 -0.00471014 -0.00914634 0.0015391 0.00106762 -0.00394737 0.00163366 0.00357143 0.00124481 0.00555556 0.000487805 0.00169753
internal_weight=3072 2239 2204 2182 2115 885 859 797 751 1230 1143 1121 87 65 62 46 729 59 670 69 41 601 562 57 505 42 482 72 410 324
internal_count=3072 2239 2204 2182 2115 885 859 797 751 1230 1143 1121 87 65 62 46 729 59 670 69 41 601 562 57 505 42 482 72 410 324
is_linear=0
shrinkage=0.05


Tree=195
num_leaves=31
num_cat=0
split_feature=5 5 7 5 0 10 2 10 4 4 1 10 2 1 10 3 5 0 4 5 10 0 3 2 3 2 1 4 4 0
split_gain=0.886184 1.22431 1.24717 1.02549 2.0516 0.914919 1.81159 1.6826 1.50155 1.14158 2.50013 1.02441 1.24052 1.19118 1.00804 0.927797 1.18991 1.65671 1.42645 1.18808 0.950178 0.725451 0.935501 0.781683 0.968864 0.695412 1.4295 1.12322 1.59255 1.09335
threshold=156314.5847961297 151344.0809054276 4.5000000000000009 139335.16524784229 366146.72000000003 190.50000000000003 383049.25000000006 141.50000000000003 412390.29964285716 1053184.051964286 699785.88500000013 57.500000000000007 974722.88500000013 726605.24000000011 155.50000000000003 1120377.0121428573 292071.28661657387 771630.27000000014 412390.29964285716 193358.77887970794 99.500000000000014 523564.02500000008 479529.04714285722 579120.67000000004 413517.83500000002 169121.20500000005 191105.64500000005 120614.08482142859 123614.00625000002 407826.83000000007
decision_type=2 2 2 2 2 2 2 2 2 2 2 2 2 2 2 2 2 2 2 2 2 2 2 2 2 2 2 2 2 2
left_child=1 3 -3 21 -5 7 -7 11 -9 10 -8 12 13 -2 -10 16 17 18 -13 -20 -18 22 25 24 -23 26 -1 -27 -29 -30
right_child=5 2 -4 4 -6 6 9 8 14 -11 -12 15 -14 -15 -16 -17 20 -19 19 -21 -22 23 -24 -25 -26 27 -28 28 29 -31
leaf_value=-2.9838381732864949 2644.862352178352 1627.1892190996093 -621.10805004254507 -769.75865164369463 53.677341580684882 -1939.8844529784983 -197.59080398960651 3236.156604841829 456.92408452618696 -1636.339555702184 4280.4282562102189 -1199.9769394098971 4141.2932370568915 -1409.3078206240084 -813.87574370773518 -3100.9627998233336 -92.563904329796799 -3755.6700847831789 2174.5651689579713 -1032.3650403362758 3176.3967173185724 549.58936697624301 -427.31869559699703 1202.1557363958216 -429.15957234844831 195.34720949421828 -635.54105175126688 -274.7406227651154 15.540590299508768 -56.232827242586069
leaf_weight=1035 34 34 20 29 47 30 48 23 22 39 21 28 30 34 30 32 43 23 21 34 28 24 26 29 28 20 38 21 1012 147
leaf_count=1035 34 34 20 29 47 30 48 23 22 39 21 28 30 34 30 32 43 23 21 34 28 24 26 29 28 20 38 21 1012 147
internal_value=-0.000429043 -3.98406e-05 0.00740741 -0.000203583 -0.00592105 -0.00230769 -0.0057971 -0.00104712 0.00566667 -0.00277778 0.00108696 -0.0026873 0.00153061 -0.00220588 0.000961538 -0.00466507 -0.00324859 -0.00660377 -0.00331325 0.00136364 0.00176056 -2.10084e-05 -0.000184863 0.00462963 0.000961538 -7.69908e-05 -0.00100186 0.00075 0.000550847 0.000798102
internal_weight=3030 2510 54 2456 76 520 138 382 75 108 69 307 98 68 52 209 177 106 83 55 71 2380 2299 81 52 2273 1073 1200 1180 1159
internal_count=3030 2510 54 2456 76 520 138 382 75 108 69 307 98 68 52 209 177 106 83 55 71 2380 2299 81 52 2273 1073 1200 1180 1159
is_linear=0
shrinkage=0.05


Tree=196
num_leaves=31
num_cat=0
split_feature=0 5 10 10 4 4 4 0 2 3 2 0 10 0 0 2 1 1 3 2 2 5 3 5 4 2 10 0 2 5
split_gain=1.09898 0.78481 0.800207 1.22712 1.33396 0.553164 1.15034 1.2803 1.18043 0.895889 0.714784 1.16621 1.08995 0.965662 1.30757 0.984288 0.823812 0.700357 1.11318 1.40015 1.77301 1.00613 0.989576 0.92803 0.869381 0.921531 1.09076 0.955413 0.811059 1.12964
threshold=1074964.1100000001 270830.12469758576 194.50000000000003 138.50000000000003 1031562.4142857144 867306.46678571438 1053184.051964286 710436.27000000014 1170112.9500000002 483066.75000000006 342665.44500000001 868810.3400000002 127.50000000000001 551425.88500000013 601181.03000000014 495609.40000000008 629150.43500000017 398065.95000000007 411163.68000000011 475497.74000000005 383049.25000000006 180203.9220039123 299678.88571428577 135241.27525234167 298707.88071428583 361419.82000000001 213.50000000000003 260574.74500000002 475497.74000000005 113855.66576723999
decision_type=2 2 2 2 2 2 2 2 2 2 2 2 2 2 2 2 2 2 2 2 2 2 2 2 2 2 2 2 2 2
left_child=5 -2 3 4 -3 9 7 -7 -8 17 12 13 -11 16 -15 -16 -12 18 28 20 23 22 -19 -20 -24 26 -26 -27 29 -1
right_child=1 2 -4 -5 -6 6 8 -9 -10 10 11 -13 -14 14 15 -17 -18 21 19 -21 -22 -23 24 -25 25 27 -28 -29 -30 -31
leaf_value=0.19072006366404823 -2244.7881338558859 1098.763385115011 -1722.9347717572034 436.88674003301423 -5551.0840227416838 -359.76837970548081 300.11691498367583 4491.2335036982204 -6952.5242460774234 -4.2270547046908176 -34.65284122704179 -3567.8865805440178 -1401.1174673185496 2892.4335207014842 -3340.1506444226152 1265.4871005233495 -3974.9831317364124 367.00300163752257 14.629856873961399 -1663.7532562963768 580.125195660803 2596.7613442175907 -262.75444391099154 -1141.1857096863503 134.50411668389424 -126.68336070335646 1773.479998128905 24.690874266724862 268.9792021218542 -134.30943994100818
leaf_weight=1910 22 20 22 20 27 22 23 44 24 21 67 21 20 22 22 47 29 30 20 20 20 26 22 24 64 21 21 180 55 144
leaf_count=1910 22 20 22 20 27 22 23 44 24 21 67 21 20 22 22 47 29 30 20 20 20 26 22 24 64 21 21 180 55 144
internal_value=-0.00029703 -0.00518018 -0.00308989 -0.000373134 -0.00478723 -0.000111339 0.00331858 0.00757576 -0.00265957 -0.000249465 -0.00311245 -0.00192308 -0.00914634 -0.000668449 0.00302198 -0.000362319 -0.00416667 2.93312e-05 -0.000307798 -0.00595238 -0.00234375 0.00206044 0.00133136 -0.00795455 0.000487013 0.00122378 0.00558824 -0.000621891 -8.29777e-05 -0.000243427
internal_weight=3030 111 89 67 47 2919 113 66 47 2806 249 208 41 187 91 69 96 2557 2193 84 64 364 338 44 308 286 85 201 2109 2054
internal_count=3030 111 89 67 47 2919 113 66 47 2806 249 208 41 187 91 69 96 2557 2193 84 64 364 338 44 308 286 85 201 2109 2054
is_linear=0
shrinkage=0.05


Tree=197
num_leaves=31
num_cat=0
split_feature=0 5 10 10 4 3 0 4 5 3 6 7 7 0 6 7 1 1 5 1 10 10 2 7 10 6 3 6 7 5
split_gain=0.743049 0.960941 1.03231 0.899397 0.817021 0.535875 0.802815 1.02682 0.968908 0.668817 1.49279 1.13098 1.01504 1.2 0.801431 0.620606 0.543639 2.44735 1.01251 1.00909 1.53374 1.13719 1.0711 1.32718 0.964009 1.53555 1.43116 1.37098 1.68713 1.48063
threshold=1074964.1100000001 270830.12469758576 194.50000000000003 138.50000000000003 1031562.4142857144 89805.989285714299 68316.825000000026 91719.473214285725 5365.9861635209363 117725.64714285715 7663.6078342185829 5.5000000000000009 1.5000000000000002 102404.03500000002 6719.8449871417515 3.5000000000000004 179673.77000000002 187290.01500000004 13171.136983466056 149068.74500000002 80.500000000000014 119.50000000000001 175638.30000000002 2.5000000000000004 100.50000000000001 73005.27195932687 177960.85571428575 45752.271801755422 2.5000000000000004 34741.368890882528
decision_type=2 2 2 2 2 2 2 2 2 2 2 2 2 2 2 2 2 2 2 2 2 2 2 2 2 2 2 2 2 2
left_child=5 -2 3 4 -3 -1 -7 15 -9 10 14 12 -12 -14 -10 -8 19 18 -18 24 22 -22 23 -21 27 26 -26 29 -29 -11
right_child=1 2 -4 -5 -6 6 7 8 9 16 11 -13 13 -15 -16 -17 17 -19 -20 20 21 -23 -24 -25 25 -27 -28 28 -30 -31
leaf_value=-6.3827931671454285 -2132.5487271630905 1043.8252158592629 -1636.788033169345 415.0424030313618 -5273.5298216046012 -189.50566993906142 25.480802304136887 -10.199325755750762 16.148572495579721 22.688205411054515 53.07319019968709 98.193137657433553 30.721068159992139 -48.20373292895929 -20.25149977559413 2.0897610007341427 96.6533093367063 -3.9778798214436395 43.339495011480182 -376.36704354412359 90.57593673042939 -12.575996430591477 -32.527252306867013 -168.06946539563796 -7.6731296792473591 -324.3472937990453 163.63018446515017 0.088623287927475758 613.22687053787593 -181.19611681224853
leaf_weight=55 22 20 22 20 27 20 30 31 34 82 35 23 40 20 40 25 29 1626 49 23 42 170 28 27 335 31 20 23 22 59
leaf_count=55 22 20 22 20 27 20 30 31 34 82 35 23 40 20 40 25 29 1626 49 23 42 170 28 27 335 31 20 23 22 59
internal_value=-0.000264026 -0.00427928 -0.00196629 0.0011194 -0.00265957 -0.000111339 -1.74581e-05 5.27426e-05 -8.06741e-05 1.81291e-05 0.00286458 0.00635593 0.00394737 0 -0.0027027 0.00681818 -0.000194856 0.00032277 0.00897436 -0.0012181 -0.00362069 -0.00141509 -0.00961538 -0.014 0 -0.00142487 -0.000492958 0.00295699 0.0105556 0.000531915
internal_weight=3030 111 89 67 47 2919 2864 2844 2789 2758 192 118 95 60 74 55 2566 1704 78 862 290 212 78 50 572 386 355 186 45 141
internal_count=3030 111 89 67 47 2919 2864 2844 2789 2758 192 118 95 60 74 55 2566 1704 78 862 290 212 78 50 572 386 355 186 45 141
is_linear=0
shrinkage=0.05


Tree=198
num_leaves=31
num_cat=1
split_feature=0 5 3 5 0 5 5 3 4 6 2 1 2 1 4 5 5 6 0 4 2 2 0 11 5 5 3 2 5 0
split_gain=0.664501 1.05189 1.20207 0.625813 1.23501 0.499194 1.34804 1.41525 0.551113 1.19352 0.952688 1.24449 0.800952 1.17835 0.65739 0.453875 1.28856 1.53577 1.13135 1.11954 1.09338 0.906421 0.901492 1.67003 1.36434 1.65635 0.964393 1.76683 1.45171 0.881011
threshold=1121804.6600000001 301338.93343541614 1137244.5357142859 5088.3845341294082 90460.950000000026 439966.3942250454 324285.28731276351 899111.39071428578 515721.64607142861 174070.62251378351 365105.98000000004 443407.32000000007 570289.31000000017 712211.72500000021 510112.9064285715 135241.27525234167 149492.29939356982 121145.85760887423 507334.46000000008 396645.29946428578 443407.32000000007 546466.46000000008 407826.83000000007 0 118470.56287015569 104116.03570179307 313286.5400000001 313429.03000000009 110988.71730441235 357901.85000000003
decision_type=2 2 2 2 2 2 2 2 2 2 2 2 2 2 2 2 2 2 2 2 2 2 2 1 2 2 2 2 2 2
left_child=3 -2 -3 4 -1 6 7 8 14 -10 -11 -12 -13 -14 15 18 29 -18 22 -20 -19 -22 23 24 25 -5 -25 -28 -29 -17
right_child=1 2 -4 5 -6 -7 -8 -9 9 10 11 12 13 -15 -16 16 17 20 19 -21 21 -23 -24 26 -26 -27 27 28 -30 -31
leaf_value=-35.459014339734132 -5116.0708805183913 292.98627481309234 -2165.6263350669992 716.54209899043201 10.38523754881062 5657.313119588438 -1155.1578017873051 2023.3477917809098 -2724.3967930523622 -1006.4802490555915 1341.84025166074 539.18300303859871 -2168.0745140789309 1170.6002500633767 661.72198099851528 -1000.835608107294 2901.3345261139566 -170.04918413964481 1146.6281372296507 339.13065048137946 1852.9374531037845 -176.17306252121926 -64.413666292207196 1.1136930823209696 -100.70831154273475 6090.6296500733624 -127.00061135499564 -347.70071912192509 854.86340661924623 -18.279330201609991
leaf_weight=23 28 45 26 61 24 25 74 51 25 21 27 21 23 31 24 34 21 122 28 40 40 41 135 1823 33 24 41 41 26 52
leaf_count=23 28 45 26 61 24 25 74 51 25 21 27 21 23 31 24 34 21 122 28 40 40 41 135 1823 33 24 41 41 26 52
internal_value=-0.000264026 -0.00429293 -0.00105634 -0.000127943 -0.00585106 -3.46741e-05 -9.61875e-05 8.07899e-05 -7.31529e-05 -0.00304054 -0.00101626 0.000980392 -0.00233333 -0.00555556 9.66744e-05 1.9516e-05 -0.00177419 0.000223214 0.00026643 0.00661765 -0.00110837 0.00339506 6.86813e-05 0.000329429 0.00585938 0.00970588 -3.86399e-05 -0.00462963 0.000373134 -0.00697674
internal_weight=3030 99 71 2931 47 2884 2859 2785 2734 148 123 102 75 54 2586 2562 310 224 2252 68 203 81 2184 2049 118 85 1931 108 67 86
internal_count=3030 99 71 2931 47 2884 2859 2785 2734 148 123 102 75 54 2586 2562 310 224 2252 68 203 81 2184 2049 118 85 1931 108 67 86
cat_boundaries=0 1
cat_threshold=4
is_linear=0
shrinkage=0.05


Tree=199
num_leaves=31
num_cat=0
split_feature=5 5 7 5 5 4 5 5 3 0 4 1 1 1 5 0 1 3 7 1 1 6 4 4 0 0 6 0 5 0
split_gain=0.673157 0.788999 0.992952 0.794948 0.720542 0.873354 0.693858 1.69249 1.3041 0.806667 0.725165 0.671675 0.670255 1.14502 0.649882 0.626309 0.691414 0.59474 0.584342 0.754636 0.536508 0.516821 1.55487 1.33361 1.06623 0.910084 0.899469 0.857992 0.700218 1.11871
threshold=100306.84126849746 88530.763104210273 4.5000000000000009 94078.567190292888 105035.48597331518 295542.02053571434 112993.80064450284 119512.71187824332 390804.81071428576 412361.76000000007 294935.11271428579 256593.80000000002 457749.13000000006 330995.43000000011 83996.429739810948 1074964.1100000001 748649.40000000014 89805.989285714299 1.0000000180025095e-35 259784.71000000002 950324.20000000007 135100.44332905117 389411.87053571432 401334.3548214286 535414.21000000008 436138.15500000009 141796.91365776389 229852.89000000004 324285.28731276351 902965.40000000014
decision_type=2 2 2 2 2 2 2 2 2 2 2 2 2 2 2 2 2 2 2 2 2 2 2 2 2 2 2 2 2 2
left_child=1 14 18 -4 5 -2 8 12 9 -6 -9 -12 13 -8 17 21 -17 -1 -3 -20 -18 23 -23 24 -13 -25 -24 -28 -29 -30
right_child=4 2 3 -5 6 -7 7 10 -10 -11 11 15 -14 -15 -16 16 20 -19 19 -21 -22 22 26 25 -26 -27 27 28 29 -31
leaf_value=-5.5027729071305664 -365.45528763975165 442.84212691650464 101.85270276324592 1303.891628924363 477.49981881133209 -66.519101501133989 -174.44875969167188 155.42690906417121 -238.19930202574179 -18.047083543922053 -487.94121746661551 -83.484603134336069 -1288.3252411853173 290.77790930205373 -81.169881246422307 -4270.8243830064775 358.49131521789536 1.0745589323028981 190.68957731232149 -432.94797684251392 -654.50818388058985 1528.8202950853592 955.17533849100005 -597.84238185025458 -491.34022222097269 2102.5019628298483 1073.5068932582653 9.351126169326017 -3103.0730563302004 1932.9958894859797
leaf_weight=55 26 26 21 20 50 48 33 37 27 25 77 98 22 21 56 20 20 1671 44 35 70 25 35 21 21 30 22 291 61 22
leaf_count=55 26 26 21 20 50 48 33 37 27 25 77 98 22 21 56 20 20 1671 44 35 70 25 35 21 21 30 22 291 61 22
internal_value=-0.000330033 0.000233402 0.00376712 0.0103659 -0.00131579 -0.00608108 -0.000972763 -0.00140389 0.00294118 0.00633333 -0.000764706 -0.00107626 -0.00855263 -0.00555556 -5.61167e-05 -0.000611413 -0.00409091 0.000115875 0.00119048 -0.000949367 -0.00222222 0 0.000877193 -0.00235294 -0.0052521 0.00441176 0.000174014 -0.000505051 -0.00106952 -0.00512048
internal_weight=3030 1928 146 41 1102 74 1028 926 102 75 850 813 76 54 1782 736 110 1726 105 79 90 626 456 170 119 51 431 396 374 83
internal_count=3030 1928 146 41 1102 74 1028 926 102 75 850 813 76 54 1782 736 110 1726 105 79 90 626 456 170 119 51 431 396 374 83
is_linear=0
shrinkage=0.05


Tree=200
num_leaves=31
num_cat=0
split_feature=5 0 0 6 6 6 5 0 5 3 2 2 2 0 4 3 3 3 5 5 5 6 2 2 3 0 4 5 0 2
split_gain=0.75977 0.655912 0.914207 0.644674 0.752574 0.588548 2.70952 1.92724 0.548552 1.12941 0.823189 1.11416 0.8281 0.585809 0.565732 0.575763 1.50211 0.542221 0.710526 0.521739 0.562334 1.06293 0.513995 1.8031 1.15468 1.08042 0.984475 0.777778 0.775655 0.976795
threshold=4874.8839069713058 87731.375000000015 86269.435000000012 361361.47975868621 405212.51346880774 24934.738109092988 38817.407993640089 82858.37000000001 6448.5537910596022 91388.61500000002 75388.630000000019 85593.180000000008 90508.205000000016 94270.685000000012 92458.67410714287 119815.00357142858 121972.1142857143 118445.57428571431 49355.263571106691 30721.231188236601 37281.008952082018 40486.246300593797 127184.23500000002 134026.89500000005 136097.68714285718 98820.410000000018 152089.93303571429 48174.393479078251 132294.65000000005 119288.73000000003
decision_type=2 2 2 2 2 2 2 2 2 2 2 2 2 2 2 2 2 2 2 2 2 2 2 2 2 2 2 2 2 2
left_child=-1 2 5 8 -5 7 -7 -2 13 -10 -11 -12 -13 -3 -14 19 -17 -8 -19 -16 -21 -22 25 24 -24 -18 27 28 29 -27
right_child=1 3 -4 4 -6 6 17 -9 9 10 11 12 14 -15 15 16 22 18 -20 20 21 -23 23 -25 -26 26 -28 -29 -30 -31
leaf_value=-7.9701366975918067 70.499782740295998 -3.0984364974046912 26.703184443530336 654.04376785078784 -260.93000989941214 -287.68833042527859 58.008894468624931 -3.9749713662720754 -21.898128169656047 196.42977550403376 -57.75640682511294 27.465446704349961 -31.817487050210548 24.001413778405549 -11.479426517771209 -260.49374040924448 -19.003341265428755 -28.668589096989308 83.149519954389334 172.29656973574311 -550.51987051644244 34.836804573840347 -14.788704554713332 -5.9824208236605045 -296.9983306407143 -255.13357045932244 -152.83434619990186 441.35370117516072 93.536085235064832 37.968127141982407
leaf_weight=37 34 24 23 106 78 28 21 29 28 29 38 36 24 38 23 33 23 25 32 20 21 28 39 2090 29 20 34 21 20 23
leaf_count=37 34 24 23 106 78 28 21 29 28 29 38 36 24 38 23 33 23 25 32 20 21 28 39 2090 29 20 34 21 20 23
internal_value=-0.000311067 -0.000223732 0.00260417 -0.000415929 0.00244565 0.00133136 -0.000943396 0.00515873 -0.000615297 -0.000727026 -0.000617405 -0.000713719 -0.000583736 0.00403226 -0.000694444 -0.000618812 -0.00077187 0.00384615 0.00131579 0.00326087 0.00543478 0.00255102 -0.000619835 -0.000810936 -0.00882353 0.00230496 0.00423729 0.00714286 0.00436508 0.000581395
internal_weight=3054 3017 192 2825 184 169 106 63 2641 2579 2551 2522 2484 62 2448 2424 2332 78 57 92 69 49 2299 2158 68 141 118 84 63 43
internal_count=3054 3017 192 2825 184 169 106 63 2641 2579 2551 2522 2484 62 2448 2424 2332 78 57 92 69 49 2299 2158 68 141 118 84 63 43
is_linear=0
shrinkage=0.05


Tree=201
num_leaves=31
num_cat=0
split_feature=0 1 7 10 7 3 1 2 10 10 3 10 0 1 0 1 1 2 0 2 0 2 4 3 2 1 4 0 0 3
split_gain=0.516451 0.492356 1.21127 1.21011 1.13917 1.14918 0.825554 0.753463 0.691471 0.74776 1.93921 0.606713 0.699728 1.92466 1.04853 0.897436 1.06945 0.733326 0.715513 0.657177 0.56688 0.556962 1.28022 0.852614 0.756394 0.732897 0.917488 1.95319 1.28703 1.36294
threshold=1458011.5700000001 91147.715000000011 5.5000000000000009 27.500000000000004 3.5000000000000004 91388.61500000002 94325.000000000015 94883.685000000012 25.500000000000004 20.500000000000004 175525.07428571428 239.50000000000003 407826.83000000007 379833.14000000007 557495.57500000007 306049.81500000006 181311.70500000002 140536.59500000003 163833.70500000005 258572.09500000003 95475.250000000015 458903.97500000003 375439.2678571429 313286.5400000001 189547.73500000002 1170112.9500000002 476945.73303571431 372629.17500000005 456941.59500000003 503643.45642857143
decision_type=2 2 2 2 2 2 2 2 2 2 2 2 2 2 2 2 2 2 2 2 2 2 2 2 2 2 2 2 2 2
left_child=1 2 3 -1 5 -5 20 -6 9 -8 -11 21 13 15 -14 16 17 -13 -19 -18 -3 23 -23 -10 -25 26 -24 -28 -29 -30
right_child=-2 6 -4 4 7 -7 8 -9 11 10 -12 12 14 -15 -16 -17 19 18 -20 -21 -22 22 25 24 -26 -27 27 28 29 -31
leaf_value=-89.669846663152569 973.37603255379372 -44.989081953102868 39.322271045670277 -6.1645470478186333 89.708635434614195 9.3431115501243767 0.55247783455452015 28.265162468542623 -3.8491980544058606 405.52536631170227 14.49199722405465 13.65985731574183 -442.64862970686227 2162.7453393792707 1202.0833906303858 -145.87697888535041 154.75761553091945 -160.96045712552441 4.9845107929868391 132.02153622302868 -6.8204510850984663 1304.9084040364048 -309.2948633428241 -628.36829004920878 -79.323334029855332 -790.73862071176995 357.71544866623299 -331.82869234404353 2208.7035488925062 95.907907930464717
leaf_weight=35 34 37 24 37 22 108 82 20 1355 20 37 39 45 27 34 21 24 22 25 25 22 31 132 34 414 67 43 31 25 182
leaf_count=35 34 37 24 37 22 108 82 20 1355 20 37 39 45 27 34 21 24 22 25 25 22 31 132 34 414 67 43 31 25 182
internal_value=-0.00024558 -0.00031457 0.00182927 0.000675676 0.00227273 0.000172414 -0.000504686 0.00952381 -0.000377532 0.00305755 0.00745614 -0.000562888 0.00171756 0.0034153 -0.00221519 0.00128205 0.00277778 -0.000581395 -0.00478723 0.00867347 -0.00635593 -0.000821089 0.000636008 -0.00123405 -0.003125 0 0.000786925 0.00240214 0.000630252 0.00205314
internal_weight=3054 3020 246 222 187 145 2774 42 2715 139 57 2576 262 183 79 156 135 86 47 49 59 2314 511 1803 448 480 413 281 238 207
internal_count=3054 3020 246 222 187 145 2774 42 2715 139 57 2576 262 183 79 156 135 86 47 49 59 2314 511 1803 448 480 413 281 238 207
is_linear=0
shrinkage=0.05


Tree=202
num_leaves=31
num_cat=0
split_feature=5 2 2 3 4 5 3 4 5 6 4 6 6 6 0 0 7 0 2 6 10 7 2 5 5 6 2 6 5 6
split_gain=0.530402 0.612328 1.14045 0.756428 0.772145 0.871462 1.32523 0.729627 0.664393 1.39585 2.27325 0.627622 0.554089 0.752574 0.524547 1.47383 0.859557 1.1105 1.01956 0.519115 1.04257 0.480754 1.37824 2.17296 1.48305 2.15845 1.82367 1.4884 1.38814 1.7316
threshold=4874.8839069713058 99396.960000000006 103297.645 128882.97285714287 85187.377914285724 6448.5537910596022 91388.61500000002 151448.80928571432 48990.531681823901 40486.246300593797 120614.08482142859 6515.350797871527 361361.47975868621 405212.51346880774 678984.24500000023 710436.27000000014 1.0000000180025095e-35 771630.27000000014 1170112.9500000002 296503.68648045248 87.500000000000014 2.5000000000000004 400207.65500000009 71742.172016100943 105817.25042322236 109243.22790683711 269068.82000000007 73005.27195932687 106658.83706061462 114019.63656086488
decision_type=2 2 2 2 2 2 2 2 2 2 2 2 2 2 2 2 2 2 2 2 2 2 2 2 2 2 2 2 2 2
left_child=-1 3 -3 4 -2 11 -7 -5 9 10 -8 -6 14 -14 21 -16 -17 -18 19 20 -19 22 23 -4 27 -26 -27 -25 -24 -30
right_child=1 2 12 7 5 6 8 -9 -10 -11 -12 -13 13 -15 15 16 17 18 -20 -21 -22 -23 28 24 25 26 -28 -29 29 -31
leaf_value=-11.199687932671806 65.620349026842447 -63.870098196080654 11.415294219588397 184.82263313939185 49.667838665533786 -31.558653723113096 -10.278933731387951 62.544138054906945 75.802631255800961 -39.999593389582884 181.10729492654502 0.48495092440934973 616.54618406172381 -219.8193265780472 -1167.9174661456316 -5189.7825626000767 3039.6558612154536 902.66309018265167 2236.0766088056148 2163.4415626658388 -3285.8534624856024 -9.6439757336454939 1261.4580776685427 137.79210791140505 148.14714455486538 -666.6267473940942 612.77769809633321 -210.88039067139619 -1483.7038323292029 188.90309750187589
leaf_weight=37 23 35 470 20 31 29 94 29 26 52 20 35 106 78 21 21 21 30 25 20 33 1305 62 29 37 47 53 111 22 132
leaf_count=37 23 35 470 20 31 29 94 29 26 52 20 35 106 78 21 21 21 30 25 20 33 1305 62 29 37 47 53 111 22 132
internal_value=-0.000130976 -5.80046e-05 -0.000319789 0.00188022 0.000967742 0.000261324 -0.00124434 0.00765306 0.000260417 -0.000903614 0.00219298 0.00530303 -0.000200152 0.00244565 -0.000399754 -0.00307018 -0.00133333 0.000193798 -0.00185185 -0.00451807 -0.00674603 -0.000198413 0.000649013 -0.000368139 -0.00388087 -0.000182482 -0.004 -0.0075 0.00416667 0.00162338
internal_weight=3054 3017 2658 359 310 287 221 49 192 166 114 66 2623 184 2439 171 150 129 108 83 63 2268 963 747 277 137 100 140 216 154
internal_count=3054 3017 2658 359 310 287 221 49 192 166 114 66 2623 184 2439 171 150 129 108 83 63 2268 963 747 277 137 100 140 216 154
is_linear=0
shrinkage=0.05


Tree=203
num_leaves=31
num_cat=0
split_feature=0 2 2 5 6 2 5 5 2 4 6 2 3 6 4 3 10 4 6 0 10 5 5 5 0 3 2 10 0 4
split_gain=0.459446 0.908611 1.27169 0.724823 0.652807 0.685801 0.563693 1.41276 1.05547 0.800075 0.620799 0.888826 0.444615 1.61809 0.491181 0.79589 0.775092 0.848683 0.713513 0.818182 0.498621 1.00239 0.787295 1.23977 0.84766 0.711021 1.88087 0.684321 0.6794 0.678426
threshold=945493.09500000009 501588.40000000008 819491.67500000016 439966.3942250454 314635.54880529764 1349801.5700000001 324285.28731276351 285611.02608859289 715226.3600000001 1020232.4850000002 281981.5255516576 729229.20000000007 572687.07071428583 238024.81766408481 510112.9064285715 479529.04714285722 232.50000000000003 494266.58017857152 181076.79929150551 523564.02500000008 239.50000000000003 193358.77887970794 156314.5847961297 151344.0809054276 577566.06000000017 137484.64928571429 157852.88000000003 236.50000000000003 103849.62000000001 476945.73303571431
decision_type=2 2 2 2 2 2 2 2 2 2 2 2 2 2 2 2 2 2 2 2 2 2 2 2 2 2 2 2 2 2
left_child=6 -2 -3 4 -4 -6 7 10 -8 -10 12 -12 14 -14 15 20 17 -17 19 -16 21 22 23 24 27 28 -27 29 -22 -1
right_child=1 2 3 -5 5 -7 8 -9 9 -11 11 -13 13 -15 18 16 -18 -19 -20 -21 25 -23 -24 -25 -26 26 -28 -29 -30 -31
leaf_value=-0.62236371404178503 9023.8343908787701 -1261.076216321625 -2678.6211658144925 -1783.7053089374911 6593.3886667861898 412.87858272461455 -3316.2577717761728 7168.8591386604676 254.30432528592792 -5299.805138794196 -607.53383784299149 81.642684745872984 -2140.3404805191503 4862.0291162753656 -769.3730081838105 81.878213022099231 -810.34006000621014 -277.48582332038205 2132.1922953575822 766.39858659143511 2.434347428198453 2820.3217282587825 -1088.4555535858642 1179.5256558764988 -1585.7342225122034 79.131377440794324 17.386815942978139 -156.25959455088596 -173.74359599259552 862.80923736676198
leaf_weight=2042 20 34 20 22 42 33 22 26 26 34 32 33 31 25 22 31 21 39 30 22 24 26 67 30 23 21 165 29 38 24
leaf_count=2042 20 34 20 22 42 33 22 26 26 34 32 33 31 25 22 31 21 39 30 22 24 26 67 30 23 21 165 29 38 24
internal_value=-3.27439e-05 0.00248538 0.00115894 0.00363248 0.00552632 0.00766667 -0.000182102 -6.24777e-05 -0.00426829 -0.000833333 -0.000171171 -0.005 -5.53506e-05 -0.00446429 3.7679e-05 -7.75194e-05 -0.00467033 -0.00214286 0.00405405 0 9.03978e-05 -0.000145025 -0.000259594 -9.31099e-05 -0.000236072 0.00221774 0.00376344 -0.000131265 -0.00241935 -2.42014e-05
internal_weight=3054 171 151 117 95 75 2883 2801 82 60 2775 65 2710 56 2654 2580 91 70 74 44 2489 2241 2215 2148 2118 248 186 2095 62 2066
internal_count=3054 171 151 117 95 75 2883 2801 82 60 2775 65 2710 56 2654 2580 91 70 74 44 2489 2241 2215 2148 2118 248 186 2095 62 2066
is_linear=0
shrinkage=0.05


Tree=204
num_leaves=31
num_cat=0
split_feature=2 5 2 3 3 3 1 1 1 1 5 7 1 1 1 0 2 4 3 2 1 1 3 3 1 0 0 5 0 0
split_gain=0.357549 1.02387 0.5314 0.361754 0.830204 0.430605 1.15586 0.368485 1.35389 1.24036 1.06161 1.58976 0.977406 1.60844 1.98798 0.927417 0.916466 1.37715 0.820513 0.8075 0.775052 0.853755 0.703851 1.33046 0.727557 1.9538 1.57225 2.13824 1.08995 0.924761
threshold=1213230.8100000003 355492.42104653973 1083362.1950000001 1120377.0121428573 1178907.835714286 1029794.1664285715 1078049.9500000002 302096.73000000004 288947.88000000006 398065.95000000007 97608.568508544835 1.5000000000000002 277549.11500000005 256593.80000000002 241666.32000000004 251152.76500000004 334676.59500000003 299275.41908571433 301883.79785714293 458903.97500000003 230817.63500000004 236415.55000000002 464564.0450000001 413517.83500000002 359202.95500000002 343228.20500000007 278159.82000000007 82515.176084094041 257982.52000000005 347663.93000000005
decision_type=2 2 2 2 2 2 2 2 2 2 2 2 2 2 2 2 2 2 2 2 2 2 2 2 2 2 2 2 2 2
left_child=2 -2 3 5 -5 6 7 8 12 22 11 -11 13 14 20 -15 17 -10 -16 -13 -1 -22 23 24 25 26 27 28 -9 -26
right_child=1 -3 -4 4 -6 -7 -8 9 16 10 -12 19 -14 15 18 -17 -18 -19 -20 -21 21 -23 -24 -25 29 -27 -28 -29 -30 -31
leaf_value=-0.15016853749948497 1723.29079053842 -2920.3163689145326 -813.59105807138258 3501.8457249891189 -225.2829820939107 -817.72869874119942 1729.2918161865994 1070.9965505510861 425.47068810279308 2914.9854579030102 -12.002906820882345 -90.517255802056752 -65.174805215705419 -30.747128056186924 -46.536303779585438 144.84090626521794 1092.5859216133686 -5.1472845238138696 -614.18521892611534 1204.2219652964764 333.44963040710576 -6.3631464581550974 77.784302370995292 -1002.5610686852074 -79.948555514842155 930.20103296384923 -103.36572680663667 -367.71184476925993 4.9790983764978591 -841.82331827614405
leaf_weight=1526 54 35 37 22 24 36 22 20 22 21 515 21 59 24 26 73 21 43 24 23 22 24 39 37 43 57 101 37 21 25
leaf_count=1526 54 35 37 22 24 36 22 20 22 21 515 21 59 24 26 73 21 43 24 23 22 24 39 37 43 57 101 37 21 25
internal_value=-3.27439e-05 0.00308989 -0.000126476 -5.12295e-05 0.00434783 -0.000121443 -5.27056e-05 -0.000141643 0.00026824 -0.0009375 0.000517241 0.00653846 -2.81215e-05 0.000189063 -0.000184957 0.0064433 0.00639535 0.00346154 -0.01 0.00113636 0.000127226 0.00652174 -0.00315789 -0.00388563 -0.00279605 -0.00148305 -0.00405028 0.00128205 0.00914634 -0.00735294
internal_weight=3054 89 2965 2928 46 2882 2846 2824 1864 960 580 65 1778 1719 1622 97 86 65 50 44 1572 46 380 341 304 236 179 78 41 68
internal_count=3054 89 2965 2928 46 2882 2846 2824 1864 960 580 65 1778 1719 1622 97 86 65 50 44 1572 46 380 341 304 236 179 78 41 68
is_linear=0
shrinkage=0.05


Tree=205
num_leaves=31
num_cat=0
split_feature=5 1 10 10 5 0 6 1 10 9 10 1 4 0 1 7 6 1 10 3 9 10 10 10 6 7 1 10 6 10
split_gain=0.908153 1.28698 0.902531 1.05841 0.864562 1.18596 0.797683 1.51331 1.86824 1.76808 1.8335 1.44173 2.02132 1.11331 1.07785 1.13493 1.28676 1.0154 1.36121 1.68167 1.32878 1.68383 2.49961 1.477 1.26418 0.990154 1.43387 1.23606 1.3148 1.18788
threshold=12123.681795991719 179673.77000000002 90.500000000000014 42.500000000000007 6540.6358262441636 140564.71500000003 72657.237655223566 162530.45500000005 19.500000000000004 1.0000000180025095e-35 228.50000000000003 272494.94500000007 121805.80410714286 178055.21000000005 95497.85000000002 1.5000000000000002 31973.474451421349 103456.69000000002 214.50000000000003 126521.99000000001 1.0000000180025095e-35 198.50000000000003 167.50000000000003 154.50000000000003 30907.185220021776 5.5000000000000009 311341.90000000008 50.500000000000007 74596.889212536436 53.500000000000007
decision_type=2 2 2 2 2 2 2 2 2 2 2 2 2 2 2 2 2 2 2 2 2 2 2 2 2 2 2 2 2 2
left_child=1 2 3 -1 -5 -6 7 8 -2 10 11 12 -9 -12 15 -10 -17 -16 20 -20 21 22 23 24 -19 27 -27 -8 -29 -30
right_child=6 -3 -4 4 5 -7 25 9 14 -11 13 -13 -14 -15 17 16 -18 18 19 -21 -22 -23 -24 -25 -26 26 -28 28 29 -31
leaf_value=-0.057687862054444851 -337.51823782708908 113.14029989210977 -0.078728979498555424 7.2276429037039636 73.804006110283083 11.532750211604435 -94.891286153602422 286.63327807510143 -101.00062431127117 -247.6046020578404 -29.865691687204528 29.152182707178873 -70.584543945526818 -113.1847113258351 97.0764890833143 -100.36382964290988 28.711029502421297 24.185992479830748 -77.527154980318301 146.34348405303609 123.73195658889455 -266.50171457442195 190.5536325047251 -120.3873033197946 -40.74733125058556 634.03741865203483 98.804809680659673 484.94821293775317 970.66573760873143 5.2967029191786423
leaf_weight=63 22 31 291 37 27 30 179 24 34 53 20 156 209 46 56 24 102 37 32 47 22 26 30 23 93 31 181 29 20 1101
leaf_count=63 22 31 291 37 27 30 179 24 34 53 20 156 209 46 56 24 102 37 32 47 22 26 30 23 93 31 181 29 20 1101
internal_value=0.000243823 0.00224426 0.0015625 0.00461783 0.00797872 0.0118421 -0.000125144 -0.00118371 0.000638686 -0.00314961 -0.00214286 -0.000835476 -0.00332618 -0.00984848 0.00123574 -0.0021875 0 0.00273224 0.0016129 0.00727848 -0.000324675 -0.00155502 0.000136612 -0.00245098 -0.000384615 0.00060026 0.00377358 9.40557e-05 0.000695652 0.000423729
internal_weight=3076 479 448 157 94 57 2597 1056 548 508 455 389 233 66 526 160 126 366 310 79 231 209 183 153 130 1541 212 1329 1150 1121
internal_count=3076 479 448 157 94 57 2597 1056 548 508 455 389 233 66 526 160 126 366 310 79 231 209 183 153 130 1541 212 1329 1150 1121
is_linear=0
shrinkage=0.05


Tree=206
num_leaves=31
num_cat=1
split_feature=10 5 5 10 10 2 2 0 0 2 0 5 1 2 6 11 6 6 5 0 7 0 10 1 5 1 10 1 1 1
split_gain=0.591061 1.23846 1.65092 0.995455 0.639224 0.76167 1.15829 1.10698 1.08599 1.01473 0.995384 0.975808 0.888036 1.44048 0.849031 1.07353 1.3346 1.0618 0.83015 1.26163 0.804268 0.858329 0.747116 1.16558 1.23185 2.18375 1.17961 1.16331 1.00412 1.45922
threshold=37.500000000000007 29338.074089170084 45327.026397994567 33.500000000000007 39.500000000000007 128401.895 427250.85500000004 262709.99500000005 678984.24500000023 440523.68500000006 339188.5500000001 104116.03570179307 515226.29500000004 337313.51000000007 50603.374305268706 0 38761.893008739375 44395.902811311913 10407.222433872421 147310.62000000002 4.5000000000000009 115802.54500000001 148.50000000000003 1340411.5150000004 171267.9743014519 537380.32500000007 113.50000000000001 712211.72500000021 398065.95000000007 340694.82000000007
decision_type=2 2 2 2 2 2 2 2 2 2 2 2 2 2 2 1 2 2 2 2 2 2 2 2 2 2 2 2 2 2
left_child=1 -1 -3 -4 -2 7 8 14 12 -8 11 -11 18 -14 15 16 20 -18 19 -7 21 -6 23 24 26 -26 -12 -27 29 -24
right_child=4 2 3 -5 5 6 9 -9 -10 10 22 -13 13 -15 -16 -17 17 -19 -20 -21 -22 -23 28 -25 25 27 -28 -29 -30 -31
leaf_value=13.195409153369837 181.85924595243125 -147.48479159035361 2.7100233434517578 -824.64572688411135 55.961428488736424 0.72143271171007661 582.61410746659385 1315.9511548180687 -1610.6914907057101 1171.2830305193172 -13.36726944835973 182.23263460009477 -118.62052855334478 1844.6517196886184 -293.21368120399711 0.19433460922191445 318.00659462326007 120.58713194528173 -12.662932910560631 97.3610123220773 146.47717796674917 -54.618601507710267 67.529403672994519 -3756.2859012315344 5664.4498765274948 -1747.352881699434 -939.58019826940154 183.01398039947674 541.63641319402961 -1299.7770014084658
leaf_weight=115 29 50 146 30 27 94 31 24 38 24 59 75 36 27 21 334 33 29 1307 33 25 29 28 26 37 27 27 96 197 22
leaf_count=115 29 50 146 30 27 94 31 24 38 24 59 75 36 27 21 334 33 29 1307 33 25 29 28 26 37 27 27 96 197 22
internal_value=0.000130039 -0.00183284 -0.0039823 -0.00170455 0.000374771 0.000295639 -0.000114469 0.00201149 -0.000863192 0.00165639 0.00121359 0.00580808 -0.000651303 0.00515873 0.00150602 0.0019392 0.00539216 0.0112903 -0.000906555 0.00295276 0.00154321 -0.00178571 0.000337187 -0.00147059 -0.000406504 0.0021875 -0.00523256 -0.00101626 0.00232794 -0.004
internal_weight=3076 341 226 176 2735 2706 2184 522 1535 649 618 99 1497 63 498 477 143 62 1434 127 81 56 519 272 246 160 86 123 247 50
internal_count=3076 341 226 176 2735 2706 2184 522 1535 649 618 99 1497 63 498 477 143 62 1434 127 81 56 519 272 246 160 86 123 247 50
cat_boundaries=0 1
cat_threshold=1
is_linear=0
shrinkage=0.05


Tree=207
num_leaves=31
num_cat=0
split_feature=0 6 6 1 2 0 4 0 10 10 2 10 0 1 6 10 2 1 6 2 2 4 2 3 10 0 10 6 10 10
split_gain=0.842237 0.928578 1.26462 0.868332 1.13426 0.823734 1.67484 1.60444 0.69368 0.519236 2.00369 0.838524 1.44785 1.30479 1.02984 0.776807 0.829587 0.741521 0.684584 0.658301 0.648563 1.29133 0.745706 1.20866 2.21059 1.79822 0.940625 0.870509 0.816667 0.781132
threshold=77696.615000000005 7537.0338937629231 7663.6078342185829 103456.69000000002 77807.390000000014 87731.375000000015 120614.08482142859 82858.37000000001 33.500000000000007 37.500000000000007 106673.93000000001 30.500000000000004 322255.61000000004 137707.87000000002 74596.889212536436 40.500000000000007 75388.630000000019 183060.98000000001 29746.380849907193 495609.40000000008 427250.85500000004 383706.95732142864 128401.895 127215.62214285716 190.50000000000003 113336.08000000002 215.50000000000003 39684.161699439072 86.500000000000014 74.500000000000014
decision_type=2 2 2 2 2 2 2 2 2 2 2 2 2 2 2 2 2 2 2 2 2 2 2 2 2 2 2 2 2 2
left_child=3 8 -3 4 -1 6 -4 -8 -2 10 -7 13 17 -12 18 -11 -17 -13 -15 -16 22 -22 23 25 28 26 27 -18 -25 -24
right_child=1 2 5 -5 -6 9 7 -9 -10 15 11 12 -14 14 19 16 20 -19 -20 -21 21 -23 29 24 -26 -27 -28 -29 -30 -31
leaf_value=-81.785317469007353 31.644247281132994 -13.783320896417719 58.043212852685976 -351.81719984619122 58.278804954348743 -274.1747701118631 -38.076818042529339 186.37353099642533 2.5334840303657984 172.76628365480866 137.77018144445901 -36.615092476981225 -1041.426150002156 -25.166636523410855 267.66622955715724 187.98908305073638 87.673699429503912 183.73170391611785 -497.79145951037935 -389.55771584969773 667.32573513835086 30.530511676036987 -60.896217240508122 88.734472963903684 141.90079669863991 -114.21872580597119 -9.7848864695028173 0.19759674303859356 -78.426114355934999 -3.0351244632758609
leaf_weight=30 20 28 26 22 24 20 25 20 138 39 23 21 31 34 55 25 26 20 24 34 62 581 235 35 43 50 29 29 49 1278
leaf_count=30 20 28 26 22 24 20 25 20 138 39 23 21 31 34 55 25 26 20 24 34 62 581 235 35 43 50 29 29 49 1278
internal_value=-6.50195e-05 6.66667e-05 -0.000140746 -0.00526316 -0.00185185 -3.55366e-05 0.00528169 -0.000555556 0.00379747 -0.000173168 -0.00229008 -0.00103306 -0.00555556 0.000882353 -0.00085034 5.03829e-05 -6.14251e-05 0.000609756 -0.00603448 0.00252809 -0.000155151 0.00120529 -0.000648253 0.00181992 0.00531496 -0.00149254 0.00297619 0.00681818 0.000595238 -0.00107403
internal_weight=3076 3000 2842 76 54 2814 71 45 158 2743 262 242 72 170 147 2481 2442 41 58 89 2417 643 1774 261 127 134 84 55 84 1513
internal_count=3076 3000 2842 76 54 2814 71 45 158 2743 262 242 72 170 147 2481 2442 41 58 89 2417 643 1774 261 127 134 84 55 84 1513
is_linear=0
shrinkage=0.05


Tree=208
num_leaves=31
num_cat=0
split_feature=5 3 5 6 2 7 4 1 1 0 10 5 5 2 6 10 0 3 6 10 5 5 0 3 7 3 7 6 4 10
split_gain=0.576678 0.508215 0.443708 1.52768 1.36312 1.08976 1.56823 1.65323 0.981246 1.20502 0.941548 0.753211 0.736574 0.638441 0.491664 1.53462 1.20266 1.63867 1.04097 0.756472 0.899186 1.4448 0.736558 1.17902 0.761905 0.685338 1.01935 1.04841 1.00293 0.651125
threshold=4676.1847436001217 89805.989285714299 10407.222433872421 11778.350834494229 162563.47000000003 2.5000000000000004 92183.090535714306 137707.87000000002 92318.240000000005 100913.70000000001 172.50000000000003 10818.991693354854 11491.827503407048 123160.62000000001 31973.474451421349 236.50000000000003 135054.09000000005 140179.84571428577 22564.928065616288 247.50000000000003 42995.228707665905 78868.886002430081 305119.35500000004 298209.21500000008 3.5000000000000004 300666.79642857151 2.5000000000000004 14676.719014205233 299498.07750000007 244.50000000000003
decision_type=2 2 2 2 2 2 2 2 2 2 2 2 2 2 2 2 2 2 2 2 2 2 2 2 2 2 2 2 2 2
left_child=-1 -2 3 5 -5 6 -3 13 -7 -10 -11 -4 -13 -8 15 16 -14 -18 -17 29 -21 -22 25 -24 -25 26 27 -19 -29 -16
right_child=1 2 11 4 -6 8 7 -9 9 10 -12 12 14 -15 19 18 17 22 -20 20 21 -23 23 24 -26 -27 -28 28 -30 -31
leaf_value=15.055979859290893 -23.811718747136911 38.918230194927311 -19.024849187925792 131.29397844921769 13.439601697560285 10.31889689821619 -0.35868820472423979 129.79102195924642 -43.459864825994011 -28.018486970478264 9.6296238280265243 38.539374272906571 -32.903855245327939 -35.347040824092623 -1.1550788870896214 3.4388757260090643 181.40214917237319 -11.09849394828707 -139.42971063837177 309.18063298370981 -189.34914458877103 94.649472065316516 -108.64705511711072 139.93249985599252 44.416044912397048 -123.916312927923 -50.339462127882875 136.73981318510195 8.0407929574692396 -323.66627894945123
leaf_weight=28 59 39 32 20 27 39 38 20 41 52 25 43 30 24 2032 22 22 38 43 24 29 81 23 21 27 26 87 21 39 24
leaf_count=28 59 39 32 20 27 39 38 20 41 52 25 43 30 24 2032 22 22 38 43 24 29 81 23 21 27 26 87 21 39 24
internal_value=0 -6.56168e-05 2.5092e-05 0.00176923 0.0101064 0.000359712 0.00392562 0 -0.00238854 -0.00466102 -0.000974026 -0.000187688 -9.49848e-05 -0.00403226 -0.000202781 -0.00181704 -0.000449102 0.000493421 -0.00884615 9.13242e-05 0.00373134 0.00181818 -0.000531915 0.00387324 0.00833333 -0.00201422 -0.000945946 0.00255102 0.00666667 -0.000145914
internal_weight=3076 3048 2989 325 47 278 121 82 157 118 77 2664 2632 62 2589 399 334 304 65 2190 134 110 282 71 48 211 185 98 60 2056
internal_count=3076 3048 2989 325 47 278 121 82 157 118 77 2664 2632 62 2589 399 334 304 65 2190 134 110 282 71 48 211 185 98 60 2056
is_linear=0
shrinkage=0.05


Tree=209
num_leaves=31
num_cat=0
split_feature=10 0 3 0 0 0 0 4 6 1 1 1 1 0 10 4 3 3 3 0 6 1 0 0 6 1 0 6 10 6
split_gain=0.450762 0.81 0.331252 0.817815 0.330675 1.10945 0.600124 1.2398 0.58615 1.12591 1.56927 0.531681 1.24789 1.07037 1.06167 0.611519 0.372541 1.57223 1.12581 1.00468 1.03712 0.874605 0.985407 1.05656 1.10175 1.05186 0.877058 0.783944 0.796154 0.668212
threshold=16.500000000000004 265544.56500000006 1157977.4778571432 1208396.8800000001 678984.24500000023 710436.27000000014 617625.81000000017 494266.58017857152 211869.44353650193 558054.69500000018 712211.72500000021 950324.20000000007 1170112.9500000002 1027470.9200000002 99.500000000000014 1053184.051964286 397755.18857142859 388157.50714285712 429899.63785714289 339188.5500000001 117836.1444139721 388154.28000000009 386153.45500000002 420963.16000000009 161349.32619857075 544882.56500000006 468425.10000000003 186518.48434750325 172.50000000000003 140282.44546770511
decision_type=2 2 2 2 2 2 2 2 2 2 2 2 2 2 2 2 2 2 2 2 2 2 2 2 2 2 2 2 2 2
left_child=1 -1 4 -4 6 -6 16 -8 -7 -10 -11 13 14 -12 -13 -14 17 -2 -18 -19 -21 26 27 -24 29 -26 -20 28 -23 -25
right_child=2 -3 3 -5 5 8 7 -9 9 10 11 12 15 -15 -16 -17 18 19 21 20 -22 22 23 24 25 -27 -28 -29 -30 -31
leaf_value=-275.98783380909953 0.24547085024169066 552.24772758865583 5423.4152642131612 -282.69816051400267 -1045.3503897922026 -1292.1820245340905 -388.86550085081836 1730.6844368214749 4782.3674232801886 -3106.502632489719 -570.48708254027304 -6649.7363319590049 1914.2901257090446 1565.7958650554501 -661.01484596223168 -331.02224568735693 -234.20149271543778 1121.2438955925725 725.02976487874412 -533.66039060502806 1665.9509947954095 -90.56143381261937 -1174.076652268124 -9.9046812545449949 -3154.3365917252322 -161.61258952347271 -9.4575437593448441 1334.4675966001814 625.44547831381942 427.58084423359981
leaf_weight=25 2151 20 27 34 26 33 21 28 29 22 30 24 21 24 26 23 151 23 38 20 24 26 30 29 20 51 31 25 20 24
leaf_count=25 2151 20 27 34 26 33 21 28 29 22 30 24 21 24 26 23 151 23 38 20 24 26 30 29 20 51 31 25 20 24
internal_value=-3.25098e-05 -0.005 4.12405e-05 0.00368852 -3.367e-05 -0.00174419 0.000129056 0.00561224 -0.000646552 0.000376884 -0.00117647 0.000675676 -0.00159574 0.00462963 -0.007 0.00454545 2.81637e-05 0.000293057 -0.00129213 0.00783582 0.00340909 0.000510204 -0.001 -0.00324675 -0.00120968 -0.00528169 0.00543478 0.00387324 0 0.00424528
internal_weight=3076 45 3031 61 2970 258 2712 49 232 199 170 148 94 54 50 44 2663 2218 445 67 44 294 225 154 124 71 69 71 46 53
internal_count=3076 45 3031 61 2970 258 2712 49 232 199 170 148 94 54 50 44 2663 2218 445 67 44 294 225 154 124 71 69 71 46 53
is_linear=0
shrinkage=0.05


Tree=210
num_leaves=31
num_cat=0
split_feature=6 5 4 4 6 1 5 6 6 0 0 6 6 2 1 1 1 4 0 5 0 3 1 0 1 4 6 0 6 2
split_gain=0.790824 0.89528 0.820315 1.67212 1.55843 1.10712 0.724929 0.740804 1.10169 0.705194 0.876342 0.716611 0.707933 1.27424 1.17777 0.894487 0.686104 0.994098 1.46406 0.90673 0.819314 0.681338 0.589915 1.56216 1.21631 0.977705 0.952757 0.803314 0.629895 0.628761
threshold=78230.717870149907 4874.8839069713058 220050.96892857147 232971.18785714291 110373.15389610942 140502.31000000003 85925.941363414211 6927.7645778391561 7163.1150196360077 710436.27000000014 678984.24500000023 420523.54045574507 181076.79929150551 409340.1650000001 568239.64000000001 726605.24000000011 974722.88500000013 1130176.5851785715 1121804.6600000001 315812.98684371059 1074964.1100000001 91388.61500000002 97422.390000000014 116945.16000000002 100706.99000000001 124203.32375000003 7663.6078342185829 95836.580000000016 40046.088382577611 186863.08000000005
decision_type=2 2 2 2 2 2 2 2 2 2 2 2 2 2 2 2 2 2 2 2 2 2 2 2 2 2 2 2 2 2
left_child=1 -1 4 -4 -2 -5 7 21 -9 10 -7 12 -11 -14 -15 -16 20 18 19 -18 -17 -3 23 25 -24 26 -10 28 -28 -26
right_child=2 6 3 5 -6 9 -8 8 22 11 -12 -13 13 14 15 16 17 -19 -20 -21 -22 -23 24 -25 29 -27 27 -29 -30 -31
leaf_value=-7.4324055689103261 509.18973682082145 3.1929281588563754 -353.4361097443005 -281.37501366322397 -318.28784258260134 -37.226874686913654 68.444676644479486 -11.680823376008631 -3.6139819294192423 -466.64542942561241 -1173.2418606053384 -756.52722561110284 7192.351712993448 3422.4828225551641 -2197.4178650211602 170.83701368083132 -1067.7582772021212 7288.0665969491711 -2576.1713718332849 3086.389144745935 1487.5060718026798 21.414179657920979 78.545104971589183 -80.253915184755172 7.6568280858326041 -157.94307905905154 33.794068121231248 232.14583619848565 -18.034928276404752 -4.3485128229622205
leaf_weight=32 21 52 35 23 25 1054 30 24 37 26 22 27 20 29 22 36 26 24 38 23 22 42 26 71 758 22 45 27 38 402
leaf_count=32 21 52 35 23 25 1054 30 24 37 26 22 27 20 29 22 36 26 24 38 23 22 42 26 71 758 22 45 27 38 402
internal_value=-0.000300422 0.000466999 -0.00113714 -0.00134898 0.00543478 -0.00107759 0.000635324 0.000485751 0.000206897 -0.000894814 -0.00148699 0.00127986 0.00206767 0.00291667 0.00181818 0.00039267 0.00162722 -0.000675676 -0.00316092 0.00255102 0.00603448 0.00478723 0.000385694 -0.001875 0.00084317 0.000739645 0.00221088 0.00454545 0.00210843 0.000603448
internal_weight=3079 1606 1473 1427 46 1392 1574 1544 1450 1369 1076 293 266 240 220 191 169 111 87 49 58 94 1426 240 1186 169 147 110 83 1160
internal_count=3079 1606 1473 1427 46 1392 1574 1544 1450 1369 1076 293 266 240 220 191 169 111 87 49 58 94 1426 240 1186 169 147 110 83 1160
is_linear=0
shrinkage=0.05


Tree=211
num_leaves=31
num_cat=0
split_feature=10 6 6 2 4 4 1 1 10 1 1 1 1 3 0 0 1 0 1 1 1 1 10 6 6 1 2 1 1 3
split_gain=0.890447 0.858508 0.712094 0.665523 1.43006 1.28242 0.646223 0.63031 1.46316 1.07024 1.05789 0.781223 0.552126 1.51238 1.246 1.59229 1.49273 1.13386 0.821272 0.903797 1.19884 0.888759 0.900335 0.818901 0.751204 1.33413 0.737213 2.00546 1.29877 1.90837
threshold=255.50000000000003 78230.717870149907 81664.153204817194 263193.62500000006 152628.5092857143 409704.43375000008 136164.27500000005 197760.97500000001 59.500000000000007 207858.23500000002 217492.16500000004 228639.60500000001 130257.54500000001 115961.09571428572 113336.08000000002 100913.70000000001 103456.69000000002 198731.98000000001 97422.390000000014 91795.705000000016 89777.440000000017 84004.775000000009 114.50000000000001 38154.647580068216 11778.350834494229 117803.21000000001 182107.81500000003 164631.90500000003 183060.98000000001 174948.72214285718
decision_type=2 2 2 2 2 2 2 2 2 2 2 2 2 2 2 2 2 2 2 2 2 2 2 2 2 2 2 2 2 2
left_child=1 12 -3 4 -2 -5 -4 8 -8 -9 -11 -12 14 -14 15 16 18 24 19 20 21 -1 -23 -17 -16 -26 28 -28 -15 -30
right_child=3 2 6 5 -6 -7 7 9 -10 10 11 -13 13 26 17 23 -18 -19 -20 -21 -22 22 -24 -25 25 -27 27 -29 29 -31
leaf_value=32.25719053102366 -80.966337072061663 -334.59677974812951 -220.66090617067604 -332.99984816742074 43.923806044436787 -53.158785211099897 -159.13497336458823 -446.45571807323432 174.08085902706227 76.374346264560884 -399.54702795794731 -32.994835683039859 235.90648261119713 5.6514683068497114 -3.7302379011111046 21.720836829041946 -50.544654924495632 154.42076069811847 62.408046079035557 -10.098381693370175 21.441390191078245 3.561753146058618 -11.518847300441122 136.97816700071127 -47.971728281260951 -172.88494908662361 -240.13669549587939 2.0568644157559901 229.93723022453634 9.955565994521022
leaf_weight=77 32 23 37 25 24 30 21 20 71 23 26 1199 20 433 52 28 48 20 43 84 37 30 31 23 90 36 21 412 33 30
leaf_count=77 32 23 37 25 24 30 21 20 71 23 26 1199 20 433 52 28 48 20 43 84 37 30 31 23 90 36 21 412 33 30
internal_value=-0.0003329 -0.000168464 -0.00105634 -0.00472973 -0.000892857 -0.00863636 -0.00091267 -0.000735294 0.00326087 -0.00102524 -0.000841346 -0.00104082 0.000645995 0.00139621 -0.000542571 0.00105985 -0.000142857 -0.00378788 0.00115894 9.65251e-05 0.00214286 0 -0.0045082 0.00931373 -0.00505618 -0.00714286 0.00110334 -0.000404157 0.00241935 0.00912698
internal_weight=3079 2968 1420 111 56 55 1397 1360 92 1268 1248 1225 1548 949 599 401 350 198 302 259 175 138 61 51 178 126 929 433 496 63
internal_count=3079 2968 1420 111 56 55 1397 1360 92 1268 1248 1225 1548 949 599 401 350 198 302 259 175 138 61 51 178 126 929 433 496 63
is_linear=0
shrinkage=0.05


Tree=212
num_leaves=31
num_cat=0
split_feature=0 2 6 2 6 0 5 2 5 3 5 6 2 6 6 0 6 2 3 2 1 5 3 1 1 4 3 4 1 4
split_gain=0.880958 1.44595 2.30381 1.09247 0.906128 0.801743 0.940638 0.7813 0.775007 0.738314 2.25017 0.736383 0.702662 0.698036 0.680582 0.784479 0.673071 1.84413 1.28232 1.73389 1.32406 1.04334 1.73875 1.37772 1.19535 1.1812 0.932654 0.756141 0.806045 0.9
threshold=244100.54000000004 516985.39500000008 143520.64543863767 332156.45500000002 23953.404157472276 262709.99500000005 122700.24752052366 125056.06500000002 27055.113574326959 225722.15785714288 76082.003594417169 92715.057187837127 298085.09000000003 24934.738109092988 420523.54045574507 1458011.5700000001 47884.309205675083 209254.53500000003 222386.66500000001 167756.79000000001 124960.78500000002 68912.420012181989 214445.65142857147 185828.83500000002 145473.21000000002 218950.02750000005 174251.78214285718 152628.5092857143 179673.77000000002 173634.15517857144
decision_type=2 2 2 2 2 2 2 2 2 2 2 2 2 2 2 2 2 2 2 2 2 2 2 2 2 2 2 2 2 2
left_child=1 2 16 -4 8 6 11 -7 12 10 -9 -6 -2 -11 15 -15 17 26 20 -20 -18 24 23 -23 -22 -24 27 -1 -29 -30
right_child=4 -3 3 -5 5 7 -8 9 -10 13 -12 -13 -14 14 -16 -17 18 -19 19 -21 21 22 25 -25 -26 -27 -28 28 29 -31
leaf_value=0.35385638749212378 16.997168714055444 1520.6314663777157 -241.5840759611514 -509.89930151123554 -165.15287820633023 2661.6533372856911 359.38010001374062 30.453082105658542 115.68564314392134 -65.112677126188643 -553.3034522145208 -398.81948789235543 -13.784016462505679 -31.345093898882624 -843.46392981511315 1232.6482371313091 -69.721466038964721 -466.50759239590991 -478.53871413575763 8.1595438416727131 87.342409107715511 105.95975293497905 116.82679957368819 -232.90429175639875 266.88746615930722 43.410575988400524 -48.320447189080006 10.945441838503758 15.583218162754202 138.47681665791606
leaf_weight=852 49 27 20 23 27 21 20 20 22 23 26 24 64 1121 35 33 37 20 22 187 21 25 23 23 56 22 73 123 20 20
leaf_count=852 49 27 20 23 27 21 20 20 22 23 26 24 64 1121 35 33 37 20 22 187 21 25 23 23 56 22 73 123 20 20
internal_value=-0.000251705 0.000564617 0.000366943 -0.0110465 -0.00112795 -0.00151852 -0.00669014 -0.00123143 0.00277778 -0.0013911 -0.0076087 -0.0102941 0.00110619 -0.00115512 -0.000988225 -0.000779896 0.000688976 4.51264e-05 0.00240385 -0.000358852 0.00519324 0.00705882 0.00349462 -0.003125 0.0113636 0.0105556 0.000321691 0.000714286 0.00383436 0.01
internal_weight=3079 1594 1567 43 1485 1350 71 1279 135 1258 46 51 113 1212 1189 1154 1524 1108 416 209 207 170 93 48 77 45 1088 1015 163 40
internal_count=3079 1594 1567 43 1485 1350 71 1279 135 1258 46 51 113 1212 1189 1154 1524 1108 416 209 207 170 93 48 77 45 1088 1015 163 40
is_linear=0
shrinkage=0.05


Tree=213
num_leaves=31
num_cat=0
split_feature=4 4 10 6 6 4 4 1 2 3 10 5 5 4 1 2 2 8 1 10 10 3 1 6 6 6 2 4 5 6
split_gain=1.06874 0.882901 1.43482 0.890415 0.851006 1.05747 1.52423 1.12863 0.668866 0.634816 1.43881 0.686345 1.6893 1.24091 0.935488 0.62939 0.630713 1.24689 1.45925 1.25444 2.23023 1.20757 1.31618 1.07568 1.61339 1.37 0.678981 0.612255 0.606377 0.846768
threshold=385792.8457142858 380747.99178571434 147.50000000000003 154249.21202559429 238024.81766408481 517126.32982142863 510112.9064285715 524288.31500000006 538185.72500000009 503643.45642857143 197.50000000000003 74429.597521369942 87290.120040349328 390239.97857142863 443407.32000000007 216459.97500000001 356720.39500000008 1.0000000180025095e-35 578635.78500000015 161.50000000000003 202.50000000000003 386413.44285714289 349418.68500000006 164136.70395113775 137435.86740872913 123793.04869707425 479878.03000000009 775175.06928571442 4874.8839069713058 6927.7645778391561
decision_type=2 2 2 2 2 2 2 2 2 2 2 2 2 2 2 2 2 2 2 2 2 2 2 2 2 2 2 2 2 2
left_child=1 3 -3 28 5 6 9 -7 27 11 -11 -2 -13 14 -14 -15 21 18 23 -19 -21 -17 -23 24 25 -18 -26 -6 -1 -30
right_child=4 2 -4 -5 8 7 -8 -9 -10 10 -12 12 13 15 -16 16 17 19 -20 20 -22 22 -24 -25 26 -27 -28 -29 29 -31
leaf_value=-7.3620533222820086 -627.88611035011422 -79.523654590110539 2647.4679384620599 -234.02544932052263 17.618382492112868 -2470.0982981876459 342.00728870758468 -617.78166086061401 -30.844255210729898 -34.996324477541201 -1163.8489300669696 1579.4354538268979 -215.90798096769723 -425.11076531323926 -1728.6965794783027 1286.1837455706236 -484.7505317691714 -1156.0929067529098 1115.791722879294 1294.0713724724585 -396.73762488364883 -436.22486293219265 87.694909843393546 1703.2625680093422 -1321.6143311137509 1186.8335653109389 -398.53758990852805 6292.0139564060955 11.766526948207684 2.2905450518082944
leaf_weight=32 21 25 23 39 41 28 38 41 295 36 21 30 23 20 21 21 39 21 35 20 41 39 46 21 21 35 26 20 94 1866
leaf_count=32 21 25 23 39 41 28 38 41 295 36 21 30 23 20 21 21 39 21 35 20 41 39 46 21 21 35 26 20 94 1866
internal_value=-5.68366e-05 0.000589226 0.00729167 0.000430822 -0.0014 -0.00248447 -0.00178261 -0.00833333 0.000561798 -0.00246741 -0.00745614 -0.001875 -0.00147059 -0.00227273 -0.0102273 -0.00136364 -0.000890411 -0.00222008 0.000141243 -0.00731707 -0.00368852 0.00235849 -0.000294118 -0.00211268 -0.00392562 0.000675676 -0.0111702 0.00532787 0.000577309 0.000688776
internal_weight=3079 2079 48 2031 1000 644 575 69 356 537 57 480 459 429 44 385 365 259 177 82 61 106 85 142 121 74 47 61 1992 1960
internal_count=3079 2079 48 2031 1000 644 575 69 356 537 57 480 459 429 44 385 365 259 177 82 61 106 85 142 121 74 47 61 1992 1960
is_linear=0
shrinkage=0.05


Tree=214
num_leaves=31
num_cat=0
split_feature=6 6 10 5 2 10 2 5 5 0 0 7 10 10 5 5 2 6 5 7 5 0 1 10 10 10 1 2 10 0
split_gain=1.22293 1.20772 1.0918 0.840283 1.16381 0.748043 1.39406 0.763556 1.25041 0.817273 0.740603 1.39353 1.16621 1.33879 1.10428 0.828163 1.31378 0.891454 1.70926 1.55847 1.29467 1.05872 0.962128 0.814881 0.810668 0.892338 1.14868 0.776148 0.747408 1.91678
threshold=128037.85784872471 133698.11710930648 149.50000000000003 135241.27525234167 475497.74000000005 46.500000000000007 77807.390000000014 110182.05823445389 105817.25042322236 75148.705000000016 710436.27000000014 1.0000000180025095e-35 48.500000000000007 91.500000000000014 155147.0633617999 98595.506214861714 216459.97500000001 157393.97457162139 140885.12103858995 3.5000000000000004 160148.23591941161 443056.65500000009 629150.43500000017 72.500000000000014 167.50000000000003 150.50000000000003 568239.64000000001 424263.92000000004 209.50000000000003 1121804.6600000001
decision_type=2 2 2 2 2 2 2 2 2 2 2 2 2 2 2 2 2 2 2 2 2 2 2 2 2 2 2 2 2 2
left_child=3 2 -2 5 -5 6 -1 8 9 -7 11 14 -13 23 -3 27 -17 20 21 -20 -18 -19 -21 -14 25 26 -12 -15 -26 -30
right_child=1 10 -4 4 -6 7 -8 -9 -10 -11 24 12 13 15 -16 16 17 18 19 22 -22 -23 -24 -25 28 -27 -28 -29 29 -31
leaf_value=-56.265641285332826 -1054.434733796699 900.49785185380608 -86.245971421213483 114.80956249634474 -69.913688972019017 34.23430163333105 16.989445204567893 -92.047817889091675 363.05466895531936 -0.29350019885168876 4835.5739233315662 -1098.2882614152652 -775.11948384731522 -196.82926739545474 -72.775807475615878 -1327.8753804232592 -60.757533375368808 337.4458383810736 -1693.4212227667508 -211.79683588608461 1167.097710082488 -204.24320597782207 1562.2061769571928 4696.564679763268 -2825.676685365313 5728.421502275457 -58.978454072144814 -1883.3339903943154 3023.7218771996677 -1465.8896128709778
leaf_weight=38 24 37 44 62 20 25 308 166 38 1549 38 35 20 34 39 20 73 23 58 47 31 21 22 28 32 20 157 23 24 23
leaf_count=38 24 37 44 62 20 25 308 166 38 1549 38 35 20 34 39 20 73 23 58 47 31 21 22 28 32 20 157 23 24 23
internal_value=-0.000105554 -0.00168958 -0.00808824 0.000521306 0.0054878 0.000329567 0.00245665 -8.43645e-05 0.000248139 3.17662e-05 -0.00114907 -0.00229941 -0.0033908 -0.002625 0.00394737 -0.00369318 -0.00262712 -0.00172727 -0.00394737 -0.00688976 0.00192308 0.00454545 -0.00181159 0.00520833 0.00085034 0.00244186 0.00141026 -0.00921053 -0.00348101 0.000531915
internal_weight=3079 873 68 2206 82 2124 346 1778 1612 1574 805 511 435 400 76 352 295 275 171 127 104 44 69 48 294 215 195 57 79 47
internal_count=3079 873 68 2206 82 2124 346 1778 1612 1574 805 511 435 400 76 352 295 275 171 127 104 44 69 48 294 215 195 57 79 47
is_linear=0
shrinkage=0.05


Tree=215
num_leaves=31
num_cat=0
split_feature=6 3 6 10 3 1 5 1 0 3 3 0 10 7 1 6 5 5 5 10 10 7 5 10 3 5 6 0 0 3
split_gain=0.872885 1.45297 1.18959 1.68279 1.6862 1.98086 1.43695 1.02472 1.28449 1.24305 0.875117 0.799716 1.4159 0.958159 1.50102 0.914502 0.909665 1.48846 0.862005 0.742956 1.57302 1.33405 1.83365 1.07607 0.89781 1.43675 1.3896 1.0449 0.874344 0.792091
threshold=128037.85784872471 464564.0450000001 129809.57337370444 92.500000000000014 409974.92000000004 359202.95500000002 155147.0633617999 223792.88500000004 361639.60500000004 352271.63285714295 392349.10428571439 369617.96500000003 225.50000000000003 2.5000000000000004 322891.38500000007 121803.69412352426 119512.71187824332 110182.05823445389 107301.43079407841 64.500000000000014 62.500000000000007 5.5000000000000009 24123.068048638659 72.500000000000014 303409.37785714294 42995.228707665905 111103.17560738053 257982.52000000005 163833.70500000005 296702.07214285719
decision_type=2 2 2 2 2 2 2 2 2 2 2 2 2 2 2 2 2 2 2 2 2 2 2 2 2 2 2 2 2 2
left_child=11 2 -2 -4 7 -6 -7 -5 9 -9 -10 19 13 16 -15 -16 17 -13 -14 20 21 -1 -23 28 29 -26 -27 -28 -21 -25
right_child=1 -3 3 4 5 6 -8 8 10 -11 -12 12 18 14 15 -17 -18 -19 -20 23 -22 22 -24 24 25 26 27 -29 -30 -31
leaf_value=1.8292607710583981 -2507.3742228662541 20.596423748324742 546.45052537141748 395.19108830099577 -717.60998207244563 -4.706764312897576 -1820.9122217293714 -209.86021995992925 -331.46622931281746 381.68484018466262 -2012.6300364992176 44.631716978603805 68.123972406597758 2790.9332808490726 -32.357337326052949 2439.1009328662217 244.69457547805797 -136.06493530134466 -539.82379755106376 -117.17279109415831 628.14513347381728 -2.4061742259356835 337.42257973905947 0.87471816935612878 -73.891745486053694 289.82884950406009 -428.1527814057772 -37.154407370951958 8.1633479102238198 35.123604601141416
leaf_weight=400 21 530 36 28 23 40 22 25 38 37 23 57 30 23 22 20 43 22 22 37 21 25 45 1228 30 32 25 60 30 97
leaf_count=400 21 530 36 28 23 40 22 25 38 37 23 57 30 23 22 20 43 22 22 37 21 25 45 1228 30 32 25 60 30 97
internal_value=0.00021022 -0.00118469 -0.00401024 -0.003125 -0.00466102 -0.0102941 -0.00564516 -0.00149007 -0.00345528 0.0016129 -0.00860656 0.000716175 0.00345188 0.00548128 0.0103846 0.0047619 0.00286885 -0.000316456 -0.00384615 0.000394089 0.00208758 0.00148936 0.00785714 -0.000146199 0.00013587 -0.00357143 -0.00106838 -0.00441176 -0.00634328 0.00054717
internal_weight=3092 823 293 272 236 85 62 151 123 62 61 2269 239 187 65 42 122 79 52 2030 491 470 70 1539 1472 147 117 85 67 1325
internal_count=3092 823 293 272 236 85 62 151 123 62 61 2269 239 187 65 42 122 79 52 2030 491 470 70 1539 1472 147 117 85 67 1325
is_linear=0
shrinkage=0.05


Tree=216
num_leaves=31
num_cat=0
split_feature=10 3 5 1 1 5 4 3 4 10 10 10 0 3 3 4 4 3 4 4 10 10 0 4 1 1 1 0 1 4
split_gain=0.96674 0.730497 1.21404 1.16008 2.11612 1.02555 1.00218 1.9417 2.05444 0.931725 0.741521 0.598715 0.587513 1.06464 2.32224 0.926522 1.38541 1.25442 1.02179 1.27404 0.860257 0.733668 0.70823 2.14858 0.944118 1.39249 1.34463 1.05581 0.821642 0.85834
threshold=217.50000000000003 295731.55642857146 78868.886002430081 181311.70500000002 165720.92000000001 92947.605091194229 136195.94571428574 148912.87142857147 172670.88410714292 238.50000000000003 252.50000000000003 258.50000000000006 945493.09500000009 380580.67428571434 386413.44285714289 385148.46392857149 391963.17375000002 393750.56428571435 428947.87321428576 513273.52767857147 214.50000000000003 211.50000000000003 366146.72000000003 289036.66803571436 388154.28000000009 457749.13000000006 351953.66000000009 337547.21500000003 327504.38500000007 302755.76558035723
decision_type=2 2 2 2 2 2 2 2 2 2 2 2 2 2 2 2 2 2 2 2 2 2 2 2 2 2 2 2 2 2
left_child=12 3 -3 4 6 -4 -2 -8 -9 -5 -11 -7 13 20 -15 -16 -17 -18 -19 -20 21 22 24 -24 26 -26 27 28 29 -1
right_child=1 2 5 9 -6 11 7 8 -10 10 -12 -13 -14 14 15 16 17 18 19 -21 -22 -23 23 -25 25 -27 -28 -29 -30 -31
leaf_value=3.2373307316447608 -5.7900681323299068 -70.197158211750505 1730.2654903256016 160.33928889780657 -154.32243234237831 -166.25119527252684 220.93798249960966 -589.95770788742959 83.323003536304171 -75.267684542920321 40.804866682960714 541.27140254740084 970.90888685624236 -1285.1633242634141 -356.55034107888787 803.34795366030744 827.62454389321363 -367.86541208734275 224.08278171825953 -254.12222210681068 303.94967915949638 -146.59629433745724 3705.6821729640419 34.127427253811042 1706.7526444042451 -37.592834494562702 -112.63261609628972 -860.26467619089021 144.4188611649588 -88.221259111067056
leaf_weight=1411 136 38 21 31 34 196 21 20 25 21 20 20 141 24 60 28 24 117 114 227 24 28 23 91 32 31 25 28 36 45
leaf_count=1411 136 38 21 31 34 196 21 20 25 21 20 20 141 24 60 28 24 117 114 227 24 28 23 91 32 31 25 28 36 45
internal_value=0.000161708 -0.00167238 -0.00354545 0 -0.00169492 -0.00221519 0.000247525 0.00530303 -0.000555556 0.00555556 0.000609756 -0.00324074 0.000587884 0.000401182 -0.00143098 -0.000789474 -9.80392e-05 -0.000726141 -0.00131004 7.33138e-05 0.00101466 0.000885714 0.00101626 0.00482456 0.000746269 0.00674603 0.000501618 0.000690789 0.000871314 0.000686813
internal_weight=3092 583 275 308 236 237 202 66 45 72 41 216 2509 2368 594 570 510 482 458 341 1774 1750 1722 114 1608 63 1545 1520 1492 1456
internal_count=3092 583 275 308 236 237 202 66 45 72 41 216 2509 2368 594 570 510 482 458 341 1774 1750 1722 114 1608 63 1545 1520 1492 1456
is_linear=0
shrinkage=0.05


Tree=217
num_leaves=31
num_cat=0
split_feature=10 2 6 10 5 4 4 5 3 7 4 6 4 10 1 2 4 3 5 5 1 1 10 6 10 2 7 4 2 1
split_gain=0.846244 0.969916 1.08525 1.46723 1.05778 0.902033 1.2278 1.68073 1.64468 1.32103 1.07102 1.06142 1.06151 1.86617 1.29512 0.882867 1.55986 0.860195 1.10037 1.02555 0.975038 1.71242 1.26847 1.05105 0.825 0.790892 1.44227 1.30971 1.2226 0.783289
threshold=217.50000000000003 1349801.5700000001 42210.887596326334 212.50000000000003 47685.674120121177 120614.08482142859 149838.82875000002 44143.918163120215 151041.34142857147 3.5000000000000004 123994.50482142858 50603.374305268706 218484.67678571431 184.50000000000003 223792.88500000004 91868.070000000022 119907.76926948053 295731.55642857146 78868.886002430081 92947.605091194229 180396.57500000004 165720.92000000001 236.50000000000003 47385.234014279638 252.50000000000003 167756.79000000001 2.5000000000000004 224455.03446428574 181105.11500000002 69474.885000000009
decision_type=2 2 2 2 2 2 2 2 2 2 2 2 2 2 2 2 2 2 2 2 2 2 2 2 2 2 2 2 2 2
left_child=1 2 3 4 29 -4 7 -7 9 -8 -9 -10 13 14 -13 -2 -17 20 -19 -20 21 23 -22 -18 -24 26 27 -14 -27 -1
right_child=15 -3 5 -5 -6 6 8 10 11 -11 -12 12 25 -15 -16 16 17 18 19 -21 22 -23 24 -25 -26 28 -28 -29 -30 -31
leaf_value=-116.13909152506785 36.272714115845154 2049.6348005328823 71.746260575976336 349.88682989576955 117.57341872738617 -225.68897785799055 206.21101684374881 6.7467673305669456 -349.04014513366565 -17.111540031708138 -89.784485254469473 174.29748304567329 -137.70162224450323 -102.53024849619979 4.6539681590016704 -43.687531405872143 -1.4627960719328259 -68.706343428909904 1643.7522158093227 -91.718271414426283 127.79730800493927 -175.23329040195387 -68.782129799703398 154.36507805360017 38.764623348812165 194.66705409885617 125.581033572249 -994.60917759943698 -9.6648607236886175 3.5678942715356246
leaf_weight=28 41 51 25 26 31 37 39 49 42 27 52 43 22 31 29 24 115 37 21 216 30 31 24 24 20 27 37 25 1061 827
leaf_count=28 41 51 25 26 31 37 39 49 42 27 52 43 22 31 29 24 115 37 21 216 30 31 24 24 20 27 37 25 1061 827
internal_value=0.000129366 0.000528099 0.000386493 0.00175439 0.00141084 -0.00042044 -0.000575279 -0.00507246 -0.000126537 0.00757576 -0.00173267 -0.000512528 -0.000254902 0.00461165 0.00902778 -0.00158662 -0.00212177 -0.0015444 -0.00346715 -0.00221519 0.000614754 -0.00147059 0.00540541 0.000899281 0 -0.000682594 -0.00535714 -0.0111702 -0.000321691 0.00108187
internal_weight=3092 2509 2458 912 886 1546 1521 138 1383 66 101 1317 1275 103 72 583 542 518 274 237 244 170 74 139 44 1172 84 47 1088 855
internal_count=3092 2509 2458 912 886 1546 1521 138 1383 66 101 1317 1275 103 72 583 542 518 274 237 244 170 74 139 44 1172 84 47 1088 855
is_linear=0
shrinkage=0.05


Tree=218
num_leaves=31
num_cat=0
split_feature=6 6 8 2 4 1 2 0 1 1 0 10 6 2 6 5 5 10 10 1 10 5 2 10 10 5 4 4 1 0
split_gain=0.741492 1.38742 0.878598 2.32275 1.31149 1.15945 1.82691 1.34902 1.37027 1.32566 1.26943 1.24576 1.14221 1.11779 1.32132 1.16202 1.42441 0.98661 0.927843 1.47107 0.858573 0.72548 0.696599 0.732358 0.690337 0.906998 0.625155 0.717391 0.58551 0.534323
threshold=128037.85784872471 135100.44332905117 1.0000000180025095e-35 324265.02000000008 464517.94517857145 836376.76500000013 479878.03000000009 832401.2300000001 1391885.1650000003 1170112.9500000002 678984.24500000023 164.50000000000003 376970.88855045469 1170112.9500000002 158938.06409719549 301338.93343541614 355492.42104653973 103.50000000000001 81.500000000000014 440523.68500000006 119.50000000000001 176176.98395671838 317186.07000000001 176.50000000000003 259.50000000000006 43410.926953742339 405819.34464285715 420279.74303571432 950324.20000000007 420963.16000000009
decision_type=2 2 2 2 2 2 2 2 2 2 2 2 2 2 2 2 2 2 2 2 2 2 2 2 2 2 2 2 2 2
left_child=24 22 4 -4 29 6 10 28 9 17 11 -6 18 14 -5 20 -17 -9 -8 -20 -16 -21 -2 -24 26 -26 -1 -28 -7 -3
right_child=1 2 3 13 5 7 12 8 -10 -11 -12 -13 -14 -15 15 16 -18 -19 19 21 -22 -23 23 -25 25 -27 27 -29 -30 -31
leaf_value=2.210986383970885 -693.6692149504205 -382.06593699142104 1135.2838005844503 357.26257478376357 1236.7091460141442 -3621.3629636589935 -240.93286796528847 2367.8237229529655 -5290.0571373283692 3678.1870819938194 -1610.1786562450318 -346.34183909855204 9552.2862206598857 1270.1442206860347 -959.01558622866878 1114.2094262338244 -685.35770632318747 -3700.702874612145 4807.0211999600497 -201.25855219233637 -147.67716882276872 1509.3276029729286 -773.87190086118505 58.863729803581379 8.1914596218121005 -340.76630848373463 2348.0451376947663 -141.27468345862437 -1330.0785586673185 -152.29933819971629
leaf_weight=2177 21 81 33 38 32 22 37 22 28 20 20 27 25 26 41 22 24 21 24 34 35 39 22 27 25 21 24 22 36 66
leaf_count=2177 21 81 33 38 32 22 37 22 28 20 20 27 25 26 41 22 24 21 24 34 35 39 22 27 25 21 24 22 36 66
internal_value=0.000161708 -0.00112394 -0.000498008 0.00216895 -0.00159176 -6.45995e-05 0.00210084 -0.00352349 0.000274725 0.00436508 -0.00411392 -0.000423729 0.00518868 0 -0.0015625 -0.00409836 0.00217391 -0.000581395 0.00335821 0.00592784 -0.00789474 0.00239726 -0.00785714 -0.00459184 0.00062803 -0.00543478 0.000753486 0.00652174 -0.00948276 -0.00561224
internal_weight=3092 823 753 219 534 387 238 149 91 63 79 59 159 186 160 122 46 43 134 97 76 73 70 49 2269 46 2223 46 58 147
internal_count=3092 823 753 219 534 387 238 149 91 63 79 59 159 186 160 122 46 43 134 97 76 73 70 49 2269 46 2223 46 58 147
is_linear=0
shrinkage=0.05


Tree=219
num_leaves=31
num_cat=0
split_feature=3 3 4 0 3 0 0 10 10 4 10 10 1 3 1 0 4 4 5 4 2 1 0 2 2 0 0 5 2 0
split_gain=1.08202 1.16244 1.52653 1.47651 0.943314 0.819766 0.785905 1.31282 0.864708 0.743409 0.740906 0.730991 0.887935 1.03758 0.982116 1.0944 0.997731 1.7676 2.28344 1.45233 1.09529 1.7917 1.40697 2.30817 1.81529 1.65293 1.04997 1.11536 1.22054 0.999373
threshold=369276.96000000002 388157.50714285712 387813.85142857145 332528.43500000006 390804.81071428576 420963.16000000009 945493.09500000009 201.50000000000003 78.500000000000014 1091314.2683928574 45.500000000000007 257.50000000000006 393562.90000000008 291639.24071428576 337986.9150000001 317020.21500000003 295977.06142857141 289760.17017857148 105817.25042322236 298233.88178571436 329237.01500000007 279112.63000000006 192849.65000000002 163746.75000000003 195687.98500000002 210298.58000000002 163833.70500000005 47208.176563028122 176406.37500000003 322255.61000000004
decision_type=2 2 2 2 2 2 2 2 2 2 2 2 2 2 2 2 2 2 2 2 2 2 2 2 2 2 2 2 2 2
left_child=11 2 -2 -4 -3 -5 -6 8 10 -10 -8 12 14 -14 16 -16 17 18 20 -18 21 22 26 -24 -25 -26 -1 -28 -29 -21
right_child=1 4 3 5 6 -7 7 -9 9 -11 -12 -13 13 -15 15 -17 19 -19 -20 29 -22 -23 23 24 25 -27 27 28 -30 -31
leaf_value=1.0455757444899063 332.9542600718662 1459.7461718865322 -1337.8496681686433 637.12868433597907 -35.389796636122632 -303.78181823795023 1391.6131581062918 -1414.8151003063599 5316.7382665312616 83.236560389772066 -1967.5802495319979 -138.11237584354677 1017.0920075299568 67.049850538003383 -61.343489321169912 174.16184539672977 604.37964384482768 -112.02084034024811 2846.3050035295719 1.2908746046246962 -363.00496171955166 366.00142388918903 -390.43991589591428 391.57751295967103 -294.1460735385408 21.159700624700054 3.9568084993661614 177.18703172153474 40.991004001674447 143.35788422883488
leaf_weight=1005 28 20 23 20 698 31 23 33 48 37 25 55 21 65 41 23 31 64 23 214 31 29 68 34 21 39 196 33 54 59
leaf_count=1005 28 20 23 20 698 31 23 33 48 37 25 55 21 65 41 23 31 64 23 214 31 29 68 34 21 39 196 33 54 59
internal_value=4.85123e-05 -0.00131846 -0.00637255 -0.0101351 -0.000735294 -0.00539216 -0.000983796 0.00210843 0.00432331 0.00735294 -0.00104167 0.000688509 0.000841053 0.00581395 0.00062341 -0.00546875 0.000828511 0.000328741 0.000668624 0.00345395 0.000430464 0.000625423 0.00037931 -0.00401235 0.00106383 -0.00416667 0.000931677 0.00362191 0.00833333 0.00228938
internal_weight=3092 986 102 74 884 51 864 166 133 85 48 2106 2051 86 1965 64 1901 1597 1533 304 1510 1479 1450 162 94 60 1288 283 87 273
internal_count=3092 986 102 74 884 51 864 166 133 85 48 2106 2051 86 1965 64 1901 1597 1533 304 1510 1479 1450 162 94 60 1288 283 87 273
is_linear=0
shrinkage=0.05


Tree=220
num_leaves=31
num_cat=0
split_feature=6 1 10 2 6 6 2 4 4 4 5 2 10 5 6 2 6 0 4 0 2 3 5 6 0 0 2 5 4 3
split_gain=1.01321 1.45564 1.03179 0.841937 1.12142 0.719896 0.695681 0.66358 0.956899 0.756576 1.15523 0.634677 0.543478 0.515305 0.449179 2.24379 1.18134 1.38001 1.1056 1.38036 1.44514 1.29176 1.02928 1.01801 0.986681 0.868033 1.41688 1.12881 0.824606 0.955328
threshold=405212.51346880774 748649.40000000014 236.50000000000003 263193.62500000006 31973.474451421349 24934.738109092988 130457.15000000001 397348.8176785715 386921.28892857151 428947.87321428576 156314.5847961297 202780.73000000001 248.50000000000003 7318.200877185036 14781.389963740332 186863.08000000005 30907.185220021776 176555.30000000002 175375.88928571434 150857.66000000003 143330.095 173439.43928571432 27943.878949590802 11778.350834494229 133152.15500000003 135054.09000000005 133277.28500000003 10184.561905624718 116940.82678571431 223240.32214285719
decision_type=2 2 2 2 2 2 2 2 2 2 2 2 2 2 2 2 2 2 2 2 2 2 2 2 2 2 2 2 2 2
left_child=2 -2 14 4 5 13 -6 8 12 -9 -11 -8 -5 -4 15 18 17 24 19 20 25 23 -19 -21 -16 27 -27 -1 -18 -30
right_child=1 -3 3 7 6 -7 11 9 -10 10 -12 -13 -14 -15 16 -17 28 22 -20 21 -22 -23 -24 -25 -26 26 -28 -29 29 -31
leaf_value=-0.37487678800389407 -1674.3990955556219 -671.92871040003956 -6.8943837355887814 0.16411470766761341 147.26569288242862 -211.47999339138951 -20.529979070997797 349.53590879442055 -1035.7167321361601 -767.08626241569004 71.789166445872979 337.9865279281621 -71.191394652443705 6.448014674625302 49.072545638145677 -186.63662060170901 -79.883397757502109 0.8818014718213818 -166.41652158746439 134.59336921928625 -77.897130142250546 -2.1647557903983397 88.083110251073236 49.308352167260459 113.10462323237152 84.670159957039147 -0.19019733909663047 -34.923992869942595 12.462559274996602 -10.862508747763059
leaf_weight=221 20 56 21 23 30 20 33 25 28 31 30 20 23 50 29 20 39 161 22 23 38 42 33 32 27 24 43 41 654 1212
leaf_count=221 20 56 21 23 30 20 33 25 28 31 30 20 23 50 29 20 39 161 22 23 38 42 33 32 27 24 43 41 654 1212
internal_value=-0.000219798 -0.00592105 -7.51252e-05 -0.00269461 -0.000287356 -0.00412088 0.00391566 -0.0053125 -0.00878378 -0.00232558 -0.00532787 0.000471698 -0.00434783 -0.00176056 0.000253664 -0.00108696 0.000568445 0.0038 -0.000411523 0.000107759 -0.00129428 0.00541237 0.00180412 0.0104545 0.0107143 -0.000227964 0.00485075 -0.00152672 0.000144357 0.000294748
internal_weight=3071 76 2995 334 174 91 83 160 74 86 61 53 46 71 2661 506 2155 250 486 464 367 97 194 55 56 329 67 262 1905 1866
internal_count=3071 76 2995 334 174 91 83 160 74 86 61 53 46 71 2661 506 2155 250 486 464 367 97 194 55 56 329 67 262 1905 1866
is_linear=0
shrinkage=0.05


Tree=221
num_leaves=31
num_cat=0
split_feature=10 10 5 0 7 5 4 10 10 5 10 10 3 4 4 6 5 10 5 3 0 0 4 0 7 10 5 3 3 5
split_gain=0.811996 0.930192 0.822009 1.01647 0.884804 0.972794 0.935665 1.75041 1.17357 0.860119 0.615894 1.51556 0.522925 0.690006 0.653867 0.521589 1.34231 0.838214 0.758181 1.24592 1.40862 1.249 1.39581 1.03628 1.20458 1.01132 0.953469 1.03846 1.18593 1.40076
threshold=233.50000000000003 231.50000000000003 7318.200877185036 213621.71500000003 1.5000000000000002 83996.429739810948 397348.8176785715 249.50000000000003 248.50000000000003 126584.91272437781 238.50000000000003 243.50000000000003 120994.95428571431 135965.0325 172138.87410714288 92715.057187837127 94078.567190292888 19.500000000000004 42350.848692379157 223240.32214285719 308451.37500000006 140047.98500000002 122659.70982142859 113336.08000000002 3.5000000000000004 77.500000000000014 35552.16044183739 135208.22785714289 118445.57428571431 38817.407993640089
decision_type=2 2 2 2 2 2 2 2 2 2 2 2 2 2 2 2 2 2 2 2 2 2 2 2 2 2 2 2 2 2
left_child=1 15 -2 10 5 -5 8 -8 -6 -7 -4 -12 -13 -14 -15 16 18 -17 26 21 -21 23 -23 24 -20 -25 -1 28 29 -28
right_child=2 -3 3 4 6 9 7 -9 -10 -11 11 12 13 14 -16 17 -18 -19 19 20 -22 22 -24 25 -26 -27 27 -29 -30 -31
leaf_value=0.66395771726674868 -17.895059677803513 53.242751281771781 83.678954738519678 156.19940727514333 -187.45504962297127 -483.74592411821362 -1102.3449979759041 43.640214123349871 -312.50564705224247 466.37187056014955 -16.547052116465057 306.09059620012016 -57.680687561480227 66.80928269830693 -19.503480117447907 1058.6636160344817 1244.5992386828395 -23.697121485252865 -22.111453077195986 -267.40920147953585 214.04347791857435 149.20937822155975 29.380339441073012 -452.86958340628809 46.843648493526416 -7.4059883332069152 -263.75192263076406 88.147563482240372 -360.93259440907644 21.938928495410437
leaf_weight=815 25 21 27 20 34 21 30 43 29 27 25 20 28 24 27 29 24 1149 62 65 31 21 228 22 75 45 24 26 34 20
leaf_count=815 25 21 27 20 34 21 30 43 29 27 25 20 28 24 27 29 24 1149 62 65 31 21 228 22 75 45 24 26 34 20
internal_value=-7.3266e-05 0.000232256 -0.00223684 -0.00161972 -0.00392157 0.000735294 -0.00625 -0.00239726 -0.0107143 -0.003125 0.00149007 0 0.00277778 0.000949367 0.00441176 0.000149813 0.000770777 -0.000636672 0.000579019 0.00204918 -0.003125 0.0031457 0.00552209 0.000245098 0.00273723 -0.00485075 -0.000299238 -0.00480769 -0.00769231 -0.00227273
internal_weight=3071 2691 380 355 204 68 136 73 63 48 151 124 99 79 51 2670 1492 1178 1468 549 96 453 249 204 137 67 919 104 78 44
internal_count=3071 2691 380 355 204 68 136 73 63 48 151 124 99 79 51 2670 1492 1178 1468 549 96 453 249 204 137 67 919 104 78 44
is_linear=0
shrinkage=0.05


Tree=222
num_leaves=31
num_cat=0
split_feature=10 4 5 5 2 10 5 10 4 5 5 4 4 5 10 6 5 4 2 10 10 10 4 6 7 10 1 6 1 10
split_gain=0.70248 1.22226 1.66635 0.755403 1.67079 1.0032 1.00839 1.5232 1.27254 1.08041 1.46589 0.878504 0.902894 1.13282 0.855487 0.850547 1.53023 1.4331 1.03732 1.11166 1.19211 1.40416 0.74922 0.703247 0.635702 0.620573 0.816318 1.20368 1.26437 0.711199
threshold=255.50000000000003 399269.9537500001 42995.228707665905 83376.933967288132 383049.25000000006 250.50000000000003 75007.560835817465 116.50000000000001 302755.76558035723 71742.172016100943 58432.983415189221 223645.53125000003 155272.47421583853 66865.457558682814 19.500000000000004 73005.27195932687 87290.120040349328 219480.8835714286 176406.37500000003 23.500000000000004 28.500000000000004 41.500000000000007 314879.24570488726 122313.35513916756 2.5000000000000004 89.500000000000014 974722.88500000013 154249.21202559429 453839.63000000006 98.500000000000014
decision_type=2 2 2 2 2 2 2 2 2 2 2 2 2 2 2 2 2 2 2 2 2 2 2 2 2 2 2 2 2 2
left_child=3 2 -2 4 5 6 8 -8 9 10 -1 12 -12 -14 -5 -16 -17 -18 22 -20 -21 24 -19 -6 -22 26 27 28 -23 -27
right_child=1 -3 -4 14 23 -7 7 -9 -10 -11 11 -13 13 -15 15 16 17 18 19 20 21 25 -24 -25 -26 29 -28 -29 -30 -31
leaf_value=0.39009155063540679 -17.000306693913444 31.138970803187114 -400.76050334165922 1005.730435232757 2454.9076384218674 21.602839800328368 -15.136821751571553 225.42420624909064 -74.257652993555539 -196.91073670050685 12.967572873626342 -49.453351059343554 306.15318835329748 93.564997831642543 36.064174322305192 -837.57982261727739 966.42080216714533 -444.75751751840875 -2046.7776409991304 365.565939610621 -2022.2363820592495 97.66712076420518 -90.059960772097114 92.837374463774907 -368.6947861061708 -862.59310040756463 -1672.0846869780391 3746.9962048477291 -303.1780533411831 -18.710388244136265
leaf_weight=1305 43 37 27 29 20 32 43 38 35 31 28 33 24 26 31 31 25 21 20 24 21 87 22 22 34 52 31 74 33 792
leaf_count=1305 43 37 27 29 20 32 43 38 35 31 28 33 24 26 31 31 25 21 20 24 21 87 22 22 34 52 31 74 33 792
internal_value=8.14067e-06 -0.00397196 -0.00785714 0.000151822 0.000870495 0.000611285 0.000431862 0.0058642 0.000134953 0.00036282 0.000564972 0.00608108 0.00897436 0.013 -0.00073474 -0.000924499 -0.0011247 -0.000849515 -0.00109414 -0.000813356 -0.000609756 -0.000845196 -0.00872093 0.0107143 -0.00863636 -0.000444341 0.00188889 0.00309278 0 -0.00106635
internal_weight=3071 107 70 2964 1637 1595 1563 81 1482 1447 1416 111 78 50 1327 1298 1267 1236 1211 1168 1148 1124 43 42 55 1069 225 194 120 844
internal_count=3071 107 70 2964 1637 1595 1563 81 1482 1447 1416 111 78 50 1327 1298 1267 1236 1211 1168 1148 1124 43 42 55 1069 225 194 120 844
is_linear=0
shrinkage=0.05


Tree=223
num_leaves=31
num_cat=0
split_feature=6 4 5 4 4 4 7 0 0 2 1 0 6 10 10 4 1 5 5 10 6 0 4 1 2 1 1 7 2 1
split_gain=0.571179 0.902863 1.16388 1.74351 1.24355 1.22586 0.982439 2.36675 2.14786 1.49545 0.898845 1.41507 1.0461 0.937296 1.67992 1.63137 0.82428 1.05213 2.6154 0.966376 0.709435 1.35948 1.09715 1.42409 1.00411 0.672305 1.55623 0.818901 0.664394 0.635876
threshold=97309.154102245768 148951.39517857143 47685.674120121177 136566.87839285718 122659.70982142859 124480.04053571429 5.5000000000000009 92939.950000000026 130407.67500000002 164780.69500000004 89777.440000000017 154313.99500000002 6927.7645778391561 164.50000000000003 58.500000000000007 119463.68892857144 140502.31000000003 47685.674120121177 58432.983415189221 149.50000000000003 107272.37584940426 213621.71500000003 291125.76803571434 304223.69000000006 346562.19000000006 197760.97500000001 130257.54500000001 2.5000000000000004 449917.94000000006 139946.47000000003
decision_type=2 2 2 2 2 2 2 2 2 2 2 2 2 2 2 2 2 2 2 2 2 2 2 2 2 2 2 2 2 2
left_child=1 2 3 6 -4 -6 9 -8 -9 10 13 12 -12 14 -1 -16 17 -3 -19 -20 21 -2 -23 -24 -25 26 -22 -28 -26 -14
right_child=20 16 4 -5 5 -7 7 8 -10 -11 11 -13 29 -15 15 -17 -18 18 19 -21 25 22 23 24 28 -27 27 -29 -30 -31
leaf_value=-58.875388236110304 135.22301056159486 458.59728546129486 113.09884243389861 -289.34187644959604 -24.224753210162454 32.878400288084229 68.616016639847658 -64.887687338525211 50.054501980348142 -294.99017271054112 18.679026722454001 110.50887309740102 -2.0793243025556878 -31.057539461345005 34.791618089073019 -47.660912573726094 5.1710171244005325 -475.42826425396782 903.79741181224244 63.322075413735369 -401.37469373087481 26.682597190201342 -250.65861693537155 726.75789768193795 -862.41807193712748 -20.566545850844705 251.22125984283048 723.45885655004531 -189.69578673144426 -13.191455953133119
leaf_weight=55 25 28 40 21 41 34 28 36 37 42 55 26 286 47 31 21 771 24 21 20 28 24 47 23 25 1095 28 23 28 61
leaf_count=55 25 28 40 21 41 34 28 36 37 42 55 26 286 47 31 21 771 24 21 20 28 24 47 23 25 1095 28 23 28 61
internal_value=-8.14067e-06 0.000594203 -0.000551684 -0.00127346 0.00413043 0.000333333 -0.000862069 0.00371287 -0.0010274 -0.00160256 -0.000945017 0.000233645 -0.000497512 -0.00422078 -0.00163551 0.00480769 0.00173611 0.0061828 0.00269231 0.0103659 -0.000780089 -0.00377907 -0.00561224 -0.00752033 -0.00328947 -0.000340716 0.00411392 0.00931373 -0.00707547 -0.00151297
internal_weight=3071 1725 861 746 115 75 725 101 73 624 582 428 402 154 107 52 864 93 65 41 1346 172 147 123 76 1174 79 51 53 347
internal_count=3071 1725 861 746 115 75 725 101 73 624 582 428 402 154 107 52 864 93 65 41 1346 172 147 123 76 1174 79 51 53 347
is_linear=0
shrinkage=0.05


Tree=224
num_leaves=31
num_cat=0
split_feature=3 6 5 5 2 3 10 10 6 2 1 1 10 1 2 2 2 5 7 10 6 2 1 7 10 1 1 3 3 7
split_gain=0.711247 1.0328 1.68 1.875 1.06061 0.881993 1.20934 2.621 0.967742 0.78874 1.24409 0.854118 0.679563 1.10692 1.00199 1.47962 2.27516 1.33492 0.908021 0.868918 0.894528 1.66047 0.978144 1.08117 1.05945 1.36984 1.25149 1.09567 1.211 0.854068
threshold=300666.79642857151 110373.15389610942 125344.4409958035 62203.770036301787 313429.03000000009 366562.88500000007 93.500000000000014 134.50000000000003 128585.338348404 110073.395 87705.310000000012 98692.750000000015 50.500000000000007 125838.80000000002 238189.11000000002 182107.81500000003 159031.20500000002 31441.735362379535 4.5000000000000009 82.500000000000014 14676.719014205233 184225.86500000002 322891.38500000007 1.0000000180025095e-35 238.50000000000003 123051.55500000001 157852.88000000003 225722.15785714288 239054.94642857145 2.5000000000000004
decision_type=2 2 2 2 2 2 2 2 2 2 2 2 2 2 2 2 2 2 2 2 2 2 2 2 2 2 2 2 2 2
left_child=9 2 3 4 -2 6 -3 -8 -9 -1 -11 -12 13 -13 15 16 17 -15 -16 -14 21 -21 23 -22 25 -25 -26 -27 -29 -30
right_child=1 5 -4 -5 -6 -7 7 8 -10 10 11 12 19 14 18 -17 -18 -19 -20 20 22 -23 -24 24 26 27 -28 28 29 -31
leaf_value=-2.7496293022984903 -18.687600604261387 2274.8106447852565 171.61223428811064 -378.43513799067443 123.33631136759504 -29.776424825104186 -301.45679072533238 2543.8557317693458 112.91128244524008 149.03365736362758 -211.50245385900598 162.57537458087683 -19.430614417234757 42.721133696078326 32.993206577340608 -204.44788003296418 107.83549200001289 -637.96404118160285 387.07054991186016 -0.15319522842328298 50.39377982635051 -177.61604289123935 -119.21924607855908 -37.067957450004904 104.44052037929906 51.235546467662061 -220.21710517997127 -479.54895045797457 -48.691165603992708 59.921476052059738
leaf_weight=482 48 23 32 98 22 949 22 32 30 24 24 23 182 24 39 43 40 21 22 238 96 20 61 31 24 230 32 21 52 86
leaf_count=482 48 23 32 98 22 949 22 32 30 24 24 23 182 24 39 43 40 21 22 238 96 20 61 31 24 230 32 21 52 86
internal_value=-4.07034e-05 -0.000955414 -0.00425 -0.00625 0 -0.000331439 0.00397196 0.00119048 0.00645161 0.000592287 0.00121905 0.00101222 0.00118677 0.00377358 0.00251323 0 0.00382353 -0.00388889 0.00778689 0.000675676 0.00131874 -0.00116279 0.00233017 0.00297203 0.0019958 0.00285714 -0.00446429 0.00366324 0.000471698 0.00217391
internal_weight=3071 1256 200 168 70 1056 107 84 62 1815 1333 1309 1285 212 189 128 85 45 61 1073 891 258 633 572 476 420 56 389 159 138
internal_count=3071 1256 200 168 70 1056 107 84 62 1815 1333 1309 1285 212 189 128 85 45 61 1073 891 258 633 572 476 420 56 389 159 138
is_linear=0
shrinkage=0.05


Tree=225
num_leaves=31
num_cat=0
split_feature=5 5 1 1 4 4 10 2 5 10 5 7 10 5 10 1 2 6 6 0 10 2 0 5 0 0 6 4 5 7
split_gain=0.844189 2.41223 1.51806 1.91625 1.21645 1.50089 1.17155 1.40327 1.38551 1.36795 1.0236 1.2064 1.07681 1.01879 1.01333 0.965426 1.20071 1.76095 0.955873 1.34812 1.11364 0.95133 0.943759 0.903708 0.876213 1.93315 1.45612 1.15885 1.02401 0.888375
threshold=112993.80064450284 119512.71187824332 457749.13000000006 325563.81000000006 295542.02053571434 297287.50267857144 88.500000000000014 269068.82000000007 338217.79514391854 117.50000000000001 193358.77887970794 4.5000000000000009 45.500000000000007 261838.50722672034 252.50000000000003 558054.69500000018 383049.25000000006 143520.64543863767 186518.48434750325 527967.51000000013 161.50000000000003 209254.53500000003 482976.86500000005 147182.69537654278 240016.58500000005 229852.89000000004 103576.81067173934 220636.45857142858 78113.717897721697 4.5000000000000009
decision_type=2 2 2 2 2 2 2 2 2 2 2 2 2 2 2 2 2 2 2 2 2 2 2 2 2 2 2 2 2 2
left_child=4 2 3 -2 24 -6 7 -3 10 -8 11 23 13 -12 15 18 -17 -18 19 22 -20 -7 -11 -9 25 -1 27 28 -26 -29
right_child=1 6 -4 -5 5 21 9 8 -10 14 12 -13 -14 -15 -16 16 17 -19 20 -21 -22 -23 -24 -25 26 -27 -28 29 -30 -31
leaf_value=-1.1068000414750714 -222.02799945656517 4721.6656882242014 -1328.6048458099076 421.48513244154748 954.42292072785722 374.18444051709304 -563.26659342609344 26.377252292406048 4806.158909271885 -94.058293508901272 -593.53987570028983 -292.2828425046377 -4202.9834551760405 1488.6974920272712 1024.8095613977989 -841.60246002944768 899.46204729063902 27.130053994976336 1513.8457968020609 -695.8445671452879 -552.48597854689001 11.75644375243137 142.32070667536172 1992.8716793576577 -47.021709571643441 262.13771308086945 -469.87632368003835 -145.54906949969882 -305.66005045253553 1612.1187638231495
leaf_weight=1443 34 31 23 25 24 28 118 25 43 162 30 28 37 25 32 25 25 150 22 44 22 452 20 24 35 26 22 57 22 21
leaf_count=1443 34 31 23 25 24 28 118 25 43 162 30 28 37 25 32 25 25 150 22 44 22 452 20 24 35 26 22 57 22 21
internal_value=-0.000317073 -0.00156085 -0.0097561 -0.00550847 0.000234742 0.00238095 -0.000782155 0.00216049 0.000707547 -0.00193548 -0.00133136 0.00292208 -0.0048913 -0.000454545 -0.000796813 -0.00138298 0.00125 0.00271429 -0.00333333 -0.00464602 0.00340909 0.00177083 -0.00274725 0.00765306 -0.000430504 -5.10551e-05 -0.00398089 -0.00203704 -0.00745614 0.00192308
internal_weight=3075 945 82 59 2130 504 863 243 212 620 169 77 92 55 502 470 200 175 270 226 44 480 182 49 1626 1469 157 135 57 78
internal_count=3075 945 82 59 2130 504 863 243 212 620 169 77 92 55 502 470 200 175 270 226 44 480 182 49 1626 1469 157 135 57 78
is_linear=0
shrinkage=0.05


Tree=226
num_leaves=31
num_cat=0
split_feature=5 5 5 1 2 0 6 1 10 10 10 0 7 4 6 4 10 2 6 6 10 5 2 1 10 2 5 2 1 10
split_gain=0.74466 1.97627 1.55828 1.03699 1.35704 0.781297 0.879356 0.708658 1.01307 2.01552 1.58048 1.03525 1.12085 0.897341 1.64618 1.37511 1.13817 1.41551 0.816505 2.15555 0.696315 1.16663 1.56731 1.32076 1.04861 1.19695 2.01667 1.06506 1.00619 0.918655
threshold=110182.05823445389 108516.60207817449 119512.71187824332 428246.89500000008 305767.98500000004 507334.46000000008 281981.5255516576 176879.07000000004 44.500000000000007 35.500000000000007 49.500000000000007 416304.46500000003 2.5000000000000004 174592.28821428577 13998.002224689562 154388.71630952385 79.500000000000014 171969.70000000004 40046.088382577611 79916.668306420775 89.500000000000014 338217.79514391854 294136.4150000001 950324.20000000007 129.50000000000003 484419.0500000001 371384.67775465845 390857.35000000003 483238.4150000001 37.500000000000007
decision_type=2 2 2 2 2 2 2 2 2 2 2 2 2 2 2 2 2 2 2 2 2 2 2 2 2 2 2 2 2 2
left_child=1 5 3 4 -2 6 7 13 9 18 -10 -12 -13 15 -15 -1 17 -16 -9 -20 21 22 -4 29 25 27 -27 -22 -26 -24
right_child=2 -3 20 -5 -6 -7 -8 8 10 -11 11 12 -14 14 16 -17 -18 -19 19 -21 24 -23 23 -25 28 26 -28 -29 -30 -31
leaf_value=-2.2589582129465273 -141.37728640761927 437.31112976971201 4058.9984144872087 -808.61064469626876 400.41087581946925 608.02207957928772 -517.80806145093527 42.161105341010263 -301.36534094027741 278.10954991285837 10.960095383612497 -90.835346251509336 -2137.0894473792346 -188.01925053771413 -175.48732690820617 30.463091833317595 3.1570153854569072 36.403957481140246 -444.18785437202024 77.494188159915211 -197.56848637174991 4525.7166838106377 -792.52629463777271 -2087.8469563917665 -85.717530327655552 79.567686651556869 -5940.5737338477375 -1573.8884930218906 37.716533080226512 680.5205284688127
leaf_weight=888 48 21 33 33 35 32 23 32 21 36 636 36 23 20 25 104 114 24 23 38 41 46 42 35 224 60 20 24 245 93
leaf_count=888 48 21 33 33 35 32 23 32 21 36 636 36 23 20 25 104 114 24 23 38 41 46 42 35 224 60 20 24 245 93
internal_value=-0.000317073 0.000214695 -0.00145557 -0.00689655 -0.00391566 6.0241e-05 -6.11845e-05 4.9505e-05 0.00115385 0.00523256 0.000418994 0.000827338 -0.00550847 -0.000744681 -0.00396175 -0.00015121 -0.00230061 -0.00867347 0.00134409 -0.00204918 -0.000724218 0.00150602 -0.000123153 -0.00205882 -0.00162866 -0.00534483 -0.00125 -0.0103846 -0.000479744 0.000185185
internal_weight=3075 2096 979 116 83 2075 2043 2020 845 129 716 695 59 1175 183 992 163 49 93 61 863 249 203 170 614 145 80 65 469 135
internal_count=3075 2096 979 116 83 2075 2043 2020 845 129 716 695 59 1175 183 992 163 49 93 61 863 249 203 170 614 145 80 65 469 135
is_linear=0
shrinkage=0.05


Tree=227
num_leaves=31
num_cat=0
split_feature=5 5 1 1 10 2 10 6 6 3 5 2 1 10 5 1 10 3 5 2 2 6 6 3 1 1 3 3 5 10
split_gain=0.451694 1.71905 1.46286 1.14753 0.829102 1.04014 1.90533 1.39767 1.6709 0.886705 1.16018 1.05706 1.34617 0.856857 0.930376 0.882005 0.868623 1.25319 1.36509 0.7688 0.822917 0.767525 1.40164 1.44906 1.01699 1.00251 0.85403 0.793265 0.896186 0.891908
threshold=112993.80064450284 118470.56287015569 457749.13000000006 325563.81000000006 88.500000000000014 440523.68500000006 70.500000000000014 275537.99546421139 325639.83969477838 455748.94642857148 154024.64881952255 356720.39500000008 474212.97000000003 184.50000000000003 128357.81606349666 424970.04000000004 206.50000000000003 371355.62642857147 136534.7931255649 170725.78500000003 172731.66000000003 72657.237655223566 69664.958911590904 173439.43928571432 145473.21000000002 165720.92000000001 135208.22785714289 153293.91571428577 47685.674120121177 231.50000000000003
decision_type=2 2 2 2 2 2 2 2 2 2 2 2 2 2 2 2 2 2 2 2 2 2 2 2 2 2 2 2 2 2
left_child=19 2 3 -2 5 6 -3 -7 -9 10 13 -12 -13 14 -6 -16 -15 -18 -19 21 -21 22 23 24 27 -26 -27 28 29 -1
right_child=1 4 -4 -5 9 7 -8 8 -10 -11 11 12 -14 16 15 -17 17 18 -20 20 -22 -23 -24 -25 25 26 -28 -29 -30 -31
leaf_value=-4.0162474741722693 -276.02647774152575 7.6781369037809784 -1211.2677418013482 425.81812298221053 18.751858958753292 -366.52300736886974 5477.3312243263181 2452.0641965798627 -111.98064648680739 5.6794916950049812 -116.62620887466765 -1505.0436427229608 -415.03842650616281 159.99756417178071 -144.66977185528958 -556.56783305964643 160.20410181938496 -1374.3421324949406 41.359190363466041 59.158107469924289 8.6899622898083191 -182.46228243937659 62.013277124460728 -151.7216272717742 40.005585103253544 70.852937716073939 -176.8172248005416 -652.04680414000768 29.142437854094169 3.3364882265334019
leaf_weight=582 28 51 20 22 32 78 33 25 59 365 29 33 20 26 31 20 24 26 23 24 1002 88 23 52 80 27 24 33 100 95
leaf_count=582 28 51 20 22 32 78 33 25 59 365 29 33 20 26 31 20 24 26 23 24 1002 88 23 52 80 27 24 33 100 95
internal_value=-0.000121951 -0.00103175 -0.00857143 -0.004 -0.000428571 0.00203252 0.00654762 -0.000308642 0.00416667 -0.0013911 -0.00359848 -0.00853659 -0.0127358 -0.00137363 -0.00512048 -0.00931373 0.00176768 -0.0010274 -0.00561224 0.00028169 0.00126706 -0.000634058 -0.000246063 -0.000528701 -7.97024e-05 0.00400763 -0.00147059 -0.000740741 -0.000418275 -0.0010709
internal_weight=3075 945 70 50 875 246 84 162 84 629 264 82 53 182 83 51 99 73 49 2130 1026 1104 1016 993 941 131 51 810 777 677
internal_count=3075 945 70 50 875 246 84 162 84 629 264 82 53 182 83 51 99 73 49 2130 1026 1104 1016 993 941 131 51 810 777 677
is_linear=0
shrinkage=0.05


Tree=228
num_leaves=31
num_cat=0
split_feature=2 4 6 10 0 3 4 1 10 1 4 4 7 5 4 5 1 2 2 7 4 2 4 6 5 6 2 7 3 4
split_gain=0.317527 0.433658 1.41731 0.916433 1.14512 0.892493 0.899725 1.04274 1.04083 0.687844 0.666689 2.00694 2.06382 0.677455 2.08211 2.06755 1.15615 1.18726 1.74385 1.22261 1.11037 1.08731 1.41429 1.23994 0.909973 0.961601 0.871317 0.80617 0.764522 0.837196
threshold=1574417.9600000002 570946.61571428587 164136.70395113775 87.500000000000014 551425.88500000013 559270.46428571444 510112.9064285715 508344.71500000008 105.50000000000001 428246.89500000008 487485.96125000005 506212.04999999999 2.5000000000000004 112993.80064450284 292670.81812169316 118470.56287015569 489230.06000000006 219832.47500000003 396082.10500000004 3.5000000000000004 385148.46392857149 458903.97500000003 402517.48767857149 136501.98635866327 129659.87757843696 138723.34230673066 314722.19000000006 3.5000000000000004 377005.93500000011 295542.02053571434
decision_type=2 2 2 2 2 2 2 2 2 2 2 2 2 2 2 2 2 2 2 2 2 2 2 2 2 2 2 2 2 2
left_child=1 2 10 4 -4 6 8 -8 -5 -10 13 -12 -13 21 -15 -16 17 -17 19 26 -21 23 -23 28 -18 -26 -19 -20 29 -1
right_child=-2 -3 3 5 -6 -7 7 -9 9 -11 11 12 -14 14 15 16 24 18 27 20 -22 22 -24 -25 25 -27 -28 -29 -30 -31
leaf_value=-1.233586363525683 -559.32013162419605 79.516672860586553 -396.24429720214107 -1995.633844800765 4166.2313751764887 -4942.8288022669149 -136.0486196560116 1306.291939690459 -7.0679030159604741 -723.15878214290717 1536.6473970843742 904.8851275430934 -286.58773607008624 632.55489274292495 -401.26778547265786 -248.9825875725881 666.1600996440859 12.359070325734502 -58.375846035868747 -111.77986045903454 701.24850910428222 1343.5292124512634 -549.64494344546983 976.32550453760496 -110.79489843093324 297.62644353748914 -649.38624645581297 -633.98295729329698 -219.15515723334394 20.414303799890334
leaf_weight=1604 28 314 23 23 21 21 21 20 49 33 24 21 27 31 54 20 23 32 41 22 38 55 22 20 41 24 22 38 66 297
leaf_count=1604 28 314 23 23 21 21 21 20 49 33 24 21 27 31 54 20 23 32 41 22 38 55 22 20 41 24 22 38 66 297
internal_value=-5.69106e-05 -8.20479e-06 -0.000210392 -0.00414692 0.00227273 -0.00583832 -0.00445205 0.00182927 -0.00690476 -0.00426829 0.000118953 0.00486111 -0.00104167 -2.04082e-05 -0.00194301 -0.00302817 -0.00141196 -0.00340376 -0.00220207 0.00175439 0.00666667 0.000339147 0.00616883 0.000113236 0.00340909 0.000384615 -0.0037037 -0.00791139 -1.27097e-05 0.000170963
internal_weight=3075 3047 2733 211 44 167 146 41 105 82 2522 72 48 2450 386 355 301 213 193 114 60 2064 77 1987 88 65 54 79 1967 1901
internal_count=3075 3047 2733 211 44 167 146 41 105 82 2522 72 48 2450 386 355 301 213 193 114 60 2064 77 1987 88 65 54 79 1967 1901
is_linear=0
shrinkage=0.05


Tree=229
num_leaves=31
num_cat=0
split_feature=6 6 0 1 1 0 2 2 2 10 6 10 4 8 3 5 2 3 3 3 3 6 6 1 1 2 1 3 3 5
split_gain=0.470179 1.42926 1.12758 0.835755 0.898215 0.879502 0.717993 0.708013 1.08805 1.8653 1.47859 1.17009 1.50864 0.826226 0.663467 1.20849 2.05507 1.26754 3.38569 2.13198 1.46944 1.1401 1.12296 1.08889 0.983115 0.924396 0.898633 0.971935 1.44868 1.5392
threshold=102807.90043296338 106377.10293599313 237839.24000000002 249520.31500000003 262282.68500000006 390224.83000000002 251981.21500000003 329237.01500000007 295734.82000000007 46.500000000000007 24710.563569740498 185.50000000000003 299275.41908571433 1.0000000180025095e-35 472807.17642857152 135241.27525234167 290950.18000000005 397755.18857142859 389106.43214285723 403279.36928571435 411163.68000000011 120478.11991451381 114019.63656086488 489230.06000000006 302096.73000000004 288753.74000000005 233325.94000000003 420395.72500000009 392349.10428571439 164836.42297550617
decision_type=2 2 2 2 2 2 2 2 2 2 2 2 2 2 2 2 2 2 2 2 2 2 2 2 2 2 2 2 2 2
left_child=3 2 -2 6 -5 7 -1 8 9 -6 -11 12 -10 -9 15 17 24 18 21 -19 -21 22 25 -22 -17 -3 -18 28 29 -28
right_child=1 14 -4 4 5 -7 -8 13 11 10 -12 -13 -14 -15 -16 16 26 19 -20 20 23 -23 -24 -25 -26 -27 27 -29 -30 -31
leaf_value=-0.4574130117034656 21.827882474852959 -174.86758043744632 -287.77911893070268 600.92714810577888 204.75565982294503 947.61795738592923 -279.91273821521901 -846.40637790836774 464.20519108691809 8.9568773099439571 -88.636029511966626 110.75108594152553 -7.0491761049299386 33.821255920098338 30.077964110334872 422.8629767645034 -2353.0409549933042 -782.0525145786437 1170.4273446903449 568.36628681326545 -470.03232573777495 -154.66570834225277 622.73001871742315 32.987791590923734 -10.784591526522128 281.22663308209741 -1182.258860752132 -89.830468682359793 -1477.3427257563542 178.10181963605865
leaf_weight=1444 20 31 55 23 20 35 27 32 32 44 48 40 58 46 532 20 20 22 29 30 60 144 31 30 34 30 33 54 30 21
leaf_count=1444 20 31 55 23 20 35 27 32 32 44 48 40 58 46 532 20 20 22 29 30 60 144 31 30 34 30 33 54 30 21
internal_value=-0.000219512 -0.000978793 -0.00766667 0.000283937 0.00238095 0.00176056 -0.000254929 0.0009375 0.00227273 -0.00133929 -0.00434783 0.00538462 0.00222222 -0.00320513 -0.000543006 -0.0016559 -0.00471698 -6.14251e-05 0.00198113 -0.00387324 -0.00125 0 0.00434783 -0.00444444 0.0037037 0.000409836 -0.00759494 -0.00615942 -0.00952381 -0.00462963
internal_weight=3075 1226 75 1849 378 355 1471 320 242 112 92 130 90 78 1151 619 212 407 265 142 120 236 92 90 54 61 158 138 84 54
internal_count=3075 1226 75 1849 378 355 1471 320 242 112 92 130 90 78 1151 619 212 407 265 142 120 236 92 90 54 61 158 138 84 54
is_linear=0
shrinkage=0.05


Tree=230
num_leaves=31
num_cat=0
split_feature=3 3 6 5 10 5 1 6 0 0 10 10 6 10 0 0 9 2 2 0 0 1 0 3 10 0 0 2 2 10
split_gain=0.917907 1.14841 0.935557 0.886908 0.941917 0.84815 0.727519 0.684349 0.823196 2.3719 0.86044 0.903896 0.788961 1.05397 1.86746 0.997377 0.650507 0.81679 0.800186 1.48861 0.804762 0.714583 0.61615 2.20194 1.0349 1.5067 1.36566 0.950428 2.0119 1.02724
threshold=413517.83500000002 417617.69214285718 115555.99780710715 184217.46425335514 231.50000000000003 4874.8839069713058 428246.89500000008 125262.425585351 557495.57500000007 494389.05500000005 56.500000000000007 84.500000000000014 150392.42913183375 148.50000000000003 324396.56000000006 407826.83000000007 1.0000000180025095e-35 91171.510000000009 183013.83500000005 200374.95000000004 268668.97500000003 294526.96000000008 314495.83500000008 301883.79785714293 124.50000000000001 275240.94500000007 260574.74500000002 219832.47500000003 184225.86500000002 129.50000000000003
decision_type=2 2 2 2 2 2 2 2 2 2 2 2 2 2 2 2 2 2 2 2 2 2 2 2 2 2 2 2 2 2
left_child=3 -2 -3 4 5 -1 16 -4 9 10 -9 -12 -13 14 -14 -15 17 -6 -19 -20 -21 -22 23 -7 25 -25 -26 28 -24 -29
right_child=1 2 7 -5 6 22 -8 8 -10 -11 11 12 13 15 -16 -17 -18 18 19 20 21 -23 27 24 26 -27 -28 29 -30 -31
leaf_value=-54.833074510623561 -573.24475260700854 -1466.30167554746 556.62118804276395 355.01897174371697 87.472637287231919 0.88749287873361027 -521.48114165598531 -654.33680093922885 27.109773222508377 -662.51245727069625 3163.6091112925587 -1159.9372762370506 73.940898186014962 -2.3811064999288649 -713.72136010689428 289.96231021209678 -57.93790047494258 0.81533232542133194 211.83829590832539 -73.923694244702347 196.68164803451947 14.361029176462035 48.398422071507959 -166.12420141557379 -56.981297802721386 126.82333787476819 -153.27993957073051 1.8283255331014516 -1231.759709073679 264.08834237479607
leaf_weight=30 21 22 32 21 28 1525 21 21 381 45 20 42 20 36 31 25 24 119 22 24 28 32 36 37 36 22 44 145 27 153
leaf_count=30 21 22 32 21 28 1525 21 21 381 45 20 42 20 36 31 25 24 119 22 24 28 32 36 37 36 22 44 145 27 153
internal_value=1.62866e-05 -0.00158046 -0.00122222 0.000484414 0.000393115 1.21655e-05 0.00302013 -0.000880551 -0.00124799 -0.00354167 -0.00115385 0 -0.0012987 0.000892857 -0.00441176 0.00532787 0.00370036 0.00444664 0.00344444 0.00660377 0.00357143 0.00666667 0.000135802 -0.000270433 -0.00629496 -0.00127119 -0.01 0.00200831 -0.00357143 0.00318792
internal_weight=3070 696 675 2374 2353 2055 298 653 621 240 195 174 154 112 51 61 277 253 225 106 84 60 2025 1664 139 59 80 361 63 298
internal_count=3070 696 675 2374 2353 2055 298 653 621 240 195 174 154 112 51 61 277 253 225 106 84 60 2025 1664 139 59 80 361 63 298
is_linear=0
shrinkage=0.05


Tree=231
num_leaves=31
num_cat=2
split_feature=7 6 2 2 11 3 4 3 2 0 2 4 3 2 0 2 0 4 4 3 3 0 2 2 6 4 0 2 9 11
split_gain=0.756449 0.910307 0.850826 2.04792 0.778446 2.2376 1.0365 1.0225 0.859676 0.858698 0.702293 1.79374 0.835059 0.684259 0.829437 2.39986 1.98016 2.25372 1.30615 2.65503 1.67273 1.15497 1.04756 0.991075 0.943267 0.877345 1.20635 0.835858 0.691253 0.675027
threshold=3.5000000000000004 6212.6344031628169 128401.895 121612.50000000001 0 299678.88571428577 135167.34089285717 213533.60642857142 365105.98000000004 118455.59500000002 1170112.9500000002 1082648.0912500001 1120377.0121428573 69621.24500000001 222265.33500000005 159031.20500000002 232009.21000000002 217033.88250000004 149838.82875000002 153293.91571428577 136543.58142857146 131455.58500000002 255935.42000000004 143330.095 364628.79054146173 357759.90303571435 339188.5500000001 182107.81500000003 1.0000000180025095e-35 1
decision_type=2 2 2 2 1 2 2 2 2 2 2 2 2 2 2 2 2 2 2 2 2 2 2 2 2 2 2 2 2 1
left_child=10 -2 3 29 5 7 -6 9 -9 -4 11 13 -12 -1 18 -16 -17 -18 20 -20 27 -22 25 -21 28 26 -19 -15 -24 -3
right_child=1 2 4 -5 6 -7 -8 8 -10 -11 12 -13 -14 14 15 16 17 22 19 23 21 -23 24 -25 -26 -27 -28 -29 -30 -31
leaf_value=-58.088356875928007 -40.975737437587668 -4.8251372630053089 1.0349680022307439 200.38040808278458 -131.62220578222625 -233.57800678252244 -21.556789783043499 -14.277005205789465 955.93420520961672 132.99678315579149 106.18538060385909 5983.4813900447452 -3460.0152835846998 5.7067978449922521 -420.19183626559027 -935.23775495019436 490.39956526861425 12.220560988076613 399.91842863794739 -183.37446285277258 -170.37635666173375 -6.6211915734667857 44.639154184510701 24.381455457892301 -1427.7752290136532 24.52505157350388 -736.92171814055405 -317.58944205023585 -179.838500602133 37.701269411163231
leaf_weight=30 24 106 26 23 29 27 790 91 22 57 40 24 23 409 52 20 20 21 47 27 20 33 538 282 31 42 36 21 54 105
leaf_count=30 24 106 26 23 29 27 790 91 22 57 40 24 23 409 52 20 20 21 47 27 20 33 538 282 31 42 36 21 54 105
internal_value=0.00014658 -0.000769231 -0.000587774 0.00213675 -0.00119962 0.00139485 -0.00189988 0.00331633 0.000221239 0.00753012 0.000819209 0.00101054 -0.00436508 0.000816993 0.000952813 -0.000184275 0.000524934 0.000943396 0.00205602 0.00435393 0.000362319 -0.00801887 0.000484765 0.0026699 0.00124398 -0.00429293 -0.00833333 0.00139535 0.00168919 0.000592417
internal_weight=3070 1300 1276 234 1042 223 819 196 113 83 1770 1707 63 1683 1653 814 762 742 839 356 483 53 722 309 623 99 57 430 592 211
internal_count=3070 1300 1276 234 1042 223 819 196 113 83 1770 1707 63 1683 1653 814 762 742 839 356 483 53 722 309 623 99 57 430 592 211
cat_boundaries=0 1 2
cat_threshold=2 10
is_linear=0
shrinkage=0.05


Tree=232
num_leaves=31
num_cat=0
split_feature=7 10 10 6 2 7 10 0 6 9 10 5 6 2 5 0 5 5 5 10 10 0 5 6 2 1 0 0 5 6
split_gain=0.550147 1.21567 2.80658 1.70322 1.71118 1.27053 1.12261 1.19808 1.72924 1.06132 1.1951 1.06786 1.92192 1.23942 1.53964 0.925521 1.01699 1.0741 0.784919 0.745985 0.712826 0.698413 1.65906 1.04395 0.694087 0.855411 0.694072 0.768049 0.728139 0.675192
threshold=3.5000000000000004 147.50000000000003 154.50000000000003 6719.8449871417515 176406.37500000003 5.5000000000000009 173.50000000000003 500171.74000000005 111647.54902496944 1.0000000180025095e-35 41.500000000000007 79901.07296397032 24553.044512361008 281386.79500000004 121332.18348206226 405023.70000000007 128357.81606349666 147182.69537654278 71742.172016100943 223.50000000000003 223.50000000000003 742958.30500000005 115916.17200422524 68673.682968589244 170725.78500000003 87705.310000000012 317020.21500000003 129389.77 72743.067711366704 9839.8124710019456
decision_type=2 2 2 2 2 2 2 2 2 2 2 2 2 2 2 2 2 2 2 2 2 2 2 2 2 2 2 2 2 2
left_child=-1 3 -3 -2 18 9 26 8 -8 10 -6 12 -12 -13 -15 16 -10 -18 24 -9 -17 22 23 -7 25 -5 27 -4 -29 -27
right_child=1 2 6 4 5 21 7 19 15 -11 11 13 -14 14 -16 20 17 -19 -20 -21 -22 -23 -24 -25 -26 29 -28 28 -30 -31
leaf_value=3.2128633429791082 -41.80722899807661 537.16307974806693 -6.1808967223438236 61.404023961098574 -460.17358603640901 -22.019094828157542 -0.043025938486243837 -1356.9909558860732 2978.7910831797435 4.8579454057879055 -29.853192964849587 54.656627723295244 -297.24742198079406 -676.95745261239654 -338.14925962075068 115.8343932244432 -7.5464323166612308 1449.6382983656645 1633.0285793711985 555.09218099076531 -231.27455825759827 685.97673984383005 -435.64157396947849 142.84039581939871 56.170866179906447 6.2476979333332565 172.60486882192637 -197.04704648711777 -43.625288330613699 -17.878232018617563
leaf_weight=1770 22 37 20 29 36 36 297 32 21 41 28 37 30 31 86 21 21 20 21 21 22 28 40 50 22 49 22 22 20 138
leaf_count=1770 22 37 20 29 36 36 297 32 21 41 28 37 30 31 86 21 21 20 21 21 22 28 40 50 22 49 22 22 20 138
internal_value=-6.51466e-05 -0.000846154 0.000868056 -0.00220994 -0.00178063 -0.00366817 -4.63822e-05 0.000934066 0.00186567 -0.00562284 -0.00685484 -0.00542453 -0.0112069 -0.00324675 -0.00576923 0.00738095 0.0112903 0.00670732 0.00144788 -0.00613208 0.00174419 0 -0.0015873 0.00232558 0.000630252 -0.000231481 -0.00535714 -0.00806452 -0.0119048 -0.00147059
internal_weight=3070 1300 576 724 702 443 539 455 402 289 248 212 58 154 117 105 62 41 259 53 43 154 126 86 238 216 84 62 42 187
internal_count=3070 1300 576 724 702 443 539 455 402 289 248 212 58 154 117 105 62 41 259 53 43 154 126 86 238 216 84 62 42 187
is_linear=0
shrinkage=0.05


Tree=233
num_leaves=31
num_cat=1
split_feature=1 6 4 6 6 1 4 0 6 3 0 0 2 2 11 2 6 2 0 0 6 4 2 4 2 2 0 3 2 3
split_gain=0.609286 0.778138 0.347755 1.6348 1.19944 1.12264 0.638671 1.01132 0.75801 1.30602 0.69534 1.11256 1.23463 0.62552 0.45979 1.24197 1.32189 1.25337 1.27409 0.993036 1.63915 0.979909 1.29361 1.22478 0.952813 0.890977 0.898226 1.29571 1.20407 0.886427
threshold=1391885.1650000003 398738.94413311017 91603.312500000015 25400.329045009636 6342.1610494499646 73314.755000000019 92051.925357142871 93625.795000000027 8964.6164863648683 112785.08571428571 91936.055000000008 94883.685000000012 94883.685000000012 136326.89500000002 0 516985.39500000008 118969.01629422152 97422.390000000014 395669.96500000003 339188.5500000001 73711.586295707573 123450.99839285715 123160.62000000001 121805.80410714286 84936.565000000017 117631.41500000002 186595.16000000003 231203.28857142859 188404.78000000003 210628.16285714289
decision_type=2 2 2 2 2 2 2 2 2 2 2 2 2 2 1 2 2 2 2 2 2 2 2 2 2 2 2 2 2 2
left_child=2 -2 3 4 -1 -4 7 -7 10 -10 -8 -12 -13 -14 15 16 17 24 19 20 -19 22 23 -16 -11 -23 27 -27 -28 -30
right_child=1 -3 5 -5 -6 6 8 -9 9 14 11 12 13 -15 21 -17 -18 18 -20 -21 -22 25 -24 -25 -26 26 28 -29 29 -31
leaf_value=-36.836589115804237 -5060.6929877832126 896.5182174233953 68.272095239381088 -103.37976412885655 83.651104997406946 1.0179738692248066 5.4630745809248769 52.562715730949279 262.34253177868521 -3.8747140355328158 -72.282530822142874 14.712443821049238 -17.760044822910277 -0.96956201752691418 -28.527222056193569 143.94935278081684 -197.73821355166729 -34.002360325436534 1016.4923217173084 -654.10299683394624 211.85952713118024 -53.399687956323035 96.69013290247095 41.426080512996123 71.287567890094948 5.3117392039392151 -62.234356332261818 247.22459708665849 375.27131712452683 -1.9546781626762824
leaf_weight=44 26 23 22 29 35 45 37 22 23 28 22 22 25 26 26 73 181 332 35 26 50 69 42 33 29 462 87 39 23 1134
leaf_count=44 26 23 22 29 35 45 37 22 23 28 22 22 25 26 26 73 181 332 35 26 50 69 42 33 29 462 87 39 23 1134
internal_value=-8.14332e-05 -0.00561224 8.27541e-06 -0.00277778 0.000949367 0.000111569 2.59426e-05 0.00485075 -8.85269e-05 9.28678e-05 -0.00378788 -0.00605263 -0.00308219 -0.00735294 -9.3668e-06 -0.00104712 -0.0017254 -0.0004 -0.00129797 -0.00208333 -0.00143979 0.000402597 0.00519802 0.000423729 0.00657895 0.000137817 0.000358166 0.00214571 -0.000361736 6.48228e-05
internal_weight=3070 49 3021 108 79 2913 2891 67 2824 2692 132 95 73 51 2669 754 681 500 443 408 382 1915 101 59 57 1814 1745 501 1244 1157
internal_count=3070 49 3021 108 79 2913 2891 67 2824 2692 132 95 73 51 2669 754 681 500 443 408 382 1915 101 59 57 1814 1745 501 1244 1157
cat_boundaries=0 1
cat_threshold=1
is_linear=0
shrinkage=0.05


Tree=234
num_leaves=31
num_cat=0
split_feature=0 0 2 10 1 0 5 0 1 0 7 0 1 3 3 1 0 4 10 0 4 4 0 3 2 10 0 5 4 2
split_gain=0.42299 1.70603 1.00593 1.46283 1.42983 1.69118 1.77429 1.37023 0.748605 1.70758 1.06212 1.1235 1.11976 0.823049 1.04383 0.931802 0.91319 0.796154 0.787215 0.785351 1.60386 1.25597 1.19978 1.00907 1.06091 0.965631 0.905561 1.13466 1.17556 0.909419
threshold=213621.71500000003 208868.95000000004 164780.69500000004 87.500000000000014 197760.97500000001 326744.49500000005 138146.13288717566 255614.00000000003 256593.80000000002 456941.59500000003 3.5000000000000004 271484.84500000003 286404.10000000003 294656.28928571433 298209.21500000008 321270.94000000006 332528.43500000006 334480.92495879129 222.50000000000003 507334.46000000008 386921.28892857151 513273.52767857147 482976.86500000005 1120377.0121428573 1083362.1950000001 220.50000000000003 1074964.1100000001 193358.77887970794 449424.16089285718 950324.20000000007
decision_type=2 2 2 2 2 2 2 2 2 2 2 2 2 2 2 2 2 2 2 2 2 2 2 2 2 2 2 2 2 2
left_child=1 -1 3 -2 5 -4 -7 -6 9 17 11 -10 -12 -14 -15 16 -16 -9 -17 21 -21 22 -13 25 -25 26 27 28 -22 -29
right_child=2 -3 4 -5 7 6 -8 8 10 -11 12 19 13 14 15 18 -18 -19 -20 20 23 -23 -24 24 -26 -27 -28 29 -30 -31
leaf_value=1.0070047229339252 282.52261914558551 162.90728096375244 646.82792736734484 -360.87300716718784 -125.32843094149285 -294.36944833533488 1797.6119604295034 -107.28855893357323 246.59814173425985 -1192.3004041929235 45.178382224019153 15.617001909032115 305.4114846225479 -154.62706478951588 -10.322737615878578 -288.63024726317235 634.86764330169251 136.36644974049997 56.491985580237817 2102.8889595037836 -31.298570441713675 -713.97313789608313 -324.19664526536508 160.51583802270471 -3275.7887580896031 -365.37203802261212 5299.0762677000957 -1347.6752488078405 2016.6666209331772 4460.7687477918807
leaf_weight=1474 28 23 34 58 133 21 25 26 34 20 27 319 29 30 39 292 20 20 71 22 30 33 24 21 26 40 29 46 45 31
leaf_count=1474 28 23 34 58 133 21 25 26 34 20 27 319 29 30 39 292 20 20 71 22 30 33 24 21 26 40 29 46 45 31
internal_value=1.62866e-05 0.000617902 -0.000556262 -0.00581395 -0.000252186 0.00625 0 -0.000621891 -0.000117739 -0.00530303 0.000165563 0.00142857 -0.0015748 -0.00213098 -0.00265487 -0.00201422 0.00381356 0 -0.00296143 0.000975976 0.00293103 -0.000531915 0.000364431 0.00186567 -0.00478723 0.00328054 0.00483425 0.00328947 0.00766667 -0.000974026
internal_weight=3070 1497 1573 86 1487 80 46 1407 1274 66 1208 700 508 481 452 422 59 46 363 666 290 376 343 268 47 221 181 152 75 77
internal_count=3070 1497 1573 86 1487 80 46 1407 1274 66 1208 700 508 481 452 422 59 46 363 666 290 376 343 268 47 221 181 152 75 77
is_linear=0
shrinkage=0.05


Tree=235
num_leaves=31
num_cat=0
split_feature=3 10 3 0 5 6 1 0 10 1 5 1 5 0 1 5 1 5 10 0 10 0 1 0 3 7 9 5 7 3
split_gain=1.814 1.13462 0.831301 1.26161 0.781534 0.761307 0.723214 1.23049 0.693731 0.676289 1.37337 0.892398 1.6019 0.704936 0.787255 0.953105 1.7015 1.18198 0.984343 1.167 1.07355 0.879487 0.874741 0.859524 0.853651 1.21788 0.851009 0.803814 2.38944 1.27282
threshold=90151.568571428594 24.500000000000004 299678.88571428577 566263.16500000015 4874.8839069713058 420523.54045574507 171624.54500000001 139266.34500000003 262.50000000000006 1213230.8100000003 355492.42104653973 974722.88500000013 315812.98684371059 1253947.2600000002 215002.05500000002 67453.735831204875 474212.97000000003 324285.28731276351 102.50000000000001 299583.55000000005 135.50000000000003 275240.94500000007 291138.22500000003 305119.35500000004 299948.86500000005 3.5000000000000004 1.0000000180025095e-35 92947.605091194229 2.5000000000000004 225722.15785714288
decision_type=2 2 2 2 2 2 2 2 2 2 2 2 2 2 2 2 2 2 2 2 2 2 2 2 2 2 2 2 2 2
left_child=-1 2 6 -4 -3 8 7 -2 9 11 -11 13 -13 14 27 18 -17 26 21 20 -20 -16 -22 -23 -21 -26 -18 29 -29 -6
right_child=1 4 3 -5 5 -7 -8 -9 -10 10 -12 12 -14 -15 15 16 17 -19 19 24 22 23 -24 -25 25 -27 -28 28 -30 -31
leaf_value=37.261197073024235 40.654872843351768 -34.424286441960433 -355.79161941180359 3236.0768937577086 0.99116487053906899 -571.53258979595273 163.0893484438617 -123.67720352461912 74.707594576291015 4079.9075862984641 -1192.656862543439 -2140.964435245714 56.058109183551281 802.03349169113505 50.536192366971228 -112.36893284946927 90.359385252307405 -2669.3353184647963 178.5355818106662 141.66783918289002 -58.886291297953726 -121.14706448529033 115.24706979191251 -21.215719769762657 198.03144981761 -49.345130908620199 -158.32723945743203 -28.509784565592419 354.71069128638487 -295.93019319374872
leaf_weight=72 27 23 29 21 1157 35 36 21 26 36 32 35 25 26 21 678 293 40 22 35 46 28 24 42 23 28 34 61 46 45
leaf_count=72 27 23 29 21 1157 35 36 21 26 36 32 35 25 26 21 678 293 40 22 35 46 28 24 42 23 28 34 61 46 45
internal_value=-0.000203782 -0.000392321 0.00410448 -0.001 -0.000602936 -0.000528541 0.00714286 0.003125 -0.000437032 -0.000513144 0.00441176 -0.000636766 -0.00666667 -0.000500189 -0.000581395 -0.00144597 -0.00212919 0.000613079 0.00120818 0.00337079 -0.000543478 -0.00302198 -0.00357143 -0.00571429 0.00755814 0.00343137 0.0016055 0.000286478 0.00443925 -8.31947e-05
internal_weight=3067 2995 134 50 2861 2838 84 48 2803 2777 68 2709 60 2649 2623 1314 1045 367 269 178 92 91 70 70 86 51 327 1309 107 1202
internal_count=3067 2995 134 50 2861 2838 84 48 2803 2777 68 2709 60 2649 2623 1314 1045 367 269 178 92 91 70 70 86 51 327 1309 107 1202
is_linear=0
shrinkage=0.05


Tree=236
num_leaves=31
num_cat=0
split_feature=10 3 2 5 5 0 2 0 3 0 0 4 2 4 5 5 10 3 10 4 4 10 10 0 5 10 4 0 2 0
split_gain=1.1107 0.891335 0.806544 0.850339 0.778561 0.672577 1.21182 1.26134 1.96607 1.49972 1.54029 0.816756 1.53626 0.878854 1.22013 1.60541 0.860465 0.789282 1.12222 0.683325 1.12967 0.888981 1.61944 1.20333 1.09956 1.11626 1.07545 0.856374 0.724844 0.623435
threshold=24.500000000000004 90151.568571428594 314722.19000000006 57483.940158256606 4874.8839069713058 213621.71500000003 436138.15500000009 195215.27000000005 316903.36357142864 200374.95000000004 206522.35000000003 174592.28821428577 202780.73000000001 392618.93571428576 73466.200920529096 112993.80064450284 149.50000000000003 1137244.5357142859 143.50000000000003 385148.46392857149 301347.3733928572 80.500000000000014 69.500000000000014 312832.76500000007 20038.441739438127 111.50000000000001 297287.50267857144 299583.55000000005 320358.76500000007 77696.615000000005
decision_type=2 2 2 2 2 2 2 2 2 2 2 2 2 2 2 2 2 2 2 2 2 2 2 2 2 2 2 2 2 2
left_child=2 -2 3 -1 -3 6 7 8 29 -9 -11 -7 13 14 -13 -16 17 18 19 20 21 22 23 26 -23 -26 -14 -21 -22 -6
right_child=1 4 -4 -5 5 11 -8 9 -10 10 -12 12 16 -15 15 -17 -18 -19 -20 27 28 24 -24 -25 25 -27 -28 -29 -30 -31
leaf_value=19.431344043592983 28.976979013446183 -32.703072119862192 -16.397971798430081 336.9204574444899 -47.348305433393399 411.61670633062897 1536.7451814823269 83.013282926480315 -752.05837165797857 -205.89137776805364 125.10222765520012 -496.03673633703659 76.083118651603584 1245.6568627230533 -1.6022721439505405 -580.74098600537252 1.7561234660621268 -2657.5457533220356 -311.55509176270135 233.54371965540778 -1253.9444467285102 233.76178148214095 -259.18264898461058 202.00836864249942 129.59490609814677 -77.958246386211258 -103.7471280360449 -28.408727594246741 -52.239251309337853 0.67611639624228703
leaf_weight=82 48 23 49 27 33 37 20 30 21 24 28 20 22 20 44 30 676 38 32 25 26 20 23 30 46 32 28 340 42 1151
leaf_count=82 48 23 49 27 33 37 20 30 21 24 28 20 22 20 44 30 676 38 32 25 26 20 23 30 46 32 28 340 42 1151
internal_value=-0.000285295 -0.000507047 0.00379747 0.00619266 -0.000620412 -0.000546159 0.000286917 9.71251e-05 -0.000311203 0.00609756 0.000961538 -0.00125735 -0.00143909 -0.00701754 -0.00904255 -0.00608108 -0.000978261 -0.0022017 -0.0018018 -0.00134069 -0.00325279 -0.00136816 -0.00461165 -0.00125 0.00204082 -0.000641026 -0.006 6.84932e-05 -0.00882353 -4.22297e-05
internal_weight=3067 2909 158 109 2861 2838 1307 1287 1205 82 52 1531 1494 114 94 74 1380 704 666 634 269 201 103 80 98 78 50 365 68 1184
internal_count=3067 2909 158 109 2861 2838 1307 1287 1205 82 52 1531 1494 114 94 74 1380 704 666 634 269 201 103 80 98 78 50 365 68 1184
is_linear=0
shrinkage=0.05


Tree=237
num_leaves=31
num_cat=0
split_feature=10 1 2 5 6 6 1 2 10 1 5 6 4 6 0 1 4 5 4 5 2 2 0 1 10 0 1 0 10 10
split_gain=1.08425 0.839019 0.806544 0.850339 0.80946 0.757183 0.660792 1.60809 1.76224 0.563071 1.17515 0.500298 0.481668 0.469111 0.462266 1.61941 0.83536 0.788577 1.39566 0.746896 1.05567 0.960026 1.67659 0.759362 0.693897 0.611435 0.547385 0.539312 0.673057 0.780039
threshold=24.500000000000004 73314.755000000019 314722.19000000006 57483.940158256606 31973.474451421349 420523.54045574507 1213230.8100000003 1270417.1000000003 142.50000000000003 974722.88500000013 315812.98684371059 8075.4167339822425 414646.92553571431 6026.702314369385 94270.685000000012 140502.31000000003 135293.88071428574 47208.176563028122 123614.00625000002 40656.314985334488 108071.99500000001 92939.950000000026 135054.09000000005 92318.240000000005 262.50000000000006 92436.835000000006 140502.31000000003 90460.950000000026 205.50000000000003 236.50000000000003
decision_type=2 2 2 2 2 2 2 2 2 2 2 2 2 2 2 2 2 2 2 2 2 2 2 2 2 2 2 2 2 2
left_child=2 -2 3 4 11 6 9 8 -8 13 -11 -1 -4 -3 15 25 17 19 -19 21 -21 23 -23 -16 -18 27 -24 28 -15 -30
right_child=1 5 12 -5 -6 -7 7 -9 -10 10 -12 -13 -14 14 16 -17 24 18 -20 20 -22 22 26 -25 -26 -27 -28 -29 29 -31
leaf_value=5.2981001313026361 41.601087103593095 9.1386637445830274 -64.215584172615493 320.07443457226475 -195.37102756025143 -543.04376647945026 385.50470646898611 -3634.5651715333661 4223.7677509602281 -1587.9576850066951 154.04543762791437 145.9354910081187 729.96540863471751 -6.6972616542727339 83.032615222275496 221.39862109622118 -7.3703003162867393 112.53051849050681 -14.217612890154124 -254.163544357277 2.4069425070149011 -19.830686283415709 54.940575738716511 14.257322670932627 92.527734318538577 -18.794731305189636 4.6604320619226201 5.0054245809235001 -64.314347747743895 -4.871181046715356
leaf_weight=28 34 31 20 27 22 35 27 20 21 36 25 32 29 124 27 21 2058 35 24 21 43 105 38 31 21 28 25 32 22 25
leaf_count=28 34 31 20 27 22 35 27 20 21 36 25 32 29 124 27 21 2058 35 24 21 43 105 38 31 21 28 25 32 22 25
internal_value=-0.000236387 -0.000455483 0.00379747 0.00619266 0.00365854 -0.000547826 -0.000457746 0.00441176 0.009375 -0.000577201 -0.00532787 0.00666667 -0.00153061 -0.000470306 -0.000541045 -0.00257937 -0.000329489 0.0019341 0.00720339 0.000862069 -0.00390625 0.00221239 0.000297619 0.00775862 -0.000709476 -0.00378788 0.00674603 -0.00283251 -0.00394737 -0.00904255
internal_weight=3067 2909 158 109 82 2875 2840 68 48 2772 61 60 49 2711 2680 252 2428 349 59 290 64 226 168 58 2079 231 63 203 171 47
internal_count=3067 2909 158 109 82 2875 2840 68 48 2772 61 60 49 2711 2680 252 2428 349 59 290 64 226 168 58 2079 231 63 203 171 47
is_linear=0
shrinkage=0.05


Tree=238
num_leaves=31
num_cat=0
split_feature=10 3 2 5 10 10 6 2 0 2 2 3 10 3 7 6 0 5 5 5 2 10 10 9 3 7 10 6 6 3
split_gain=1.11958 0.895875 0.795849 0.825351 0.596705 2.41441 1.17008 1.70149 1.68025 1.80869 1.74758 1.13512 0.975331 1.13321 1.29467 0.825 0.789651 0.7392 0.878733 0.700926 0.68255 0.776589 1.04164 0.854187 1.21384 1.09271 0.864317 0.603214 1.06361 1.10262
threshold=24.500000000000004 90151.568571428594 285888.22500000003 57483.940158256606 81.500000000000014 86.500000000000014 7340.9079019532028 106673.93000000001 222265.33500000005 225604.16500000001 285888.22500000003 290822.88857142866 98.500000000000014 140179.84571428577 2.5000000000000004 168585.86737647827 289671.17500000005 45751.739366519068 38299.814693230583 5088.3845341294082 199034.94500000004 74.500000000000014 64.500000000000014 1.0000000180025095e-35 213533.60642857142 2.5000000000000004 47.500000000000007 420523.54045574507 361361.47975868621 1178907.835714286
decision_type=2 2 2 2 2 2 2 2 2 2 2 2 2 2 2 2 2 2 2 2 2 2 2 2 2 2 2 2 2 2
left_child=2 -2 3 -1 6 16 -3 17 9 20 11 -10 13 -7 15 -15 -6 18 -8 -14 21 22 23 24 25 -9 -27 28 -21 -30
right_child=1 4 -4 -5 5 12 7 8 10 -11 -12 -13 19 14 -16 -17 -18 -19 -20 27 -22 -23 -24 -25 -26 26 -28 -29 29 -31
leaf_value=27.505761292602983 27.795430626244709 19.559848182498172 -7.6852941821416607 346.41998803091701 4.4274104588257615 8.3129460247604587 -29.720426152782604 77.605534610826737 -73.119290750818621 216.46759725829835 -35.373590947112824 -454.49301189877661 -30.479220634328886 345.97382761630655 -203.78949752221234 -2561.2624792599836 5859.5086088197368 -18.089721889704379 -296.87583785755345 -1.1302281243639301 -429.73311893052744 260.16487564815617 -91.991983573550542 -24.730998515559989 -64.180900448001196 -27.238257057582814 90.981000837463952 -515.89157815547662 622.76332363513654 -756.78382384717122
leaf_weight=76 48 20 58 24 25 31 37 34 29 30 266 46 22 24 71 20 34 26 21 1821 21 23 37 20 20 27 34 33 69 20
leaf_count=76 48 20 58 24 25 31 37 34 29 30 266 46 22 24 71 20 34 26 21 1821 21 23 37 20 20 27 34 33 69 20
internal_value=-0.000301598 -0.000524235 0.00379747 0.0065 -0.000637889 -0.000230415 -0.00191751 -0.00227273 -0.00132027 0.00182927 -0.00359238 -0.0103333 -0.000509237 -0.00445205 -0.00673913 0 0.00974576 -0.00892857 -0.012069 -0.000216285 0.000231481 0.00115385 0 0.00203704 0.00369565 0.00605263 0.00204918 -0.0001158 0 0.00533708
internal_weight=3067 2909 158 100 2861 2170 691 671 587 246 341 75 2111 146 115 44 59 84 58 1965 216 195 172 135 115 95 61 1943 1910 89
internal_count=3067 2909 158 100 2861 2170 691 671 587 246 341 75 2111 146 115 44 59 84 58 1965 216 195 172 135 115 95 61 1943 1910 89
is_linear=0
shrinkage=0.05


Tree=239
num_leaves=31
num_cat=0
split_feature=10 4 2 1 2 1 1 6 6 2 1 4 0 1 10 10 4 2 4 2 3 0 4 9 6 10 0 2 4 2
split_gain=1.06679 1.04915 0.795849 1.08674 1.16198 0.550348 0.959713 0.850948 1.29863 1.17292 1.20459 1.12026 0.75105 1.47119 1.00489 0.988865 0.851239 1.11934 1.51049 0.942308 0.894942 0.803808 0.704586 0.742141 0.83446 0.727438 0.784463 0.832636 0.938913 1.10345
threshold=24.500000000000004 88703.470250000013 285888.22500000003 161367.42000000004 132386.21000000005 217492.16500000004 180396.57500000004 49855.360544897623 26256.308644036351 283675.44500000007 277549.11500000005 209106.30482142861 213621.71500000003 256593.80000000002 99.500000000000014 161.50000000000003 378911.09035714291 390857.35000000003 291865.03214285721 311015.33000000002 293411.12142857147 176555.30000000002 383706.95732142864 1.0000000180025095e-35 420523.54045574507 37.500000000000007 420963.16000000009 607443.92500000016 440513.60017857148 427250.85500000004
decision_type=2 2 2 2 2 2 2 2 2 2 2 2 2 2 2 2 2 2 2 2 2 2 2 2 2 2 2 2 2 2
left_child=2 -2 3 4 -1 6 -3 8 9 10 -7 -9 15 14 -14 21 17 18 19 -15 -19 -13 -18 24 25 -24 27 28 -27 -30
right_child=1 5 -4 -5 -6 7 -8 11 -10 -11 -12 12 13 16 -16 -17 22 20 -20 -21 -22 -23 23 -25 -26 26 -28 -29 29 -31
leaf_value=36.535645414295324 145.92334448797919 -1.5355596319219331 -7.3010294730338501 294.22874435800333 -79.915980665636027 20.380649774640915 19.394185046752682 -561.88323391102756 178.40689265952679 7.8094473892939282 -75.629641430909402 -2.243671512414585 -904.72511332278816 225.38778231240576 -168.21161828799524 -48.51292519989002 1043.4139879196316 856.71592349217099 -338.11548063100639 -181.3512177063385 -161.15312798804371 217.45485861333438 -2316.2492013466081 -269.54878871002586 -3326.2377879484734 -127.52638720027171 74.976595781720249 -1128.4266321998512 528.42001525890953 -63.055378685650069
leaf_weight=42 21 1140 58 38 20 23 246 21 27 136 21 25 21 36 55 42 28 20 72 39 49 44 22 75 28 149 481 30 29 29
leaf_count=42 21 1140 58 38 20 23 246 21 27 136 21 25 21 36 55 42 28 20 72 39 49 44 22 75 28 149 481 30 29 29
internal_value=-0.000203782 -0.000421107 0.00379747 0.0065 0.00241935 -0.000502078 0.00021645 -0.00116511 0.00181159 0.000277778 -0.00681818 -0.00164093 -0.00145212 -0.00182717 -0.00855263 0.00247748 -0.00135695 -0.00416667 -0.00663265 -0.00166667 0.00108696 0.00615942 -0.000660161 -0.000919336 -0.000455729 -0.000135135 0.000139276 -0.00221519 -0.00108696 0.00431034
internal_weight=3067 2909 158 100 62 2888 1386 1502 207 180 44 1295 1274 1163 76 111 1087 216 147 75 69 69 871 843 768 740 718 237 207 58
internal_count=3067 2909 158 100 62 2888 1386 1502 207 180 44 1295 1274 1163 76 111 1087 216 147 75 69 69 871 843 768 740 718 237 207 58
is_linear=0
shrinkage=0.05


Tree=240
num_leaves=31
num_cat=1
split_feature=1 1 1 7 2 2 2 10 0 1 5 0 7 10 1 2 1 11 6 0 1 6 6 2 0 1 6 2 2 10
split_gain=0.606162 1.33841 1.10281 0.883205 0.758057 0.936566 0.863371 1.11432 0.724284 0.667762 0.850205 1.46355 1.6478 1.29648 1.6626 1.39181 1.31377 1.18808 1.90921 1.72083 1.66982 1.48485 0.864055 0.767713 0.728455 0.618365 1.04458 0.656552 2.39697 2.03543
threshold=89777.440000000017 91147.715000000011 86154.595000000016 4.5000000000000009 116554.55500000001 87111.185000000012 80961.35000000002 127.50000000000001 119653.40500000001 321270.94000000006 75007.560835817465 527967.51000000013 2.5000000000000004 191.50000000000003 192461.51500000004 300053.88000000006 140502.31000000003 0 125262.425585351 213621.71500000003 205323.95000000004 76385.712391747584 141796.91365776389 225604.16500000001 224927.81500000003 330995.43000000011 73005.27195932687 251981.21500000003 288753.74000000005 205.50000000000003
decision_type=2 2 2 2 2 2 2 2 2 2 2 2 2 2 2 2 2 1 2 2 2 2 2 2 2 2 2 2 2 2
left_child=2 -2 4 -4 5 6 8 -8 -1 10 -3 13 -13 16 -15 24 -12 18 21 20 -19 -18 -20 -21 -16 -11 -27 29 -29 -28
right_child=1 9 3 -5 -6 -7 7 -9 -10 25 11 12 -14 14 15 -17 17 19 22 23 -22 -23 -24 -25 -26 26 27 28 -30 -31
leaf_value=6.3523311917826506 30.107105265421708 0.16932472258704367 -83.568661215559416 -0.79057808431425658 84.592225598822552 -32.072365709311633 29.59743656339997 -2.81126785531269 -42.477294748632268 -130.11165197109949 189.05329283777974 -913.72259294727121 1105.0823556901858 113.82375987106644 66.322856142761893 762.06997433451761 0.42550516996852822 -29.711435257521227 -500.59415249432061 -65.949138673751449 82.972676020149095 1127.8189603019709 845.59941170888487 -225.17975006152847 -189.72019980609767 38.914028614205023 -287.65974749023155 1198.6010703566194 -43.718853887455772 3488.1577078845062
leaf_weight=34 26 1294 26 24 21 44 25 24 26 46 22 27 22 26 20 43 22 44 27 37 36 44 35 42 21 28 62 43 856 21
leaf_count=34 26 1294 26 24 21 44 25 24 26 46 22 27 22 26 20 43 22 44 27 37 36 44 35 42 21 28 62 43 856 21
internal_value=4.88918e-05 0.000246132 -0.00245536 -0.009 -0.000574713 -0.00179739 0.000688073 0.00561224 -0.00333333 0.000141945 0.000737798 0.0025641 -0.00561224 0.00352029 0.00818182 0.0047619 0.00186084 0.000958188 0.00434783 -0.00192308 0.003125 0.0106061 -0.0016129 -0.00727848 -0.00182927 -0.000852273 -0.000594059 -0.00086558 -0.000472747 -0.00512048
internal_weight=3068 2844 224 50 174 153 109 49 60 2818 1762 468 49 419 110 84 309 287 128 159 80 66 62 79 41 1056 1010 982 899 83
internal_count=3068 2844 224 50 174 153 109 49 60 2818 1762 468 49 419 110 84 309 287 128 159 80 66 62 79 41 1056 1010 982 899 83
cat_boundaries=0 1
cat_threshold=5
is_linear=0
shrinkage=0.05


Tree=241
num_leaves=31
num_cat=0
split_feature=3 2 0 3 0 5 5 0 3 0 2 2 2 0 1 5 0 5 0 2 3 5 5 6 1 5 4 0 4 0
split_gain=0.811639 1.35913 2.88867 1.28687 1.2353 1.39065 1.10515 1.05025 1.51274 0.946994 1.56154 0.926995 1.13941 0.893887 0.879633 0.865385 0.768975 0.871111 0.751717 1.0998 0.75103 0.695548 1.87146 0.75 0.546204 1.55567 1.6559 1.84466 1.4696 0.972832
threshold=396004.79571428575 415228.49000000005 811818.69500000007 390804.81071428576 273357.30500000005 213030.78251489895 261838.50722672034 494389.05500000005 423273.4285714287 507334.46000000008 607443.92500000016 471632.68500000011 560115.69500000018 868810.3400000002 647897.77500000002 246339.76032281623 395669.96500000003 132039.35559258223 420963.16000000009 258572.09500000003 444401.80285714293 105035.48597331518 133133.95262291358 155481.2509383517 300308.26000000007 105817.25042322236 289760.17017857148 427699.05000000005 217614.23589285716 229852.89000000004
decision_type=2 2 2 2 2 2 2 2 2 2 2 2 2 2 2 2 2 2 2 2 2 2 2 2 2 2 2 2 2 2
left_child=3 2 7 24 -3 9 15 8 16 10 21 -11 -13 14 -14 -7 17 -2 19 -10 -9 -6 -23 -24 25 -1 -27 -28 -26 -30
right_child=1 4 -4 -5 5 6 -8 20 18 11 -12 12 13 -15 -16 -17 -18 -19 -20 -21 -22 22 23 -25 28 26 27 -29 29 -31
leaf_value=0.21117193635072909 -1615.7875434031885 1029.5249352980361 6008.5482561003073 374.19931478829244 154.1324826567303 -528.66055357753646 -236.81543711145642 -215.78138497624604 -173.95424579009125 2708.2453316118804 -684.01811710988989 -613.06087900444402 319.28152802811093 -546.9253813776362 6365.9401501445682 -3263.2251159672219 -22.979304384181162 -726.84687696888727 507.96303458599726 225.59301216167808 -837.14615241678553 -1498.0435898851792 12.774261225674127 857.63964791884655 -654.90601731399738 1926.3737126822425 90.210089574762975 -215.05515515810404 -120.19952380411851 3.0442874184256654
leaf_weight=1649 25 32 21 36 30 45 225 32 21 20 29 28 32 20 21 20 21 20 22 29 52 26 30 20 28 22 89 33 41 349
leaf_count=1649 25 32 21 36 30 45 225 32 21 20 29 28 32 20 21 20 21 20 22 29 52 26 30 20 28 22 89 33 41 349
internal_value=-0.000146675 -0.00149208 -0.00462963 0.000344904 -0.00017301 -0.000732601 -0.00310345 -0.00630631 -0.00362319 0.00195312 -0.000925926 0.00516529 0.00321782 0.00650685 0.00990566 -0.00884615 -0.00909091 -0.0127778 0.00138889 -0.002 -0.0107143 0.00188679 -0.000657895 0.005 0.000192221 0.000571668 0.00555556 0.00327869 -0.00143541 -0.000641026
internal_weight=3068 821 243 2247 578 546 290 222 138 256 135 121 101 73 53 65 66 45 72 50 84 106 76 50 2211 1793 144 122 418 390
internal_count=3068 821 243 2247 578 546 290 222 138 256 135 121 101 73 53 65 66 45 72 50 84 106 76 50 2211 1793 144 122 418 390
is_linear=0
shrinkage=0.05


Tree=242
num_leaves=31
num_cat=0
split_feature=6 3 6 5 4 3 7 3 6 2 7 3 5 0 6 5 5 5 4 2 4 3 5 3 4 7 7 2 6 2
split_gain=0.474581 0.860319 0.654498 1.34737 1.04065 1.03062 1.0351 0.798385 0.728455 0.658112 0.695729 0.631432 0.439296 0.402381 0.374449 0.805752 0.89902 1.01066 0.946376 0.516284 0.47728 1.8134 1.06298 2.06037 1.17433 1.3103 0.946678 0.933333 1.2139 0.753188
threshold=6026.702314369385 90966.385000000024 8249.7679279859785 9198.2233382541726 92294.763571428586 133264.5778571429 4.5000000000000009 135569.16 10002.938648931124 84936.565000000017 3.5000000000000004 92084.120714285731 6055.1362497380405 93625.795000000027 9769.7466563638827 10712.914864627663 11780.700226506662 12681.974210476614 174317.8291071429 155175.46000000002 149838.82875000002 148912.87142857147 47685.674120121177 119815.00357142858 122373.84316964286 3.5000000000000004 5.5000000000000009 146454.20500000005 40486.246300593797 93593.61500000002
decision_type=2 2 2 2 2 2 2 2 2 2 2 2 2 2 2 2 2 2 2 2 2 2 2 2 2 2 2 2 2 2
left_child=1 -1 4 5 9 -4 7 8 -7 -2 12 -6 -11 -12 -5 19 18 -18 -17 -16 22 -22 23 26 -24 -26 -19 29 -29 -25
right_child=2 -3 3 14 11 6 -8 -9 -10 10 13 -13 -14 -15 15 16 17 20 -20 -21 21 -23 24 27 25 -27 -28 28 -30 -31
leaf_value=-0.32879008659947434 13.05850812979552 8.2652683123931645 37.044040155677067 20.41665385126835 -2.5010588426339382 -45.148741571274883 -101.10829901854996 93.982355872257912 80.729133002740866 -10.04753601871853 -2.8555545826788151 -36.637572999517943 -6.7122348796932787 9.397953228870028 -0.89798630022778525 17.701995953253938 -185.86080650349322 -9.104881620633023 50.860978570498993 -52.894689040249069 177.31191226549493 -1.1961437837526319 95.579518786584231 -6.0686892005462143 -112.74348376263843 54.958202288209577 191.68603545526312 -337.68826429497426 202.73450691799809 -144.20373176804242
leaf_weight=31 25 23 30 35 29 20 24 22 21 25 28 36 21 20 22 29 24 132 20 36 54 2026 39 41 44 39 24 25 29 94
leaf_count=31 25 23 30 35 29 20 24 22 21 25 28 36 21 20 22 29 24 132 20 36 54 2026 39 41 44 39 24 25 29 94
internal_value=-1.62973e-05 0.00462963 -9.95355e-05 8.83392e-05 -0.00298913 0.00534188 0.00258621 0.00595238 0.00182927 -0.000210084 -0.00212766 -0.00807692 -0.00652174 0.00208333 -0.000138223 -0.000205377 -7.63359e-05 -0.000204201 0.00663265 -0.00603448 -0.00010797 0.000216346 -0.00155246 -0.00297101 0.00245902 -0.000903614 0.00128205 -0.00648148 -0.000925926 -0.0087037
internal_weight=3068 54 3014 2830 184 117 87 63 41 119 94 65 46 48 2713 2678 2620 2571 49 58 2547 2080 467 345 122 83 156 189 54 135
internal_count=3068 54 3014 2830 184 117 87 63 41 119 94 65 46 48 2713 2678 2620 2571 49 58 2547 2080 467 345 122 83 156 189 54 135
is_linear=0
shrinkage=0.05


Tree=243
num_leaves=31
num_cat=0
split_feature=6 5 6 2 5 7 7 2 5 4 7 4 5 0 6 6 2 2 2 10 10 10 6 5 10 2 4 2 0 6
split_gain=0.491375 0.755658 0.724393 1.09447 0.86052 1.24497 1.95926 0.889706 0.841667 0.598719 1.03076 1.77304 1.33278 1.13049 1.27214 0.92803 0.906869 1.04693 0.936194 0.907874 0.906833 1.23703 1.14608 1.27415 0.898353 0.798783 1.05408 0.724868 0.909774 0.782588
threshold=6026.702314369385 5634.4964057764419 8075.4167339822425 106673.93000000001 11780.700226506662 1.5000000000000002 4.5000000000000009 129389.77 12432.449122995948 149838.82875000002 2.5000000000000004 118687.7460714286 50134.18121885624 150857.66000000003 42210.887596326334 35613.574765394944 288753.74000000005 295734.82000000007 283675.44500000007 26.500000000000004 56.500000000000007 46.500000000000007 147844.39382622534 136534.7931255649 37.500000000000007 98692.750000000015 118207.87701298704 123160.62000000001 98820.410000000018 43550.39716654404
decision_type=2 2 2 2 2 2 2 2 2 2 2 2 2 2 2 2 2 2 2 2 2 2 2 2 2 2 2 2 2 2
left_child=1 -1 3 -2 5 7 -7 -4 -6 10 11 15 13 -13 -15 -10 18 -18 19 -11 21 24 23 -22 -21 -12 -27 28 -28 -29
right_child=2 -3 4 -5 8 6 -8 -9 9 16 25 12 -14 14 -16 -17 17 -19 -20 20 22 -23 -24 -25 -26 26 27 29 -30 -31
leaf_value=-0.31235058226957335 -2.7127768535447103 7.0390775577994651 13.876233397555916 -44.210544383932579 -89.360408570454467 60.298505042838229 -4.9406721340041262 -55.651138507329598 -12.135775822940197 177.72560225040289 31.376399814760955 -290.47697240497399 27.981317767595101 10.022380474799139 -181.6726852457785 337.58932958936566 -88.934187604126066 -8.3102527995128188 141.03947119012884 -85.17965137216234 9.5673623701921322 -315.80538859705342 -27.649041548304378 477.4415751589579 153.1792997339362 -374.32379330748086 9.220777878690205 -1.6709006821358345 -257.63600248321967 167.00156636644681
leaf_weight=29 148 25 32 25 23 108 72 36 24 42 93 68 24 39 36 20 47 1208 25 47 551 28 75 31 34 20 36 63 21 38
leaf_count=29 148 25 32 25 23 108 72 36 24 42 93 68 24 39 36 20 47 1208 25 47 551 28 75 31 34 20 36 63 21 38
internal_value=-9.77836e-05 0.00462963 -0.000182482 -0.0033237 8.79972e-06 0.00282258 0.005 -0.00294118 -0.000260316 -0.000175097 -0.00176349 -0.00438389 -0.00673653 -0.00856643 -0.00433333 0.00454545 0.000191571 -0.000657371 0.00147059 0.00117574 0.00078329 -0.00344037 0.00148402 0.00223368 -0.000308642 0.000276753 -0.00168539 -0.000316456 -0.00482456 0.00222772
internal_weight=3068 54 3014 173 2841 248 180 68 2593 2570 482 211 167 143 75 44 2088 1255 833 808 766 109 657 582 81 271 178 158 57 101
internal_count=3068 54 3014 173 2841 248 180 68 2593 2570 482 211 167 143 75 44 2088 1255 833 808 766 109 657 582 81 271 178 158 57 101
is_linear=0
shrinkage=0.05


Tree=244
num_leaves=31
num_cat=0
split_feature=3 4 2 2 5 4 10 10 2 10 2 0 0 10 2 10 0 4 0 3 0 10 0 10 5 3 10 0 10 7
split_gain=0.473023 1.30379 1.04377 1.02228 0.944194 1.64227 1.36262 1.53496 1.62909 1.00088 0.970545 1.17175 0.941829 0.805557 0.818983 0.762902 0.709976 2.34291 1.3312 1.07855 0.707143 0.696599 0.645354 0.75879 1.1489 0.688095 0.6451 0.739819 0.707102 0.910688
threshold=369276.96000000002 380747.99178571434 332156.45500000002 321865.21000000002 75007.560835817465 218484.67678571431 202.50000000000003 137.50000000000003 232310.66500000001 163.50000000000003 157852.88000000003 378119.72000000003 251152.76500000004 252.50000000000003 240216.89000000004 257.50000000000006 303410.32000000007 501511.33589285723 234668.66000000003 396004.79571428575 420963.16000000009 91.500000000000014 350831.96500000008 98.500000000000014 76082.003594417169 250887.78285714288 227.50000000000003 515088.79500000004 181.50000000000003 5.5000000000000009
decision_type=2 2 2 2 2 2 2 2 2 2 2 2 2 2 2 2 2 2 2 2 2 2 2 2 2 2 2 2 2 2
left_child=1 2 3 4 15 9 7 10 -9 -6 -7 12 -12 14 21 -1 17 18 -16 -20 -15 -2 23 25 -25 -4 28 -28 -18 -30
right_child=13 -3 22 -5 5 6 -8 8 -10 -11 11 -13 -14 20 16 -17 26 -19 19 -21 -22 -23 -24 24 -26 -27 27 -29 29 -31
leaf_value=0.06692323189417948 1531.8285242665734 383.44533685986829 -946.24713913602909 171.55701355957865 852.83030426922051 -77.377407650579698 85.281024166701542 25.579309741198088 -411.67662450855863 12.079153216452324 48.723821629553278 -299.41538667397543 304.44643101727127 893.0222761682104 -674.45254597236499 -85.172846008079802 -65.548894192467557 3679.7216259584966 1388.8861979451556 -202.38605095380046 36.665008800366195 -480.49351027766534 117.28906199494668 89.830140609636146 -315.63423967229903 -74.845785797222931 -87.250841740322358 -1610.0810127735022 149.19118110773272 -206.77623890464312
leaf_weight=1470 21 84 20 32 23 25 29 28 22 38 88 22 24 20 34 39 525 27 23 27 35 49 35 32 36 28 40 33 128 31
leaf_count=1470 21 84 20 32 23 25 29 28 22 38 88 22 24 20 34 39 525 27 23 27 35 49 35 32 36 28 40 33 128 31
internal_value=1.62973e-05 0.000445783 0.000188348 0.000516304 0.000359513 0.00292642 0.00105042 -0.000358852 -0.008 0.0102459 0.00204403 0.00373134 0.00580357 -0.000881168 -0.00122601 -0.000149105 -0.000806452 0.00292793 -0.00119048 0.004 0.005 -0.00642857 -0.00380795 -0.00560345 -0.00220588 -0.0104167 -0.00135403 -0.00582192 -0.000877193 0.00204403
internal_weight=3068 2075 1991 1840 1808 299 238 209 50 61 159 134 112 993 938 1509 868 111 84 50 55 70 151 116 68 48 757 73 684 159
internal_count=3068 2075 1991 1840 1808 299 238 209 50 61 159 134 112 993 938 1509 868 111 84 50 55 70 151 116 68 48 757 73 684 159
is_linear=0
shrinkage=0.05


Tree=245
num_leaves=31
num_cat=1
split_feature=4 6 3 2 1 3 2 2 4 6 2 4 1 0 7 0 4 0 6 3 3 6 6 3 7 11 3 7 2 7
split_gain=0.798573 1.69031 0.768107 1.18968 0.826085 0.722953 0.943033 0.706454 1.34075 1.00572 1.34336 0.932608 1.11627 0.735225 0.692308 0.682436 1.22656 0.981818 0.658159 0.443277 1.08086 1.02783 0.988773 1.61553 1.47201 1.40226 1.02222 1.29416 0.930614 1.29721
threshold=517126.32982142863 181076.79929150551 508943.45071428578 390857.35000000003 1565539.9750000003 1137244.5357142859 1349801.5700000001 873514.70000000007 1082648.0912500001 275537.99546421139 974722.88500000013 849559.8033928572 668406.84500000009 945493.09500000009 3.5000000000000004 678984.24500000023 510112.9064285715 742958.30500000005 5860.0634045541501 455748.94642857148 503643.45642857143 170736.09711433004 126605.83024862045 411163.68000000011 4.5000000000000009 0 373623.22571428574 4.5000000000000009 538185.72500000009 2.5000000000000004
decision_type=2 2 2 2 2 2 2 2 2 2 2 2 2 2 2 2 2 2 2 2 2 2 2 2 2 1 2 2 2 2
left_child=15 -2 -3 -4 5 6 7 11 9 -9 -11 12 -5 -13 -7 16 18 -17 -1 22 28 -22 25 -24 -25 26 -20 -28 29 -21
right_child=1 2 3 4 -6 14 -8 8 -10 10 -12 13 -14 -15 -16 17 -18 -19 19 20 21 -23 23 24 -26 -27 27 -29 -30 -31
leaf_value=38.107807795257031 -1643.7408030489853 -183.93274274730649 3567.8992757788105 3210.9598942762564 -1148.788766646129 -2992.4339099092963 1823.0926630859381 -1714.3600900126912 -3595.4994042353301 -914.06344328442651 5207.7299312789582 4670.4099982920397 -3814.8817470539871 397.53429720584541 -25.739396736994969 -932.59176278476662 258.90066581692957 714.50954231531944 3665.1640198946902 -976.92391023024982 167.46451509516339 -1221.4335910720854 -19.842248804645351 -504.10318494625972 384.03382059239811 1.1505515176486369 -64.85596378884803 1899.6657005787697 759.84554222761653 215.69184299882474
leaf_weight=22 30 28 24 22 21 26 31 25 20 22 37 23 32 21 26 24 31 20 43 26 22 24 194 52 20 2048 59 24 24 50
leaf_count=22 30 28 24 22 21 26 31 25 20 22 37 23 32 21 26 24 31 20 43 26 22 24 194 52 20 2048 59 24 24 50
internal_value=0.000187235 -0.00193299 -0.000977654 -0.00030303 -0.00114379 -0.000438596 0.000751073 -0.00049505 -0.00336538 -0.000595238 0.0029661 0.00255102 -0.00185185 0.00795455 -0.00576923 0.00049385 0.000596817 -0.00568182 0.000479294 0.000406032 0.00308219 -0.00326087 0.000245902 -0.00263158 -0.00902778 0.000597976 0.00551471 0.00271084 0.006 0.00328947
internal_weight=3071 388 358 330 306 285 233 202 104 84 59 98 54 44 52 2683 2639 44 2608 2586 146 46 2440 266 72 2174 126 83 100 76
internal_count=3071 388 358 330 306 285 233 202 104 84 59 98 54 44 52 2683 2639 44 2608 2586 146 46 2440 266 72 2174 126 83 100 76
cat_boundaries=0 1
cat_threshold=4
is_linear=0
shrinkage=0.05


Tree=246
num_leaves=31
num_cat=0
split_feature=1 10 0 0 0 2 2 0 4 10 0 4 5 5 0 6 0 1 6 0 2 6 1 2 10 10 2 2 1 6
split_gain=0.757659 0.512459 0.932346 1.38919 0.817643 1.41677 0.762347 1.28712 1.28056 1.15843 1.09578 1.01962 0.722087 1.31216 0.67196 0.643479 1.68821 1 0.794417 1.42013 0.785541 0.74734 1.43399 0.753423 0.914536 1.15021 1.33829 0.833523 0.827597 1.04678
threshold=1565539.9750000003 213.50000000000003 91147.715000000011 86269.435000000012 94270.685000000012 92939.950000000026 538185.72500000009 427699.05000000005 407998.79946428578 260.50000000000006 945493.09500000009 449424.16089285718 6448.5537910596022 7318.200877185036 449186.14500000008 126605.83024862045 280013.45000000007 197760.97500000001 123793.04869707425 343228.20500000007 73314.755000000019 135100.44332905117 436247.71500000003 440523.68500000006 87.500000000000014 126.50000000000001 255935.42000000004 1349801.5700000001 836376.76500000013 155481.2509383517
decision_type=2 2 2 2 2 2 2 2 2 2 2 2 2 2 2 2 2 2 2 2 2 2 2 2 2 2 2 2 2 2
left_child=1 2 3 -1 5 -4 7 8 9 -3 14 -9 -6 -14 -8 18 17 -17 20 -20 -15 22 -18 24 -23 -26 -27 28 29 -25
right_child=-2 6 4 -5 12 -7 10 11 -10 -11 -12 -13 13 15 -16 16 21 -19 19 -21 -22 23 -24 27 25 26 -28 -29 -30 -31
leaf_value=3.4274883111445891 -1007.1234273136536 6.9179353279629145 -40.463720765468317 21.640928426233224 24.540633474440256 27.884295054714315 660.00870469211668 -40.972991307980557 486.95857634849381 -72.488432897375247 -225.55473820359913 -1116.2138491851103 -22.455847486250423 266.47836762776825 2094.9311557743408 26.868193152864116 -1391.3900336942024 -244.8762317722867 -946.9957547218612 2141.5468106652975 0.046485563780879605 2402.7017976113684 609.39671130101783 -887.86159466162792 -111.56196241610742 -44.446743873649396 881.14669123383942 1572.0317808886409 -853.65273869683153 73.126660410175106
leaf_weight=156 22 389 28 56 38 26 23 49 33 30 21 31 26 20 33 20 30 80 20 22 1363 39 23 51 48 21 53 39 117 164
leaf_count=156 22 389 28 56 38 26 23 49 33 30 21 31 26 20 33 20 30 80 20 22 1363 39 23 51 48 21 53 39 117 164
internal_value=0.000154673 0.000221384 -0.000102459 0.00306604 -0.00040395 -0.00648148 0.00151888 0.000845865 0.00188053 0.00113365 0.00616883 -0.005 -0.00025299 -0.000374532 0.00982143 -0.000236967 -0.00149635 -0.0075 0.000368421 0.00714286 0.00016269 -0.000470085 -0.00613208 9.3985e-05 0.00295031 0.000819672 0.00472973 -0.00114555 -0.00195783 -0.000116279
internal_weight=3071 3049 2440 212 2228 54 609 532 452 419 77 80 2174 2136 56 2110 685 100 1425 42 1383 585 53 532 161 122 74 371 332 215
internal_count=3071 3049 2440 212 2228 54 609 532 452 419 77 80 2174 2136 56 2110 685 100 1425 42 1383 585 53 532 161 122 74 371 332 215
is_linear=0
shrinkage=0.05


Tree=247
num_leaves=31
num_cat=1
split_feature=2 0 7 4 1 7 1 4 0 1 0 1 0 2 1 2 1 10 11 7 1 1 1 0 2 2 2 7 2 2
split_gain=0.637568 1.18538 1.17057 2.14909 1.5461 1.36944 1.0328 1.1397 1.03062 1.15823 1.12633 1.0717 0.984166 1.2083 1.07334 0.938542 0.938007 0.92803 0.926888 2.31598 2.10844 1.20336 1.03242 1.15903 0.92807 0.914113 1.24631 0.901845 0.877921 0.809415
threshold=181105.11500000002 163833.70500000005 2.5000000000000004 175102.33928571429 166583.71000000002 5.5000000000000009 170546.69000000003 122373.84316964286 206522.35000000003 164631.90500000003 213621.71500000003 171624.54500000001 255614.00000000003 219832.47500000003 398065.95000000007 143330.095 159031.20500000002 136.50000000000003 0 2.5000000000000004 191105.64500000005 223792.88500000004 182217.66500000001 179016.49000000002 209254.53500000003 263193.62500000006 240216.89000000004 1.5000000000000002 172731.66000000003 142422.09000000003
decision_type=2 2 2 2 2 2 2 2 2 2 2 2 2 2 2 2 2 2 1 2 2 2 2 2 2 2 2 2 2 2
left_child=1 29 3 6 -4 28 7 -3 9 -2 -10 -12 14 17 -13 -9 -5 -14 19 20 -11 22 -20 -24 -21 26 -15 -28 -6 -1
right_child=8 2 4 16 5 -7 -8 15 10 18 11 12 13 25 -16 -17 -18 -19 21 24 -22 -23 23 -25 -26 -27 27 -29 -30 -31
leaf_value=3.2170893065744171 -182.76443471570821 188.21004713301375 423.84455552402505 -19.00031349040146 166.89599145416142 -172.50934204095176 94.287247140287946 -155.53136288042444 108.86421323937466 174.85802132217651 136.17982362752809 -31.537208095091046 -49.364192143832042 -52.847143531523763 -1402.5309088632146 74.841808044408396 -330.94483313742097 -623.8013706919628 -246.6001951210572 -134.92757879608834 -282.86003845462909 -35.782215420207649 30.564064753326967 121.29821747013048 -659.52078867384705 3.3041948610014518 514.43212098644005 700.28097437473343 16.639267066438332 -32.995583051201542
leaf_weight=746 34 21 27 40 41 28 21 28 22 31 29 113 20 25 20 33 39 24 20 30 32 65 38 24 27 1195 22 24 65 187
leaf_count=746 34 21 27 40 41 28 21 28 22 31 29 113 20 25 20 33 39 24 20 30 32 65 38 24 27 1195 22 24 65 187
internal_value=0.000203517 0.00105799 0.00357143 0.000824176 0.00667702 0.00447761 0.00558252 0.00304878 -0.0004039 -0.00307309 0.000133869 -3.39674e-05 -0.000225225 0.00019084 -0.00432331 -0.000409836 -0.00537975 -0.00795455 -0.00196629 -0.005 0.00119048 0.000796178 0.00487805 0.00806452 -0.0127193 0.000473934 0.00598592 0.0108696 0.00707547 0.000133976
internal_weight=3071 1276 343 182 161 134 103 82 1795 301 1494 1472 1443 1310 133 61 79 44 267 120 63 147 82 62 57 1266 71 46 106 933
internal_count=3071 1276 343 182 161 134 103 82 1795 301 1494 1472 1443 1310 133 61 79 44 267 120 63 147 82 62 57 1266 71 46 106 933
cat_boundaries=0 1
cat_threshold=9
is_linear=0
shrinkage=0.05


Tree=248
num_leaves=31
num_cat=1
split_feature=6 7 6 2 2 10 6 2 0 7 7 2 10 10 2 4 2 10 10 0 2 0 6 10 2 4 11 9 4 10
split_gain=0.707806 0.528141 1.56663 1.35196 2.17804 1.29402 1.15754 0.88368 1.94159 1.21969 1.60261 1.26488 1.47916 1.05589 1.04615 0.881606 0.914502 0.830275 0.801877 1.01731 0.773005 0.723657 1.95134 1.41346 1.07604 1.80592 0.939002 1.21178 1.10769 0.930795
threshold=5860.0634045541501 2.5000000000000004 6342.1610494499646 90508.205000000016 92382.135000000024 147.50000000000003 6719.8449871417515 206623.57500000004 229852.89000000004 3.5000000000000004 4.5000000000000009 294136.4150000001 70.500000000000014 46.500000000000007 318555.50500000006 120190.12125000001 100444.90000000001 160.50000000000003 168.50000000000003 312832.76500000007 189547.73500000002 678984.24500000023 216769.50933962673 59.500000000000007 369476.97500000003 387813.85142857145 0 1.0000000180025095e-35 173764.83482142861 100.50000000000001
decision_type=2 2 2 2 2 2 2 2 2 2 2 2 2 2 2 2 2 2 2 2 2 2 2 2 2 2 1 2 2 2
left_child=-1 6 -3 -4 -5 7 -2 20 13 14 -11 -12 -13 -9 -10 16 -7 -17 19 -19 -6 24 -23 -24 25 26 -8 29 -29 -28
right_child=1 2 3 4 5 15 21 8 9 10 11 12 -14 -15 -16 17 -18 18 -20 -21 -22 22 23 -25 -26 -27 27 28 -30 -31
leaf_value=36.512132748646401 8.7992163679315123 -36.227308798439481 28.503805199905038 -55.0585064407489 5.1777894210899831 12.158147491861747 -30.824290429538088 39.894690705848191 -53.456616356948508 -135.43761269802053 66.751151418432713 134.97214756275062 -197.17174820179935 -314.1309399943093 1224.2242836593825 213.32554836048658 -169.42485529642218 -112.16823461885798 27.276250998472825 289.3320902750682 307.97945886406382 -1529.9581643941028 -3686.8127652202038 234.12234090947607 96.477616861027499 -381.17702135237636 27.389817804175255 -83.970288818085834 14.670542810403276 -1.0020603252167348
leaf_weight=22 31 31 93 21 337 22 246 20 20 93 35 79 107 88 65 75 20 32 568 20 26 25 26 78 254 79 193 32 20 313
leaf_count=22 31 31 93 21 337 22 246 20 20 93 35 79 107 88 65 75 20 32 568 20 26 25 26 78 254 79 193 32 20 313
internal_value=0.000154673 9.01935e-05 0.000656393 0.00085706 0.000522113 0.000731176 -0.000674634 -0.000574713 -0.00192308 -0.000313283 -0.00175159 0.000565611 -0.00107527 -0.00787037 0.005 0.00227273 -0.0047619 0.00269784 0.00209677 -0.00384615 0.00130854 -0.000908373 -0.00445736 -0.00144231 -0.000505717 -0.00133069 -0.000621891 0.000528169 -0.00673077 0.00128458
internal_weight=3071 3049 1752 1721 1628 1607 1297 870 507 399 314 221 186 108 85 737 42 695 620 52 363 1266 129 104 1137 883 804 558 52 506
internal_count=3071 3049 1752 1721 1628 1607 1297 870 507 399 314 221 186 108 85 737 42 695 620 52 363 1266 129 104 1137 883 804 558 52 506
cat_boundaries=0 1
cat_threshold=2
is_linear=0
shrinkage=0.05


Tree=249
num_leaves=31
num_cat=0
split_feature=7 5 2 1 10 4 2 10 2 2 10 1 5 1 1 0 0 0 1 0 1 4 0 4 4 2 10 10 5 10
split_gain=0.638396 0.782766 1.39172 2.13162 1.38904 1.11493 3.39736 1.0138 1.97441 1.6962 1.41305 0.941832 0.916932 1.13887 0.844063 0.817177 0.751361 0.845355 0.66746 0.694444 0.655875 0.642032 1.96 0.603302 0.897916 0.686525 0.620424 0.704101 0.680718 0.591232
threshold=4.5000000000000009 23015.223570820945 128401.895 145473.21000000002 147.50000000000003 299799.25750000012 350281.03000000009 63.500000000000007 324265.02000000008 386468.1650000001 118.50000000000001 132170.73000000004 138146.13288717566 483238.4150000001 411838.23500000004 390224.83000000002 234668.66000000003 178055.21000000005 327504.38500000007 187901.05500000002 449695.39500000008 529028.35928571445 771630.27000000014 300135.99500000005 301347.3733928572 298085.09000000003 257.50000000000006 243.50000000000003 30721.231188236601 240.50000000000003
decision_type=2 2 2 2 2 2 2 2 2 2 2 2 2 2 2 2 2 2 2 2 2 2 2 2 2 2 2 2 2 2
left_child=23 -2 -3 11 7 16 -7 18 10 -10 -9 -4 15 -14 -11 -8 17 -6 19 -5 -20 -16 -23 26 25 -25 27 29 -29 -1
right_child=1 2 3 4 5 6 12 8 9 14 -12 -13 13 -15 21 -17 -18 -19 20 -21 -22 22 -24 24 -26 -27 -28 28 -30 -31
leaf_value=1.7207325227180263 -1.9271451220498421 111.1433409297868 -110.12649512499775 76.45867724029813 -7.1007943386590346 1019.5407302903274 103.6590156307546 58.715448747779014 -927.76114763788655 136.53951377751363 -66.478271494127696 -393.4131648077535 -711.20569896279494 496.13025594467621 -737.17185529621793 1268.0618553682086 -87.778199121146471 73.622922936829127 1511.8069535559946 -97.838628027633249 325.02042511754553 115.9454976972018 -8797.2614098297254 -22.476351750089091 -25.206241410991062 -59.825666202159482 -56.8740584689127 100.04674815885375 17.063623654200274 -6.5905704078482819
leaf_weight=1185 215 81 36 25 29 37 24 46 26 21 29 22 29 36 29 25 35 20 23 20 37 20 25 27 829 20 30 37 30 23
leaf_count=1185 215 81 36 25 29 37 24 46 26 21 29 22 29 36 29 25 35 20 23 20 37 20 25 27 829 20 30 37 30 23
internal_value=0.000219798 0.00134831 0.00218519 0.0013468 0.00233209 0.00521277 0.00778146 8.30565e-05 -0.00204082 -0.00599174 0.00433333 -0.00775862 0.00350877 -0.000384615 -0.00289474 0.00867347 0.000595238 0.00459184 0.00404762 -0.000555556 0.0075 -0.00540541 -0.00166667 -0.000240715 -0.00125571 -0.00797872 0.000440613 0.000607843 0.00559701 0.000331126
internal_weight=3071 890 675 594 536 235 151 301 196 121 75 58 114 65 95 49 84 49 105 45 60 74 45 2181 876 47 1305 1275 67 1208
internal_count=3071 890 675 594 536 235 151 301 196 121 75 58 114 65 95 49 84 49 105 45 60 74 45 2181 876 47 1305 1275 67 1208
is_linear=0
shrinkage=0.05


Tree=250
num_leaves=31
num_cat=0
split_feature=3 5 1 7 6 5 5 6 10 7 5 5 7 3 3 3 0 3 0 1 5 1 3 3 1 0 0 1 6 2
split_gain=0.671218 1.16734 0.719219 0.59778 1.60117 0.952244 1.53031 0.919646 0.779872 0.909813 1.31378 2.47122 2.55734 1.05 1.02022 0.88205 0.774868 0.760999 0.690151 0.674769 1.2969 1.02945 0.794948 0.604196 0.591643 1.07143 0.625 0.498133 0.545686 2.2629
threshold=90151.568571428594 5634.4964057764419 69474.885000000009 4.5000000000000009 18820.02663416864 35552.16044183739 38817.407993640089 31973.474451421349 248.50000000000003 1.5000000000000002 27055.113574326959 13171.136983466056 2.5000000000000004 175525.07428571428 299181.59500000003 134956.56000000003 174095.48500000002 119815.00357142858 295188.25000000006 277549.11500000005 12681.974210476614 128088.22000000002 172522.22285714289 124817.04571428572 136164.27500000005 136949.85500000001 106896.07000000002 106673.93000000001 72657.237655223566 266317.76000000007
decision_type=2 2 2 2 2 2 2 2 2 2 2 2 2 2 2 2 2 2 2 2 2 2 2 2 2 2 2 2 2 2
left_child=2 -2 -1 5 16 7 -7 8 9 19 11 12 15 -13 18 -11 24 -9 -15 20 21 -3 -23 -19 25 26 -5 -6 -29 -30
right_child=1 3 -4 4 27 6 -8 17 -10 10 -12 13 -14 14 -16 -17 -18 23 -20 -21 -22 22 -24 -25 -26 -27 -28 28 29 -31
leaf_value=-102.59172636189687 -17.231291650957065 -0.90897542855091162 33.866090716449257 -4.3162649430534659 128.0482992942969 -277.49527407093956 -11.161166593436064 -15.866545266254981 -29.672775422010091 27.516713868419902 141.64749760901177 -104.33047019539809 1.9005567884552876 34.634671077445091 -25.895187353741495 260.08823397139861 -118.63027179407072 188.43605499648839 -19.958304164119184 -57.701042848330694 24.366070985949776 -162.05131634097597 -16.087159460640397 67.851560795934347 36.439302267053428 -127.70355155389844 41.114902612586597 -5.049014005358913 467.19507639186196 15.339456422242803
leaf_weight=21 40 69 59 36 35 34 1473 25 38 25 20 28 120 31 21 22 49 22 28 23 71 20 21 30 38 24 24 211 63 375
leaf_count=21 40 69 59 36 35 34 1473 25 38 25 20 28 120 31 21 22 49 22 28 23 71 20 21 30 38 24 24 211 63 375
internal_value=-0.000145349 -0.000265252 0.004375 -0.00015121 0.000964912 -0.000601132 -0.00127737 0.00105863 0.000325885 0.000851703 0.00262712 0.00172727 0.00553892 -0.00416667 -0.00125 0.0154255 -0.00336257 0.00616883 0.00211864 -0.00171569 -0.000690608 -0.00409091 -0.0103659 0.00961538 -0.00122951 -0.00357143 0 0.00204678 0.00173344 0.00273973
internal_weight=3096 3016 80 2976 855 2121 1507 614 537 499 295 275 167 108 80 47 171 77 59 204 181 110 41 52 122 84 60 684 649 438
internal_count=3096 3016 80 2976 855 2121 1507 614 537 499 295 275 167 108 80 47 171 77 59 204 181 110 41 52 122 84 60 684 649 438
is_linear=0
shrinkage=0.05


Tree=251
num_leaves=31
num_cat=0
split_feature=7 5 2 10 4 5 10 4 5 4 1 10 2 2 4 5 5 5 10 4 3 3 1 3 3 7 10 1 2 7
split_gain=0.619989 0.877254 0.995093 1.15085 0.763195 1.35447 0.966376 0.75934 0.721968 0.885095 1.00096 0.890293 0.692958 0.684603 0.655626 0.636404 0.542546 0.519231 0.604071 0.49019 0.514448 1.52673 1.35893 1.2779 1.03907 1.08651 1.15238 0.922205 1.22109 1.01074
threshold=4.5000000000000009 48174.393479078251 227828.70500000005 76.500000000000014 1082648.0912500001 292071.28661657387 104.50000000000001 91271.17357142859 35552.16044183739 300563.96125000011 295994.90000000008 249.50000000000003 672052.88000000012 251981.21500000003 301347.3733928572 38817.407993640089 20038.441739438127 53701.463740075189 160.50000000000003 118687.7460714286 123801.83785714289 150239.20714285717 100706.99000000001 182387.74071428576 146037.66285714289 3.5000000000000004 143.50000000000003 149068.74500000002 156663.87500000003 3.5000000000000004
decision_type=2 2 2 2 2 2 2 2 2 2 2 2 2 2 2 2 2 2 2 2 2 2 2 2 2 2 2 2 2 2
left_child=8 7 3 -3 5 12 -7 -2 9 10 11 -1 13 -4 -11 -10 -12 -5 -19 -17 22 24 -21 -23 25 26 -22 -25 -29 -30
right_child=1 2 4 17 -6 6 -8 -9 15 14 16 -13 -14 -15 -16 19 -18 18 -20 20 21 23 -24 27 -26 -27 -28 28 29 -31
leaf_value=3.5364123435392685 60.321662500623646 -35.874957197343612 -16.781432440892242 32.409857750350788 -1216.2638809895725 2154.0615160447956 1036.6958262080443 -5.999629729662411 -281.1114425392625 -45.653390746540396 47.961114785971589 -8.9213158394159109 -745.5934402463871 28.167228621395772 -6.1945083977901962 97.095372123613927 128.61477803549496 929.81350677750311 78.148933024182782 0.85624068969700606 -21.629742652544522 -198.92236411446393 -232.48618418555125 112.58561591485051 228.23324851919898 85.062904044759861 167.05793843641624 -271.82456080881605 -4.2049459937879874 -108.05395811497002
leaf_weight=556 21 21 20 26 23 20 21 342 35 20 24 36 32 305 38 26 31 31 21 54 42 68 33 60 23 20 28 50 854 215
leaf_count=556 21 21 20 26 23 20 21 342 35 20 24 36 32 305 38 26 31 31 21 54 42 68 33 60 23 20 28 50 854 215
internal_value=-0.000129199 0.00099094 0.00230769 0.00681818 0.00124703 0.00175879 0.0103659 -0.000895317 -0.000576141 0.000744681 0.00127512 0.000675676 0.000770308 0.00146154 -0.00517241 -0.00119363 0.00772727 0.00961538 0.0125 -0.0010353 -0.00115757 -0.000919118 -0.00488506 -0.00142342 0.00464602 0.00222222 -0.000714286 -0.00103902 -0.00136282 -0.00100561
internal_weight=3096 883 520 99 421 398 41 363 2213 705 647 592 357 325 58 1508 55 78 52 1473 1447 1360 87 1247 113 90 70 1179 1119 1069
internal_count=3096 883 520 99 421 398 41 363 2213 705 647 592 357 325 58 1508 55 78 52 1473 1447 1360 87 1247 113 90 70 1179 1119 1069
is_linear=0
shrinkage=0.05


Tree=252
num_leaves=31
num_cat=0
split_feature=10 6 1 6 6 10 7 10 10 10 7 10 1 4 4 6 10 4 5 4 7 4 6 10 10 5 5 1 1 5
split_gain=0.552725 0.845223 2.3536 1.26106 0.942529 0.674116 0.813339 0.576563 0.42714 1.1798 1.61862 0.872661 0.825 0.755871 1.80723 0.810707 0.941467 1.37534 1.18125 0.792282 0.757572 1.00499 1.15115 0.869759 0.927568 0.835305 1.32581 1.09737 0.756322 0.852167
threshold=248.50000000000003 114825.00221141933 199820.78500000003 141796.91365776389 38154.647580068216 243.50000000000003 4.5000000000000009 256.50000000000006 147.50000000000003 154.50000000000003 3.5000000000000004 145.50000000000003 215002.05500000002 300000.32001322758 289036.66803571436 207719.14711148813 129.50000000000003 1031562.4142857144 355492.42104653973 293537.9621428572 3.5000000000000004 420279.74303571432 112715.55988619714 128.50000000000003 120.50000000000001 193358.77887970794 147182.69537654278 332668.01500000007 325563.81000000006 94078.567190292888
decision_type=2 2 2 2 2 2 2 2 2 2 2 2 2 2 2 2 2 2 2 2 2 2 2 2 2 2 2 2 2 2
left_child=5 2 4 -3 -2 8 -7 -4 11 10 12 13 -10 14 28 20 17 -17 -19 -16 23 22 -22 24 25 26 27 -15 29 -1
right_child=1 3 7 -5 -6 6 -8 -9 9 -11 -12 -13 -14 15 19 16 -18 18 -20 -21 21 -23 -24 -25 -26 -27 -28 -29 -30 -31
leaf_value=-1.1084872207735317 -8.4752500474449342 645.13717013745338 -112.39877671788418 -110.38444568406558 133.5665829164227 201.60527480857419 -108.49594569124893 -155.84445535297857 -208.34292138795246 1.8209922241188907 556.79350132276011 -98.311205954285114 176.44043273144126 26.932387205954001 590.27171151729056 61.406717826216486 1188.5855283648009 -393.59243247739801 -3839.1824571156412 57.215435755663208 -183.25523092512449 -1114.3222390648632 22.05463985510287 -109.53735526289093 765.42247195400569 -2437.6886672092719 2587.895382326341 -432.98432286217286 -338.28645433523201 784.21734979558391
leaf_weight=802 58 27 21 38 24 39 24 25 24 1096 37 21 20 46 20 191 35 28 32 113 53 38 55 29 20 21 29 61 44 25
leaf_count=802 58 27 21 38 24 39 24 25 24 1096 37 21 20 46 20 191 35 28 32 113 53 38 55 29 20 21 29 61 44 25
internal_value=-0.000129199 -0.00272021 -0.00507813 0.00192308 0 4.30589e-05 0.00515873 -0.0141304 -7.04225e-05 0.000658454 0.00648148 -0.00058629 0 -0.00045676 0.000398406 -0.00180251 0.000174825 -0.000896414 -0.0075 0.00582707 -0.00340909 -0.00616438 -0.0037037 -0.00145631 -0.000141243 -0.00143312 0 -0.00257009 -0.00043054 -9.06892e-05
internal_weight=3096 193 128 65 82 2903 63 46 2840 1177 81 1663 44 1642 1004 638 286 251 60 133 352 146 108 206 177 157 136 107 871 827
internal_count=3096 193 128 65 82 2903 63 46 2840 1177 81 1663 44 1642 1004 638 286 251 60 133 352 146 108 206 177 157 136 107 871 827
is_linear=0
shrinkage=0.05


Tree=253
num_leaves=31
num_cat=0
split_feature=7 6 6 4 4 2 2 7 0 1 1 7 2 0 2 4 4 1 4 2 2 2 2 2 4 2 1 5 5 4
split_gain=0.469529 1.29453 0.871166 1.27156 2.55725 2.06621 1.16704 1.4979 0.974026 0.948552 1.1632 0.901429 0.980515 1.08778 0.976425 1.05224 1.03727 0.929445 0.807634 0.806567 1.3486 1.32254 1.26233 1.23166 0.874267 1.43217 0.857093 0.792304 2.02662 0.814881
threshold=4.5000000000000009 15704.575568612183 74596.889212536436 300563.96125000011 211612.96142857146 222890.37000000002 169121.20500000005 2.5000000000000004 310110.58500000002 167458.51500000004 207858.23500000002 3.5000000000000004 873514.70000000007 208868.95000000004 258572.09500000003 669903.92625000014 482272.33030219784 307569.87000000005 219480.8835714286 337313.51000000007 352487.06500000006 290950.18000000005 269068.82000000007 383049.25000000006 881080.39964285726 906157.57000000018 171624.54500000001 95124.444919640286 101932.19163966666 391963.17375000002
decision_type=2 2 2 2 2 2 2 2 2 2 2 2 2 2 2 2 2 2 2 2 2 2 2 2 2 2 2 2 2 2
left_child=2 -2 3 4 5 -1 7 18 -5 -6 -11 19 13 -13 -15 16 17 -16 -4 21 -21 22 26 -22 25 27 -8 29 -29 -25
right_child=1 -3 6 8 9 -7 11 -9 -10 10 -12 12 -14 14 15 -17 -18 -19 -20 20 23 -23 -24 24 -26 -27 -28 28 -30 -31
leaf_value=1.5197988029023692 -7.2621528532614326 27.509999454175706 -116.02502849965532 -30.434339662702406 99.449273540775181 -302.29200724467813 73.479707438476183 84.907403082402027 34.316897341850563 -277.33159526806998 123.42725599665137 -202.86875614749297 -1129.6857037088719 573.37728849817506 -1300.6838783415726 1689.5820678141492 -535.70109069951286 23.646959025727121 -433.91040919004303 1769.1726100143089 -106.49627771612433 -229.21056657177979 638.7413934210432 1969.303150664708 -271.70079317818744 1353.6240475927714 -50.052848592681407 -852.07639527213178 82.770896839124916 254.75272570136732
leaf_weight=860 174 709 21 42 29 24 20 27 22 27 129 29 31 31 20 20 29 37 38 24 34 52 26 20 129 29 149 20 266 28
leaf_count=860 174 709 21 42 29 24 20 27 22 27 129 29 31 31 20 20 29 37 38 24 34 52 26 20 129 29 149 20 266 28
internal_value=1.61499e-05 0.00099094 -0.000372797 0.000595763 0.00100561 -0.000113122 -0.00138889 -0.00697674 -0.00625 0.00635135 0.00480769 -0.000905433 -0.00393401 -0.00240964 -0.000547445 -0.00283019 -0.00523256 -0.00131579 -0.0114407 -0.000156838 0.000909091 -0.00253036 -0.000641026 0.000380228 0.00101626 0.00227273 -0.00221893 0.00134731 0.00034965 0.00729167
internal_weight=3096 883 2213 1133 1069 884 1080 86 64 185 156 994 197 166 137 106 86 57 59 797 550 247 195 526 492 363 169 334 286 48
internal_count=3096 883 2213 1133 1069 884 1080 86 64 185 156 994 197 166 137 106 86 57 59 797 550 247 195 526 492 363 169 334 286 48
is_linear=0
shrinkage=0.05


Tree=254
num_leaves=31
num_cat=0
split_feature=7 6 5 2 5 6 6 3 5 2 9 2 4 2 4 7 10 6 2 4 4 4 2 4 4 5 4 3 3 2
split_gain=0.575993 1.33784 1.6366 1.51164 1.10327 1.0913 1.09049 1.12459 1.49406 1.04706 1.53631 1.4135 1.12171 1.15115 1.09432 0.970274 0.963435 0.8565 0.780294 1.92197 0.730609 1.24578 1.27241 0.88379 0.876091 1.42371 0.68589 0.725821 1.72213 0.779475
threshold=4.5000000000000009 72657.237655223566 71742.172016100943 266317.76000000007 54507.39339857109 124518.64445812728 74596.889212536436 226609.01785714287 74429.597521369942 133277.28500000003 1.0000000180025095e-35 177520.34500000003 135068.69160714289 150388.00000000003 300000.32001322758 2.5000000000000004 257.50000000000006 72305.550381487192 140536.59500000003 286684.47232142865 300563.96125000011 216133.69946428575 222890.37000000002 301347.3733928572 224455.03446428574 64480.660948386096 292670.81812169316 411163.68000000011 415664.4707142858 240216.89000000004
decision_type=2 2 2 2 2 2 2 2 2 2 2 2 2 2 2 2 2 2 2 2 2 2 2 2 2 2 2 2 2 2
left_child=6 2 4 5 9 -3 16 8 -8 -2 11 12 -11 -14 -13 -10 17 20 -9 -20 21 22 -1 -22 -23 -26 -21 -28 -29 -30
right_child=1 3 -4 -5 -6 -7 7 18 15 10 -12 14 13 -15 -16 -17 -18 -19 19 26 23 24 -24 -25 25 -27 27 28 29 -31
leaf_value=1.5935484395180539 7.758884616998694 423.24674693483394 -396.87036050149328 24.280635224861911 143.36045747736208 97.586488352285244 13.202250283923059 -367.11568765142584 -443.89760119031712 -386.6934728827444 -58.762600776672485 43.62807855389547 25.383187340172299 -151.44056184210785 -10.321164974434943 -57.159300741391782 -64.437344383135141 55.497557924335709 269.91643135949562 -28.271239706168128 -41.175529693704448 446.6951534328764 -166.95849929457765 -3.8738167038420217 103.49717048910098 -392.93216103303712 11.720631117811719 -741.85258108713322 -610.78575756868668 -46.378179673026899
leaf_weight=839 175 37 20 379 26 29 43 21 33 25 25 62 26 53 26 30 30 36 22 38 21 23 25 43 95 21 362 22 24 485
leaf_count=839 175 37 20 379 26 29 43 21 33 25 25 62 26 53 26 30 30 36 22 38 21 23 25 43 95 21 362 22 24 485
internal_value=-0.000145349 0.000934315 -0.0010274 0.00286517 -0.000358852 0.00984848 -0.000576141 -0.00171296 -0.00660377 -0.00102041 -0.00334101 -0.00182292 -0.00576923 -0.0028481 0.00284091 -0.0115079 0.000507502 0.00074796 -0.0011807 -0.000970619 0.000492034 0.000822532 0.000115741 -0.0046875 0.00521583 0.00344828 -0.00131579 -0.00103583 -0.00221281 -0.00162083
internal_weight=3096 883 438 445 418 66 2213 1080 106 392 217 192 104 79 88 63 1133 1103 974 953 1067 1003 864 64 139 116 931 893 531 509
internal_count=3096 883 438 445 418 66 2213 1080 106 392 217 192 104 79 88 63 1133 1103 974 953 1067 1003 864 64 139 116 931 893 531 509
is_linear=0
shrinkage=0.05


Tree=255
num_leaves=31
num_cat=1
split_feature=7 11 4 1 10 4 10 5 1 0 4 2 0 10 2 0 1 0 2 7 5 2 5 4 5 5 4 4 4 1
split_gain=1.0895 1.3917 1.24447 1.70588 1.25689 0.996434 0.811453 0.875928 0.971645 0.708104 1.31463 1.7815 1.13212 1.41501 1.18078 1.27162 1.09156 1.0661 1.01196 1.82989 2.17406 1.7999 1.60434 2.99172 0.935924 0.917417 1.07991 0.904226 1.13582 0.885551
threshold=5.5000000000000009 0 501511.33589285723 411838.23500000004 119.50000000000001 88703.470250000013 63.500000000000007 105817.25042322236 449695.39500000008 222265.33500000005 149838.82875000002 184225.86500000002 255614.00000000003 118.50000000000001 156663.87500000003 271484.84500000003 295994.90000000008 215522.93500000003 186863.08000000005 2.5000000000000004 72743.067711366704 170725.78500000003 72743.067711366704 202838.42660714287 96117.070071128575 48174.393479078251 123450.99839285715 217614.23589285716 175102.33928571429 94954.195000000022
decision_type=2 1 2 2 2 2 2 2 2 2 2 2 2 2 2 2 2 2 2 2 2 2 2 2 2 2 2 2 2 2
left_child=5 6 3 -3 -4 -1 -2 -8 -9 10 11 25 13 -11 24 16 -16 18 21 -20 -21 22 23 -12 -14 -7 29 28 -23 -27
right_child=1 2 4 -5 -6 9 7 8 -10 12 17 -13 14 -15 15 -17 -18 -19 19 20 -22 27 -24 -25 -26 26 -28 -29 -30 -31
leaf_value=-62.684474932098603 206.39025012004859 -1.0508066453883658 -32.382856207786247 -1715.4061033661812 576.65226955293917 -3.8104927616921489 5.3562270977156006 1355.7408684127004 27.19589332170872 -259.16698370786474 0.68042100730963284 -398.01778211980928 -385.76432720301239 -50.452821835636861 -128.56361060219643 -16.805629735285766 376.59813957121514 884.43399247224738 20.284105539951998 -477.4777019214722 -5.6541350644110935 35.948967305547562 -83.408305937956911 630.97876493276135 10.044496338210593 66.552108486405274 -35.789229179996617 147.15528724942124 -51.061032126485955 278.91655729271514
leaf_weight=42 49 150 30 22 29 579 115 20 22 40 140 24 34 67 20 1107 35 21 90 36 93 72 42 21 22 22 39 31 31 23
leaf_count=42 49 150 30 22 29 579 115 20 22 40 140 24 34 67 20 1107 35 21 90 36 93 72 42 21 22 22 39 31 31 23
internal_value=-0.000309648 0.00200229 -0.000726141 -0.00290698 0.00550847 -0.000693653 0.00486111 0.00334395 0.00952381 -0.000569718 0.000276899 -0.00120087 -0.00137736 -0.00630841 -0.000944171 -0.00060241 0.00681818 0.0020364 0.00161871 -0.0010274 -0.00484496 0.00333828 0.000369458 0.00263975 -0.00803571 -0.00071644 0.00416667 0.00783582 0.00558252 0.00944444
internal_weight=3068 437 231 172 59 2631 206 157 42 2589 1264 687 1325 107 1218 1162 55 577 556 219 129 337 203 161 56 663 84 134 103 45
internal_count=3068 437 231 172 59 2631 206 157 42 2589 1264 687 1325 107 1218 1162 55 577 556 219 129 337 203 161 56 663 84 134 103 45
cat_boundaries=0 1
cat_threshold=3
is_linear=0
shrinkage=0.05


Tree=256
num_leaves=31
num_cat=0
split_feature=7 3 5 0 1 4 5 0 3 5 5 0 3 4 6 1 1 5 6 0 5 5 7 1 7 1 0 1 0 0
split_gain=0.998986 1.16095 1.13419 1.4973 0.858703 1.22304 0.847365 1.015 0.758051 0.685774 1.11204 0.653226 0.64279 0.613464 0.560894 1.0286 1.10048 0.965911 0.961789 0.873969 0.855601 0.836714 0.7301 1.82868 0.854443 1.11793 1.67902 1.29376 0.895421 1.39652
threshold=5.5000000000000009 89805.989285714299 24123.068048638659 172947.27000000005 367511.24500000005 383706.95732142864 108516.60207817449 322255.61000000004 117725.64714285715 9834.2204413155941 6540.6358262441636 155484.37000000002 132400.2035714286 385148.46392857149 24553.044512361008 294526.96000000008 196164.30500000002 20431.333941662022 13065.475100524882 280013.45000000007 25599.780967531329 20431.333941662022 1.5000000000000002 128088.22000000002 2.5000000000000004 94325.000000000015 133994.83500000005 137707.87000000002 159469.98500000002 141486.30000000002
decision_type=2 2 2 2 2 2 2 2 2 2 2 2 2 2 2 2 2 2 2 2 2 2 2 2 2 2 2 2 2 2
left_child=1 -1 3 9 5 8 7 -6 -4 10 -2 12 -10 -8 15 16 18 -17 22 -18 21 -16 23 -3 -24 -26 -27 -28 29 -29
right_child=2 14 4 -5 6 -7 13 -9 11 -11 -12 -13 -14 -15 20 17 19 -19 -20 -21 -22 -23 24 -25 25 26 27 28 -30 -31
leaf_value=-18.911568364230334 12.020049802422728 -1.4933756551679835 90.253845089890831 -166.12137926670113 25.487489517651557 1649.5330063092406 470.26801992743572 -368.1405475284817 14.096698053614091 46.818280537136893 -103.13282805728232 158.74171116843354 -8.3156276046254796 38.326622709142974 0.010178524404182099 38.552241176582179 -140.18847971835348 102.47841994493648 13.898618574076682 -4.8047599563113188 -8.3827571967012773 -108.06809664066532 26.054339194824571 -175.33382185848677 19.198852164235724 -26.450579170286076 64.483591990109559 18.608901094688189 12.041440741853149 -47.165249679611591
leaf_weight=53 26 100 21 38 22 20 21 21 37 22 25 62 25 97 22 39 20 38 116 37 1898 29 59 26 39 45 32 22 31 25
leaf_count=53 26 100 21 38 22 20 21 21 37 22 25 62 25 97 22 39 20 38 116 37 1898 29 59 26 39 45 32 22 31 25
internal_value=-0.000325945 -0.000693653 0.00188787 -0.00247748 0.00337423 0.00590909 0.000776398 -0.00523256 0.00431034 0.00171233 -0.00147059 0.00282258 -0.000806452 0.0029661 -0.000543057 0.000755167 0 0.00616883 0.000757576 -0.00657895 -0.000962032 -0.00735294 -0.000461741 -0.00357143 0.00108696 -0.000515464 -0.00241935 0.000909091 -0.0025641 -0.00691489
internal_weight=3068 2631 437 111 326 165 161 43 145 73 51 124 62 118 2578 629 552 77 495 57 1949 51 379 126 253 194 155 110 78 47
internal_count=3068 2631 437 111 326 165 161 43 145 73 51 124 62 118 2578 629 552 77 495 57 1949 51 379 126 253 194 155 110 78 47
is_linear=0
shrinkage=0.05


Tree=257
num_leaves=31
num_cat=0
split_feature=10 3 3 4 3 10 10 4 2 4 7 5 10 2 2 6 10 3 10 7 10 2 5 2 2 7 10 3 10 10
split_gain=0.852364 0.787588 1.2432 0.893774 0.993334 0.74912 1.58337 0.794349 0.877635 0.711298 1.43735 0.876556 0.761528 0.758056 0.809078 1.37954 1.13947 0.793729 0.791094 1.02879 0.720543 0.666281 1.11613 0.54406 1.69663 1.829 1.17686 1.435 1.09187 1.60454
threshold=255.50000000000003 121972.1142857143 119409.1792857143 117809.06250000001 115961.09571428572 137.50000000000003 218.50000000000003 92294.763571428586 91868.070000000022 123614.00625000002 2.5000000000000004 43410.926953742339 163.50000000000003 134026.89500000005 127184.23500000002 10541.311884115556 172.50000000000003 133861.51714285716 85.500000000000014 3.5000000000000004 226.50000000000003 140536.59500000003 96117.070071128575 181105.11500000002 170725.78500000003 2.5000000000000004 188.50000000000003 175525.07428571428 221.50000000000003 176.50000000000003
decision_type=2 2 2 2 2 2 2 2 2 2 2 2 2 2 2 2 2 2 2 2 2 2 2 2 2 2 2 2 2 2
left_child=1 2 3 5 -5 -1 7 8 -7 10 12 -12 -3 14 18 -16 -17 -15 -11 20 -20 -2 -23 24 28 -26 27 -27 29 -19
right_child=21 9 -4 4 -6 6 -8 -9 -10 13 11 -13 -14 17 15 16 -18 23 19 -21 -22 22 -24 -25 25 26 -28 -29 -30 -31
leaf_value=-10.334083780794026 27.915879272707027 -310.10657197430413 -101.84498759569361 40.216474357304108 -14.887093095526508 4.5261352058281776 -3.5452993408493061 -23.209058111098059 80.322285816186934 27.892946438615038 10.939584402653054 129.28029380466396 79.252235537255913 42.53833224182236 19.507135964062037 -149.2341704978775 -7.8998462243936958 1.2638564111854067 -101.83965116456093 30.566794493476849 33.01989272783576 -233.14801388300404 9.3593005058501149 -4.0942465457723305 244.0829106608173 -2.6333303505874941 -133.30868090646837 102.77138509980942 14.611633313591302 -106.01234876269592
leaf_weight=167 28 24 64 43 59 24 31 32 22 49 22 31 22 58 28 26 21 209 66 32 20 49 27 1698 28 37 22 38 42 49
leaf_count=167 28 24 64 43 59 24 31 32 22 49 22 31 22 58 28 26 21 209 66 32 20 49 27 1698 28 37 22 38 42 49
internal_value=-0.00035854 -0.000202429 -0.00214932 -0.0010582 0.00294118 -0.00253623 0.000688073 0.00448718 0.00869565 0.000138779 0.00429293 0.00990566 -0.00217391 -3.09534e-05 -0.00268595 -0.007 -0.012234 0.000263641 -0.000748503 -0.0029661 -0.00581395 -0.00480769 -0.00723684 0.000105982 0.00170588 0.0066 0.00335052 0.00633333 -0.000333333 -0.00155039
internal_weight=3068 2964 442 378 102 276 109 78 46 2522 99 53 46 2423 242 75 47 2181 167 118 86 104 76 2123 425 125 97 75 300 258
internal_count=3068 2964 442 378 102 276 109 78 46 2522 99 53 46 2423 242 75 47 2181 167 118 86 104 76 2123 425 125 97 75 300 258
is_linear=0
shrinkage=0.05


Tree=258
num_leaves=31
num_cat=0
split_feature=4 1 0 1 3 3 3 1 1 1 5 6 6 6 3 6 5 1 0 1 4 6 3 4 6 1 5 6 4 3
split_gain=0.657781 1.13699 1.19932 1.14211 1.04393 0.842391 0.792279 0.905159 1.25109 0.897558 0.692969 0.535942 0.560153 0.527868 0.521384 1.32263 0.680272 0.515313 2.19838 0.947175 0.703769 1.28866 1.58898 0.675 0.497903 0.402756 0.779171 1.20628 0.548173 1.87594
threshold=92576.328392857162 69474.885000000009 98820.410000000018 84004.775000000009 115961.09571428572 91740.601428571434 121972.1142857143 87705.310000000012 96982.175000000003 103456.69000000002 29999.611967090146 7340.9079019532028 6515.350797871527 37188.494001121588 118964.325 41611.540959174228 45327.026397994567 123051.55500000001 113336.08000000002 137707.87000000002 135554.6035714286 50603.374305268706 136543.58142857146 135068.69160714289 44793.695837729763 141400.81000000003 9834.2204413155941 11235.215696525898 136095.90785714288 152232.45571428575
decision_type=2 2 2 2 2 2 2 2 2 2 2 2 2 2 2 2 2 2 2 2 2 2 2 2 2 2 2 2 2 2
left_child=1 -1 3 -3 13 11 10 24 -9 -10 -6 12 -5 -2 16 -16 -12 18 -11 20 23 22 -22 -19 -8 -21 27 -27 -28 -30
right_child=4 2 -4 5 6 -7 7 8 9 17 14 -13 -14 -15 15 -17 -18 19 -20 25 21 -23 -24 -25 -26 26 28 -29 29 -31
leaf_value=-115.10013107032428 60.801705071101608 31.859377534055966 70.533006908942482 -3.6144355949239984 -507.65327516657493 -39.553158522024027 5.2964973170855956 -79.863656828013347 116.90337875471815 63.503254501003909 -101.50455832743393 -11.083149135547865 11.935751501341294 6.8803589827701224 20.991952083553045 -212.43606964726061 71.855238322372315 17.439147622203745 -115.02171079854379 -63.294254782573262 19.095891958510403 111.80427849872504 -257.43597145451207 34.648555262984885 93.407532219275893 -10.100776919189958 -24.148782405683598 114.21171923188376 97.368478417834567 -4.7392915697972056
leaf_weight=22 26 35 29 41 20 40 25 33 23 28 28 40 34 47 33 40 21 30 51 56 48 35 27 24 31 24 80 26 51 2020
leaf_count=22 26 35 29 41 20 40 25 33 23 28 28 40 34 47 33 40 21 30 51 56 48 35 27 24 31 24 80 26 51 2020
internal_value=-0.000293351 -0.00280083 -0.00171233 -0.00315789 -7.95897e-05 -0.005 -0.00023602 -3.82848e-05 -0.000176056 -4.95442e-05 -0.00387324 -0.00282609 -0.000333333 0.00582192 -0.00245902 -0.00513699 0.00153061 -0.00014 -0.00411392 -1.03263e-05 0.00365854 0.00136364 -0.00233333 0.00833333 0.00625 -0.000276916 -0.000170377 0.006 -0.000313808 -0.000156929
internal_weight=3068 241 219 190 2827 155 2754 2612 2556 2523 142 115 75 73 122 73 49 2500 79 2421 164 110 75 54 56 2257 2201 50 2151 2071
internal_count=3068 241 219 190 2827 155 2754 2612 2556 2523 142 115 75 73 122 73 49 2500 79 2421 164 110 75 54 56 2257 2201 50 2151 2071
is_linear=0
shrinkage=0.05


Tree=259
num_leaves=31
num_cat=0
split_feature=10 4 1 4 1 1 10 10 10 2 6 2 1 3 3 2 4 5 7 5 2 2 7 3 2 5 1 5 3 3
split_gain=0.734946 0.720747 1.16812 1.067 1.05454 1.00487 0.97173 1.34894 1.35136 1.56603 0.949172 0.807103 0.806149 0.666953 0.853245 1.13193 1.12079 2.29365 0.859091 0.646479 1.54158 1.35978 1.6996 1.85394 1.4122 1.37387 1.15714 1.05977 1.38575 1.01637
threshold=255.50000000000003 113514.94000000002 69474.885000000009 92294.763571428586 84004.775000000009 87705.310000000012 91.500000000000014 137.50000000000003 221.50000000000003 91868.070000000022 44793.695837729763 87111.185000000012 90460.950000000026 115961.09571428572 122582.9635714286 171969.70000000004 123450.99839285715 48990.531681823901 2.5000000000000004 42715.319169421877 156663.87500000003 181105.11500000002 5.5000000000000009 222386.66500000001 326119.78000000009 78868.886002430081 150548.70500000005 72743.067711366704 290822.88857142866 305341.66285714292
decision_type=2 2 2 2 2 2 2 2 2 2 2 2 2 2 2 2 2 2 2 2 2 2 2 2 2 2 2 2 2 2
left_child=1 2 -1 4 -4 10 -6 -8 9 -9 11 -3 -7 -14 15 -15 17 18 -16 -18 -21 26 23 25 -24 -23 -22 -25 -29 -30
right_child=-2 5 3 -5 6 12 7 8 -10 -11 -12 -13 13 14 16 -17 19 -19 -20 20 21 22 24 27 -26 -27 -28 28 29 -31
leaf_value=-109.34512451680803 -51.576285721669414 277.6659519007153 30.266408657353168 -16.363329400326986 12.996770980198926 -105.80464426810759 -32.978488449598082 -8.8857836165527271 -6.6323180201732619 71.386427820930848 88.73715560831188 -112.41366178191602 20.831050404053531 -4.550169160406222 -412.32205567269557 -268.76120544820952 3.8459279189002702 327.22201772937115 32.135811819362793 -102.02444925675228 -166.10800815155454 -19.018400227944948 277.81647040266108 -309.36125974111059 32.238227590174937 -424.54046007831062 78.397271946200647 72.996586842393299 -76.921752912621017 -16.130088484971203
leaf_weight=22 104 24 33 50 40 20 35 20 23 23 37 35 45 83 20 26 669 21 22 177 24 75 50 42 172 33 81 106 73 883
leaf_count=22 104 24 33 50 40 20 35 20 23 23 37 35 45 83 20 26 669 21 22 177 24 75 50 42 172 33 81 106 73 883
internal_value=-0.000195567 -5.06073e-05 -0.00264228 -0.0015625 0.000287356 0.000183959 -0.00159574 -0.00420792 0 0.00523256 0.00520833 0.00127119 0 7.6864e-05 -2.93312e-05 -0.0043578 0.000163399 0.00674603 0 -1.04822e-05 -0.000524476 -1.62443e-05 -0.00041841 -0.00115512 0.0036036 -0.00740741 0.00547619 -0.000543478 -0.000235405 -0.00083682
internal_weight=3068 2964 246 224 174 2718 141 101 66 43 96 59 2622 2602 2557 109 2448 63 42 2385 1716 1539 1434 1212 222 108 105 1104 1062 956
internal_count=3068 2964 246 224 174 2718 141 101 66 43 96 59 2622 2602 2557 109 2448 63 42 2385 1716 1539 1434 1212 222 108 105 1104 1062 956
is_linear=0
shrinkage=0.05


Tree=260
num_leaves=31
num_cat=0
split_feature=5 5 0 5 5 5 1 3 7 0 3 0 0 7 2 3 0 0 1 5 7 5 3 2 2 2 3 10 2 2
split_gain=0.661769 1.17365 0.811871 1.05644 1.17667 1.06877 0.802711 1.47698 1.1111 0.79497 1.10409 1.06092 1.50767 1.39359 1.25838 0.933345 1.08139 0.879812 0.825352 0.794262 0.805093 1.48436 1.54065 1.22325 1.07885 0.76907 2.3076 1.61963 0.776171 1.44687
threshold=35552.16044183739 34194.460926803331 82086.090000000011 74429.597521369942 70882.235317453786 76082.003594417169 241666.32000000004 242178.02500000005 4.5000000000000009 103849.62000000001 299948.86500000005 91936.055000000008 90460.950000000026 1.5000000000000002 96469.185000000012 298209.21500000008 306470.57000000001 115802.54500000001 98692.750000000015 85109.528137198809 4.5000000000000009 101117.95492778243 420395.72500000009 386468.1650000001 326119.78000000009 255935.42000000004 231203.28857142859 249.50000000000003 176850.83500000005 164780.69500000004
decision_type=2 2 2 2 2 2 2 2 2 2 2 2 2 2 2 2 2 2 2 2 2 2 2 2 2 2 2 2 2 2
left_child=1 9 -2 4 25 -5 8 -8 -7 11 15 12 13 -1 -15 16 17 -11 -13 -9 -21 -22 23 -23 -24 27 -27 28 29 -4
right_child=2 -3 3 5 -6 6 7 19 -10 10 -12 18 -14 14 -16 -17 -18 -19 -20 20 21 22 24 -25 -26 26 -28 -29 -30 -31
leaf_value=-11.632953435550736 24.048825347625463 186.51026029865318 -34.558076354649529 145.84138715034715 -278.04584569072466 6.7946352828003 -365.47910897869735 882.11432092770701 158.64950060497358 205.28506707506605 -17.893628363063907 -4.2363970268677802 22.23868079857057 57.087776577358454 -12.690581200303496 104.89549478817935 -181.7969483045774 4.4278760898378096 -147.16767337265955 -57.911893540668828 862.02122247082013 9.5617796634818664 1569.6917134025309 -328.952348092779 57.788677648658634 474.33935605831357 -31.542368640622591 166.47442561155114 -177.76178652256931 54.066683145019489
leaf_weight=52 68 28 274 26 40 241 49 33 39 25 67 87 21 45 34 36 20 519 20 728 35 58 27 66 149 32 43 23 111 38
leaf_count=52 68 28 274 26 40 241 49 33 39 25 67 87 21 45 34 36 20 519 20 728 35 58 27 66 149 32 43 23 111 38
internal_value=-0.000461437 0.000628931 -0.000961538 -0.00114314 -0.00298574 -0.000430737 -0.000614035 -0.00120087 0.00178571 0.000323974 0.00123688 -0.00202703 0.000657895 -0.00133588 0.0028481 0.00191667 0.00141844 0.00183824 -0.00584112 -0.000821168 -0.00105833 0.000970149 -0.000166667 -0.00443548 0.00284091 -0.00235125 0.00233333 -0.00313901 -0.00384161 -0.0025641
internal_weight=3034 954 2080 2012 561 1451 1425 1145 280 926 667 259 152 131 79 600 564 544 107 1096 1063 335 300 124 176 521 75 446 423 312
internal_count=3034 954 2080 2012 561 1451 1425 1145 280 926 667 259 152 131 79 600 564 544 107 1096 1063 335 300 124 176 521 75 446 423 312
is_linear=0
shrinkage=0.05


Tree=261
num_leaves=31
num_cat=0
split_feature=1 6 0 1 4 6 6 2 4 7 0 2 3 10 1 1 3 0 0 6 4 2 4 4 0 0 0 1 1 2
split_gain=0.791521 1.3903 1.68201 1.30108 1.36159 1.08172 0.975964 0.857143 0.722181 0.967742 0.719265 1.4596 1.13012 0.947881 0.806645 0.815428 1.14335 1.25791 0.986842 3.10242 0.947901 1.82752 1.25899 0.935065 0.833872 1.225 1.05691 1.05973 0.747183 0.671767
threshold=325563.81000000006 114019.63656086488 305119.35500000004 355233.51000000007 295977.06142857141 79916.668306420775 7816.898001939544 386468.1650000001 367074.60357142863 1.5000000000000002 280013.45000000007 479878.03000000009 362402.9671428572 123.50000000000001 355233.51000000007 398065.95000000007 483066.75000000006 551425.88500000013 698421.95500000007 238024.81766408481 464517.94517857145 560115.69500000018 508332.40803571435 491220.28318783076 407826.83000000007 361639.60500000004 456941.59500000003 515226.29500000004 629150.43500000017 82743.585000000006
decision_type=2 2 2 2 2 2 2 2 2 2 2 2 2 2 2 2 2 2 2 2 2 2 2 2 2 2 2 2 2 2
left_child=6 2 5 -4 -5 -2 29 -7 -6 -10 11 13 -12 -3 -14 -16 20 23 -19 -20 21 24 -22 -18 25 -17 -26 -28 -25 -1
right_child=1 10 3 4 8 7 -8 -9 9 -11 12 -13 14 -15 15 16 17 18 19 -21 22 -23 -24 28 26 -27 27 -29 -30 -31
leaf_value=-20.856526382607264 -126.03617235254497 -1073.2570825780465 -1581.0584170776187 326.27067695813753 -247.90369632589284 1144.0252906006413 2.4042316778606621 -35.358190796233252 -11.376684324088274 -281.03981239799617 774.98930316216001 1299.8275492526736 1175.1512419193809 -86.506200969785283 -150.3149833665768 -42.288427456517823 -386.95769916348513 506.24978968464279 -4212.3606237773492 140.98245315933019 1583.115673202579 -460.80884271257383 -13.95314226282062 11.735905771766557 -551.42177431229072 1246.1167259197553 2162.72438128269 -384.05737303929783 -1826.8196290597261 -3.1647817691355158
leaf_weight=25 32 28 25 24 24 21 1816 21 30 32 24 33 31 38 62 20 22 48 27 229 36 21 23 39 20 20 27 20 38 178
leaf_count=25 32 28 25 24 24 21 1816 21 30 32 24 33 31 38 62 20 22 48 27 229 36 21 23 39 20 20 27 20 38 178
internal_value=-0.000609756 -0.00174877 -0.00538278 -0.0087037 -0.00636364 0.000675676 -3.71471e-05 0.00595238 -0.00930233 -0.00645161 -0.000806452 -0.00479798 -0.000247525 -0.00909091 -0.000622255 -0.000996933 -0.000423729 -0.00192308 -0.000328947 -0.0015625 0.00280749 0.000390625 0.00805085 -0.00681818 0.00303738 0.00875 -0.000373134 0.0037234 -0.00422078 -0.00332512
internal_weight=3034 1015 209 135 110 74 2019 42 86 62 806 99 707 66 683 652 590 403 304 256 187 128 59 99 107 40 67 47 77 203
internal_count=3034 1015 209 135 110 74 2019 42 86 62 806 99 707 66 683 652 590 403 304 256 187 128 59 99 107 40 67 47 77 203
is_linear=0
shrinkage=0.05


Tree=262
num_leaves=31
num_cat=0
split_feature=6 4 4 6 3 6 4 10 1 3 2 0 3 2 2 3 2 0 4 10 4 0 2 6 10 10 0 2 2 10
split_gain=0.916029 1.27134 1.09116 1.08922 1.53032 1.11012 1.08123 1.44899 1.46689 1.03241 1.92857 1.01285 0.948986 0.86637 0.806244 0.767492 0.694119 1.42013 1.06904 1.87957 1.22792 1.84864 0.70722 1.07847 0.786846 1.37558 0.669068 0.662828 0.982905 0.970274
threshold=42210.887596326334 115910.37714285716 92294.763571428586 47884.309205675083 157203.80785714291 49149.38181282374 121259.21151785715 81.500000000000014 119291.82000000002 127215.62214285716 142422.09000000003 113336.08000000002 124097.38357142858 139139.16 95836.580000000016 310743.97214285721 110073.395 255614.00000000003 219480.8835714286 91.500000000000014 222408.70160714287 191853.80500000002 305767.98500000004 75613.881588898148 208.50000000000003 170.50000000000003 86269.435000000012 157852.88000000003 195687.98500000002 158.50000000000003
decision_type=2 2 2 2 2 2 2 2 2 2 2 2 2 2 2 2 2 2 2 2 2 2 2 2 2 2 2 2 2 2
left_child=1 2 -1 4 6 -5 -2 8 -8 12 -11 14 13 -9 -3 -13 17 -7 19 -18 21 -20 23 24 25 -21 -16 -22 29 -29
right_child=3 11 -4 5 -6 16 7 9 -10 10 -12 15 -14 -15 26 -17 18 -19 20 22 27 -23 -24 -25 -26 -27 -28 28 -30 -31
leaf_value=-0.37973998731686154 41.508154971247137 148.1527266871046 -31.63368316369888 28.365802887997418 -742.74635968716109 -336.42699572859419 -10.896197806619604 44.078292211906955 -328.05367681334468 581.02220233283663 -262.83181483640146 5.0134928625935578 -27.095028245935101 -170.75094326096223 -42.430546618952945 -13.839923030717182 614.57799049855248 349.29582750130942 0.10110822904534872 22.925547022581306 -357.21261603981986 -793.0768641129813 -280.97965952167579 158.53271996036275 18.550357085568248 -205.32386232789287 67.732819525316884 390.35572088249614 -24.920333556643165 -16.547989678315936
leaf_weight=204 35 27 62 26 20 22 24 35 31 21 21 694 25 22 23 21 26 20 23 40 37 24 27 26 35 36 45 45 1316 21
leaf_count=204 35 27 62 26 20 22 24 35 31 21 21 694 25 22 23 21 26 20 23 40 37 24 27 26 35 36 45 45 1316 21
internal_value=-0.000428477 0.000743494 -0.00225564 -0.00107252 -0.0042735 -0.000638051 -0.00303738 -0.00460894 -0.0113636 -0.0016129 0.0047619 0.0017284 -0.00487805 -0.00131579 0.00657895 0.00108392 -0.000795053 -0.00714286 -0.000634058 0.00289474 -0.00109141 -0.00904255 0.000914634 0.00237226 0.000225225 -0.00263158 0.00367647 -0.000828048 -0.00065123 0.00530303
internal_weight=3034 1076 266 1958 234 1724 214 179 55 124 42 810 82 57 95 715 1698 42 1656 190 1466 47 164 137 111 76 68 1419 1382 66
internal_count=3034 1076 266 1958 234 1724 214 179 55 124 42 810 82 57 95 715 1698 42 1656 190 1466 47 164 137 111 76 68 1419 1382 66
is_linear=0
shrinkage=0.05


Tree=263
num_leaves=31
num_cat=0
split_feature=6 6 1 3 3 3 6 3 5 5 6 3 5 1 6 6 5 0 6 3 1 3 3 5 0 2 1 1 6 6
split_gain=0.783761 0.946226 1.3337 0.967556 0.898409 1.15087 0.786474 0.808053 0.757915 0.842005 0.937964 0.754221 1.09786 0.728483 1.08446 1.00117 1.86251 0.8896 0.87483 1.31621 1.06411 0.804014 0.97577 0.73392 0.956497 1.07827 1.38807 0.97757 1.06394 1.23789
threshold=42700.58050265893 46507.085542017601 91795.705000000016 124817.04571428572 126521.99000000001 148912.87142857147 7816.898001939544 310743.97214285721 4676.1847436001217 5365.9861635209363 6927.7645778391561 200219.99071428573 57483.940158256606 325563.81000000006 114019.63656086488 104908.1793161301 121332.18348206226 420963.16000000009 79916.668306420775 291639.24071428576 407176.96500000003 476012.27071428573 437656.4114285715 63529.329816426594 314495.83500000008 142422.09000000003 211662.92000000001 199820.78500000003 71047.26365873059 74596.889212536436
decision_type=2 2 2 2 2 2 2 2 2 2 2 2 2 2 2 2 2 2 2 2 2 2 2 2 2 2 2 2 2 2
left_child=6 3 -3 -2 -4 -6 8 -8 -1 -10 -11 12 -7 21 15 18 17 -17 -15 -20 -21 22 23 -13 25 -25 27 28 -27 -30
right_child=1 2 4 -5 5 11 7 -9 9 10 -12 13 -14 14 -16 16 -18 -19 19 20 -22 -23 -24 24 -26 26 -28 -29 29 -31
leaf_value=17.130893229483263 -6.9041555320931369 67.69010799715106 -155.84463209328788 -118.13724688997937 164.57347475790741 -12.885513619119592 5.5072176685542225 -13.147926879182343 -12.638907463529904 0.90218767112601206 -12.951134853428085 211.56382398542337 -418.00586384105122 -275.08628434502901 -15.094970717432444 -326.53344543463902 6.9208479972556241 -1290.2516341711162 913.17774149504407 760.27062585302633 -529.57542075374511 1088.6391531584638 -46.881127545781787 -185.10831850137367 64.696693621833404 -98.153042252720482 -60.743090691319964 239.1231594007084 220.07240337315744 41.429399768130679
leaf_weight=24 98 37 24 84 31 49 863 21 34 75 70 30 24 26 805 32 31 21 22 23 36 33 23 20 173 28 181 21 20 75
leaf_count=24 98 37 24 84 31 49 863 21 34 75 70 30 24 26 805 32 31 21 22 23 36 33 23 20 173 28 181 21 20 75
internal_value=-0.000362558 -0.00096302 -0.000609065 -0.0043956 -0.000810185 -0.000674883 0.000712971 0.00135747 -0.0020936 -0.00321229 -0.00155172 -0.000851763 -0.00582192 -0.000625 -0.00145582 -0.00484293 -0.00892857 -0.0146226 -0.00163551 0.000925926 -0.0029661 0.000745033 0.00030648 0.000729927 0.000289575 -0.00123188 -0.000538462 0.003125 0.00142276 0.00394737
internal_weight=3034 1947 1765 182 1728 1704 1087 884 203 179 145 1673 73 1600 996 191 84 53 107 81 59 604 571 548 518 345 325 144 123 95
internal_count=3034 1947 1765 182 1728 1704 1087 884 203 179 145 1673 73 1600 996 191 84 53 107 81 59 604 571 548 518 345 325 144 123 95
is_linear=0
shrinkage=0.05


Tree=264
num_leaves=31
num_cat=0
split_feature=5 5 10 0 10 5 0 1 4 7 0 10 7 2 2 1 0 0 4 0 2 10 5 4 4 2 2 5 10 10
split_gain=0.587565 0.784823 0.769434 1.1106 1.02796 1.40537 1.53671 0.71804 0.768182 0.889352 0.791164 0.837126 0.811388 0.805838 0.789706 0.765789 1.02723 1.07037 0.670588 0.625162 1.4039 1.27165 1.25899 1.04301 1.34703 1.05525 2.77854 1.37147 0.976767 1.6478
threshold=35552.16044183739 34194.460926803331 35.500000000000007 75148.705000000016 19.500000000000004 45327.026397994567 200374.95000000004 315261.07500000001 175375.88928571434 5.5000000000000009 135054.09000000005 33.500000000000007 4.5000000000000009 136326.89500000002 82743.585000000006 295994.90000000008 293712.02500000008 181454.00000000003 91146.005535714314 167935.79000000004 87111.185000000012 250.50000000000003 39282.105838163297 219480.8835714286 223645.53125000003 147200.40000000002 188404.78000000003 60221.238444549301 89.500000000000014 192.50000000000003
decision_type=2 2 2 2 2 2 2 2 2 2 2 2 2 2 2 2 2 2 2 2 2 2 2 2 2 2 2 2 2 2
left_child=1 7 4 -4 -2 -6 -7 8 10 15 11 18 -12 -14 -13 16 17 -10 -1 20 -5 22 -22 25 -25 28 -27 -28 -21 -30
right_child=2 -3 3 19 5 6 -8 -9 9 -11 12 14 13 -15 -16 -17 -18 -19 -20 23 21 -23 -24 24 -26 26 27 -29 29 -31
leaf_value=6.3747675993716264 71.897696985298538 172.96001932765614 140.02582615517969 69.833286520922044 -355.99221251443015 39.357929779724515 -351.10235062776269 38.216517101804492 -147.59539220855223 25.384287657288951 15.705074731932109 -37.814669494397094 31.574861759383932 -84.490236014650151 -2.0607865351063084 9.9203365463734379 -117.8888068949891 1.8183963845134714 54.16367139976974 124.96842224238463 -569.91403526868669 52.855896785882948 -18.297801390166207 -296.18282974242032 -9.2582043915754184 105.76937303715823 -259.83470458973318 16.984276071770001 -380.76925091150918 101.27272995959211
leaf_weight=38 43 28 31 38 21 35 88 46 27 30 212 24 31 67 302 51 23 45 30 20 22 21 286 37 1261 53 26 49 27 22
leaf_count=38 43 28 31 38 21 35 88 46 27 30 212 24 31 67 302 51 23 45 30 20 22 21 286 37 1261 53 26 49 27 22
internal_value=-0.000346078 0.000681342 -0.000817308 -0.000515055 -0.00387701 -0.00590278 -0.00386179 0.000431965 0.000113636 -0.00284091 0.000852273 -0.000634518 0.00274194 -0.00102041 -0.00168712 -0.00445205 -0.00710526 -0.00416667 0.00441176 -0.000671321 -0.00252044 -0.00357143 -0.00438312 -0.000217391 -0.000731895 0.00317259 0.00585938 -0.000333333 -0.00181159 -0.00561224
internal_weight=3034 954 2080 1893 187 144 123 926 880 176 704 394 310 98 326 146 95 72 68 1862 367 329 308 1495 1298 197 128 75 69 49
internal_count=3034 954 2080 1893 187 144 123 926 880 176 704 394 310 98 326 146 95 72 68 1862 367 329 308 1495 1298 197 128 75 69 49
is_linear=0
shrinkage=0.05


Tree=265
num_leaves=31
num_cat=0
split_feature=0 4 0 5 4 4 0 4 6 2 2 0 0 2 6 1 1 5 2 2 0 0 2 5 1 4 2 2 1 1
split_gain=0.566079 1.17998 0.861845 1.20939 1.2305 1.37671 1.05 1.14076 1.47417 1.02705 0.976041 1.28643 1.23884 1.37043 0.867594 0.839556 0.828519 0.827858 0.678174 1.33355 1.23363 0.804038 0.640152 0.825 1.06909 0.558775 0.646741 1.02569 0.638974 1.43177
threshold=152310.35000000003 120190.12125000001 125164.31500000002 35552.16044183739 144211.53589285715 136017.59642857147 147310.62000000002 209106.30482142861 76385.712391747584 189547.73500000002 119288.73000000003 92939.950000000026 90460.950000000026 91171.510000000009 9452.1154460247708 139177.33000000005 90460.950000000026 5869.527124083922 138408.285 152143.40500000003 103849.62000000001 118455.59500000002 92939.950000000026 7318.200877185036 108071.99500000001 300000.32001322758 214222.48500000002 204398.89000000004 288947.88000000006 274533.59500000003
decision_type=2 2 2 2 2 2 2 2 2 2 2 2 2 2 2 2 2 2 2 2 2 2 2 2 2 2 2 2 2 2
left_child=2 -2 10 4 5 15 7 9 -9 -5 11 12 17 -14 -7 -4 -13 -1 20 -20 -12 -21 -18 -24 -25 26 27 -3 29 -27
right_child=1 25 3 6 -6 14 -8 8 -10 -11 18 16 13 -15 -16 -17 22 -19 19 21 -22 -23 23 24 -26 28 -28 -29 -30 -31
leaf_value=-8.9587400721695314 232.88345655977866 4.819431970083679 11.787029463201907 -561.24659754337415 107.16320541785682 -52.397638976012246 -437.05218335353567 228.08189150018154 -58.92307901977329 -1.9037190499686405 24.259855448822783 -12.765504989330294 21.361902789663873 1.099656361650341 -78.563698645378111 -8.5365553389521676 12.683534873423561 4.7246294809963727 -67.914060460949258 29.556530062323148 93.704567847782172 151.14513012427778 -27.140409206751066 28.492327860122899 -12.099905404209132 -8.3257941955846047 26.196737806334568 -390.46527623573058 4.6565766745014114 -44.074160948913779
leaf_weight=46 20 477 101 38 21 23 20 21 23 23 39 42 21 22 20 37 44 163 45 51 35 21 33 30 25 161 366 21 1033 43
leaf_count=46 20 477 101 38 21 23 20 21 23 23 39 42 21 22 20 37 44 163 45 51 35 21 33 30 25 161 366 21 1033 43
internal_value=-4.0783e-05 0.000412541 -0.00105932 -0.00313456 -0.000742574 -0.00207182 -0.007 -0.005 0.00113636 -0.00942623 4.05186e-05 -0.00129108 0.000992063 0.00872093 -0.00988372 0.000362319 -0.0045977 -0.000598086 0.00301047 0.000641026 0.00675676 0.00486111 -0.00265152 -0.00511364 -0.00136364 0.000297477 0.00127315 0.000100402 -0.000383994 -0.00294118
internal_weight=3065 2121 944 327 202 181 125 105 44 61 617 426 252 43 43 138 174 209 191 117 74 72 132 88 55 2101 864 498 1237 204
internal_count=3065 2121 944 327 202 181 125 105 44 61 617 426 252 43 43 138 174 209 191 117 74 72 132 88 55 2101 864 498 1237 204
is_linear=0
shrinkage=0.05


Tree=266
num_leaves=31
num_cat=0
split_feature=0 3 2 3 4 6 7 6 2 4 0 4 0 10 0 10 0 0 0 1 0 0 10 1 4 0 0 10 6 4
split_gain=0.638662 1.25166 2.1777 0.953948 0.929228 1.41364 1.07302 1.33492 1.04143 1.62 0.778401 0.81393 0.776181 0.674776 1.60808 1.581 1.29605 2.61887 1.5334 1.16825 1.61434 0.927037 1.29545 1.32245 1.01564 0.823587 0.804384 0.77966 1.0338 1.58275
threshold=149575.01500000004 122951.3192857143 166697.78500000003 126521.99000000001 173329.87660714288 12212.008836534076 1.5000000000000002 43082.655796491301 115167.00500000002 155272.47421583853 126048.51000000002 218155.31303571429 128401.895 142.50000000000003 119653.40500000001 126.50000000000001 96982.175000000003 102404.03500000002 115802.54500000001 84004.775000000009 87111.185000000012 90460.950000000026 229.50000000000003 93625.795000000027 119228.47000000002 82086.090000000011 106896.07000000002 106.50000000000001 6342.1610494499646 121805.80410714286
decision_type=2 2 2 2 2 2 2 2 2 2 2 2 2 2 2 2 2 2 2 2 2 2 2 2 2 2 2 2 2 2
left_child=10 2 -2 -3 5 -5 7 -7 -8 -10 11 13 -12 15 19 16 27 -18 -19 -15 25 -22 23 -23 -25 -21 -26 28 -1 -30
right_child=1 3 -4 4 -6 6 8 -9 9 -11 12 -13 -14 14 -16 -17 17 18 -20 20 21 22 -24 24 26 -27 -28 -29 29 -31
leaf_value=-15.093683170841542 197.32289623895414 -81.872263596320778 -99.747905502523651 331.5505281313861 0.47882914741931021 125.03521850695398 93.25661378865226 14.919761946959625 -204.9639422084656 40.164774290773494 -157.43037580757084 344.7993012721825 -5.6547341653116749 48.545775491809763 120.47553106773704 -41.527113751044823 -31.8409636278564 81.412260963661907 -32.865997733495895 -0.72694012279280296 -47.711134764657622 15.387047990324209 34.888191862640092 -89.297252551115164 28.078703559206772 49.149562054219864 -287.10745775042233 28.540819051782456 13.775620045730102 -204.45799320450317
leaf_weight=32 33 28 20 25 1917 20 20 36 25 25 26 27 262 31 36 35 29 30 43 30 22 28 38 22 25 27 23 31 92 27
leaf_count=32 33 28 20 25 1917 20 20 36 25 25 26 27 262 31 36 35 29 30 43 30 22 28 38 22 25 27 23 31 92 27
internal_value=-4.0783e-05 0.000430433 0.00801887 0.00023855 0.000362669 0.00413907 0.00198413 0.00714286 -0.00214286 -0.006 -0.00114629 -0.000159236 -0.00329861 -0.000540765 0.00124113 -0.00211599 -0.000880282 -0.00539216 -0.000342466 -0.000203252 -0.00151163 -0.00411392 -0.00257353 -0.00561224 -0.00928571 0.00570175 -0.00520833 0.00164835 0.000165563 0.00231092
internal_weight=3065 2149 53 2096 2068 151 126 56 70 50 916 628 288 601 282 319 284 102 73 246 215 158 136 98 70 57 48 182 151 119
internal_count=3065 2149 53 2096 2068 151 126 56 70 50 916 628 288 601 282 319 284 102 73 246 215 158 136 98 70 57 48 182 151 119
is_linear=0
shrinkage=0.05


Tree=267
num_leaves=31
num_cat=1
split_feature=0 3 0 0 1 5 9 3 5 3 7 3 7 0 5 5 5 10 10 3 5 3 10 1 5 1 11 5 6 1
split_gain=0.580629 1.57324 1.29115 0.927459 0.774161 0.824603 0.751295 2.92196 0.672029 0.763441 0.638306 0.934444 0.781241 0.853558 0.63592 1.55652 0.729905 0.678358 0.597124 0.839678 0.926282 0.731295 1.76343 2.07691 1.16197 1.45978 2.0277 1.00995 1.00425 0.883672
threshold=155484.37000000002 171654.91 192849.65000000002 124164.94500000002 176879.07000000004 48990.531681823901 1.0000000180025095e-35 118445.57428571431 35552.16044183739 146037.66285714289 4.5000000000000009 135208.22785714289 2.5000000000000004 140047.98500000002 47208.176563028122 40204.572716459974 10959.642039079643 129.50000000000003 248.50000000000003 444401.80285714293 107301.43079407841 399066.07000000001 190.50000000000003 140502.31000000003 119512.71187824332 281803.10000000003 0 130881.20134415502 116787.85359248157 313503.2950000001
decision_type=2 2 2 2 2 2 2 2 2 2 2 2 2 2 2 2 2 2 2 2 2 2 2 2 2 2 1 2 2 2
left_child=3 2 14 6 5 -4 -1 -8 9 -5 12 -12 13 -10 15 16 -2 -18 21 20 -20 22 23 -3 28 -26 -27 -28 -23 -24
right_child=1 18 4 8 -6 -7 7 -9 10 -11 11 -13 -14 -15 -16 -17 17 -19 19 -21 -22 24 29 -25 25 26 27 -29 -30 -31
leaf_value=-0.44088773872463211 10.508211289443716 427.17440907356797 26.65113134711428 -5.04276869136811 60.86092902440069 -87.402135611861752 -4.2129190024803398 182.58579816390994 -283.90371470660904 88.397986067841714 -4.7258359293722609 -485.14986758256418 6.3569239486882001 -8.8129520518916262 102.22779011108142 -161.59608715565412 312.34662044325091 100.76720025008727 -57.988739073445323 19.066173887436161 -193.68784252614932 -1357.1020052419685 9.2369810409683861 -5.8494078520125186 -459.9658707822004 491.5278791331628 -2034.4223265317328 -12.606766807692475 -49.862112998284289 360.20082300825015
leaf_weight=554 23 21 22 198 24 25 27 21 21 25 20 25 50 26 24 31 27 46 54 40 24 21 158 750 53 102 27 444 90 92
leaf_count=554 23 21 22 198 24 25 27 21 21 25 20 25 50 26 24 31 27 46 54 40 24 21 158 750 53 102 27 444 90 92
internal_value=5.70962e-05 0.000524309 0.0045045 -0.000956567 -0.00105634 -0.00478723 0.000249169 0.00625 -0.00294521 -0.00123318 -0.0056338 -0.0105556 -0.00335052 -0.00797872 0.00711921 0.00570866 0.00885417 0.0113014 5.33049e-05 -0.00338983 -0.00641026 0.000284414 0.00115083 -3.24254e-05 -0.000915875 -7.98722e-05 0.00065445 -0.000779626 -0.00563063 0.0048
internal_weight=3065 2098 222 967 71 47 602 48 365 223 142 45 97 47 151 127 96 73 1876 118 78 1758 1021 771 737 626 573 471 111 250
internal_count=3065 2098 222 967 71 47 602 48 365 223 142 45 97 47 151 127 96 73 1876 118 78 1758 1021 771 737 626 573 471 111 250
cat_boundaries=0 1
cat_threshold=1
is_linear=0
shrinkage=0.05


Tree=268
num_leaves=31
num_cat=0
split_feature=10 10 2 1 0 1 2 2 0 0 1 2 1 0 1 10 6 2 2 1 10 4 10 2 0 10 0 2 4 6
split_gain=0.593598 1.67045 0.892592 0.758294 1.95716 0.788139 1.75338 1.32174 0.964305 0.940037 2.07007 1.51578 1.40015 1.39988 1.16549 0.907549 0.905811 0.756161 1.2786 1.00204 2.0086 1.12667 0.961763 1.28226 0.994361 0.963022 1.22829 1.5735 0.929953 0.867857
threshold=147.50000000000003 145.50000000000003 84936.565000000017 1213230.8100000003 966850.47500000021 568239.64000000001 619845.31000000017 390857.35000000003 577566.06000000017 463300.02500000008 428246.89500000008 206623.57500000004 463342.72500000003 200374.95000000004 191105.64500000005 228.50000000000003 133698.11710930648 170725.78500000003 176850.83500000005 164631.90500000003 41.500000000000007 175699.42982142861 19.500000000000004 82078.155000000013 82858.37000000001 64.500000000000014 135054.09000000005 94883.685000000012 92392.206801948065 14282.094253043097
decision_type=2 2 2 2 2 2 2 2 2 2 2 2 2 2 2 2 2 2 2 2 2 2 2 2 2 2 2 2 2 2
left_child=1 17 -2 4 5 6 8 -7 9 10 11 14 -11 -13 -4 16 -12 19 -19 22 -21 -22 -1 24 -24 28 27 -27 -25 -28
right_child=2 -3 3 -5 -6 7 -8 -9 -10 12 15 13 -14 -15 -16 -17 -18 18 -20 20 21 -23 23 25 -26 26 29 -29 -30 -31
leaf_value=-69.131507014386443 31.285571777814766 -116.01115669220235 0.53592975626379491 2258.981872876946 -842.02636190795465 -212.88677699394759 -2128.8594986132316 992.27297075814135 -749.01088106591055 143.78232524860215 43.525187320310216 48.876995491467824 827.73656248795453 23.372054638309056 -51.453504660743057 -1289.2469049798704 -520.99037267373058 68.548734415862427 -0.89640763073257412 336.3010517701012 -339.01960576878048 -105.70214412159476 44.256995647306034 52.155068296202813 -90.009260511352664 6.7669280496062134 -2.7543076220994411 -30.713762259706712 4.3351928791544196 25.018471675297043
leaf_weight=32 46 20 539 42 31 23 30 72 46 64 36 54 20 305 61 25 25 48 975 20 25 50 21 27 36 58 40 104 134 56
leaf_count=32 46 20 539 42 31 23 30 72 46 64 36 54 20 305 61 25 25 48 975 20 25 50 21 27 36 58 40 104 134 56
internal_value=8.15661e-06 -0.00063791 0.000757576 0.000528041 0.000319309 0.000615385 0.00026971 0.005 0.000574468 0.000863596 0.000454545 0.00112096 0.00595238 0.00369081 -0.000416667 -0.00697674 -0.00368852 -0.000461255 0.000366569 -0.00186567 -0.00657895 -0.0103333 -0.000984252 -0.000420168 -0.00745614 0.000536993 -0.00135659 -0.00401235 0.00357143 0.003125
internal_weight=3065 1646 1419 1373 1331 1300 1205 95 1175 1129 1045 959 84 359 600 86 61 1626 1023 603 95 75 508 476 57 419 258 162 161 96
internal_count=3065 1646 1419 1373 1331 1300 1205 95 1175 1129 1045 959 84 359 600 86 61 1626 1023 603 95 75 508 476 57 419 258 162 161 96
is_linear=0
shrinkage=0.05


Tree=269
num_leaves=31
num_cat=0
split_feature=10 10 10 7 3 0 3 2 6 10 4 7 10 2 2 2 10 6 6 6 2 2 2 0 2 10 0 2 2 4
split_gain=0.340225 1.74186 0.786713 1.37671 1.11364 0.960983 1.09621 0.671587 1.47437 0.915767 0.646684 1.33333 0.631652 0.610822 0.582689 2.11876 1.18223 0.826009 0.586957 0.796154 0.58495 0.757598 0.958417 0.729152 1.93779 1.03879 0.76682 0.807692 0.658116 0.56936
threshold=147.50000000000003 145.50000000000003 155.50000000000003 3.5000000000000004 288923.5221428572 724415.08000000007 1060734.0692857143 378362.99000000005 147844.39382622534 226.50000000000003 407998.79946428578 3.5000000000000004 257.50000000000006 80961.35000000002 295734.82000000007 283675.44500000007 180.50000000000003 27377.126534717117 120478.11991451381 105353.96731620337 273660.16500000004 258572.09500000003 204398.89000000004 87111.185000000012 94883.685000000012 163.50000000000003 94270.685000000012 94242.095000000016 91171.510000000009 1099443.6676785718
decision_type=2 2 2 2 2 2 2 2 2 2 2 2 2 2 2 2 2 2 2 2 2 2 2 2 2 2 2 2 2 2
left_child=1 29 3 4 -2 7 -7 8 12 -9 11 -11 13 -4 15 20 -16 -18 19 -19 21 22 23 24 -15 -25 27 -27 -28 -1
right_child=2 -3 5 -5 -6 6 -8 9 -10 10 -12 -13 -14 14 16 -17 17 18 -20 -21 -22 -23 -24 25 -26 26 28 -29 -30 -31
leaf_value=-0.2966359710524557 -135.28099141663407 -110.21059885759169 40.402565444321958 236.74219426804922 206.32623751795327 -454.59300660712182 423.09903672966175 211.45351156866528 -398.53593016517993 5.4329447151088974 166.77233801517579 -850.93824264288708 -61.456227665626649 -8.4964998904863034 -70.911728281060647 -126.70502438524346 127.9471043049387 78.798131923303302 828.55261530951248 -273.39062852229983 50.541936232362062 -133.23797148944649 29.70000964818901 -47.84717297366042 106.84168508665317 5.1580139252047958 109.56110480416756 -47.791945140525058 0.43531829484709306 -4475.77423453969
leaf_weight=1605 22 20 22 47 22 39 45 187 41 30 48 20 52 25 36 32 33 26 23 20 24 24 83 32 31 28 22 24 381 21
leaf_count=1605 22 20 22 47 22 39 45 187 41 30 48 20 52 25 36 32 33 26 23 20 24 24 83 32 31 28 22 24 381 21
internal_value=0.000154976 -0.000334143 0.00072234 0.00521978 -0.00113636 0.000414157 -0.0047619 0.000763666 0.000130344 0.00289474 -0.00102041 -0.005 0.000544662 0.000866051 0.000651659 7.08215e-05 0.00362319 0.00637255 0.00326087 0 0.000667656 0.000384615 0.00071885 -4.60405e-05 0.00535714 -0.000667351 -5.49451e-05 -0.00576923 0.000682382 -0.000153752
internal_weight=3065 1646 1419 91 44 1328 84 1244 959 285 98 50 918 866 844 706 138 102 69 46 674 650 626 543 56 487 455 52 403 1626
internal_count=3065 1646 1419 91 44 1328 84 1244 959 285 98 50 918 866 844 706 138 102 69 46 674 650 626 543 56 487 455 52 403 1626
is_linear=0
shrinkage=0.05


Tree=270
num_leaves=31
num_cat=0
split_feature=10 6 6 0 0 0 3 5 2 0 0 0 5 6 2 6 1 5 5 2 2 1 5 6 3 9 1 5 1 1
split_gain=0.639009 1.74835 0.812537 1.57281 1.16397 0.926536 1.47578 1.21978 0.995155 1.60969 0.85332 1.33171 1.09662 1.27395 0.963265 0.823409 0.843997 0.753873 0.963664 1.16667 0.97376 1.80684 1.04425 0.87239 1.53309 0.802207 1.7997 0.924898 1.20367 1.07023
threshold=251.50000000000003 114825.00221141933 120478.11991451381 432248.34500000003 395669.96500000003 369617.96500000003 559270.46428571444 102828.78558203026 593943.68000000005 215522.93500000003 350831.96500000008 339188.5500000001 80664.657182888579 114019.63656086488 185465.33000000005 135100.44332905117 411838.23500000004 128357.81606349666 113855.66576723999 263193.62500000006 383049.25000000006 351953.66000000009 105817.25042322236 86000.256911015575 285860.59500000009 1.0000000180025095e-35 92933.49500000001 10818.991693354854 187290.01500000004 281803.10000000003
decision_type=2 2 2 2 2 2 2 2 2 2 2 2 2 2 2 2 2 2 2 2 2 2 2 2 2 2 2 2 2 2
left_child=2 -2 10 4 5 6 7 -4 9 -9 11 17 -12 14 -14 -11 -17 18 20 -20 21 22 23 25 -25 -1 -27 -28 -29 -30
right_child=1 -3 3 -5 -6 -7 -8 8 -10 15 12 -13 13 -15 -16 16 -18 -19 19 -21 -22 -23 -24 24 -26 26 27 28 29 -31
leaf_value=3.3967095214262373 -0.1703167418105295 949.13564621476689 10.233962878462989 19.868403700910861 -876.20007538385107 663.1339143311227 4958.4292086663818 -724.90049331481714 -1751.0017164757462 -336.72419835153272 1755.3021836693283 -652.95409154465312 363.39819706792264 1077.2186582896015 -62.506232783467567 186.46230826302053 -44.873029723201768 337.24832724645535 20.452832659681736 -723.15006317205268 669.50169862605401 -77.133583176479448 265.30395780684557 -82.398839985532689 8.5725745043600909 36.307125663530314 -25.002308934078613 2.9033111722063043 -368.92413903843845 0.053424947809253359
leaf_weight=1419 97 45 74 565 55 31 24 38 20 46 20 20 20 38 98 22 41 30 21 21 39 25 22 33 35 21 29 53 26 20
leaf_count=1419 97 45 74 565 55 31 24 38 20 46 20 20 20 38 98 22 41 30 21 21 39 25 22 33 35 21 29 53 26 20
internal_value=0.000246063 0.00352113 8.60289e-05 -0.00114629 -0.00377493 -0.00253378 -0.00349057 -0.00466805 -0.00703593 -0.00561224 0.000653266 0.000330761 0.00397727 0.0025641 0 -0.00252294 0.00119048 0.000473802 0.000340136 -0.00714286 0.000522648 0.000341652 0.000542823 0.000397311 -0.00514706 0.000637755 -0.00285235 -0.00507813 -0.00277778 -0.00869565
internal_weight=3048 142 2906 916 351 296 265 241 167 147 1990 1814 176 156 118 109 63 1794 1764 42 1722 1683 1658 1636 68 1568 149 128 99 46
internal_count=3048 142 2906 916 351 296 265 241 167 147 1990 1814 176 156 118 109 63 1794 1764 42 1722 1683 1658 1636 68 1568 149 128 99 46
is_linear=0
shrinkage=0.05


Tree=271
num_leaves=31
num_cat=0
split_feature=10 1 5 4 4 10 1 3 4 10 10 7 10 4 6 1 9 10 1 10 10 4 4 1 5 6 5 4 6 6
split_gain=0.715054 1.35587 1.35396 1.26455 1.1112 1.06796 0.899671 0.857766 1.6751 1.96453 1.65977 1.54991 0.966964 0.914123 0.833631 1.08914 0.863238 0.852956 0.785714 1.15202 1.59934 0.808765 0.782398 0.772224 1.59091 0.803571 0.706408 0.692077 0.637914 1.39308
threshold=147.50000000000003 529638.04500000004 113855.66576723999 238141.32821428575 395324.75696428574 158.50000000000003 359202.95500000002 433234.90571428579 387813.85142857145 202.50000000000003 205.50000000000003 2.5000000000000004 215.50000000000003 402517.48767857149 42700.58050265893 69474.885000000009 1.0000000180025095e-35 144.50000000000003 772552.72500000009 184.50000000000003 217.50000000000003 1082648.0912500001 301093.1116071429 393562.90000000008 102828.78558203026 121145.85760887423 16695.964744711473 396645.29946428578 9769.7466563638827 7340.9079019532028
decision_type=2 2 2 2 2 2 2 2 2 2 2 2 2 2 2 2 2 2 2 2 2 2 2 2 2 2 2 2 2 2
left_child=14 2 3 -2 -3 -4 26 8 9 -7 13 -9 -13 -10 15 -1 22 -16 19 -6 -21 -20 28 -8 25 -25 -5 -12 29 -17
right_child=1 4 5 6 18 7 23 11 10 -11 27 12 -14 -15 17 16 -18 -19 21 20 -22 -23 -24 24 -26 -27 -28 -29 -30 -31
leaf_value=-81.106954456165113 0.65217865855229329 1320.148625209833 203.66079186158314 -40.003558838213216 -293.48357385139826 -406.04716933925812 -227.02937600899895 -712.09342516688776 82.756392554942437 302.68453032200489 -600.41307470142783 534.01850546658829 -21.962609928079473 -1334.5016530411435 -14.693565966546885 6.4258524675511586 -3.7314159392095463 -380.97775484699235 3499.9208227952827 1709.3233562031819 -390.10873729357263 1363.5214356295473 -80.649796411734144 2084.1842680667673 -410.70994218804992 33.001240736692857 86.73611263299172 -898.39324668326162 13.344829817194842 -10.516211710975041
leaf_weight=25 673 22 21 20 20 23 23 26 24 32 21 32 28 23 1022 76 45 24 31 23 34 46 20 21 21 24 168 32 373 75
leaf_count=25 673 22 21 20 20 23 23 26 24 32 21 32 28 23 1022 76 45 24 31 23 34 46 20 21 21 24 168 32 373 75
internal_value=0.000459318 0.00129683 0.00070132 0.00157895 0.00539773 -0.00248092 0.00442238 -0.00342324 -0.00564516 0.00136364 -0.0095 0.000581395 0.005 -0.00265957 -0.000240964 0.0012215 0.00165535 -0.00109943 0.0038961 0.000324675 0.00394737 0.00746753 0.00220588 0.000280899 0.0030303 0.00833333 0.00638298 -0.015566 0.00257634 -0.000165563
internal_weight=3048 1388 1212 950 176 262 277 241 155 55 100 86 60 47 1660 614 589 1046 154 77 57 77 544 89 66 45 188 53 524 151
internal_count=3048 1388 1212 950 176 262 277 241 155 55 100 86 60 47 1660 614 589 1046 154 77 57 77 544 89 66 45 188 53 524 151
is_linear=0
shrinkage=0.05


Tree=272
num_leaves=31
num_cat=0
split_feature=2 7 0 1 2 2 6 10 10 6 0 3 1 5 1 5 3 6 2 5 1 6 6 6 3 6 3 5 3 1
split_gain=0.482182 0.559143 0.523681 0.380952 0.355555 1.34377 1.5351 1.12809 0.881367 0.960571 1.18712 1.89641 1.29723 0.846077 1.12799 1.15348 1.14486 1.3125 1.05432 0.98661 0.816679 1.25641 0.892984 0.848634 1.47651 1.08778 0.903776 1.15116 1.75481 1.65343
threshold=73314.755000000019 2.5000000000000004 75148.705000000016 102141.07500000001 352487.06500000006 378362.99000000005 112715.55988619714 25.500000000000004 246.50000000000003 101163.62310457297 350831.96500000008 519856.9671428572 489230.06000000006 154024.64881952255 443407.32000000007 130881.20134415502 460756.10428571433 158938.06409719549 524753.90000000014 104116.03570179307 479155.55500000005 157393.97457162139 211869.44353650193 135100.44332905117 382961.56142857147 128037.85784872471 411163.68000000011 105035.48597331518 288923.5221428572 351953.66000000009
decision_type=2 2 2 2 2 2 2 2 2 2 2 2 2 2 2 2 2 2 2 2 2 2 2 2 2 2 2 2 2 2
left_child=1 -1 3 -2 20 6 -6 -7 9 -9 11 12 -11 14 15 18 -16 -18 19 -12 22 -22 23 25 -25 26 27 29 -29 -4
right_child=2 -3 4 -5 5 7 -8 8 -10 10 13 -13 -14 -15 16 -17 17 -19 -20 -21 21 -23 -24 24 -26 -27 -28 28 -30 -31
leaf_value=-66.064549912896112 130.57864308342761 18.245982809135604 1.5359191214647581 12.673248652168695 -552.01280535031401 -2968.3753361939525 -68.628284157883897 1065.2846184257069 209.42319382278367 -96.889755252769106 1021.8498671800015 3343.912409052125 -998.74006910001629 -112.94211035404588 424.90684953017626 288.93259470651537 -466.54793355384027 897.42665028354395 -1267.3871063520769 -301.23418743386281 2776.9249892020716 17.261704031479894 -659.77067219882451 719.64222254790366 31.691856316901976 -382.65123256235967 -852.63618223562082 483.03823008445329 38.121723804663638 -63.747430946247192
leaf_weight=26 21 23 1680 21 25 34 52 33 59 102 21 20 28 343 59 22 21 27 24 22 25 39 20 20 51 31 20 25 122 32
leaf_count=26 21 23 1680 21 25 34 52 33 59 102 21 20 28 343 59 22 21 27 24 22 25 39 20 20 51 31 20 25 122 32
internal_value=0.000328084 -0.00459184 0.000408469 0.00595238 0.000329726 -0.000504484 -0.00681818 9.20245e-05 0.000480154 0 -0.000399129 -0.00433333 -0.00653846 0.000695733 0.00331633 -0.000842697 0.0067757 0.00104167 -0.00410448 0.000581395 0.000690073 0.00625 0.000512244 0.000618375 0.00598592 0.000418848 0.000572113 0.000685853 0.00493197 0.000321262
internal_weight=3048 49 2999 42 2957 892 77 815 781 722 689 150 130 539 196 89 107 48 67 43 2065 64 2001 1981 71 1910 1879 1859 147 1712
internal_count=3048 49 2999 42 2957 892 77 815 781 722 689 150 130 539 196 89 107 48 67 43 2065 64 2001 1981 71 1910 1879 1859 147 1712
is_linear=0
shrinkage=0.05


Tree=273
num_leaves=31
num_cat=0
split_feature=1 1 6 0 0 10 10 0 6 1 1 0 6 4 6 4 10 10 1 4 6 7 4 5 5 6 10 10 10 10
split_gain=0.472593 1.06776 0.694678 1.11667 1.15912 0.892632 1.12 0.803926 1.16678 0.774636 1.22955 0.916216 1.72941 0.78473 0.869565 1.29018 0.771429 0.768254 0.704973 1.32675 1.80639 1.32726 0.934615 1.08203 0.945194 0.904805 1.77086 1.3446 0.686842 0.593939
threshold=1213230.8100000003 1340411.5150000004 118969.01629422152 456941.59500000003 482976.86500000005 245.50000000000003 222.50000000000003 369617.96500000003 114019.63656086488 974722.88500000013 869690.97500000021 542636.96000000008 164136.70395113775 407998.79946428578 155481.2509383517 517126.32982142863 178.50000000000003 127.50000000000001 355233.51000000007 399269.9537500001 198991.00324744967 1.5000000000000002 367074.60357142863 87290.120040349328 114762.05410160978 176048.9093020412 121.50000000000001 166.50000000000003 147.50000000000003 186.50000000000003
decision_type=2 2 2 2 2 2 2 2 2 2 2 2 2 2 2 2 2 2 2 2 2 2 2 2 2 2 2 2 2 2
left_child=2 -2 7 18 -5 6 9 -1 -9 10 11 12 16 -13 -15 -16 -6 -11 19 21 -21 -4 -20 -24 29 27 -27 -26 -3 -25
right_child=1 28 3 4 5 -7 -8 8 -10 17 -12 13 -14 14 15 -17 -18 -19 22 20 -22 -23 23 24 25 26 -28 -29 -30 -31
leaf_value=0.92455911636971 2068.7202010778597 -1671.0863317037904 175.87044796951307 968.81032156507433 382.73289587402837 2385.6288068743393 -587.03672882661635 22.17148755596136 1613.2837371898349 -3614.071502883849 1786.0531144383801 403.66150705366749 -2729.7816386183608 -858.00613898610322 1727.5699722573977 -43.171749947153153 -218.27132860874264 279.63601773937989 -685.81537768573332 656.98414021930807 -833.50429172576696 -261.09028020055121 272.43378280536416 -1030.506918824371 185.41962783433556 -851.94101208817165 62.001189199610963 -79.286014481770692 3458.2884609617704 -39.457693180862407
leaf_weight=1924 27 38 22 35 28 25 35 125 32 36 36 31 20 40 32 112 20 20 20 36 21 73 22 24 37 36 33 68 20 20
leaf_count=1924 27 38 22 35 28 25 35 125 32 36 36 31 20 40 32 112 20 20 20 36 21 73 22 24 37 36 33 68 20 20
internal_value=0.000147638 0.00382353 4.2187e-05 -0.00113379 0.000531915 -0.000172414 -0.000731707 0.000540605 0.00398089 6.66667e-05 0.00101881 -8.83392e-05 -0.00514706 0.00151163 0.000271739 0.00208333 0 -0.00535714 -0.00303398 -0.000328947 0.00570175 -0.00394737 -0.00461538 -0.00375 -0.00481651 -0.00316092 -0.0076087 -0.000238095 0 -0.0113636
internal_weight=3048 85 2963 882 470 435 410 2081 157 375 319 283 68 215 184 144 48 56 412 152 57 95 260 240 218 174 69 105 58 44
internal_count=3048 85 2963 882 470 435 410 2081 157 375 319 283 68 215 184 144 48 56 412 152 57 95 260 240 218 174 69 105 58 44
is_linear=0
shrinkage=0.05


Tree=274
num_leaves=31
num_cat=0
split_feature=2 3 2 5 1 3 10 1 10 3 10 10 3 10 5 6 3 2 2 5 10 1 1 6 6 5 5 10 1 7
split_gain=0.703378 1.7115 1.16592 1.11609 1.54821 1.25314 1.24933 0.896342 1.03786 0.903529 0.699465 0.640152 0.63014 0.963009 1.3018 2.05556 1.45932 1.00807 2.03926 0.928728 0.856722 0.798106 0.940868 1.66356 0.954545 0.859091 0.691946 1.21742 1.01086 0.596104
threshold=352487.06500000006 239054.94642857145 342665.44500000001 99666.096979378126 420491.74500000005 384851.28857142857 164.50000000000003 223792.88500000004 252.50000000000003 393750.56428571435 208.50000000000003 71.500000000000014 426113.06142857141 117.50000000000001 193358.77887970794 181076.79929150551 588183.77642857155 1122558.9650000001 819491.67500000016 136534.7931255649 89.500000000000014 801519.06500000006 479155.55500000005 174070.62251378351 181076.79929150551 140885.12103858995 338217.79514391854 65.500000000000014 950324.20000000007 2.5000000000000004
decision_type=2 2 2 2 2 2 2 2 2 2 2 2 2 2 2 2 2 2 2 2 2 2 2 2 2 2 2 2 2 2
left_child=2 -2 -1 4 6 10 -3 -7 9 -9 11 -5 19 14 15 -14 -16 18 21 -11 26 22 23 -15 25 -24 28 -28 -18 -19
right_child=1 3 -4 5 -6 7 -8 8 -10 12 -12 -13 13 17 16 -17 20 29 -20 -21 -22 -23 24 -25 -26 -27 27 -29 -30 -31
leaf_value=1.3767188526409884 -570.58129014947338 -155.85039888014435 340.40654473651961 -133.57520904389821 650.23495461316782 -870.43841416388466 1139.5892030181597 383.47843170098497 2163.2192692901708 -2.2967487677480678 -551.91280817171503 -18.043902718790925 -557.33548228009602 -48.262505261722254 -563.46555500805698 2917.5535035805315 768.88985788421712 -1342.7075805764762 9606.0657887142734 -642.78444253582575 -1587.5320151186024 1853.3206531124888 -402.38753181532667 3308.2400695932506 -3467.4878084676707 595.11101916345069 -354.56507239225323 5232.5860569616198 -3844.6489345342184 -45.831082195974886
leaf_weight=2120 32 33 33 22 56 21 31 27 21 48 29 66 39 41 20 22 37 21 31 28 44 28 22 21 24 20 30 23 24 34
leaf_count=2120 32 33 33 22 56 21 31 27 21 48 29 66 39 41 20 22 37 21 31 28 44 28 22 21 24 20 30 23 24 34
internal_value=3.28084e-05 -0.00114525 0.000522527 -0.000724218 0.00375 -0.00144684 -0.0015625 -0.000559105 -0.000206612 -0.000599315 -0.00619658 -0.00397727 -0.00103232 -0.000363825 -0.00261506 0.00368852 -0.00477528 0.0018595 0.00360963 -0.00526316 -0.00316456 0.00128205 -0.000390625 0.00403226 -0.00454545 0 -0.000877193 0.00330189 -0.0045082 -0.00409091
internal_weight=3048 895 2153 863 120 743 64 626 605 584 117 88 557 481 239 61 178 242 187 76 158 156 128 62 66 42 114 53 61 55
internal_count=3048 895 2153 863 120 743 64 626 605 584 117 88 557 481 239 61 178 242 187 76 158 156 128 62 66 42 114 53 61 55
is_linear=0
shrinkage=0.05


Tree=275
num_leaves=31
num_cat=0
split_feature=6 5 10 10 10 10 6 2 3 5 3 2 2 1 3 6 1 6 2 6 3 1 3 6 6 10 6 2 5 4
split_gain=1.37636 1.12831 1.31106 1.59783 0.956121 1.97559 0.940263 1.73516 1.327 1.06337 1.58275 0.965848 1.03258 1.35338 0.639583 1.93613 0.632398 0.61274 1.2187 0.665933 0.604013 1.40948 1.38198 1.13126 0.749488 0.649638 0.852399 1.25958 1.55453 0.978415
threshold=78230.717870149907 6233.2414089869762 233.50000000000003 175.50000000000003 90.500000000000014 94.500000000000014 104908.1793161301 361419.82000000001 384851.28857142857 152455.22732590305 366562.88500000007 440523.68500000006 1122558.9650000001 537380.32500000007 1029794.1664285715 275537.99546421139 73314.755000000019 102807.90043296338 232310.66500000001 107906.13446047829 286942.57000000012 197760.97500000001 369276.96000000002 114825.00221141933 128585.338348404 214.50000000000003 281981.5255516576 255935.42000000004 105035.48597331518 775175.06928571442
decision_type=2 2 2 2 2 2 2 2 2 2 2 2 2 2 2 2 2 2 2 2 2 2 2 2 2 2 2 2 2 2
left_child=1 2 3 -1 6 -6 -2 9 -9 10 -8 -10 13 -13 15 -15 -3 18 -7 -19 21 -21 23 -22 -25 26 27 -24 -29 -28
right_child=4 16 -4 -5 5 17 7 8 11 -11 -12 12 -14 14 -16 -17 -18 19 -20 20 22 -23 25 24 -26 -27 29 28 -30 -31
leaf_value=-10.304680239131995 -26.486076286312894 24.126233107090595 -12.220924168368947 38.467999212819997 -1941.9626800653948 256.52721747368781 1342.0740175798128 -400.95356800862504 2293.3140551529636 4845.5573658962503 -91.052698744181555 616.83054700403011 1898.5209566458711 -1995.666093983232 -3633.9654002628758 1486.960802219488 3.2882638317787496 -146.22811343133509 -37.312703151117603 19.071871056442614 -16.991024880259648 -637.00579296848957 -482.7639587095473 4219.2119582838059 103.37929909661472 -147.16163924025605 -2325.4856828920019 -864.8939134808578 77.648874838708437 -437.80464565667501
leaf_weight=69 132 37 21 23 30 23 23 20 24 25 28 45 32 40 27 28 1474 67 36 27 39 26 37 24 47 205 29 39 265 100
leaf_count=69 132 37 21 23 30 23 23 20 24 25 28 45 32 40 27 28 1474 67 36 27 39 26 37 24 47 205 29 39 265 100
internal_value=-0.000378041 0.000615764 -0.00420354 -0.00163043 -0.00151622 -0.00236419 0.000471698 0.00205479 -0.000231481 0.00855263 0.00441176 0.00102041 -0.000290698 -0.00214286 -0.00552632 -0.00294118 0.000976175 -0.00197095 0.0029661 -0.00229282 -0.00190931 -0.00707547 -0.00156051 0.00363636 0.00739437 -0.00240741 -0.00138298 -7.33138e-05 0.000986842 -0.00484496
internal_weight=3042 1624 113 92 1418 994 424 292 216 76 51 196 172 140 95 68 1511 964 59 905 838 53 785 110 71 675 470 341 304 129
internal_count=3042 1624 113 92 1418 994 424 292 216 76 51 196 172 140 95 68 1511 964 59 905 838 53 785 110 71 675 470 341 304 129
is_linear=0
shrinkage=0.05


Tree=276
num_leaves=31
num_cat=0
split_feature=10 4 2 2 1 1 2 1 1 7 10 6 6 5 5 1 3 1 7 5 6 10 4 10 4 10 4 6 2 2
split_gain=1.26014 1.12869 1.69832 1.05937 0.933184 1.47934 1.20417 0.825608 1.03107 0.897807 0.954802 0.736731 0.687436 1.06217 1.12354 0.877572 0.8686 1.1922 0.99188 0.939572 0.862005 0.828242 1.22376 0.803571 0.768071 0.685645 1.11161 1.13248 0.68432 0.664898
threshold=236.50000000000003 1031562.4142857144 1122558.9650000001 777059.90500000014 1028137.0450000002 647897.77500000002 516985.39500000008 552618.79500000004 479155.55500000005 1.0000000180025095e-35 243.50000000000003 101890.9396738996 74596.889212536436 47685.674120121177 48556.320582300948 315261.07500000001 286942.57000000012 332668.01500000007 4.5000000000000009 73466.200920529096 78230.717870149907 231.50000000000003 301093.1116071429 155.50000000000003 218950.02750000005 27.500000000000004 123450.99839285715 47884.309205675083 152143.40500000003 974722.88500000013
decision_type=2 2 2 2 2 2 2 2 2 2 2 2 2 2 2 2 2 2 2 2 2 2 2 2 2 2 2 2 2 2
left_child=1 2 4 -3 5 12 -7 8 9 -2 -11 -12 13 15 -15 21 17 18 24 -18 -20 22 -1 -24 -14 -16 -27 -28 -26 -5
right_child=7 3 -4 29 -6 6 -8 -9 -10 10 11 -13 16 14 25 -17 19 -19 20 -21 -22 -23 23 -25 28 26 27 -29 -30 -31
leaf_value=0.16650485606151053 20.660805763097599 2169.1281993379994 1800.9063546961931 -7899.4894181083655 501.88769943787196 -894.04593965347453 -181.28827422787728 -648.36716725420274 232.51555400876387 -49.484308383750616 -0.32664371093414957 -144.90956698241644 21.860399715695532 81.050489731307607 -320.50562298617155 38.405032795108859 -289.63239238326645 -343.17452367776423 294.58512517419587 7.3639251074011556 -14.251605074157125 37.619047736231735 -34.181701139718648 -45.322363689090707 -340.12094225136246 55.584627703324081 -38.066648610708945 34.483982136856866 -27.100308074631176 -545.46951517567504
leaf_weight=948 32 29 28 29 38 40 80 40 21 59 121 56 46 20 21 47 28 29 22 750 30 20 21 24 20 37 65 176 76 89
leaf_count=948 32 29 28 29 38 40 80 40 21 59 121 56 46 20 21 47 28 29 22 750 30 20 21 24 20 37 65 176 76 89
internal_value=-0.000345168 9.21489e-06 0.000253313 -0.0042517 0.000118203 0 -0.00541667 -0.00326748 -0.00233564 -0.00317164 -0.00423729 -0.00240113 0.000273109 0.000997099 0.00352665 0.000235849 -0.000724276 -0.00347534 -0.00206186 6.42674e-05 0.00384615 -7.40375e-05 -0.000276939 -0.00833333 -0.00422535 0.0027592 0.00341727 0.00217842 -0.00677083 -0.00635593
internal_weight=3042 2713 2566 147 2538 2500 120 329 289 268 236 177 2380 1379 319 1060 1001 223 194 778 52 1013 993 45 142 299 278 241 96 118
internal_count=3042 2713 2566 147 2538 2500 120 329 289 268 236 177 2380 1379 319 1060 1001 223 194 778 52 1013 993 45 142 299 278 241 96 118
is_linear=0
shrinkage=0.05


Tree=277
num_leaves=31
num_cat=0
split_feature=2 5 10 10 5 2 3 0 6 4 3 0 4 10 3 10 0 0 4 5 4 4 4 0 3 3 6 4 3 2
split_gain=0.978319 1.15649 1.32093 1.21015 1.19061 1.14312 0.847529 1.45903 0.626616 0.983718 1.20917 1.01236 2.13368 0.942723 1.0219 0.985671 1.35387 0.85308 1.04873 0.791211 2.25931 0.892754 1.35857 1.07593 0.764923 0.683198 1.17907 1.46944 0.985632 0.857143
threshold=361419.82000000001 6233.2414089869762 22.500000000000004 233.50000000000003 57483.940158256606 93593.61500000002 90806.161428571446 86269.435000000012 74596.889212536436 378911.09035714291 380580.67428571434 361639.60500000004 294276.57428571436 91.500000000000014 503643.45642857143 172.50000000000003 405023.70000000007 500171.74000000005 399269.9537500001 47685.674120121177 122659.70982142859 216133.69946428575 225987.56839285718 219196.43500000003 309686.23357142863 153293.91571428577 54082.356308984665 210361.88267857148 133597.67000000001 156663.87500000003
decision_type=2 2 2 2 2 2 2 2 2 2 2 2 2 2 2 2 2 2 2 2 2 2 2 2 2 2 2 2 2 2
left_child=1 3 4 6 5 -3 7 -1 19 11 -11 24 -13 -12 15 16 -15 18 -17 -4 -21 25 23 -23 -10 28 -27 -28 -22 -30
right_child=-2 2 8 -5 -6 -7 -8 -9 9 10 13 12 -14 14 -16 17 -18 -19 -20 20 21 22 -24 -25 -26 26 27 -29 29 -31
leaf_value=-42.28642455260561 -66.305698507116176 34.836290680285678 0.6872204657760449 -13.490830346761506 140.21492321335828 -11.559429582271697 -8.8784209301549719 19.321754500997486 -24.535368436547287 845.1320400586643 1036.3279882400298 483.70162035955002 -124.4947116394469 -1274.3610320152134 -885.27617089507987 -41.939577263544201 394.89464688962619 -197.93508843742603 102.34040559092246 62.308113147098631 -3.4926234204409412 11.27723409387545 -79.428077213676445 982.98166795311124 -280.26964643538378 -425.57171772616425 302.65709807495551 -61.938582473468706 320.83763616461948 7.7520358732741448
leaf_weight=25 884 23 1029 21 29 51 38 29 239 53 29 36 39 21 28 28 22 21 39 35 58 33 42 20 33 35 24 36 21 21
leaf_count=25 884 23 1029 21 29 51 38 29 239 53 29 36 39 21 28 28 22 21 39 35 58 33 42 20 33 35 24 36 21 21
internal_value=-0.000295858 0.000278035 0.000550122 -0.00464602 0.00606796 0.0027027 -0.00217391 0.00185185 0.000257467 -0.00110544 0.00134855 -0.0028098 0.00233333 -0.000531915 -0.00204403 -0.00019084 -0.00639535 0.00284091 0.00559701 0.000849335 0.003 0.00155172 0.00552632 0.0108491 -0.00422794 -0.000384615 -0.00342105 0.000833333 0.0025 0.00833333
internal_weight=3042 2158 2045 113 103 74 92 54 1942 588 241 347 75 188 159 131 43 88 67 1354 325 290 95 53 272 195 95 60 100 42
internal_count=3042 2158 2045 113 103 74 92 54 1942 588 241 347 75 188 159 131 43 88 67 1354 325 290 95 53 272 195 95 60 100 42
is_linear=0
shrinkage=0.05


Tree=278
num_leaves=31
num_cat=0
split_feature=2 5 2 7 2 5 0 2 0 0 1 1 0 2 0 3 2 0 1 3 5 2 1 1 3 0 0 4 1 4
split_gain=0.950335 1.17769 0.976325 1.2635 1.21753 0.977977 0.855616 1.48972 0.820893 0.821724 0.818788 1.04512 0.78296 0.659575 1.38727 1.65394 1.07217 1.13555 1.62803 0.943125 1.28562 0.9 0.873913 0.753049 0.951839 1.72414 1.20333 0.743648 0.719586 1.27981
threshold=332156.45500000002 6233.2414089869762 305767.98500000004 1.0000000180025095e-35 311015.33000000002 21394.682203222128 227601.43500000003 479878.03000000009 251152.76500000004 295188.25000000006 90460.950000000026 94325.000000000015 75148.705000000016 186863.08000000005 180691.23000000001 160450.42428571431 170725.78500000003 369617.96500000003 164631.90500000003 225722.15785714288 32234.866698631249 164780.69500000004 161367.42000000004 178686.035 173234.00714285718 181454.00000000003 154313.99500000002 221461.39178571434 315261.07500000001 314879.24570488726
decision_type=2 2 2 2 2 2 2 2 2 2 2 2 2 2 2 2 2 2 2 2 2 2 2 2 2 2 2 2 2 2
left_child=1 10 12 -4 -5 -6 7 -2 -7 -10 -1 -12 -3 16 15 -15 17 18 22 20 21 -20 -14 -18 26 -26 -25 -16 -29 -30
right_child=6 2 3 4 5 8 -8 -9 9 -11 11 -13 13 14 27 -17 23 -19 19 -21 -22 -23 -24 24 25 -27 -28 28 29 -31
leaf_value=-8.4639420721356142 -473.17005390475538 103.55259296489385 -212.52802387494305 205.36077445963457 -7.2690189514629315 -25.050566478645489 -39.509162125574953 158.08341539221584 244.46604347902905 33.875443808932324 17.931209918032984 -11.085069626447149 0.81041523118619807 4.4343681388738334 100.07783469120477 -159.77691791111866 3.0684641484767781 2025.350788089956 -404.46866046494108 -459.73627013146034 6.2039229777488805 -108.03804649307858 62.818817583240893 4.4929220817051831 146.43029873864143 -85.399744592301431 134.62638324372674 -18.995584142033476 61.573054938043065 -49.732111016991261
leaf_weight=46 41 51 22 30 27 20 924 21 20 43 27 40 765 43 56 76 93 27 20 27 52 20 26 20 29 29 30 279 32 106
leaf_count=46 41 51 22 30 27 20 924 21 20 43 27 40 765 43 56 76 93 27 20 27 52 20 26 20 29 29 30 279 32 106
internal_value=-0.000295858 0.000316148 0.000604735 0.00432099 0.00607143 0.00363636 -0.00157201 -0.00725806 0.0063253 0.00912698 -0.00464602 -0.0011194 0.000266704 8.67052e-05 -0.00126689 -0.00609244 0.000790861 8.00427e-05 -0.00021978 -0.00567227 -0.00326087 -0.01 0.000600506 0.00410448 0.00694444 0.00258621 0.012 -5.28541e-05 -0.000779376 0.00217391
internal_weight=3042 2056 1943 162 140 110 986 62 83 63 113 67 1781 1730 592 119 1138 937 910 119 92 40 791 201 108 58 50 473 417 138
internal_count=3042 2056 1943 162 140 110 986 62 83 63 113 67 1781 1730 592 119 1138 937 910 119 92 40 791 201 108 58 50 473 417 138
is_linear=0
shrinkage=0.05


Tree=279
num_leaves=31
num_cat=0
split_feature=2 5 10 10 10 5 2 1 1 1 3 10 10 5 5 5 5 5 5 7 2 3 6 5 1 2 1 5 1 3
split_gain=0.767003 0.957983 1.31106 1.0471 0.906656 1.47504 0.94893 0.701367 1.76404 1.60489 1.28632 1.71416 0.784451 0.62646 0.608397 1.33361 1.26953 1.10719 1.08271 1.05253 1.03202 0.603571 0.555494 0.758203 1.31778 1.12968 1.43006 0.737392 0.580597 1.00265
threshold=361419.82000000001 6233.2414089869762 233.50000000000003 175.50000000000003 22.500000000000004 57483.940158256606 93593.61500000002 325563.81000000006 393562.90000000008 309067.88500000007 388157.50714285712 169.50000000000003 165.50000000000003 149492.29939356982 99666.096979378126 119512.71187824332 112993.80064450284 142335.75914286054 107301.43079407841 2.5000000000000004 431588.42000000004 444401.80285714293 265376.84609726974 136534.7931255649 306049.81500000006 255935.42000000004 500514.67500000005 128357.81606349666 315261.07500000001 295731.55642857146
decision_type=2 2 2 2 2 2 2 2 2 2 2 2 2 2 2 2 2 2 2 2 2 2 2 2 2 2 2 2 2 2
left_child=1 2 3 -1 5 6 -3 9 10 12 -9 -12 21 -14 -10 16 18 19 -16 -17 -21 -2 23 27 -25 -26 -27 28 29 -6
right_child=7 4 -4 -5 22 -7 -8 8 14 -11 11 -13 13 -15 15 17 -18 -19 -20 20 -22 -23 -24 24 25 26 -28 -29 -30 -31
leaf_value=-8.7995969421484919 -264.10212794410762 33.053955384712026 -12.262035348100472 34.673625788423671 1.7182042247706706 135.69078260353999 -11.021978864717676 -956.34999399002413 95.914582167312631 719.29079919435469 1434.9041775868318 -211.15140963012237 824.94899842988821 -62.177805627923227 -368.24495218230879 -15.153697351005395 -664.02310464373011 -142.24343706739893 376.58513885421564 -41.16090408704477 353.39145351011541 373.03525128073966 -1049.4694181545929 696.10081772114359 -834.72508610483499 -137.34116387295217 1923.7586358436399 -278.68979678781545 30.218431286443959 -23.610089115709709
leaf_weight=69 36 23 21 23 1380 29 51 37 61 20 30 39 21 25 36 37 28 420 21 20 33 20 32 30 30 32 24 36 190 188
leaf_count=69 36 23 21 23 1380 29 51 37 61 20 30 39 21 25 36 37 28 420 21 20 33 20 32 30 30 32 24 36 190 188
internal_value=-0.000230112 0.000278035 -0.00420354 -0.00163043 0.000525672 0.00509709 0.00135135 -0.00147059 -0.00203412 0.00204918 -0.00801887 -0.00398551 -0.000490196 0.00434783 -0.00106707 -0.00155462 -0.00735294 -0.000588235 -0.00307018 0.00444444 0.00896226 -0.00446429 0.000283213 0.00039267 0.00431034 0.00116279 0.00535714 0.000139353 0.000284414 -3.18878e-05
internal_weight=3042 2158 113 92 2045 103 74 884 762 122 106 69 102 46 656 595 85 510 57 90 53 56 1942 1910 116 86 56 1794 1758 1568
internal_count=3042 2158 113 92 2045 103 74 884 762 122 106 69 102 46 656 595 85 510 57 90 53 56 1942 1910 116 86 56 1794 1758 1568
is_linear=0
shrinkage=0.05


Tree=280
num_leaves=31
num_cat=0
split_feature=3 3 10 3 5 5 3 6 10 10 3 4 5 6 7 0 6 0 0 10 5 10 10 3 10 10 3 10 0 3
split_gain=0.845863 0.816552 0.625587 0.57596 0.78745 1.27709 0.561849 1.07715 1.23223 0.529482 1.07237 1.9263 1.03628 1.28643 1.12708 0.893048 1.05523 0.8722 1.2582 1.03232 1.02557 2.20417 1.51908 0.884344 0.874147 0.758587 0.732462 0.671535 0.840248 0.734965
threshold=413517.83500000002 420395.72500000009 16.500000000000004 407787.44214285718 167700.546880907 156314.5847961297 1120377.0121428573 415433.35128896585 137.50000000000003 147.50000000000003 382961.56142857147 391241.97714285721 110182.05823445389 102342.11368464198 2.5000000000000004 187901.05500000002 21653.030173840481 240016.58500000005 317020.21500000003 236.50000000000003 133133.95262291358 224.50000000000003 164.50000000000003 308121.18285714294 190.50000000000003 163.50000000000003 390804.81071428576 160.50000000000003 132294.65000000005 173234.00714285718
decision_type=2 2 2 2 2 2 2 2 2 2 2 2 2 2 2 2 2 2 2 2 2 2 2 2 2 2 2 2 2 2
left_child=2 -2 -1 4 5 9 -3 8 -8 10 11 12 -4 -14 -15 27 -17 19 24 -18 21 22 -20 -24 25 -19 -12 28 -11 -29
right_child=1 6 3 -5 -6 -7 7 -9 -10 15 26 -13 13 14 -16 16 17 18 20 -21 -22 -23 23 -25 -26 -27 -28 29 -30 -31
leaf_value=42.346764332033494 -282.71527772650882 -87.525274233287206 -0.22592686959942512 71.783382397152309 548.93789234535802 -1045.6801586647925 -310.53058920810872 -2598.012686231692 2029.1423680603855 102.44211350502883 -458.29449643101981 419.16089795990848 27.145673778283527 -18.117434107439475 -501.28959232363923 39.116945735216724 80.608197536504306 -5.6117844891225106 -272.90755476273773 -100.48042785088182 -408.52922077427939 -75.581599309490414 258.04919998073166 907.44814462251964 1.5414299231837505 -254.07681767954637 -36.185898138783521 -0.099404206278995849 -5.6202968836136282 -46.670707971026424
leaf_weight=36 37 605 1042 40 37 20 30 20 35 31 20 31 23 23 24 41 72 26 23 21 32 54 20 47 77 27 34 433 37 81
leaf_count=36 37 605 1042 40 37 20 30 20 35 31 20 31 23 23 24 41 72 26 23 21 32 54 20 47 77 27 34 433 37 81
internal_value=-5.68366e-05 -0.00154746 0.000403912 0.000302245 0.000197715 7.81599e-05 -0.00115942 0.00264706 0.00576923 0.000191528 -0.000522139 -0.00019685 -0.000539568 -0.00642857 -0.0111702 0.0010274 0.00272727 0.00194236 0.000653595 0.0061828 0.00340909 0.00520833 0.01 0.013806 -0.00307692 -0.00801887 -0.00740741 -0.000257732 0.00441176 -0.000875486
internal_weight=3079 727 2352 2316 2276 2239 690 85 65 2219 1197 1143 1112 70 47 1022 440 399 306 93 176 144 90 67 130 53 54 582 68 514
internal_count=3079 727 2352 2316 2276 2239 690 85 65 2219 1197 1143 1112 70 47 1022 440 399 306 93 176 144 90 67 130 53 54 582 68 514
is_linear=0
shrinkage=0.05


Tree=281
num_leaves=31
num_cat=0
split_feature=2 4 10 6 6 2 2 2 1 1 0 10 10 10 10 10 5 5 10 0 6 0 4 5 1 4 6 4 0 2
split_gain=0.623711 1.17143 0.61385 0.793648 0.685226 0.596953 0.595964 0.566184 0.563455 0.835553 1.08502 0.748071 0.931886 1.46726 1.28738 1.28262 1.13679 1.64886 1.0715 1.0259 0.986028 0.92803 0.880457 0.842926 1.005 0.792444 0.740192 0.716063 0.73373 0.713233
threshold=77807.390000000014 91271.17357142859 19.500000000000004 6515.350797871527 6927.7645778391561 1574417.9600000002 188404.78000000003 91868.070000000022 116704.96500000001 133808.64500000005 135054.09000000005 255.50000000000003 104.50000000000001 111.50000000000001 88.500000000000014 83.500000000000014 315812.98684371059 164836.42297550617 120.50000000000001 127261.66000000002 247838.10495402032 405023.70000000007 299799.25750000012 48174.393479078251 411838.23500000004 428947.87321428576 120478.11991451381 302755.76558035723 181454.00000000003 214222.48500000002
decision_type=2 2 2 2 2 2 2 2 2 2 2 2 2 2 2 2 2 2 2 2 2 2 2 2 2 2 2 2 2 2
left_child=-1 -2 6 7 -5 8 -3 -4 -6 10 -10 12 14 22 15 -11 17 23 20 -20 27 -17 -14 -16 26 29 -25 28 -15 -13
right_child=1 2 3 4 5 -7 -8 -9 9 11 -12 25 13 18 16 21 -18 -19 19 -21 -22 -23 -24 24 -26 -27 -28 -29 -30 -31
leaf_value=-22.314360731362832 126.03636196211846 -21.916980642499404 -6.4190738824225271 18.094544764168678 -4.0589390837718389 -976.37466826421451 93.895394246321672 -0.37537930890102872 4.6352469981473403 -8.7458762832698991 38.533694387345534 -49.811300029109411 218.81472500934979 -34.235776510751748 -5.6839850004966141 12.929418701311079 -3269.0975389989094 401.57287136129526 119.69109723576112 3.7949071642215131 226.11025378326596 7337.1288116434043 108.11697305851267 -60.942917527808461 -473.88297572264565 -685.77305928748399 -1474.630057841752 -423.44408463463697 60.969926478339772 41.421459530579163
leaf_weight=78 42 31 26 24 339 26 42 25 107 585 74 29 26 21 37 20 22 30 57 1188 20 24 37 20 21 21 23 24 24 36
leaf_count=78 42 31 26 24 339 26 42 25 107 585 74 29 26 21 37 20 22 30 57 1188 20 24 37 20 21 21 23 24 24 36
internal_value=-7.30757e-05 4.16528e-05 -7.60392e-05 -0.000190575 -7.93651e-05 -0.000151192 0.00445205 -0.00637255 -8.07899e-05 0.000183974 0.00345304 -7.72627e-05 0.000103258 0.000876879 -0.00127877 -0.000278219 -0.00539216 -0.00362595 0.000524738 0.000903614 -0.00477528 0.00795455 0.00833333 -0.00668317 -0.0101563 -0.00465116 -0.0145349 -0.0076087 -0.00388889 -0.00192308
internal_weight=3079 3001 2959 2886 2835 2811 73 51 2785 2446 181 2265 2179 1397 782 629 153 131 1334 1245 89 44 63 101 64 86 43 69 45 65
internal_count=3079 3001 2959 2886 2835 2811 73 51 2785 2446 181 2265 2179 1397 782 629 153 131 1334 1245 89 44 63 101 64 86 43 69 45 65
is_linear=0
shrinkage=0.05


Tree=282
num_leaves=31
num_cat=0
split_feature=5 10 5 6 5 10 1 10 5 6 4 6 10 1 1 10 6 10 10 1 2 6 1 7 10 0 0 1 10 0
split_gain=0.558357 1.08184 1.09449 2.06238 0.942946 1.50806 0.938268 1.1409 0.874818 0.73125 0.710065 1.08482 0.675 0.671761 0.654966 0.979539 1.72857 1.54279 1.15929 1.37184 1.73034 0.88658 0.697436 0.672527 1.15714 0.64766 0.840259 0.73568 0.617851 0.575756
threshold=110182.05823445389 256.50000000000006 121332.18348206226 101890.9396738996 105035.48597331518 98.500000000000014 453839.63000000006 147.50000000000003 133133.95262291358 126605.83024862045 395324.75696428574 141796.91365776389 194.50000000000003 116704.96500000001 103456.69000000002 164.50000000000003 45113.758009726582 147.50000000000003 126.50000000000001 93625.795000000027 97422.390000000014 40486.246300593797 91147.715000000011 1.5000000000000002 58.500000000000007 92939.950000000026 86269.435000000012 93625.795000000027 147.50000000000003 91936.055000000008
decision_type=2 2 2 2 2 2 2 2 2 2 2 2 2 2 2 2 2 2 2 2 2 2 2 2 2 2 2 2 2 2
left_child=4 2 3 -2 13 -6 7 -5 10 -9 12 -12 -4 14 15 17 21 18 19 22 -21 25 23 24 -1 26 -17 -27 -16 -15
right_child=1 -3 8 6 5 -7 -8 9 -10 -11 11 -13 -14 29 28 16 -18 -19 -20 20 -22 -23 -24 -25 -26 27 -28 -29 -30 -31
leaf_value=-75.366927751048934 772.92427436580556 -471.86407309447532 -75.499180679654827 -170.92911731100176 -577.55742552544837 154.78513922960556 -636.56368175933176 -62.490200441630442 -16.881423571861525 493.34486925249371 631.15668600064384 -183.30892150289003 81.424077996348217 102.3143885142199 -14.002368657117405 -11.678122964682917 219.30104013098645 71.12683806614514 -30.41100311847913 69.728997127164618 -15.834339984558756 -15.61062885129868 -42.320881127328178 6.9505201014682827 10.173063823871781 -3.1846980522226662 24.094106691032358 -105.85679758415573 -10.394786172653404 2.5925810826913223
leaf_weight=24 20 20 30 37 26 50 30 32 716 20 32 24 24 29 32 20 20 25 36 43 27 30 20 91 21 39 31 20 36 1474
leaf_count=24 20 20 30 37 26 50 30 32 716 20 32 24 24 29 32 20 20 25 36 43 27 30 20 91 21 39 31 20 36 1474
internal_value=-8.11952e-06 -0.000989848 -0.000751295 -0.00485612 0.000453677 0.00592105 -0.00735294 -0.00477528 -6.05327e-05 0 0.00409091 0.00803571 0 0.00024777 -0.00131068 -0.000615213 -0.00375 0.0011324 0 0.00132743 0.00714286 -0.00571429 -0.00128205 0 -0.005 -0.00363636 0.000490196 -0.00720339 -0.00588235 0.00078177
internal_weight=3079 985 965 139 2094 76 119 89 826 52 110 56 54 2018 515 447 160 287 262 226 70 140 156 136 45 110 51 59 68 1503
internal_count=3079 985 965 139 2094 76 119 89 826 52 110 56 54 2018 515 447 160 287 262 226 70 140 156 136 45 110 51 59 68 1503
is_linear=0
shrinkage=0.05


Tree=283
num_leaves=31
num_cat=0
split_feature=3 10 10 0 4 3 3 3 2 5 5 0 7 10 10 7 5 3 3 3 5 2 2 7 0 3 10 3 2 0
split_gain=0.738144 1.35181 2.07841 1.04765 0.986069 0.88777 0.699851 2.01173 0.702427 0.680227 1.37557 0.702671 0.653895 0.639563 0.594026 0.83816 0.818931 0.705873 0.775092 0.657479 0.808146 1.36509 0.939208 0.928405 1.78518 1.54389 1.61953 1.39103 1.38986 0.809889
threshold=411163.68000000011 196.50000000000003 211.50000000000003 1027470.9200000002 398491.41375000007 407787.44214285718 856184.22142857162 503643.45642857143 390857.35000000003 164836.42297550617 154024.64881952255 412361.76000000007 2.5000000000000004 16.500000000000004 71.500000000000014 1.0000000180025095e-35 285611.02608859289 479529.04714285722 750621.0357142858 1157977.4778571432 355492.42104653973 950324.20000000007 255935.42000000004 1.0000000180025095e-35 868810.3400000002 472807.17642857152 168.50000000000003 503643.45642857143 491074.49500000005 557495.57500000007
decision_type=2 2 2 2 2 2 2 2 2 2 2 2 2 2 2 2 2 2 2 2 2 2 2 2 2 2 2 2 2 2
left_child=5 14 -3 4 -4 9 7 8 -6 10 13 -11 -10 -1 15 -2 17 -17 -19 20 22 -22 -16 -24 25 26 -25 -27 -29 -30
right_child=1 2 3 -5 6 -7 -8 -9 12 11 -12 -13 -14 -15 19 16 -18 18 -20 -21 21 -23 23 24 -26 27 -28 28 29 -31
leaf_value=36.844215202872149 -3642.048351168487 -1078.3783638760274 -167.99606558641537 -1565.1588303596045 109.958608612229 469.42220416620404 3626.8589754030577 -545.83072410815953 481.24317514413855 1548.8808067010541 -1255.1703841696203 -15.024168876868499 -133.31566148333079 0.59323689387092604 -1103.3967654127016 467.01382201205416 1110.6929327840305 -2557.254469430809 -486.89057087306577 1714.0632763298345 1283.6740896881909 -2666.47879811857 1043.131960297811 -850.16057428682404 -2665.1696323802521 1975.9996116772616 107.02916992226092 -121.91098270275543 3119.1312287849669 3812.0179215431913
leaf_weight=36 25 43 21 26 33 26 22 20 25 21 23 20 29 2212 26 23 48 26 30 44 23 26 36 41 35 25 25 32 23 34
leaf_count=36 25 43 21 26 33 26 22 20 25 21 23 20 29 2212 26 23 48 26 30 44 23 26 36 41 35 25 25 32 23 34
internal_value=-8.11952e-06 -0.00138327 -0.00468037 -0.00227273 -0.000666667 0.000427716 0.000968992 -0.000700935 0.00258621 0.000324394 0.000209159 0.00670732 -0.000925926 0.00033363 0 -0.00263158 -0.000984252 -0.00411392 -0.00714286 0.00108108 0.000306748 -0.00561224 0.00135379 0.00229084 0.00104651 0.00305556 -0.0030303 0.00657895 0.00365169 0.00833333
internal_weight=3079 741 219 176 150 2338 129 107 87 2312 2271 41 54 2248 522 152 127 79 56 370 326 49 277 251 215 180 66 114 89 57
internal_count=3079 741 219 176 150 2338 129 107 87 2312 2271 41 54 2248 522 152 127 79 56 370 326 49 277 251 215 180 66 114 89 57
is_linear=0
shrinkage=0.05


Tree=284
num_leaves=31
num_cat=2
split_feature=0 6 2 6 0 4 1 1 7 3 3 3 1 0 6 7 11 3 4 2 0 4 2 1 5 6 7 11 5 1
split_gain=0.473275 0.769901 1.47342 1.05872 0.94246 1.51449 1.07089 1.17826 1.41291 1.06522 0.962215 0.886525 0.809491 0.698964 0.69518 0.591681 1.44802 1.32403 1.54101 1.46605 0.993103 0.729293 1.11594 0.728139 0.703148 1.26007 0.548909 2.25831 1.00405 1.3471
threshold=641841.67000000016 382296.36668734596 1122558.9650000001 415433.35128896585 1384987.7350000001 1061388.8887500002 869690.97500000021 712211.72500000021 2.5000000000000004 534700.47071428585 1109623.6864285718 508943.45071428578 974722.88500000013 601181.03000000014 325639.83969477838 1.0000000180025095e-35 0 299678.88571428577 223645.53125000003 285888.22500000003 142611.07500000004 409704.43375000008 553620.76000000013 349418.68500000006 55704.832022349023 105353.96731620337 1.5000000000000002 1 42715.319169421877 483238.4150000001
decision_type=2 2 2 2 2 2 2 2 2 2 2 2 2 2 2 2 1 2 2 2 2 2 2 2 2 2 2 1 2 2
left_child=13 4 12 -4 5 6 7 8 11 -10 -7 -2 -3 15 -8 16 20 18 19 -18 -1 23 -23 -19 -22 -26 27 28 -17 -30
right_child=1 2 3 -5 -6 10 14 -9 9 -11 -12 -13 -14 -15 -16 26 17 21 -20 -21 24 22 -24 -25 25 -27 -28 -29 29 -31
leaf_value=19.411846817644985 45.780400147341425 13053.795390917898 1175.8087652031566 -2090.6678196536495 221.08983191654553 -5522.2364022424508 -13.308911470661407 -2060.8034448036897 -1997.0898430754955 5163.2597449491941 -522.18350682072344 -3813.3986257340352 278.67679532777987 822.7171937101856 1892.206085503637 -12.90235366011184 8.0419994262469121 -8.3121845103160013 132.45595273213985 -308.26768661403912 719.00912770708101 948.87122467892777 -2926.3235432321817 -1590.3425404027439 -135.04219935982982 732.4105459668034 0.63207454539442554 -27.161826947303055 530.14828438813856 -11.871256658420316
leaf_weight=36 20 21 21 23 24 21 37 33 23 23 23 27 29 34 21 35 139 27 37 20 21 23 21 28 22 37 1909 278 46 20
leaf_count=36 20 21 21 23 24 21 37 33 23 23 23 27 29 34 21 35 139 27 37 20 21 23 21 28 22 37 1909 278 46 20
internal_value=8.11952e-06 -0.0017341 0.00212766 -0.00454545 -0.0031746 -0.00416667 -0.00217391 -0.0047619 -0.00188172 0.00434783 -0.0125 -0.00797872 0.008 0.000228686 0.00344828 0.00013894 0.00188564 -8.19672e-05 0.00229592 0.000157233 0.00634921 -0.00479798 0 -0.00863636 0.01 0.00720339 -0.000174825 -0.00191293 0.00427928 0.00833333
internal_weight=3079 346 94 44 252 228 184 126 93 46 44 47 50 2733 58 2699 411 295 196 159 116 99 44 55 80 59 2288 379 101 66
internal_count=3079 346 94 44 252 228 184 126 93 46 44 47 50 2733 58 2699 411 295 196 159 116 99 44 55 80 59 2288 379 101 66
cat_boundaries=0 1 2
cat_threshold=1 1
is_linear=0
shrinkage=0.05


Tree=285
num_leaves=31
num_cat=0
split_feature=4 6 6 3 0 3 5 4 7 6 4 6 2 4 0 5 3 2 3 7 3 5 5 5 5 4 7 5 6 3
split_gain=1.49099 1.10193 0.828557 1.51229 0.903533 0.720407 0.63682 0.763791 0.645161 0.588913 1.28559 0.682829 0.825536 0.84573 0.779733 0.591048 1.83853 0.899462 0.798526 0.534066 1.46554 1.07143 0.891855 0.55706 0.5249 0.536662 0.486532 0.485926 0.996822 0.4406
threshold=1053184.051964286 398738.94413311017 382296.36668734596 1157977.4778571432 1121804.6600000001 295731.55642857146 292071.28661657387 738330.17464285728 3.5000000000000004 8964.6164863648683 92294.763571428586 108598.62113886322 300053.88000000006 222408.70160714287 184942.17500000002 9994.8153390886564 137484.64928571429 140536.59500000003 133264.5778571429 1.0000000180025095e-35 403279.36928571435 129659.87757843696 135241.27525234167 171267.9743014519 105817.25042322236 85187.377914285724 1.5000000000000002 101117.95492778243 73711.586295707573 298717.88285714289
decision_type=2 2 2 2 2 2 2 2 2 2 2 2 2 2 2 2 2 2 2 2 2 2 2 2 2 2 2 2 2 2
left_child=1 5 3 -2 -4 9 19 -8 26 10 -1 12 15 -14 -13 16 17 18 -11 20 21 -7 -22 -24 25 -17 -9 28 -15 -21
right_child=2 -3 4 -5 -6 6 7 8 -10 11 -12 14 13 27 -16 24 -18 -19 -20 29 22 -23 23 -25 -26 -27 -28 -29 -30 -31
leaf_value=0.99564635644856025 -5246.1245821303282 125.24224385459675 2836.3716966312381 63.250891590584075 -1986.1344286709675 0.69941246451635386 3190.8841419438891 -404.16379369462959 -573.74852705433148 42.513892702414523 -14.660951611372003 -266.78132737944907 -13.109968316875166 10.404778472380713 14.547160915137647 50.124903584970163 117.51011120342373 -26.253043565500413 -0.16561032958124999 -49.146136867746833 -198.03239131037265 -2022.1291710433391 1349.3303466440325 280.23960656122654 174.52930485893086 -2.69227627984219 2156.0240243565349 0.46347182569152212 1082.5548146191156 -44.350564831192607
leaf_weight=161 33 31 38 20 31 60 21 27 31 22 89 38 40 31 28 25 26 28 52 62 20 24 22 25 32 1102 22 21 26 851
leaf_count=161 33 31 38 20 31 60 21 27 31 22 89 38 40 31 28 25 26 28 52 62 20 24 22 25 32 1102 22 21 26 851
internal_value=-0.000732149 -0.000505656 -0.00614754 -0.0108491 -0.00253623 -0.000606376 -0.00156652 0.00222772 0 4.35793e-05 -0.0022 0.000424881 0.000658363 0.00466102 -0.00454545 0.000291375 0.00351563 0.000490196 0.00337838 -0.00192669 0.000827815 -0.00357143 0.00634328 0.0101064 -6.4711e-05 -0.000244011 0.00357143 0.00769231 0.0100877 -0.00238226
internal_weight=3039 2917 122 53 69 2886 1165 101 80 1721 250 1471 1405 118 66 1287 128 102 74 1064 151 84 67 47 1159 1127 49 78 57 913
internal_count=3039 2917 122 53 69 2886 1165 101 80 1721 250 1471 1405 118 66 1287 128 102 74 1064 151 84 67 47 1159 1127 49 78 57 913
is_linear=0
shrinkage=0.05


Tree=286
num_leaves=31
num_cat=0
split_feature=4 1 1 2 2 10 2 9 6 5 2 4 1 6 5 0 4 4 6 6 1 4 0 6 1 0 1 4 5 2
split_gain=0.954957 1.24811 0.92803 0.644691 1.26155 1.17946 1.19606 0.945618 0.81448 1.26509 0.782269 0.815649 0.845078 0.769689 1.13249 0.882423 0.75359 1.4962 0.734748 1.23704 1.22933 0.955959 0.711025 1.1723 1.14865 1.07279 1.06918 1.61942 0.955967 1.05
threshold=1053184.051964286 1170112.9500000002 1391885.1650000003 186863.08000000005 179619.46500000003 19.500000000000004 189547.73500000002 1.0000000180025095e-35 13998.002224689562 44143.918163120215 1170112.9500000002 791081.76035714301 816783.13500000013 120478.11991451381 96117.070071128575 297294.37000000005 120614.08482142859 150629.87678571432 216769.50933962673 281981.5255516576 544882.56500000006 522101.09410714294 229852.89000000004 198991.00324744967 211662.92000000001 213621.71500000003 199820.78500000003 155272.47421583853 163323.57170830676 352487.06500000006
decision_type=2 2 2 2 2 2 2 2 2 2 2 2 2 2 2 2 2 2 2 2 2 2 2 2 2 2 2 2 2 2
left_child=1 3 -3 4 7 -5 -7 13 -6 -10 11 18 -13 14 15 -1 -9 -18 21 -20 -21 22 24 28 26 -26 27 -8 -24 -30
right_child=-2 2 -4 5 8 6 10 16 9 -11 -12 12 -14 -15 -16 -17 17 -19 19 20 -22 -23 23 -25 25 -27 -28 -29 29 -31
leaf_value=-1.0522389698176995 -902.70515616312628 1307.103313178118 -182.16856721716761 251.54220105344723 141.85242184246746 -111.15424757365327 139.60825690958882 25.714253829522207 -19.743708482528746 101.5755308105625 713.7954576718156 -460.17103125930299 -1910.2450740184404 -212.91006507244748 239.76994476117471 -480.21607661173914 -9.1015399361967866 61.284032464656775 1205.6402162593149 68.725394398174828 -4597.8778486127912 -943.98279134738846 -8.0927422932014448 -2020.0283484622953 -25.220579519684545 -713.47264672780875 94.739591731404659 -131.0019571728015 2191.6000289454532 42.565668014975387
leaf_weight=1037 122 24 20 35 20 24 37 29 29 36 21 31 35 35 24 21 42 40 49 29 22 33 844 33 121 39 30 69 28 80
leaf_count=1037 122 24 20 35 20 24 37 29 29 36 21 31 35 35 24 21 42 40 49 29 22 33 844 33 121 39 30 69 28 80
internal_value=-0.000584074 -0.000402811 0.00795455 -0.000530804 0.000285605 -0.00121795 -0.00142623 -0.00012215 0.00617647 0.00346154 -0.00124917 -0.00138514 -0.00681818 -0.000559534 -0.000323475 -0.000567108 0.00427928 0.00182927 -0.00113154 0.003 -0.00245098 -0.00144597 -0.00122951 -0.000583756 -0.00337838 -0.00625 0 -0.00235849 -0.000262605 0.00416667
internal_weight=3039 2917 44 2873 1313 1560 1525 1228 85 65 1501 1480 66 1117 1082 1058 111 82 1414 100 51 1314 1281 985 296 160 136 106 952 108
internal_count=3039 2917 44 2873 1313 1560 1525 1228 85 65 1501 1480 66 1117 1082 1058 111 82 1414 100 51 1314 1281 985 296 160 136 106 952 108
is_linear=0
shrinkage=0.05


Tree=287
num_leaves=31
num_cat=1
split_feature=5 5 6 10 6 6 10 10 3 10 3 5 5 10 10 3 0 6 3 6 10 10 6 11 3 7 6 5 10 7
split_gain=0.700692 1.01628 0.908751 1.63207 1.25433 0.697544 0.696468 2.13838 2.2168 1.62928 1.37941 1.03853 1.15059 1.28416 0.729176 1.33442 0.712433 1.13795 0.675 0.587778 0.570131 0.551742 1.01195 0.538504 1.01049 0.997232 1.51276 1.32618 0.831707 0.815123
threshold=110182.05823445389 114762.05410160978 144669.74872500729 108.50000000000001 172782.68422723815 131447.28535472744 65.500000000000014 91.500000000000014 396004.79571428575 95.500000000000014 389106.43214285723 193358.77887970794 228399.33823534072 28.500000000000004 109.50000000000001 464564.0450000001 456941.59500000003 176048.9093020412 301883.79785714293 284870.39884652669 15.500000000000002 23.500000000000004 30907.185220021776 0 111260.01857142859 4.5000000000000009 25400.329045009636 42995.228707665905 139.50000000000003 5.5000000000000009
decision_type=2 2 2 2 2 2 2 2 2 2 2 2 2 2 2 2 2 2 2 2 2 2 2 1 2 2 2 2 2 2
left_child=2 18 5 -4 -5 20 10 8 -8 -9 -3 -12 -13 -14 15 -11 -10 -18 -2 -19 -1 22 -22 24 -23 -25 -27 -28 -29 -30
right_child=1 6 3 4 -6 -7 7 9 16 14 11 12 13 -15 -16 -17 17 19 -20 -21 21 23 -24 25 -26 26 27 28 29 -31
leaf_value=-22.04837126110797 -216.38588348846244 -519.94707432105065 354.60256405312686 396.5663843058079 -221.8366140000777 -1770.8138765142344 2144.2673122660708 -3590.1325114892638 1377.0857612009875 -225.83421229931412 608.73154059616797 -3509.5284342839732 1734.4581438111143 -798.42862062409699 -45.977193015205557 1358.4920794790087 -1392.3467878518888 472.16591740834997 -141.49959332900471 -973.77572816018073 -18.484583479601135 180.26659047814246 74.74932054726888 -1.8115140536181571 -23.202396538980249 -0.36392907220033521 161.53801898711137 47.670420345399179 -9.0541599662217784 130.19357502347847
leaf_weight=21 24 22 29 23 22 22 28 21 20 24 37 21 29 48 559 27 23 25 30 20 47 24 49 975 469 216 24 71 45 44
leaf_count=21 24 22 29 23 22 22 28 21 20 24 37 21 29 48 559 27 23 25 30 20 47 24 49 975 469 216 24 71 45 44
internal_value=-0.000551168 -0.00167015 -3.60404e-05 0.00540541 -0.000555556 -0.000236672 -0.00127212 -0.000635877 0.00560345 -0.00178288 -0.00429936 -0.00240741 -0.00510204 -0.00227273 -0.00131148 0.00441176 0.00170455 -0.000735294 -0.00833333 0.00388889 -0.000138539 -5.09165e-05 0.00364583 -0.000240899 -0.00164016 0.000270758 0.002375 0.00570652 0.0040625 0.000842697
internal_weight=3039 958 2081 74 45 2007 904 747 116 631 157 135 98 77 610 51 88 68 54 45 1985 1964 96 1868 493 1375 400 184 160 89
internal_count=3039 958 2081 74 45 2007 904 747 116 631 157 135 98 77 610 51 88 68 54 45 1985 1964 96 1868 493 1375 400 184 160 89
cat_boundaries=0 1
cat_threshold=1
is_linear=0
shrinkage=0.05


Tree=288
num_leaves=31
num_cat=0
split_feature=4 1 2 2 2 10 2 4 5 2 3 4 1 1 10 10 10 5 5 3 1 1 6 6 10 2 10 2 1 1
split_gain=0.756848 0.840938 1.73929 0.763656 0.934893 0.998411 0.837616 0.761865 1.82082 1.70455 0.865817 2.06362 1.18578 1.46393 1.42222 1.00762 0.939024 1.02121 1.51213 1.9947 1.15362 0.790323 0.757942 0.752343 1.35 1.00636 0.735709 1.43255 0.750635 0.894787
threshold=1053184.051964286 950324.20000000007 873514.70000000007 186863.08000000005 170725.78500000003 236.50000000000003 167756.79000000001 220050.96892857147 83996.429739810948 121612.50000000001 138913.3585714286 136017.59642857147 132956.40500000003 138408.285 163.50000000000003 99.500000000000014 65.500000000000014 15051.138914269783 25599.780967531329 151041.34142857147 128088.22000000002 133808.64500000005 392986.0371931126 44395.902811311913 149.50000000000003 133277.28500000003 68.500000000000014 176850.83500000005 176448.62500000003 203052.28000000003
decision_type=2 2 2 2 2 2 2 2 2 2 2 2 2 2 2 2 2 2 2 2 2 2 2 2 2 2 2 2 2 2
left_child=1 3 -3 4 6 26 7 8 10 -9 11 12 23 -14 15 -15 -12 -18 -19 -20 -21 -13 -5 25 -25 -1 27 -6 -28 -30
right_child=-2 2 -4 22 5 -7 -8 9 -10 -11 16 21 13 14 -16 -17 17 18 19 20 -22 -23 -24 24 -26 -27 28 -29 29 -31
leaf_value=-2.4662758849059174 -855.27103870421422 1203.8167104063032 -153.47642393090064 -18.227939545434491 52.540478868986249 -45.345789932592744 -129.9125016694845 1440.1950698572962 319.432019638925 -243.45851362938703 28.973310546457654 -11.138938828799292 80.833824711526546 27.596783565642546 138.11818940600278 -26.831518351504929 49.470256966471794 -132.32121267692929 131.96773213344133 -655.32495243808228 1.1587962791083555 -100.66580776498304 336.87243585046963 -5.0445177255285678 86.464595143991033 -308.22900302419441 5.2358059875667102 -95.050986512942472 71.4115399080125 1.7617965671553977
leaf_weight=466 122 39 46 1496 25 22 23 20 23 55 39 31 31 35 30 25 53 24 36 21 65 31 23 30 30 31 48 21 71 27
leaf_count=466 122 39 46 1496 25 22 23 20 23 55 39 31 31 35 30 25 53 24 36 21 65 31 23 30 30 31 48 21 71 27
internal_value=-0.000649885 -0.000488516 0.00441176 -0.000635593 0.000247525 0.00327103 -0.000341219 -0.000139405 0.000224775 -0.005 -0.000102249 -0.000945946 -0.000147493 0.00433884 0.00111111 -0.00333333 0.00252101 0.00113065 -0.0010274 0.00122951 -0.00290698 -0.00967742 -0.00139895 -0.00112208 0.00416667 -0.00176056 0.00442708 -0.00108696 0.00616438 0.00867347
internal_weight=3039 2917 85 2832 1313 214 1099 1076 1001 75 978 740 678 121 90 60 238 199 146 122 86 62 1519 557 60 497 192 46 146 98
internal_count=3039 2917 85 2832 1313 214 1099 1076 1001 75 978 740 678 121 90 60 238 199 146 122 86 62 1519 557 60 497 192 46 146 98
is_linear=0
shrinkage=0.05


Tree=289
num_leaves=31
num_cat=0
split_feature=2 1 7 0 10 10 2 10 1 0 10 0 0 10 1 6 3 10 2 0 3 0 7 10 6 10 10 6 10 0
split_gain=0.861736 1.85448 1.28837 2.12743 1.80881 1.20205 0.93207 1.45457 0.666183 0.674556 0.51349 0.46319 0.442517 1.17256 1.11432 0.782276 0.777778 0.911213 0.711286 0.665748 1.27239 1.04663 1.21441 0.900086 0.720959 0.685962 1.3738 1.00073 0.955227 0.925735
threshold=777059.90500000014 950324.20000000007 3.5000000000000004 1253947.2600000002 116.50000000000001 65.500000000000014 1122558.9650000001 96.500000000000014 726605.24000000011 557495.57500000007 100.50000000000001 724415.08000000007 551425.88500000013 157.50000000000003 647897.77500000002 135100.44332905117 503643.45642857143 200.50000000000003 454398.42500000005 443056.65500000009 378768.98714285722 456941.59500000003 1.5000000000000002 93.500000000000014 92715.057187837127 177.50000000000003 205.50000000000003 135100.44332905117 136.50000000000003 381765.96500000003
decision_type=2 2 2 2 2 2 2 2 2 2 2 2 2 2 2 2 2 2 2 2 2 2 2 2 2 2 2 2 2 2
left_child=1 8 3 4 5 -2 7 -4 12 -10 -3 -6 14 15 19 -14 17 -15 -17 24 23 -22 -23 -21 -1 27 -27 28 -26 -29
right_child=2 10 6 -5 11 -7 -8 -9 9 -11 -12 -13 13 16 -16 18 -18 -19 -20 20 21 22 -24 -25 25 26 -28 29 -30 -31
leaf_value=-0.64270229611865948 894.19188789529733 138.45577393107524 -5544.7478628250774 -3866.6301078762917 -3505.0398907615559 5153.2407805992088 -156.34403765440803 -558.46524829153793 -3278.0166662658885 -27.873459594462474 2918.1697053643875 -86.220931547170039 -59.376898237712162 -803.8609163599948 1287.631083681257 4646.8031433888291 -3400.9986711638139 22.299872333495298 -128.76691190371349 1670.1988541793633 703.94798039157183 355.40572661472834 -164.57430510810229 20.122581377479946 -68.832072449653069 73.56983812478866 -41.5180535582098 44.948947217364918 -373.58693959989472 -1269.739773337041
leaf_weight=1711 30 22 21 26 20 28 42 34 21 32 21 39 20 26 24 34 21 37 32 23 20 29 69 35 173 79 176 101 71 22
leaf_count=1711 30 22 21 26 20 28 42 34 21 32 21 39 20 26 24 34 21 37 32 23 20 29 69 35 173 79 176 101 71 22
internal_value=-0.000666338 -0.000419793 -0.00354167 -0.000524476 0.00235043 0.00862069 -0.00798969 -0.0122727 -0.000580552 -0.00613208 0.00988372 -0.00381356 -0.000471698 -0.00294118 -0.000305961 0.00116279 -0.00714286 -0.00436508 0.00378788 -0.000408529 0.00255682 -0.000423729 -0.00255102 0.00862069 -0.000632233 -0.00209003 -9.80392e-05 -0.00347411 -0.00532787 0.000203252
internal_weight=3039 2799 240 143 117 58 97 55 2756 53 43 59 2703 170 2533 86 84 63 66 2509 176 118 98 58 2333 622 255 367 244 123
internal_count=3039 2799 240 143 117 58 97 55 2756 53 43 59 2703 170 2533 86 84 63 66 2509 176 118 98 58 2333 622 255 367 244 123
is_linear=0
shrinkage=0.05


Tree=290
num_leaves=31
num_cat=0
split_feature=1 1 10 10 5 4 2 1 2 10 10 1 1 4 7 5 2 2 4 5 10 4 4 5 3 10 10 5 3 5
split_gain=0.571398 0.48376 0.870035 1.74081 0.844508 0.831633 1.26366 1.3711 1.51486 1.06211 3.15784 1.02712 1.04984 1.09748 1.67017 1.06522 0.989852 0.976033 1.32146 1.0532 0.969434 0.943953 0.96356 0.98661 0.813563 1.08619 1.72194 0.94764 0.960114 0.873215
threshold=64361.385000000002 87041.410000000018 114.50000000000001 30.500000000000004 49355.263571106691 154388.71630952385 263193.62500000006 253361.80500000002 337313.51000000007 21.500000000000004 27.500000000000004 89777.440000000017 189859.16500000001 135554.6035714286 1.0000000180025095e-35 48990.531681823901 115167.00500000002 214222.48500000002 173329.87660714288 95124.444919640286 258.50000000000006 295977.06142857141 398491.41375000007 115916.17200422524 118445.57428571431 221.50000000000003 194.50000000000003 35552.16044183739 123419.90785714287 5088.3845341294082
decision_type=2 2 2 2 2 2 2 2 2 2 2 2 2 2 2 2 2 2 2 2 2 2 2 2 2 2 2 2 2 2
left_child=-1 2 3 -2 -4 9 17 8 -8 -3 -11 -12 13 24 -15 -14 -16 18 -7 -19 -9 -21 23 -23 25 26 29 28 -26 -13
right_child=1 5 4 -5 -6 6 7 20 -10 10 11 12 15 14 16 -17 -18 19 -20 21 -22 22 -24 -25 27 -27 -28 -29 -30 -31
leaf_value=-80.115909773141908 -25.776664899313619 -19.135800056148948 -5.5614457042036527 17.791075299767908 45.901030695086234 103.8980174757875 -298.71399457572409 1.5131285343348282 -5.4865044391975974 98.056303389771358 -47.103344762613418 13.105720836246475 -240.41595561285214 37.618575096403582 214.33514575454393 -7.0379411476082172 -40.583195876926766 0.47774000594799876 -0.63353836479946046 440.95035076080171 -295.04192964289689 109.33584612836567 1320.0132040052501 -417.00728672760602 383.27696462977184 -10.66952159752109 25.230693656059159 -2.5756930103634659 21.62561020267167 -13.629267470580817
leaf_weight=21 28 26 60 50 27 87 40 1248 61 21 34 20 23 22 20 23 162 74 462 32 31 21 28 22 27 31 21 129 94 127
leaf_count=21 28 26 60 50 27 87 40 1248 61 21 34 20 23 22 20 23 162 74 462 32 31 21 28 22 27 31 21 129 94 127
internal_value=-0.000113932 -5.73582e-05 0.00257576 0.00641026 -0.000862069 -0.0002079 0.000308642 -0.00057971 -0.00618812 -0.00160256 -0.00125995 -0.00180764 -0.00139485 -0.000880551 -0.00392157 -0.00869565 -0.00549451 0.00199725 0.000956284 0.00522599 -0.000136826 0.00849515 0.00528169 0.000581395 0.000501114 -0.00188442 -0.000297619 0.0024 0.00557851 -0.00221088
internal_weight=3072 3051 165 78 87 2886 2106 1380 101 780 754 733 699 653 204 46 182 726 549 177 1279 103 71 43 449 199 168 250 121 147
internal_count=3072 3051 165 78 87 2886 2106 1380 101 780 754 733 699 653 204 46 182 726 549 177 1279 103 71 43 449 199 168 250 121 147
is_linear=0
shrinkage=0.05


Tree=291
num_leaves=31
num_cat=0
split_feature=1 10 10 1 10 1 7 1 4 0 2 1 1 4 5 4 5 0 5 7 0 5 1 7 1 10 10 10 10 2
split_gain=0.573663 0.544701 0.751192 1.10721 0.679337 1.14369 0.638319 0.560592 0.769231 0.725357 1.08618 1.57554 1.37143 1.36378 1.47713 1.27103 0.948378 0.931101 1.20969 0.870619 0.731602 0.674241 0.924915 2.42451 1.17165 0.907775 1.48607 1.35117 0.819471 0.762345
threshold=64361.385000000002 44.500000000000007 37.500000000000007 171624.54500000001 49.500000000000007 168962.67000000001 1.5000000000000002 84004.775000000009 118207.87701298704 166863.00000000003 149373.40000000005 147142.95500000005 132170.73000000004 289036.66803571436 77047.152409744202 154388.71630952385 11780.700226506662 159469.98500000002 36772.388162109717 3.5000000000000004 180691.23000000001 13994.508672103524 197760.97500000001 3.5000000000000004 184324.19000000003 113.50000000000001 163.50000000000003 78.500000000000014 192.50000000000003 156663.87500000003
decision_type=2 2 2 2 2 2 2 2 2 2 2 2 2 2 2 2 2 2 2 2 2 2 2 2 2 2 2 2 2 2
left_child=-1 2 6 -4 5 -3 -2 8 -6 10 15 12 -12 14 17 -9 20 18 -13 -20 -11 -18 23 24 25 27 -27 -23 -28 -24
right_child=1 4 3 -5 7 -7 -8 9 -10 16 11 13 -14 -15 -16 -17 21 -19 19 -21 -22 22 29 -25 -26 26 28 -29 -30 -31
leaf_value=-76.110114284484737 -9.2586986704045557 4.0409501960464693 82.024331572262241 21.453256626291843 49.461033119948482 -200.14949779362144 12.917966840622285 -2.488893668230594 12.679938033091823 10.36397794443401 -34.008161647358065 73.052650036129492 -302.73428681596272 307.89040352972154 -353.44172648784883 153.27489596165398 -171.03040742466257 -113.49088245533713 -90.930183321461669 8.4167682842977225 65.374769510373881 3.2946320268860294 -246.5125814858373 380.16876452685977 129.47686670558906 24.30936681176172 -545.32820410393686 -345.76902005985107 14.902872266746272 -3.3671236308407972
leaf_weight=21 97 21 36 50 20 36 222 544 52 42 20 40 28 20 28 39 31 34 32 29 22 22 20 55 29 26 21 28 54 1353
leaf_count=21 97 21 36 50 20 36 222 544 52 42 20 40 28 20 28 39 31 34 32 29 22 22 20 55 29 26 21 28 54 1353
internal_value=-9.76563e-05 -4.09702e-05 0.00166667 0.00581395 -0.000302343 -0.00570175 0.000548589 -0.000183469 0.00416667 -0.000307906 -0.00153563 -0.00443723 -0.0125 -0.0023224 -0.00383436 -0.000385935 0.00027892 -0.00166667 0.000742574 -0.00368852 0.00625 4.57596e-05 0.000186567 0.00308511 0.000277778 -0.00149007 0.00123762 -0.007 -0.00233333 -0.000309541
internal_weight=3072 3051 405 86 2646 57 319 2589 72 2517 814 231 48 183 163 583 1703 135 101 61 64 1639 1608 235 180 151 101 50 75 1373
internal_count=3072 3051 405 86 2646 57 319 2589 72 2517 814 231 48 183 163 583 1703 135 101 61 64 1639 1608 235 180 151 101 50 75 1373
is_linear=0
shrinkage=0.05


Tree=292
num_leaves=31
num_cat=0
split_feature=6 6 10 4 2 3 4 7 4 6 10 1 2 3 3 7 3 2 7 1 3 1 1 6 2 2 4 1 3 3
split_gain=0.802358 0.960647 1.85121 1.33046 0.892333 0.863212 0.812052 1.2235 0.965625 0.757343 0.875393 1.56602 1.38002 1.11468 0.756495 1.14504 1.14652 0.890585 1.54027 1.17391 1.65214 0.926493 0.823282 0.689825 0.689067 0.562428 0.60404 1.38098 0.991588 1.11628
threshold=420523.54045574507 325639.83969477838 124.50000000000001 1039200.7830357144 819491.67500000016 1178907.835714286 517126.32982142863 5.5000000000000009 510112.9064285715 174070.62251378351 124.50000000000001 974722.88500000013 841203.67500000016 671601.76142857154 411163.68000000011 1.0000000180025095e-35 417617.69214285718 538185.72500000009 3.5000000000000004 351953.66000000009 472807.17642857152 552618.79500000004 335816.46500000003 143520.64543863767 570289.31000000017 560115.69500000018 149838.82875000002 189859.16500000001 151041.34142857147 140919.02571428573
decision_type=2 2 2 2 2 2 2 2 2 2 2 2 2 2 2 2 2 2 2 2 2 2 2 2 2 2 2 2 2 2
left_child=1 6 3 4 -3 -4 8 9 14 -8 11 12 24 -12 25 -16 -17 18 19 -18 -21 -19 -20 -24 -11 26 27 -1 29 -28
right_child=-2 2 5 -5 -6 -7 7 -9 -10 10 13 -13 -14 -15 15 16 17 21 22 20 -22 -23 23 -25 -26 -27 28 -29 -30 -31
leaf_value=-0.85232231864210917 -782.43262689969856 3336.8848328762747 1699.711066612741 -2053.5076909984928 -18.629602238608641 258.2243773926981 -3100.7454507096554 246.05444581474296 96.575395444060277 147.96008463240869 -2480.3798392008293 -2394.4110578072286 3538.0270320468117 -450.24370503636897 292.420011069841 -469.0009165105032 -1513.343987383286 1475.0443793618063 443.24279433964404 29.586146820386059 -321.97564697102644 -383.51694224973909 157.32713733710261 -323.25257233047159 -3140.0527132947554 -385.34356412093041 -9.625763161071518 -164.34627469219342 3.7884250793751564 145.61115116357107
leaf_weight=844 37 32 51 34 37 21 22 27 38 21 21 26 29 24 45 32 23 31 24 43 26 22 36 41 22 39 24 32 1321 47
leaf_count=844 37 32 51 34 37 21 22 27 38 21 21 26 29 24 45 32 23 31 24 43 26 22 36 41 22 39 24 32 1321 47
internal_value=-0.000113932 -2.47117e-05 0.00357143 -0.000728155 0.00326087 0.00972222 -0.000244755 -0.00338542 -1.87406e-05 -0.005 -0.00367133 -0.00102041 0.00277778 -0.00944444 -0.00013308 -0.00239938 -0.00359712 -0.00243902 -0.00401554 -0.00869565 -0.00543478 0.00330189 0.000247525 -0.00227273 -0.00290698 0.000184222 0.000286596 -0.000742009 0.000933908 0.00669014
internal_weight=3072 3035 175 103 69 72 2860 192 2668 165 143 98 72 45 2630 323 278 246 193 92 69 53 101 77 43 2307 2268 876 1392 71
internal_count=3072 3035 175 103 69 72 2860 192 2668 165 143 98 72 45 2630 323 278 246 193 92 69 53 101 77 43 2307 2268 876 1392 71
is_linear=0
shrinkage=0.05


Tree=293
num_leaves=31
num_cat=0
split_feature=6 0 10 1 10 4 2 5 4 10 1 10 2 1 4 0 5 1 0 6 1 0 5 10 0 0 6 1 1 5
split_gain=0.813101 0.752251 0.443487 0.887337 0.800017 0.771465 1.21563 1.10491 1.03214 0.889047 0.854855 0.629466 0.77423 1.33941 1.50527 0.795455 0.536373 0.953959 0.862005 0.850689 0.925882 0.971038 1.14603 0.715166 0.773446 0.442559 0.430807 0.423492 1.54063 0.609576
threshold=420523.54045574507 1458011.5700000001 209.50000000000003 96519.655000000013 212.50000000000003 386921.28892857151 538185.72500000009 101932.19163966666 380747.99178571434 240.50000000000003 307569.87000000005 195.50000000000003 99396.960000000006 147142.95500000005 395324.75696428574 200374.95000000004 83996.429739810948 291138.22500000003 305119.35500000004 69664.958911590904 144390.91500000001 98820.410000000018 25191.250864867772 254.50000000000003 161539.70000000004 468425.10000000003 26256.308644036351 91795.705000000016 93625.795000000027 5088.3845341294082
decision_type=2 2 2 2 2 2 2 2 2 2 2 2 2 2 2 2 2 2 2 2 2 2 2 2 2 2 2 2 2 2
left_child=1 2 11 -4 -5 8 7 -7 16 -8 -9 27 -13 -14 15 -15 17 19 -18 20 21 -6 -23 24 -22 -16 -26 29 -29 -1
right_child=-2 -3 3 4 5 6 9 10 -10 -11 -12 12 13 14 25 -17 18 -19 -20 -21 23 22 -24 -25 26 -27 -28 28 -30 -31
leaf_value=-32.209144701992045 -743.31099555471451 301.62386209511317 -7.9447451380547136 -146.24117620378092 -44.184975962952016 97.854977688894735 449.18832006952147 -102.89432064506983 3144.4431263995548 -148.98179299831972 -519.27126201245994 33.21167540327297 -106.19117765142292 10.588855193780184 150.78357280392083 151.8256260527458 9.3557728487845448 125.01408244654596 -240.50878662667239 51.605214062896266 57.738562391389138 10.714762080847869 276.27161983477345 -145.30549359081198 -15.976158718083752 -634.11796932170625 -26.260279166704279 -64.198633559179143 -0.22935649634746369 7.9217050726962048
leaf_weight=23 37 27 75 35 29 37 36 24 20 38 71 20 33 20 29 35 30 25 22 23 32 35 28 25 25 22 21 27 1989 179
leaf_count=23 37 27 75 35 29 37 36 24 20 38 71 20 33 20 29 35 30 25 22 23 32 35 28 25 25 22 21 27 1989 179
internal_value=-6.51042e-05 2.47117e-05 -4.9867e-05 -0.00122821 -0.000539568 -4.79846e-05 -0.00242718 -0.00530303 0.00150794 0.0027027 -0.00815789 0.000262936 0.00330189 0.00197842 0.00471698 0.0104545 0.000762712 0.00174897 -0.00384615 0.000688073 -0.000384615 0.00326087 0.00674603 -0.00364078 -0.00128205 -0.00147059 -0.00543478 4.50857e-05 -0.000173611 0.00222772
internal_weight=3072 3035 3008 631 556 521 206 132 315 74 95 2377 159 139 106 55 295 243 52 218 195 92 63 103 78 51 46 2218 2016 202
internal_count=3072 3035 3008 631 556 521 206 132 315 74 95 2377 159 139 106 55 295 243 52 218 195 92 63 103 78 51 46 2218 2016 202
is_linear=0
shrinkage=0.05


Tree=294
num_leaves=31
num_cat=0
split_feature=5 5 10 1 5 1 10 4 4 5 1 4 5 5 2 5 10 10 1 5 1 1 1 2 10 2 5 4 10 4
split_gain=0.40792 0.598604 0.996279 0.853266 0.744943 0.7 0.545455 0.448198 0.836863 0.912998 0.342471 1.80314 2.45529 1.49456 0.995131 0.77998 0.750899 1.0212 2.3324 1.26217 1.20286 0.881934 2.14408 1.17609 0.776956 1.04395 0.97156 0.705647 0.805385 1.07413
threshold=4874.8839069713058 6448.5537910596022 210.50000000000003 92318.240000000005 7644.1984385971373 97422.390000000014 105.50000000000001 85187.377914285724 92458.67410714287 9551.9197405960604 196164.30500000002 192195.54839285716 45751.739366519068 91976.740660490977 261101.73000000001 77047.152409744202 45.500000000000007 105.50000000000001 103456.69000000002 57483.940158256606 179673.77000000002 157852.88000000003 144390.91500000001 136326.89500000002 38.500000000000007 135223.47000000003 40204.572716459974 124823.61410714287 197.50000000000003 118207.87701298704
decision_type=2 2 2 2 2 2 2 2 2 2 2 2 2 2 2 2 2 2 2 2 2 2 2 2 2 2 2 2 2 2
left_child=-1 2 3 -2 6 -5 -3 -6 9 -9 13 12 -12 15 -15 16 24 18 -18 21 27 22 23 -20 25 -10 -27 28 29 -19
right_child=1 4 -4 5 7 -7 -8 8 10 -11 11 -13 -14 14 -16 -17 17 20 19 -21 -22 -23 -24 -25 -26 26 -28 -29 -30 -31
leaf_value=-8.9032264129338738 10.61449448965941 -0.37608384389241112 -4.4421947682087195 -26.816823863460016 31.980621755914036 26.182874266948787 -26.641635225238133 3.7049459963549456 -22.173489991707903 -32.103627967783176 -417.6518163667177 -0.63855692233337324 -3.6667184254998575 80.75468978496211 -198.57342967458828 -37.804535258734539 27.361377727729998 58.697050726799354 0.86099309298660964 -568.52085279642051 82.039426819764785 -40.63836293461209 170.75356295617823 -101.76459272007924 206.89846847798981 119.44001534232521 -26.008663989373602 4.9060551029255297 11.226698478549224 -20.250834026191299
leaf_weight=40 38 33 23 24 27 21 33 22 36 38 21 1624 38 57 25 65 47 24 33 20 73 61 21 26 24 29 21 362 87 79
leaf_count=40 38 33 23 24 27 21 33 22 36 38 21 1624 38 57 25 65 47 24 33 20 73 61 21 26 24 29 21 362 87 79
internal_value=1.6276e-05 8.24538e-05 0.00377358 0.0063253 -5.12645e-05 0.00166667 -0.00530303 6.99301e-05 8.82457e-06 -0.00583333 0.000135233 -0.000311943 -0.00889831 0.000825688 0.00731707 0.000297619 0.000662778 0.00015006 -0.00288462 -0.00574534 0.00116 -0.00407801 -0.000625 -0.00550847 0.00454545 0.00232558 0.007 0.000362319 -0.00210526 -0.00509709
internal_weight=3072 3032 106 83 2926 45 66 2860 2833 60 2773 1683 59 1090 82 1008 943 833 208 161 625 141 80 59 110 86 50 552 190 103
internal_count=3072 3032 106 83 2926 45 66 2860 2833 60 2773 1683 59 1090 82 1008 943 833 208 161 625 141 80 59 110 86 50 552 190 103
is_linear=0
shrinkage=0.05


Tree=295
num_leaves=31
num_cat=0
split_feature=10 0 3 3 6 1 2 2 0 8 5 2 6 1 2 5 0 9 0 0 10 2 3 2 5 1 2 2 1 5
split_gain=0.537842 0.558121 1.11712 1.23573 0.901019 1.16779 1.08224 1.0614 1.3405 1.21847 1.25605 0.741053 1.43142 1.22231 0.985721 1.61987 0.935596 0.75246 0.710412 1.3843 1.8006 1.19706 0.860782 0.758815 0.708332 0.890645 0.956269 0.941174 2.21476 0.941579
threshold=262.50000000000006 500171.74000000005 369276.96000000002 388157.50714285712 131447.28535472744 424970.04000000004 471632.68500000011 546466.46000000008 184942.17500000002 1.0000000180025095e-35 155147.0633617999 275880.78000000009 198991.00324744967 508344.71500000008 687025.37000000011 132039.35559258223 566263.16500000015 1.0000000180025095e-35 456941.59500000003 353977.08500000008 92.500000000000014 443407.32000000007 514419.54785714293 570289.31000000017 44143.918163120215 319151.15000000008 334676.59500000003 251981.21500000003 264311.82000000007 85925.941363414211
decision_type=2 2 2 2 2 2 2 2 2 2 2 2 2 2 2 2 2 2 2 2 2 2 2 2 2 2 2 2 2 2
left_child=1 4 -3 -4 6 7 24 8 -6 10 -10 12 -5 14 15 -13 -15 -18 19 21 -21 -7 -23 -22 -1 26 27 29 -29 -26
right_child=-2 2 3 11 5 18 -8 -9 9 -11 -12 13 -14 16 -16 -17 17 -19 -20 20 23 22 -24 -25 25 -27 -28 28 -30 -31
leaf_value=-1.3398086511457223 83.336016150582878 998.59097425941002 -1102.9259002892156 -840.26664963237999 -253.92438512147638 6.5657702892349334 -354.62301660798551 -426.91610284263879 142.96601649333024 674.61174752566296 -1286.3911938074089 -493.27577106571994 377.67577891552355 -936.16802046393866 -1632.6119168708888 673.14796450217409 -9.5954507235321227 -2578.542889183012 871.39587915545133 211.46431251057513 -45.119470953874412 666.79453635165419 3329.5039891357028 -3145.0615312088721 6.0438207930797949 -27.916555189556675 216.83253750821751 -133.53915471106447 104.3073171066164 30.250577432801947
leaf_weight=1139 23 20 22 20 20 29 74 38 46 26 22 33 21 34 25 50 255 26 34 20 41 23 22 23 424 221 49 44 48 161
leaf_count=1139 23 20 22 20 20 29 74 38 46 26 22 33 21 34 25 50 255 26 34 20 41 23 22 23 424 221 49 44 48 161
internal_value=-8.24266e-06 -6.64452e-05 -0.00158103 -0.00205761 0.000239617 0.00261628 -0.000138889 -0.000657895 0.00175439 0.00425532 0.000735294 -0.00150862 -0.00792683 -0.000886525 0.0037037 0.0063253 -0.00246032 -0.00151246 0.00520833 0.00379747 -0.000595238 0.00878378 0.0138889 -0.0046875 7.1908e-05 0.00108237 0.00192837 0.00144018 -0.00326087 0.00217949
internal_weight=3033 3010 506 486 2504 344 2160 152 114 94 68 464 41 423 108 83 315 281 192 158 84 74 45 64 2086 947 726 677 92 585
internal_count=3033 3010 506 486 2504 344 2160 152 114 94 68 464 41 423 108 83 315 281 192 158 84 74 45 64 2086 947 726 677 92 585
is_linear=0
shrinkage=0.05


Tree=296
num_leaves=31
num_cat=0
split_feature=10 4 4 6 0 5 4 6 0 0 6 10 5 1 5 10 0 0 6 1 10 6 10 10 10 4 1 4 0 6
split_gain=0.53088 0.381706 1.49392 1.44147 0.829362 0.570677 0.546973 0.683231 1.25871 1.82323 1.18788 1.17895 1.01727 0.879433 1.034 0.971273 0.714906 1.40288 0.637121 0.59883 0.542297 0.509834 0.493355 0.466125 0.700393 0.896206 1.60118 1.48139 0.984168 0.905307
threshold=262.50000000000006 517126.32982142863 510112.9064285715 216769.50933962673 322255.61000000004 157860.22606546877 506212.04999999999 131447.28535472744 224927.81500000003 273357.30500000005 211869.44353650193 178.50000000000003 156314.5847961297 568239.64000000001 130881.20134415502 177.50000000000003 420963.16000000009 515088.79500000004 157393.97457162139 298795.71000000002 92.500000000000014 138723.34230673066 229.50000000000003 223.50000000000003 173.50000000000003 1069953.8230357144 604275.45000000007 1031562.4142857144 742958.30500000005 382296.36668734596
decision_type=2 2 2 2 2 2 2 2 2 2 2 2 2 2 2 2 2 2 2 2 2 2 2 2 2 2 2 2 2 2
left_child=1 2 6 20 -5 -6 7 12 -9 -10 11 19 13 14 -1 -16 22 -18 -19 -11 -3 -21 -13 24 25 26 -7 28 -28 -27
right_child=-2 3 -4 4 5 23 -8 8 9 10 -12 16 -14 -15 15 -17 17 18 -20 21 -22 -23 -24 -25 -26 29 27 -29 -30 -31
leaf_value=-0.2849627838299057 79.16921534305439 -1910.4881687750778 138.61550351015322 846.30870150001874 260.86044755441111 4985.6858208737576 -595.40094531371142 -132.56667643586843 709.07545249772602 -7.6331946618607622 -1163.3816006034817 -117.55138440534357 -391.61378187431842 -538.68657708267858 22.910106681866456 393.4562475187588 537.95287446981536 31.223177698859946 -902.9392727795348 46.103863730901509 -382.41043158756366 671.09392496595251 -10.570684404823988 618.96350397462959 -724.61285278582955 -33.48224547075224 -1732.3937779871428 -2856.3351649558581 57.275649798772065 3918.9078069642947
leaf_weight=2100 23 21 32 22 22 29 23 46 24 24 24 21 29 23 51 29 39 24 20 22 30 68 22 25 39 37 40 30 71 23
leaf_count=2100 23 21 32 22 22 29 23 46 24 24 24 21 29 23 51 29 39 24 20 22 30 68 22 25 39 37 40 30 71 23
internal_value=4.12133e-05 -1.66113e-05 0.000200305 -0.00147815 -0.000295858 -0.000949367 6.75937e-05 0.000136399 0.00224551 0.00347222 0.00227273 0.00333333 -0.000179211 -5.67408e-05 4.58716e-05 0.005625 0 0.00271084 -0.00340909 0.00701754 -0.00931373 0.00888889 -0.00523256 -0.00153061 -0.00213755 -0.00108696 -0.00294118 -0.00514184 -0.00247748 0.00416667
internal_weight=3033 3010 2621 389 338 316 2589 2566 334 288 264 240 2232 2203 2180 80 126 83 44 114 51 90 43 294 269 230 170 141 111 60
internal_count=3033 3010 2621 389 338 316 2589 2566 334 288 264 240 2232 2203 2180 80 126 83 44 114 51 90 43 294 269 230 170 141 111 60
is_linear=0
shrinkage=0.05


Tree=297
num_leaves=31
num_cat=0
split_feature=10 3 3 5 0 2 0 0 0 2 1 1 4 4 3 10 3 3 4 10 10 4 10 10 0 2 0 4 3 8
split_gain=0.537842 0.38993 0.898368 0.952113 0.912615 0.575361 0.913063 1.13984 2.00795 1.2742 0.973868 0.894607 1.16564 0.848015 0.958623 0.790012 1.27925 1.13017 0.981682 1.20406 1.07333 0.830769 0.720774 1.58394 1.1264 2.07439 0.992793 0.775611 2.13175 1.08288
threshold=262.50000000000006 84981.990714285741 90806.161428571446 5869.527124083922 88854.420000000013 110073.395 82858.37000000001 156764.76500000004 126048.51000000002 91171.510000000009 91795.705000000016 133808.64500000005 119907.76926948053 119228.47000000002 125456.43500000003 85.500000000000014 158581.32642857145 140919.02571428573 135554.6035714286 181.50000000000003 223.50000000000003 135884.91250000001 75.500000000000014 68.500000000000014 439999.90000000008 188404.78000000003 130407.67500000002 385148.46392857149 400956.68571428576 1.0000000180025095e-35
decision_type=2 2 2 2 2 2 2 2 2 2 2 2 2 2 2 2 2 2 2 2 2 2 2 2 2 2 2 2 2 2
left_child=1 -1 4 -4 -3 6 -5 8 9 -8 -11 12 -7 -12 -15 21 17 18 19 -17 -21 -14 23 26 25 -25 -13 -28 -29 -30
right_child=-2 2 3 5 -6 11 7 -9 -10 10 13 22 15 14 -16 16 -18 -19 -20 20 -22 -23 -24 24 -26 -27 27 28 29 -31
leaf_value=-18.929095481163678 75.210754575901959 30.720597249361528 -13.654174699008582 25.334422133766203 1.6006303381342151 -68.178266697202346 2.373125502385665 27.236876307016065 -270.92982449727788 8.0302886987767135 -47.985220911794755 40.473853269322717 16.647251665653677 6.0448875322384996 -11.483937090784821 58.931878336018421 -508.3454707988767 174.97050259740428 -27.929010239411582 -86.780405365122718 141.74351709794936 235.09405115795963 3.5164668222918412 -30.830309239713099 150.74451150506067 -730.74916747636462 -17.582689315747121 143.72719236903941 -315.11322617084664 302.05845888397306
leaf_weight=31 23 36 31 65 47 23 89 71 27 26 45 25 26 21 22 26 24 29 29 25 21 39 1700 20 22 21 299 33 98 39
leaf_count=31 23 36 31 65 47 23 89 71 27 26 45 25 26 21 22 26 24 29 29 25 21 39 1700 20 22 21 299 33 98 39
internal_value=-8.24266e-06 -6.64452e-05 -8.39208e-06 -0.000155387 0.00512048 -6.1082e-05 -0.00191257 -0.00307309 -0.00478261 -0.00307882 -0.00657895 0.000210084 0.00309917 -0.00909091 -0.00406977 0.00422374 0.00227273 0.00423077 0.00173267 0.00486111 0 0.00884615 -9.96899e-05 -0.00166068 -0.00912698 -0.0140244 -0.000708502 -0.00122601 0.00147059 -0.00127737
internal_weight=3033 3010 2979 2896 83 2865 366 301 230 203 114 2499 242 88 43 219 154 130 101 72 46 65 2257 557 63 41 494 469 170 137
internal_count=3033 3010 2979 2896 83 2865 366 301 230 203 114 2499 242 88 43 219 154 130 101 72 46 65 2257 557 63 41 494 469 170 137
is_linear=0
shrinkage=0.05


Tree=298
num_leaves=31
num_cat=0
split_feature=6 0 6 5 5 4 5 5 4 3 6 4 4 3 0 4 3 10 10 6 7 6 10 5 4 5 10 10 10 5
split_gain=0.493407 0.75 0.670723 0.460236 0.741355 1.11709 1.00198 0.737066 1.21048 0.968942 0.794948 2.02158 1.21534 1.46382 1.20696 1.00833 1.40833 1.11002 1.20384 0.780889 0.744856 0.697233 0.683866 0.95479 0.760422 0.707371 0.682453 0.678119 0.883852 0.749287
threshold=6026.702314369385 85521.315000000017 6342.1610494499646 4874.8839069713058 8173.6081815914886 136017.59642857147 7644.1984385971373 39282.105838163297 152628.5092857143 118445.57428571431 25400.329045009636 91891.661854395628 92458.67410714287 140179.84571428577 124164.94500000002 119907.76926948053 115961.09571428572 236.50000000000003 63.500000000000007 11235.215696525898 5.5000000000000009 31973.474451421349 106.50000000000001 19376.400143079536 174317.8291071429 22392.386967851773 124.50000000000001 246.50000000000003 240.50000000000003 128357.81606349666
decision_type=2 2 2 2 2 2 2 2 2 2 2 2 2 2 2 2 2 2 2 2 2 2 2 2 2 2 2 2 2 2
left_child=1 -1 -2 -4 5 6 -5 8 10 -9 11 -6 -13 14 -14 16 21 18 -17 26 22 -12 24 -24 -10 -26 -16 28 -11 -29
right_child=2 -3 3 4 7 -7 -8 9 20 27 15 12 13 -15 19 17 -18 -19 -20 -21 -22 -23 23 -25 25 -27 -28 29 -30 -31
leaf_value=-30.408984908859566 -14.608175244441009 13.919988156012188 -4.1596643523429524 2.123219965640601 73.57772517659906 -50.449968351596908 78.1749506314016 24.828559882670746 86.735656261647819 3.5871430406390576 -73.86512382707879 -39.512475890411224 34.741566074303414 -95.49531559597672 -3.7465188766858777 -184.72487533963942 -530.06418377274827 -214.45418918018842 20.446185162376423 -22.659576740617922 -47.834715080336906 13.00144269240991 1.8428668490581914 86.860528163448919 -2.5858749673476269 -78.746504272280447 22.381467916819386 10.386514050721599 -97.081687038476232 308.14795563690717
leaf_weight=20 24 30 20 101 31 22 24 46 20 1798 22 20 24 22 25 21 27 21 66 33 57 23 141 82 82 32 34 79 42 44
leaf_count=20 24 30 20 101 31 22 24 46 20 1798 22 20 24 22 25 21 27 21 66 33 57 23 141 82 82 32 34 79 42 44
internal_value=7.4184e-05 0.005 -8.38082e-06 5.91416e-05 0.000110582 0.00357143 0.0054 -7.16332e-05 -0.00137292 0.00043554 -0.00345528 -0.00119048 -0.00348101 -0.00181159 0.000431034 -0.00583333 -0.0104167 -0.00277778 -0.000287356 -0.00217391 0.000483092 -0.005 0.00133053 0.00302691 -0.00149254 -0.00307018 0.00127119 0.000267448 2.71739e-05 0.00386179
internal_weight=3033 50 2983 2959 2939 147 125 2792 783 2009 369 189 158 138 116 180 72 108 87 92 414 45 357 223 134 114 59 1963 1840 123
internal_count=3033 50 2983 2959 2939 147 125 2792 783 2009 369 189 158 138 116 180 72 108 87 92 414 45 357 223 134 114 59 1963 1840 123
is_linear=0
shrinkage=0.05


Tree=299
num_leaves=31
num_cat=0
split_feature=3 3 0 6 4 7 5 0 1 10 5 3 1 1 1 5 0 5 5 10 3 6 0 7 6 5 10 6 1 1
split_gain=0.413212 0.840964 0.628711 0.562174 1.42791 0.832444 0.792843 1.28596 1.35293 1.22217 1.15262 1.12093 1.00392 0.960272 1.08522 0.965857 1.78831 0.922036 1.59622 0.747682 0.711785 0.683397 0.649761 0.620452 1.35184 0.784091 0.61855 0.609524 0.596099 0.535192
threshold=90806.161428571446 84981.990714285741 82858.37000000001 38154.647580068216 120614.08482142859 5.5000000000000009 12123.681795991719 232009.21000000002 274533.59500000003 144.50000000000003 5634.4964057764419 299181.59500000003 294526.96000000008 179673.77000000002 173938.28500000003 39881.807417089971 91147.715000000011 10959.642039079643 9994.8153390886564 193.50000000000003 116413.51428571429 14282.094253043097 79391.525000000009 3.5000000000000004 14282.094253043097 32234.866698631249 70.500000000000014 21653.030173840481 98692.750000000015 161367.42000000004
decision_type=2 2 2 2 2 2 2 2 2 2 2 2 2 2 2 2 2 2 2 2 2 2 2 2 2 2 2 2 2 2
left_child=1 -1 -3 5 28 6 10 13 -9 11 -2 -10 -11 14 15 16 -8 18 -12 -20 -6 -15 -22 24 -18 -26 -7 -14 -5 -19
right_child=3 2 -4 4 20 26 7 8 9 12 17 -13 27 21 -16 -17 23 29 19 -21 22 -23 -24 -25 25 -27 -28 -29 -30 -31
leaf_value=-16.462191461662588 -20.936223400309974 101.12502630914824 6.9040476165275324 68.752642683801966 -69.786744562283275 11.436601333946601 -216.83709092394201 117.88767812105944 3.3233362219209086 -18.086439314224119 6.8235810650119681 -73.86765343141451 226.52684838239077 -16.406662152850185 182.73179267564993 24.918746893062782 -50.536979012023949 9.912466931687959 -16.502129376288941 5.7414500835948274 45.981082894040448 -317.20199644711397 3.6744424432690721 4.7203338975079534 84.231246710113922 -68.36070076421656 -72.058313267449918 34.474352027366699 45.818817923643657 101.61010175589399
leaf_weight=31 25 21 64 20 24 26 23 24 39 20 205 31 20 31 23 33 37 21 47 20 29 20 1943 39 24 22 96 28 27 20
leaf_count=31 25 21 64 20 24 26 23 24 39 20 205 31 20 31 23 33 37 21 47 20 29 20 1943 39 24 22 96 28 27 20
internal_value=9.06693e-05 0.00301724 0.00558824 -2.57113e-05 0.000428292 -0.00108696 -0.000465426 -0.00193237 0.00154321 -0.000362319 0.00133136 -0.005 0.00441176 -0.00416667 -0.00261194 -0.00393258 -0.00568966 0.00215655 0.00110294 -0.00559701 0.000225451 -0.0102941 0.000329615 -0.00327869 -0.00572289 0 -0.00491803 0.00833333 0.00904255 0.00914634
internal_weight=3033 116 85 2917 2043 874 752 414 162 138 338 70 68 252 201 178 145 313 272 67 1996 51 1972 122 83 46 122 48 47 41
internal_count=3033 116 85 2917 2043 874 752 414 162 138 338 70 68 252 201 178 145 313 272 67 1996 51 1972 122 83 46 122 48 47 41
is_linear=0
shrinkage=0.05


end of trees

feature_importances:
net_settled_amount_lag_14=1220
days_since_first_transaction=1108
net_settled_amount_roll_std_7=1094
net_settled_amount_lag_1=1074
net_settled_amount_lag_7=1072
net_settled_amount_roll_mean_7=985
net_settled_amount_roll_std_28=901
net_settled_amount_roll_mean_28=899
day_of_week=518
merchant_category=72
is_month_end=35
is_weekend=22

parameters:
[boosting: gbdt]
[objective: quantile]
[metric: quantile]
[tree_learner: serial]
[device_type: cpu]
[data_sample_strategy: bagging]
[data: ]
[valid: ]
[num_iterations: 300]
[learning_rate: 0.05]
[num_leaves: 31]
[num_threads: 0]
[seed: 42]
[deterministic: 0]
[force_col_wise: 0]
[force_row_wise: 0]
[histogram_pool_size: -1]
[max_depth: -1]
[min_data_in_leaf: 20]
[min_sum_hessian_in_leaf: 0.001]
[bagging_fraction: 0.8]
[pos_bagging_fraction: 1]
[neg_bagging_fraction: 1]
[bagging_freq: 5]
[bagging_seed: 400]
[bagging_by_query: 0]
[feature_fraction: 0.8]
[feature_fraction_bynode: 1]
[feature_fraction_seed: 30056]
[extra_trees: 0]
[extra_seed: 12879]
[early_stopping_round: 0]
[early_stopping_min_delta: 0]
[first_metric_only: 0]
[max_delta_step: 0]
[lambda_l1: 0]
[lambda_l2: 0]
[linear_lambda: 0]
[min_gain_to_split: 0]
[drop_rate: 0.1]
[max_drop: 50]
[skip_drop: 0.5]
[xgboost_dart_mode: 0]
[uniform_drop: 0]
[drop_seed: 17869]
[top_rate: 0.2]
[other_rate: 0.1]
[min_data_per_group: 100]
[max_cat_threshold: 32]
[cat_l2: 10]
[cat_smooth: 10]
[max_cat_to_onehot: 4]
[top_k: 20]
[monotone_constraints: ]
[monotone_constraints_method: basic]
[monotone_penalty: 0]
[feature_contri: ]
[forcedsplits_filename: ]
[refit_decay_rate: 0.9]
[cegb_tradeoff: 1]
[cegb_penalty_split: 0]
[cegb_penalty_feature_lazy: ]
[cegb_penalty_feature_coupled: ]
[path_smooth: 0]
[interaction_constraints: ]
[verbosity: -1]
[saved_feature_importance_type: 0]
[use_quantized_grad: 0]
[num_grad_quant_bins: 4]
[quant_train_renew_leaf: 0]
[stochastic_rounding: 1]
[linear_tree: 0]
[max_bin: 255]
[max_bin_by_feature: ]
[min_data_in_bin: 3]
[bin_construct_sample_cnt: 200000]
[data_random_seed: 175]
[is_enable_sparse: 1]
[enable_bundle: 1]
[use_missing: 1]
[zero_as_missing: 0]
[feature_pre_filter: 1]
[pre_partition: 0]
[two_round: 0]
[header: 0]
[label_column: ]
[weight_column: ]
[group_column: ]
[ignore_column: ]
[categorical_feature: 11]
[forcedbins_filename: ]
[precise_float_parser: 0]
[parser_config_file: ]
[objective_seed: 16083]
[num_class: 1]
[is_unbalance: 0]
[scale_pos_weight: 1]
[sigmoid: 1]
[boost_from_average: 1]
[reg_sqrt: 0]
[alpha: 0.5]
[fair_c: 1]
[poisson_max_delta_step: 0.7]
[tweedie_variance_power: 1.5]
[lambdarank_truncation_level: 30]
[lambdarank_norm: 1]
[label_gain: ]
[lambdarank_position_bias_regularization: 0]
[eval_at: ]
[multi_error_top_k: 1]
[auc_mu_weights: ]
[num_machines: 1]
[local_listen_port: 12400]
[time_out: 120]
[machine_list_filename: ]
[machines: ]
[gpu_platform_id: -1]
[gpu_device_id: -1]
[gpu_use_dp: 0]
[num_gpu: 1]

end of parameters

pandas_categorical:[["d2c_ecommerce", "food_delivery", "marketplace", "saas_subscription"]]
